{
  "access_levels": [
    "List",
    "Read",
    "Tagging",
    "Write"
  ],
  "arn": "arn:aws:iam::aws:policy/AIOpsOperatorAccess",
  "createdate": "2025-10-10T21:49:07Z",
  "credentials_exposure": false,
  "data_access": false,
  "deprecated": false,
  "document": {
    "Statement": [
      {
        "Action": [
          "aiops:CreateInvestigation",
          "aiops:CreateInvestigationEvent",
          "aiops:CreateInvestigationResource",
          "aiops:DeleteInvestigation",
          "aiops:Get*",
          "aiops:List*",
          "aiops:UpdateInvestigation",
          "aiops:UpdateInvestigationEvent",
          "aiops:ValidateInvestigationGroup",
          "aiops:PutFact",
          "aiops:UpdateReport",
          "aiops:GenerateReport",
          "aiops:CreateReport"
        ],
        "Effect": "Allow",
        "Resource": "*",
        "Sid": "AIOpsOperatorAccess"
      },
      {
        "Action": [
          "identitystore:DescribeUser",
          "sso:DescribeInstance",
          "sso-directory:DescribeUsers"
        ],
        "Effect": "Allow",
        "Resource": "*",
        "Sid": "SSOManagementAccess"
      },
      {
        "Action": [
          "sts:SetContext"
        ],
        "Effect": "Allow",
        "Resource": "arn:aws:sts::*:self",
        "Sid": "AllowSTSContextSetting"
      },
      {
        "Action": [
          "ssm:GetServiceSetting"
        ],
        "Effect": "Allow",
        "Resource": "arn:aws:ssm:*:*:servicesetting/integrations/*",
        "Sid": "SSMSettingServiceIntegration"
      },
      {
        "Action": [
          "ssm:AddTagsToResource",
          "ssm:CreateOpsItem"
        ],
        "Condition": {
          "ForAllValues:StringEquals": {
            "aws:TagKeys": "Integration"
          },
          "StringEquals": {
            "aws:RequestTag/Integration": [
              "CloudWatch"
            ]
          }
        },
        "Effect": "Allow",
        "Resource": "*",
        "Sid": "SSMIntegrationTagAccess"
      },
      {
        "Action": [
          "ssm:DeleteOpsItem",
          "ssm:UpdateOpsItem"
        ],
        "Condition": {
          "StringEquals": {
            "aws:ResourceTag/Integration": [
              "CloudWatch"
            ]
          }
        },
        "Effect": "Allow",
        "Resource": "*",
        "Sid": "SSMOpsItemIntegration"
      },
      {
        "Action": [
          "ssm:AddTagsToResource"
        ],
        "Condition": {
          "ForAllValues:StringEquals": {
            "aws:TagKeys": "Integration"
          },
          "StringEquals": {
            "aws:ResourceTag/Integration": [
              "CloudWatch"
            ]
          }
        },
        "Effect": "Allow",
        "Resource": "arn:aws:ssm:*:*:opsitem/*",
        "Sid": "SSMTagOperation"
      },
      {
        "Action": [
          "ssm:GetOpsSummary"
        ],
        "Effect": "Allow",
        "Resource": "*",
        "Sid": "SSMOpsSummaryIntegration"
      }
    ],
    "Version": "2012-10-17"
  },
  "effective_actions": [
    {
      "access_level": "Write",
      "action": "aiops:CreateInvestigation",
      "condition": null,
      "credentials_exposure": false,
      "data_access": false,
      "effective_action": "aiops:CreateInvestigation",
      "privesc": false,
      "resource_exposure": false
    },
    {
      "access_level": "Write",
      "action": "aiops:CreateInvestigationEvent",
      "condition": null,
      "credentials_exposure": false,
      "data_access": false,
      "effective_action": "aiops:CreateInvestigationEvent",
      "privesc": false,
      "resource_exposure": false
    },
    {
      "access_level": "Write",
      "action": "aiops:CreateInvestigationResource",
      "condition": null,
      "credentials_exposure": false,
      "data_access": false,
      "effective_action": "aiops:CreateInvestigationResource",
      "privesc": false,
      "resource_exposure": false
    },
    {
      "access_level": "Write",
      "action": "aiops:DeleteInvestigation",
      "condition": null,
      "credentials_exposure": false,
      "data_access": false,
      "effective_action": "aiops:DeleteInvestigation",
      "privesc": false,
      "resource_exposure": false
    },
    {
      "access_level": "List",
      "action": "aiops:Get*",
      "condition": null,
      "credentials_exposure": false,
      "data_access": false,
      "effective_action": "aiops:GetEphemeralInvestigationResults",
      "privesc": false,
      "resource_exposure": false
    },
    {
      "access_level": "Read",
      "action": "aiops:Get*",
      "condition": null,
      "credentials_exposure": false,
      "data_access": false,
      "effective_action": "aiops:GetFact",
      "privesc": false,
      "resource_exposure": false
    },
    {
      "access_level": "Read",
      "action": "aiops:Get*",
      "condition": null,
      "credentials_exposure": false,
      "data_access": false,
      "effective_action": "aiops:GetFactVersions",
      "privesc": false,
      "resource_exposure": false
    },
    {
      "access_level": "Read",
      "action": "aiops:Get*",
      "condition": null,
      "credentials_exposure": false,
      "data_access": false,
      "effective_action": "aiops:GetInvestigation",
      "privesc": false,
      "resource_exposure": false
    },
    {
      "access_level": "Read",
      "action": "aiops:Get*",
      "condition": null,
      "credentials_exposure": false,
      "data_access": false,
      "effective_action": "aiops:GetInvestigationEvent",
      "privesc": false,
      "resource_exposure": false
    },
    {
      "access_level": "Read",
      "action": "aiops:Get*",
      "condition": null,
      "credentials_exposure": false,
      "data_access": false,
      "effective_action": "aiops:GetInvestigationGroup",
      "privesc": false,
      "resource_exposure": false
    },
    {
      "access_level": "Read",
      "action": "aiops:Get*",
      "condition": null,
      "credentials_exposure": false,
      "data_access": false,
      "effective_action": "aiops:GetInvestigationGroupPolicy",
      "privesc": false,
      "resource_exposure": false
    },
    {
      "access_level": "Read",
      "action": "aiops:Get*",
      "condition": null,
      "credentials_exposure": false,
      "data_access": false,
      "effective_action": "aiops:GetInvestigationResource",
      "privesc": false,
      "resource_exposure": false
    },
    {
      "access_level": "Read",
      "action": "aiops:Get*",
      "condition": null,
      "credentials_exposure": false,
      "data_access": false,
      "effective_action": "aiops:GetReport",
      "privesc": false,
      "resource_exposure": false
    },
    {
      "access_level": "List",
      "action": "aiops:List*",
      "condition": null,
      "credentials_exposure": false,
      "data_access": false,
      "effective_action": "aiops:ListFacts",
      "privesc": false,
      "resource_exposure": false
    },
    {
      "access_level": "List",
      "action": "aiops:List*",
      "condition": null,
      "credentials_exposure": false,
      "data_access": false,
      "effective_action": "aiops:ListInvestigationEvents",
      "privesc": false,
      "resource_exposure": false
    },
    {
      "access_level": "List",
      "action": "aiops:List*",
      "condition": null,
      "credentials_exposure": false,
      "data_access": false,
      "effective_action": "aiops:ListInvestigationGroups",
      "privesc": false,
      "resource_exposure": false
    },
    {
      "access_level": "List",
      "action": "aiops:List*",
      "condition": null,
      "credentials_exposure": false,
      "data_access": false,
      "effective_action": "aiops:ListInvestigations",
      "privesc": false,
      "resource_exposure": false
    },
    {
      "access_level": "List",
      "action": "aiops:List*",
      "condition": null,
      "credentials_exposure": false,
      "data_access": false,
      "effective_action": "aiops:ListReports",
      "privesc": false,
      "resource_exposure": false
    },
    {
      "access_level": "List",
      "action": "aiops:List*",
      "condition": null,
      "credentials_exposure": false,
      "data_access": false,
      "effective_action": "aiops:ListTagsForResource",
      "privesc": false,
      "resource_exposure": false
    },
    {
      "access_level": "Write",
      "action": "aiops:UpdateInvestigation",
      "condition": null,
      "credentials_exposure": false,
      "data_access": false,
      "effective_action": "aiops:UpdateInvestigation",
      "privesc": false,
      "resource_exposure": false
    },
    {
      "access_level": "Write",
      "action": "aiops:UpdateInvestigationEvent",
      "condition": null,
      "credentials_exposure": false,
      "data_access": false,
      "effective_action": "aiops:UpdateInvestigationEvent",
      "privesc": false,
      "resource_exposure": false
    },
    {
      "access_level": "Read",
      "action": "aiops:ValidateInvestigationGroup",
      "condition": null,
      "credentials_exposure": false,
      "data_access": false,
      "effective_action": "aiops:ValidateInvestigationGroup",
      "privesc": false,
      "resource_exposure": false
    },
    {
      "access_level": "Write",
      "action": "aiops:PutFact",
      "condition": null,
      "credentials_exposure": false,
      "data_access": false,
      "effective_action": "aiops:PutFact",
      "privesc": false,
      "resource_exposure": false
    },
    {
      "access_level": "Write",
      "action": "aiops:UpdateReport",
      "condition": null,
      "credentials_exposure": false,
      "data_access": false,
      "effective_action": "aiops:UpdateReport",
      "privesc": false,
      "resource_exposure": false
    },
    {
      "access_level": "Write",
      "action": "aiops:GenerateReport",
      "condition": null,
      "credentials_exposure": false,
      "data_access": false,
      "effective_action": "aiops:GenerateReport",
      "privesc": false,
      "resource_exposure": false
    },
    {
      "access_level": "Write",
      "action": "aiops:CreateReport",
      "condition": null,
      "credentials_exposure": false,
      "data_access": false,
      "effective_action": "aiops:CreateReport",
      "privesc": false,
      "resource_exposure": false
    },
    {
      "access_level": "Read",
      "action": "identitystore:DescribeUser",
      "condition": null,
      "credentials_exposure": false,
      "data_access": false,
      "effective_action": "identitystore:DescribeUser",
      "privesc": false,
      "resource_exposure": false
    },
    {
      "access_level": "Read",
      "action": "sso:DescribeInstance",
      "condition": null,
      "credentials_exposure": false,
      "data_access": false,
      "effective_action": "sso:DescribeInstance",
      "privesc": false,
      "resource_exposure": false
    },
    {
      "access_level": "Read",
      "action": "sso-directory:DescribeUsers",
      "condition": null,
      "credentials_exposure": false,
      "data_access": false,
      "effective_action": "sso-directory:DescribeUsers",
      "privesc": false,
      "resource_exposure": false
    },
    {
      "access_level": "Write",
      "action": "sts:SetContext",
      "condition": null,
      "credentials_exposure": false,
      "data_access": false,
      "effective_action": "sts:SetContext",
      "privesc": false,
      "resource_exposure": false
    },
    {
      "access_level": "Read",
      "action": "ssm:GetServiceSetting",
      "condition": null,
      "credentials_exposure": false,
      "data_access": false,
      "effective_action": "ssm:GetServiceSetting",
      "privesc": false,
      "resource_exposure": false
    },
    {
      "access_level": "Tagging",
      "action": "ssm:AddTagsToResource",
      "condition": {
        "ForAllValues:StringEquals": {
          "aws:TagKeys": "Integration"
        },
        "StringEquals": {
          "aws:RequestTag/Integration": [
            "CloudWatch"
          ]
        }
      },
      "credentials_exposure": false,
      "data_access": false,
      "effective_action": "ssm:AddTagsToResource",
      "privesc": false,
      "resource_exposure": false
    },
    {
      "access_level": "Write",
      "action": "ssm:CreateOpsItem",
      "condition": {
        "ForAllValues:StringEquals": {
          "aws:TagKeys": "Integration"
        },
        "StringEquals": {
          "aws:RequestTag/Integration": [
            "CloudWatch"
          ]
        }
      },
      "credentials_exposure": false,
      "data_access": false,
      "effective_action": "ssm:CreateOpsItem",
      "privesc": false,
      "resource_exposure": false
    },
    {
      "access_level": "Write",
      "action": "ssm:DeleteOpsItem",
      "condition": {
        "StringEquals": {
          "aws:ResourceTag/Integration": [
            "CloudWatch"
          ]
        }
      },
      "credentials_exposure": false,
      "data_access": false,
      "effective_action": "ssm:DeleteOpsItem",
      "privesc": false,
      "resource_exposure": false
    },
    {
      "access_level": "Write",
      "action": "ssm:UpdateOpsItem",
      "condition": {
        "StringEquals": {
          "aws:ResourceTag/Integration": [
            "CloudWatch"
          ]
        }
      },
      "credentials_exposure": false,
      "data_access": false,
      "effective_action": "ssm:UpdateOpsItem",
      "privesc": false,
      "resource_exposure": false
    },
    {
      "access_level": "Tagging",
      "action": "ssm:AddTagsToResource",
      "condition": {
        "ForAllValues:StringEquals": {
          "aws:TagKeys": "Integration"
        },
        "StringEquals": {
          "aws:ResourceTag/Integration": [
            "CloudWatch"
          ]
        }
      },
      "credentials_exposure": false,
      "data_access": false,
      "effective_action": "ssm:AddTagsToResource",
      "privesc": false,
      "resource_exposure": false
    },
    {
      "access_level": "Read",
      "action": "ssm:GetOpsSummary",
      "condition": null,
      "credentials_exposure": false,
      "data_access": false,
      "effective_action": "ssm:GetOpsSummary",
      "privesc": false,
      "resource_exposure": false
    }
  ],
  "grantless": false,
  "malformed": false,
  "name": "AIOpsOperatorAccess",
  "privesc": false,
  "resource_exposure": false,
  "undocumented_actions": false,
  "unknown_actions": [],
  "updatedate": "2025-10-10T21:49:07+00:00",
  "version": "v3"
}