{
  "access_levels": [
    "List",
    "Read",
    "Tagging",
    "Write",
    "Permissions management"
  ],
  "arn": "arn:aws:iam::aws:policy/aws-service-role/APIGatewayServiceRolePolicy",
  "createdate": "2021-07-12T22:24:40Z",
  "credentials_exposure": false,
  "data_access": false,
  "deprecated": false,
  "document": {
    "Statement": [
      {
        "Action": [
          "elasticloadbalancing:AddListenerCertificates",
          "elasticloadbalancing:RemoveListenerCertificates",
          "elasticloadbalancing:ModifyListener",
          "elasticloadbalancing:DescribeListeners",
          "elasticloadbalancing:DescribeLoadBalancers",
          "xray:PutTraceSegments",
          "xray:PutTelemetryRecords",
          "xray:GetSamplingTargets",
          "xray:GetSamplingRules",
          "logs:CreateLogDelivery",
          "logs:GetLogDelivery",
          "logs:UpdateLogDelivery",
          "logs:DeleteLogDelivery",
          "logs:ListLogDeliveries",
          "servicediscovery:DiscoverInstances"
        ],
        "Effect": "Allow",
        "Resource": [
          "*"
        ]
      },
      {
        "Action": [
          "firehose:DescribeDeliveryStream",
          "firehose:PutRecord",
          "firehose:PutRecordBatch"
        ],
        "Effect": "Allow",
        "Resource": "arn:aws:firehose:*:*:deliverystream/amazon-apigateway-*"
      },
      {
        "Action": [
          "acm:DescribeCertificate",
          "acm:GetCertificate"
        ],
        "Effect": "Allow",
        "Resource": "arn:aws:acm:*:*:certificate/*"
      },
      {
        "Action": [
          "ec2:CreateNetworkInterfacePermission"
        ],
        "Effect": "Allow",
        "Resource": "arn:aws:ec2:*:*:network-interface/*"
      },
      {
        "Action": [
          "ec2:CreateTags"
        ],
        "Condition": {
          "ForAllValues:StringEquals": {
            "aws:TagKeys": [
              "Owner",
              "VpcLinkId"
            ]
          }
        },
        "Effect": "Allow",
        "Resource": "arn:aws:ec2:*:*:network-interface/*"
      },
      {
        "Action": [
          "ec2:ModifyNetworkInterfaceAttribute",
          "ec2:DeleteNetworkInterface",
          "ec2:AssignPrivateIpAddresses",
          "ec2:CreateNetworkInterface",
          "ec2:DeleteNetworkInterfacePermission",
          "ec2:DescribeNetworkInterfaces",
          "ec2:DescribeAvailabilityZones",
          "ec2:DescribeNetworkInterfaceAttribute",
          "ec2:DescribeVpcs",
          "ec2:DescribeNetworkInterfacePermissions",
          "ec2:UnassignPrivateIpAddresses",
          "ec2:DescribeSubnets",
          "ec2:DescribeRouteTables",
          "ec2:DescribeSecurityGroups"
        ],
        "Effect": "Allow",
        "Resource": "*"
      },
      {
        "Action": [
          "servicediscovery:GetNamespace"
        ],
        "Effect": "Allow",
        "Resource": "arn:aws:servicediscovery:*:*:namespace/*"
      },
      {
        "Action": [
          "servicediscovery:GetService"
        ],
        "Effect": "Allow",
        "Resource": "arn:aws:servicediscovery:*:*:service/*"
      }
    ],
    "Version": "2012-10-17"
  },
  "effective_actions": [
    {
      "access_level": "Write",
      "action": "elasticloadbalancing:AddListenerCertificates",
      "condition": null,
      "credentials_exposure": false,
      "data_access": false,
      "effective_action": "elasticloadbalancing:AddListenerCertificates",
      "privesc": false,
      "resource_exposure": false
    },
    {
      "access_level": "Write",
      "action": "elasticloadbalancing:RemoveListenerCertificates",
      "condition": null,
      "credentials_exposure": false,
      "data_access": false,
      "effective_action": "elasticloadbalancing:RemoveListenerCertificates",
      "privesc": false,
      "resource_exposure": false
    },
    {
      "access_level": "Write",
      "action": "elasticloadbalancing:ModifyListener",
      "condition": null,
      "credentials_exposure": false,
      "data_access": false,
      "effective_action": "elasticloadbalancing:ModifyListener",
      "privesc": false,
      "resource_exposure": false
    },
    {
      "access_level": "Read",
      "action": "elasticloadbalancing:DescribeListeners",
      "condition": null,
      "credentials_exposure": false,
      "data_access": false,
      "effective_action": "elasticloadbalancing:DescribeListeners",
      "privesc": false,
      "resource_exposure": false
    },
    {
      "access_level": "List",
      "action": "elasticloadbalancing:DescribeLoadBalancers",
      "condition": null,
      "credentials_exposure": false,
      "data_access": false,
      "effective_action": "elasticloadbalancing:DescribeLoadBalancers",
      "privesc": false,
      "resource_exposure": false
    },
    {
      "access_level": "Write",
      "action": "xray:PutTraceSegments",
      "condition": null,
      "credentials_exposure": false,
      "data_access": false,
      "effective_action": "xray:PutTraceSegments",
      "privesc": false,
      "resource_exposure": false
    },
    {
      "access_level": "Write",
      "action": "xray:PutTelemetryRecords",
      "condition": null,
      "credentials_exposure": false,
      "data_access": false,
      "effective_action": "xray:PutTelemetryRecords",
      "privesc": false,
      "resource_exposure": false
    },
    {
      "access_level": "Read",
      "action": "xray:GetSamplingTargets",
      "condition": null,
      "credentials_exposure": false,
      "data_access": false,
      "effective_action": "xray:GetSamplingTargets",
      "privesc": false,
      "resource_exposure": false
    },
    {
      "access_level": "Read",
      "action": "xray:GetSamplingRules",
      "condition": null,
      "credentials_exposure": false,
      "data_access": false,
      "effective_action": "xray:GetSamplingRules",
      "privesc": false,
      "resource_exposure": false
    },
    {
      "access_level": "Write",
      "action": "logs:CreateLogDelivery",
      "condition": null,
      "credentials_exposure": false,
      "data_access": false,
      "effective_action": "logs:CreateLogDelivery",
      "privesc": false,
      "resource_exposure": false
    },
    {
      "access_level": "Read",
      "action": "logs:GetLogDelivery",
      "condition": null,
      "credentials_exposure": false,
      "data_access": false,
      "effective_action": "logs:GetLogDelivery",
      "privesc": false,
      "resource_exposure": false
    },
    {
      "access_level": "Write",
      "action": "logs:UpdateLogDelivery",
      "condition": null,
      "credentials_exposure": false,
      "data_access": false,
      "effective_action": "logs:UpdateLogDelivery",
      "privesc": false,
      "resource_exposure": false
    },
    {
      "access_level": "Write",
      "action": "logs:DeleteLogDelivery",
      "condition": null,
      "credentials_exposure": false,
      "data_access": false,
      "effective_action": "logs:DeleteLogDelivery",
      "privesc": false,
      "resource_exposure": false
    },
    {
      "access_level": "List",
      "action": "logs:ListLogDeliveries",
      "condition": null,
      "credentials_exposure": false,
      "data_access": false,
      "effective_action": "logs:ListLogDeliveries",
      "privesc": false,
      "resource_exposure": false
    },
    {
      "access_level": "Read",
      "action": "servicediscovery:DiscoverInstances",
      "condition": null,
      "credentials_exposure": false,
      "data_access": false,
      "effective_action": "servicediscovery:DiscoverInstances",
      "privesc": false,
      "resource_exposure": false
    },
    {
      "access_level": "Read",
      "action": "firehose:DescribeDeliveryStream",
      "condition": null,
      "credentials_exposure": false,
      "data_access": false,
      "effective_action": "firehose:DescribeDeliveryStream",
      "privesc": false,
      "resource_exposure": false
    },
    {
      "access_level": "Write",
      "action": "firehose:PutRecord",
      "condition": null,
      "credentials_exposure": false,
      "data_access": false,
      "effective_action": "firehose:PutRecord",
      "privesc": false,
      "resource_exposure": false
    },
    {
      "access_level": "Write",
      "action": "firehose:PutRecordBatch",
      "condition": null,
      "credentials_exposure": false,
      "data_access": false,
      "effective_action": "firehose:PutRecordBatch",
      "privesc": false,
      "resource_exposure": false
    },
    {
      "access_level": "Read",
      "action": "acm:DescribeCertificate",
      "condition": null,
      "credentials_exposure": false,
      "data_access": false,
      "effective_action": "acm:DescribeCertificate",
      "privesc": false,
      "resource_exposure": false
    },
    {
      "access_level": "Read",
      "action": "acm:GetCertificate",
      "condition": null,
      "credentials_exposure": false,
      "data_access": false,
      "effective_action": "acm:GetCertificate",
      "privesc": false,
      "resource_exposure": false
    },
    {
      "access_level": "Permissions management",
      "action": "ec2:CreateNetworkInterfacePermission",
      "condition": null,
      "credentials_exposure": false,
      "data_access": false,
      "effective_action": "ec2:CreateNetworkInterfacePermission",
      "privesc": false,
      "resource_exposure": true
    },
    {
      "access_level": "Tagging",
      "action": "ec2:CreateTags",
      "condition": {
        "ForAllValues:StringEquals": {
          "aws:TagKeys": [
            "Owner",
            "VpcLinkId"
          ]
        }
      },
      "credentials_exposure": false,
      "data_access": false,
      "effective_action": "ec2:CreateTags",
      "privesc": false,
      "resource_exposure": false
    },
    {
      "access_level": "Write",
      "action": "ec2:ModifyNetworkInterfaceAttribute",
      "condition": null,
      "credentials_exposure": false,
      "data_access": false,
      "effective_action": "ec2:ModifyNetworkInterfaceAttribute",
      "privesc": false,
      "resource_exposure": false
    },
    {
      "access_level": "Write",
      "action": "ec2:DeleteNetworkInterface",
      "condition": null,
      "credentials_exposure": false,
      "data_access": false,
      "effective_action": "ec2:DeleteNetworkInterface",
      "privesc": false,
      "resource_exposure": false
    },
    {
      "access_level": "Write",
      "action": "ec2:AssignPrivateIpAddresses",
      "condition": null,
      "credentials_exposure": false,
      "data_access": false,
      "effective_action": "ec2:AssignPrivateIpAddresses",
      "privesc": false,
      "resource_exposure": false
    },
    {
      "access_level": "Write",
      "action": "ec2:CreateNetworkInterface",
      "condition": null,
      "credentials_exposure": false,
      "data_access": false,
      "effective_action": "ec2:CreateNetworkInterface",
      "privesc": false,
      "resource_exposure": false
    },
    {
      "access_level": "Permissions management",
      "action": "ec2:DeleteNetworkInterfacePermission",
      "condition": null,
      "credentials_exposure": false,
      "data_access": false,
      "effective_action": "ec2:DeleteNetworkInterfacePermission",
      "privesc": false,
      "resource_exposure": true
    },
    {
      "access_level": "List",
      "action": "ec2:DescribeNetworkInterfaces",
      "condition": null,
      "credentials_exposure": false,
      "data_access": false,
      "effective_action": "ec2:DescribeNetworkInterfaces",
      "privesc": false,
      "resource_exposure": false
    },
    {
      "access_level": "List",
      "action": "ec2:DescribeAvailabilityZones",
      "condition": null,
      "credentials_exposure": false,
      "data_access": false,
      "effective_action": "ec2:DescribeAvailabilityZones",
      "privesc": false,
      "resource_exposure": false
    },
    {
      "access_level": "List",
      "action": "ec2:DescribeNetworkInterfaceAttribute",
      "condition": null,
      "credentials_exposure": false,
      "data_access": false,
      "effective_action": "ec2:DescribeNetworkInterfaceAttribute",
      "privesc": false,
      "resource_exposure": false
    },
    {
      "access_level": "List",
      "action": "ec2:DescribeVpcs",
      "condition": null,
      "credentials_exposure": false,
      "data_access": false,
      "effective_action": "ec2:DescribeVpcs",
      "privesc": false,
      "resource_exposure": false
    },
    {
      "access_level": "List",
      "action": "ec2:DescribeNetworkInterfacePermissions",
      "condition": null,
      "credentials_exposure": false,
      "data_access": false,
      "effective_action": "ec2:DescribeNetworkInterfacePermissions",
      "privesc": false,
      "resource_exposure": false
    },
    {
      "access_level": "Write",
      "action": "ec2:UnassignPrivateIpAddresses",
      "condition": null,
      "credentials_exposure": false,
      "data_access": false,
      "effective_action": "ec2:UnassignPrivateIpAddresses",
      "privesc": false,
      "resource_exposure": false
    },
    {
      "access_level": "List",
      "action": "ec2:DescribeSubnets",
      "condition": null,
      "credentials_exposure": false,
      "data_access": false,
      "effective_action": "ec2:DescribeSubnets",
      "privesc": false,
      "resource_exposure": false
    },
    {
      "access_level": "List",
      "action": "ec2:DescribeRouteTables",
      "condition": null,
      "credentials_exposure": false,
      "data_access": false,
      "effective_action": "ec2:DescribeRouteTables",
      "privesc": false,
      "resource_exposure": false
    },
    {
      "access_level": "List",
      "action": "ec2:DescribeSecurityGroups",
      "condition": null,
      "credentials_exposure": false,
      "data_access": false,
      "effective_action": "ec2:DescribeSecurityGroups",
      "privesc": false,
      "resource_exposure": false
    },
    {
      "access_level": "Read",
      "action": "servicediscovery:GetNamespace",
      "condition": null,
      "credentials_exposure": false,
      "data_access": false,
      "effective_action": "servicediscovery:GetNamespace",
      "privesc": false,
      "resource_exposure": false
    },
    {
      "access_level": "Read",
      "action": "servicediscovery:GetService",
      "condition": null,
      "credentials_exposure": false,
      "data_access": false,
      "effective_action": "servicediscovery:GetService",
      "privesc": false,
      "resource_exposure": false
    }
  ],
  "grantless": false,
  "malformed": false,
  "name": "APIGatewayServiceRolePolicy",
  "privesc": false,
  "resource_exposure": true,
  "undocumented_actions": false,
  "unknown_actions": [],
  "updatedate": "2021-07-12T22:24:40+00:00",
  "version": "v9"
}