{
  "access_levels": [
    "List",
    "Read",
    "Write"
  ],
  "arn": "arn:aws:iam::aws:policy/AWS-SSM-Automation-DiagnosisBucketPolicy",
  "createdate": "2024-11-15T23:31:17Z",
  "credentials_exposure": false,
  "data_access": true,
  "deprecated": false,
  "document": {
    "Statement": [
      {
        "Action": [
          "s3:PutObject",
          "s3:GetObject",
          "s3:DeleteObject"
        ],
        "Condition": {
          "StringEquals": {
            "aws:ResourceAccount": "${aws:PrincipalAccount}"
          }
        },
        "Effect": "Allow",
        "Resource": "arn:aws:s3:::do-not-delete-ssm-diagnosis-*/actions/*/${aws:PrincipalAccount}/*",
        "Sid": "AllowReadWriteToSsmDiagnosisBucketInSameAccount"
      },
      {
        "Action": [
          "s3:PutObject",
          "s3:GetObject",
          "s3:DeleteObject"
        ],
        "Condition": {
          "StringEquals": {
            "aws:ResourceOrgId": "${aws:PrincipalOrgId}"
          }
        },
        "Effect": "Allow",
        "Resource": "arn:aws:s3:::do-not-delete-ssm-diagnosis-*/actions/*/${aws:PrincipalAccount}/*",
        "Sid": "AllowReadWriteToSsmDiagnosisBucketWithinOrg"
      },
      {
        "Action": [
          "s3:ListBucket"
        ],
        "Condition": {
          "StringEquals": {
            "aws:ResourceAccount": "${aws:PrincipalAccount}"
          },
          "StringLike": {
            "s3:prefix": "*/${aws:PrincipalAccount}/*"
          }
        },
        "Effect": "Allow",
        "Resource": "arn:aws:s3:::do-not-delete-ssm-diagnosis-*",
        "Sid": "AllowReadOnlyAccessListBucketOnSsmDiagnosisBucketInSameAccount"
      },
      {
        "Action": [
          "s3:ListBucket"
        ],
        "Condition": {
          "StringEquals": {
            "aws:ResourceOrgId": "${aws:PrincipalOrgId}"
          },
          "StringLike": {
            "s3:prefix": "*/${aws:PrincipalAccount}/*"
          }
        },
        "Effect": "Allow",
        "Resource": "arn:aws:s3:::do-not-delete-ssm-diagnosis-*",
        "Sid": "AllowReadOnlyAccessListBucketOnSsmDiagnosisBucketWithinOrg"
      },
      {
        "Action": [
          "s3:GetEncryptionConfiguration"
        ],
        "Condition": {
          "StringEquals": {
            "aws:ResourceAccount": "${aws:PrincipalAccount}"
          }
        },
        "Effect": "Allow",
        "Resource": "arn:aws:s3:::do-not-delete-ssm-diagnosis-*",
        "Sid": "AllowGetEncryptionConfigurationOnSsmDiagnosisBucketInSameAccount"
      },
      {
        "Action": [
          "s3:GetEncryptionConfiguration"
        ],
        "Condition": {
          "StringEquals": {
            "aws:ResourceOrgId": "${aws:PrincipalOrgId}"
          }
        },
        "Effect": "Allow",
        "Resource": "arn:aws:s3:::do-not-delete-ssm-diagnosis-*",
        "Sid": "AllowGetEncryptionConfigurationOnSsmDiagnosisBucketWithinOrg"
      }
    ],
    "Version": "2012-10-17"
  },
  "effective_actions": [
    {
      "access_level": "Write",
      "action": "s3:PutObject",
      "condition": {
        "StringEquals": {
          "aws:ResourceAccount": "${aws:PrincipalAccount}"
        }
      },
      "credentials_exposure": false,
      "data_access": false,
      "effective_action": "s3:PutObject",
      "privesc": false,
      "resource_exposure": false
    },
    {
      "access_level": "Read",
      "action": "s3:GetObject",
      "condition": {
        "StringEquals": {
          "aws:ResourceAccount": "${aws:PrincipalAccount}"
        }
      },
      "credentials_exposure": false,
      "data_access": true,
      "effective_action": "s3:GetObject",
      "privesc": false,
      "resource_exposure": false
    },
    {
      "access_level": "Write",
      "action": "s3:DeleteObject",
      "condition": {
        "StringEquals": {
          "aws:ResourceAccount": "${aws:PrincipalAccount}"
        }
      },
      "credentials_exposure": false,
      "data_access": false,
      "effective_action": "s3:DeleteObject",
      "privesc": false,
      "resource_exposure": false
    },
    {
      "access_level": "Write",
      "action": "s3:PutObject",
      "condition": {
        "StringEquals": {
          "aws:ResourceOrgId": "${aws:PrincipalOrgId}"
        }
      },
      "credentials_exposure": false,
      "data_access": false,
      "effective_action": "s3:PutObject",
      "privesc": false,
      "resource_exposure": false
    },
    {
      "access_level": "Read",
      "action": "s3:GetObject",
      "condition": {
        "StringEquals": {
          "aws:ResourceOrgId": "${aws:PrincipalOrgId}"
        }
      },
      "credentials_exposure": false,
      "data_access": true,
      "effective_action": "s3:GetObject",
      "privesc": false,
      "resource_exposure": false
    },
    {
      "access_level": "Write",
      "action": "s3:DeleteObject",
      "condition": {
        "StringEquals": {
          "aws:ResourceOrgId": "${aws:PrincipalOrgId}"
        }
      },
      "credentials_exposure": false,
      "data_access": false,
      "effective_action": "s3:DeleteObject",
      "privesc": false,
      "resource_exposure": false
    },
    {
      "access_level": "List",
      "action": "s3:ListBucket",
      "condition": {
        "StringEquals": {
          "aws:ResourceAccount": "${aws:PrincipalAccount}"
        },
        "StringLike": {
          "s3:prefix": "*/${aws:PrincipalAccount}/*"
        }
      },
      "credentials_exposure": false,
      "data_access": false,
      "effective_action": "s3:ListBucket",
      "privesc": false,
      "resource_exposure": false
    },
    {
      "access_level": "List",
      "action": "s3:ListBucket",
      "condition": {
        "StringEquals": {
          "aws:ResourceOrgId": "${aws:PrincipalOrgId}"
        },
        "StringLike": {
          "s3:prefix": "*/${aws:PrincipalAccount}/*"
        }
      },
      "credentials_exposure": false,
      "data_access": false,
      "effective_action": "s3:ListBucket",
      "privesc": false,
      "resource_exposure": false
    },
    {
      "access_level": "Read",
      "action": "s3:GetEncryptionConfiguration",
      "condition": {
        "StringEquals": {
          "aws:ResourceAccount": "${aws:PrincipalAccount}"
        }
      },
      "credentials_exposure": false,
      "data_access": false,
      "effective_action": "s3:GetEncryptionConfiguration",
      "privesc": false,
      "resource_exposure": false
    },
    {
      "access_level": "Read",
      "action": "s3:GetEncryptionConfiguration",
      "condition": {
        "StringEquals": {
          "aws:ResourceOrgId": "${aws:PrincipalOrgId}"
        }
      },
      "credentials_exposure": false,
      "data_access": false,
      "effective_action": "s3:GetEncryptionConfiguration",
      "privesc": false,
      "resource_exposure": false
    }
  ],
  "grantless": false,
  "malformed": false,
  "name": "AWS-SSM-Automation-DiagnosisBucketPolicy",
  "privesc": false,
  "resource_exposure": false,
  "undocumented_actions": false,
  "unknown_actions": [],
  "updatedate": "2024-11-15T23:31:17+00:00",
  "version": "v1"
}