{
  "access_levels": [
    "List",
    "Read",
    "Tagging",
    "Write",
    "Permissions management"
  ],
  "arn": "arn:aws:iam::aws:policy/AWS-SSM-RemediationAutomation-ExecutionRolePolicy",
  "createdate": "2025-07-16T19:07:08Z",
  "credentials_exposure": false,
  "data_access": false,
  "deprecated": false,
  "document": {
    "Statement": [
      {
        "Action": [
          "ssm:GetAutomationExecution",
          "ssm:DescribeAutomationExecutions",
          "ssm:DescribeAutomationStepExecutions"
        ],
        "Effect": "Allow",
        "Resource": "*",
        "Sid": "AllowReadOnlyAccessSSMResource"
      },
      {
        "Action": [
          "ec2:DescribeVpcAttribute",
          "ec2:DescribeSubnets",
          "ec2:DescribeVpcs",
          "ec2:DescribeVpcEndpoints",
          "ec2:DescribeSecurityGroups"
        ],
        "Effect": "Allow",
        "Resource": "*",
        "Sid": "AllowReadOnlyAccessEC2Resource"
      },
      {
        "Action": [
          "ec2:CreateVpcEndpoint"
        ],
        "Condition": {
          "StringEquals": {
            "aws:ResourceTag/SystemsManager::FindingNetworkingSecurityGroups::VPCE::SG": "VPCEndpointSecurityGroup"
          }
        },
        "Effect": "Allow",
        "Resource": [
          "arn:aws:ec2:*:*:security-group/*"
        ],
        "Sid": "AllowCreateVpcEndpointForTaggedSecurityGroup"
      },
      {
        "Action": [
          "ec2:CreateVpcEndpoint"
        ],
        "Effect": "Allow",
        "Resource": [
          "arn:aws:ec2:*:*:vpc/*",
          "arn:aws:ec2:*:*:subnet/*"
        ],
        "Sid": "AllowCreateVpcEndpoint"
      },
      {
        "Action": [
          "ec2:CreateVpcEndpoint"
        ],
        "Condition": {
          "StringEquals": {
            "aws:RequestTag/SystemsManager::FindingNetworkingVPCEndpoints::VPCE": "VPCEndpoint"
          },
          "StringLike": {
            "ec2:VpceServiceName": [
              "com.amazonaws.*.ssm",
              "com.amazonaws.*.ssmmessages",
              "com.amazonaws.*.ec2messages"
            ]
          }
        },
        "Effect": "Allow",
        "Resource": [
          "arn:aws:ec2:*:*:vpc-endpoint/*"
        ],
        "Sid": "RestrictCreateVpcEndpointForSSMService"
      },
      {
        "Action": [
          "ec2:CreateTags"
        ],
        "Condition": {
          "StringEquals": {
            "aws:RequestTag/SystemsManager::FindingNetworkingVPCEndpoints::VPCE": "VPCEndpoint",
            "ec2:CreateAction": [
              "CreateVpcEndpoint"
            ]
          }
        },
        "Effect": "Allow",
        "Resource": [
          "arn:aws:ec2:*:*:vpc-endpoint/*"
        ],
        "Sid": "RestrictCreateVpcEndpointWithTag"
      },
      {
        "Action": [
          "ec2:ModifyVpcAttribute"
        ],
        "Condition": {
          "StringEquals": {
            "ec2:Attribute": [
              "EnableDnsSupport",
              "EnableDnsHostnames"
            ]
          }
        },
        "Effect": "Allow",
        "Resource": [
          "arn:aws:ec2:*:*:vpc/*"
        ],
        "Sid": "AllowModifyVpcAttributeForDns"
      },
      {
        "Action": [
          "ec2:AuthorizeSecurityGroupEgress"
        ],
        "Effect": "Allow",
        "Resource": [
          "arn:aws:ec2:*:*:security-group/*"
        ],
        "Sid": "AllowSecurityGroupRuleUpdate"
      },
      {
        "Action": [
          "ec2:RevokeSecurityGroupEgress",
          "ec2:AuthorizeSecurityGroupIngress"
        ],
        "Condition": {
          "StringEquals": {
            "aws:ResourceTag/SystemsManager::FindingNetworkingSecurityGroups::VPCE::SG": "VPCEndpointSecurityGroup"
          }
        },
        "Effect": "Allow",
        "Resource": [
          "arn:aws:ec2:*:*:security-group/*"
        ],
        "Sid": "AllowSecurityGroupRuleUpdateForTaggedResource"
      },
      {
        "Action": [
          "ec2:AuthorizeSecurityGroupEgress",
          "ec2:AuthorizeSecurityGroupIngress"
        ],
        "Condition": {
          "StringEquals": {
            "aws:RequestTag/SystemsManager::FindingNetworkingSecurityGroups::SG::Rule": "HTTPSAccess"
          }
        },
        "Effect": "Allow",
        "Resource": [
          "arn:aws:ec2:*:*:security-group-rule/*"
        ],
        "Sid": "AllowSecurityGroupRuleUpdateWithTag"
      },
      {
        "Action": [
          "ec2:CreateTags"
        ],
        "Condition": {
          "StringEquals": {
            "aws:RequestTag/SystemsManager::FindingNetworkingSecurityGroups::SG::Rule": "HTTPSAccess",
            "ec2:CreateAction": [
              "AuthorizeSecurityGroupEgress",
              "AuthorizeSecurityGroupIngress"
            ]
          }
        },
        "Effect": "Allow",
        "Resource": [
          "arn:aws:ec2:*:*:security-group-rule/*"
        ],
        "Sid": "AllowSecurityGroupRuleUpdateTagRule"
      },
      {
        "Action": [
          "ec2:CreateSecurityGroup"
        ],
        "Effect": "Allow",
        "Resource": [
          "arn:aws:ec2:*:*:vpc/*"
        ],
        "Sid": "AllowCreateSecurityGroupForVPCEndpoint"
      },
      {
        "Action": [
          "ec2:CreateSecurityGroup"
        ],
        "Condition": {
          "StringEquals": {
            "aws:RequestTag/SystemsManager::FindingNetworkingSecurityGroups::VPCE::SG": "VPCEndpointSecurityGroup"
          }
        },
        "Effect": "Allow",
        "Resource": [
          "arn:aws:ec2:*:*:security-group/*"
        ],
        "Sid": "AllowCreateSecurityGroupWithTag"
      },
      {
        "Action": [
          "ec2:CreateTags"
        ],
        "Condition": {
          "StringEquals": {
            "aws:RequestTag/SystemsManager::FindingNetworkingSecurityGroups::VPCE::SG": "VPCEndpointSecurityGroup",
            "ec2:CreateAction": [
              "CreateSecurityGroup"
            ]
          }
        },
        "Effect": "Allow",
        "Resource": [
          "arn:aws:ec2:*:*:security-group/*"
        ],
        "Sid": "AllowTagCreationForSecurityGroupTags"
      },
      {
        "Action": [
          "ssm:StartAutomationExecution"
        ],
        "Effect": "Allow",
        "Resource": [
          "arn:aws:ssm:*:*:document/AWS-OrchestrateUnmanagedEC2Actions",
          "arn:aws:ssm:*:*:document/AWS-RemediateSSMAgent*",
          "arn:aws:ssm:*:*:automation-execution/*",
          "arn:aws:ssm:*:*:automation-definition/AWS-OrchestrateUnmanagedEC2Actions:*",
          "arn:aws:ssm:*:*:automation-definition/AWS-RemediateSSMAgent*:*"
        ],
        "Sid": "AllowExecuteSSMAutomation"
      },
      {
        "Action": [
          "kms:Decrypt",
          "kms:GenerateDataKey"
        ],
        "Condition": {
          "ArnLike": {
            "kms:EncryptionContext:aws:s3:arn": "arn:aws:s3:::do-not-delete-ssm-diagnosis-*"
          },
          "Bool": {
            "aws:ViaAWSService": "true"
          },
          "StringEquals": {
            "aws:ResourceTag/SystemsManagerManaged": "true"
          },
          "StringLike": {
            "kms:ViaService": "s3.*.amazonaws.com"
          }
        },
        "Effect": "Allow",
        "Resource": "arn:aws:kms:*:*:key/*",
        "Sid": "AllowKMSOperations"
      },
      {
        "Action": [
          "iam:PassRole"
        ],
        "Condition": {
          "StringEquals": {
            "iam:PassedToService": "ssm.amazonaws.com"
          }
        },
        "Effect": "Allow",
        "Resource": "arn:aws:iam::*:role/AWS-SSM-RemediationExecutionRole*",
        "Sid": "AllowPassRoleOnSelfToSsm"
      }
    ],
    "Version": "2012-10-17"
  },
  "effective_actions": [
    {
      "access_level": "Read",
      "action": "ssm:GetAutomationExecution",
      "condition": null,
      "credentials_exposure": false,
      "data_access": false,
      "effective_action": "ssm:GetAutomationExecution",
      "privesc": false,
      "resource_exposure": false
    },
    {
      "access_level": "Read",
      "action": "ssm:DescribeAutomationExecutions",
      "condition": null,
      "credentials_exposure": false,
      "data_access": false,
      "effective_action": "ssm:DescribeAutomationExecutions",
      "privesc": false,
      "resource_exposure": false
    },
    {
      "access_level": "Read",
      "action": "ssm:DescribeAutomationStepExecutions",
      "condition": null,
      "credentials_exposure": false,
      "data_access": false,
      "effective_action": "ssm:DescribeAutomationStepExecutions",
      "privesc": false,
      "resource_exposure": false
    },
    {
      "access_level": "List",
      "action": "ec2:DescribeVpcAttribute",
      "condition": null,
      "credentials_exposure": false,
      "data_access": false,
      "effective_action": "ec2:DescribeVpcAttribute",
      "privesc": false,
      "resource_exposure": false
    },
    {
      "access_level": "List",
      "action": "ec2:DescribeSubnets",
      "condition": null,
      "credentials_exposure": false,
      "data_access": false,
      "effective_action": "ec2:DescribeSubnets",
      "privesc": false,
      "resource_exposure": false
    },
    {
      "access_level": "List",
      "action": "ec2:DescribeVpcs",
      "condition": null,
      "credentials_exposure": false,
      "data_access": false,
      "effective_action": "ec2:DescribeVpcs",
      "privesc": false,
      "resource_exposure": false
    },
    {
      "access_level": "List",
      "action": "ec2:DescribeVpcEndpoints",
      "condition": null,
      "credentials_exposure": false,
      "data_access": false,
      "effective_action": "ec2:DescribeVpcEndpoints",
      "privesc": false,
      "resource_exposure": false
    },
    {
      "access_level": "List",
      "action": "ec2:DescribeSecurityGroups",
      "condition": null,
      "credentials_exposure": false,
      "data_access": false,
      "effective_action": "ec2:DescribeSecurityGroups",
      "privesc": false,
      "resource_exposure": false
    },
    {
      "access_level": "Write",
      "action": "ec2:CreateVpcEndpoint",
      "condition": {
        "StringEquals": {
          "aws:ResourceTag/SystemsManager::FindingNetworkingSecurityGroups::VPCE::SG": "VPCEndpointSecurityGroup"
        }
      },
      "credentials_exposure": false,
      "data_access": false,
      "effective_action": "ec2:CreateVpcEndpoint",
      "privesc": false,
      "resource_exposure": false
    },
    {
      "access_level": "Write",
      "action": "ec2:CreateVpcEndpoint",
      "condition": null,
      "credentials_exposure": false,
      "data_access": false,
      "effective_action": "ec2:CreateVpcEndpoint",
      "privesc": false,
      "resource_exposure": false
    },
    {
      "access_level": "Write",
      "action": "ec2:CreateVpcEndpoint",
      "condition": {
        "StringEquals": {
          "aws:RequestTag/SystemsManager::FindingNetworkingVPCEndpoints::VPCE": "VPCEndpoint"
        },
        "StringLike": {
          "ec2:VpceServiceName": [
            "com.amazonaws.*.ssm",
            "com.amazonaws.*.ssmmessages",
            "com.amazonaws.*.ec2messages"
          ]
        }
      },
      "credentials_exposure": false,
      "data_access": false,
      "effective_action": "ec2:CreateVpcEndpoint",
      "privesc": false,
      "resource_exposure": false
    },
    {
      "access_level": "Tagging",
      "action": "ec2:CreateTags",
      "condition": {
        "StringEquals": {
          "aws:RequestTag/SystemsManager::FindingNetworkingVPCEndpoints::VPCE": "VPCEndpoint",
          "ec2:CreateAction": [
            "CreateVpcEndpoint"
          ]
        }
      },
      "credentials_exposure": false,
      "data_access": false,
      "effective_action": "ec2:CreateTags",
      "privesc": false,
      "resource_exposure": false
    },
    {
      "access_level": "Write",
      "action": "ec2:ModifyVpcAttribute",
      "condition": {
        "StringEquals": {
          "ec2:Attribute": [
            "EnableDnsSupport",
            "EnableDnsHostnames"
          ]
        }
      },
      "credentials_exposure": false,
      "data_access": false,
      "effective_action": "ec2:ModifyVpcAttribute",
      "privesc": false,
      "resource_exposure": false
    },
    {
      "access_level": "Write",
      "action": "ec2:AuthorizeSecurityGroupEgress",
      "condition": null,
      "credentials_exposure": false,
      "data_access": false,
      "effective_action": "ec2:AuthorizeSecurityGroupEgress",
      "privesc": false,
      "resource_exposure": false
    },
    {
      "access_level": "Write",
      "action": "ec2:RevokeSecurityGroupEgress",
      "condition": {
        "StringEquals": {
          "aws:ResourceTag/SystemsManager::FindingNetworkingSecurityGroups::VPCE::SG": "VPCEndpointSecurityGroup"
        }
      },
      "credentials_exposure": false,
      "data_access": false,
      "effective_action": "ec2:RevokeSecurityGroupEgress",
      "privesc": false,
      "resource_exposure": false
    },
    {
      "access_level": "Write",
      "action": "ec2:AuthorizeSecurityGroupIngress",
      "condition": {
        "StringEquals": {
          "aws:ResourceTag/SystemsManager::FindingNetworkingSecurityGroups::VPCE::SG": "VPCEndpointSecurityGroup"
        }
      },
      "credentials_exposure": false,
      "data_access": false,
      "effective_action": "ec2:AuthorizeSecurityGroupIngress",
      "privesc": false,
      "resource_exposure": false
    },
    {
      "access_level": "Write",
      "action": "ec2:AuthorizeSecurityGroupEgress",
      "condition": {
        "StringEquals": {
          "aws:RequestTag/SystemsManager::FindingNetworkingSecurityGroups::SG::Rule": "HTTPSAccess"
        }
      },
      "credentials_exposure": false,
      "data_access": false,
      "effective_action": "ec2:AuthorizeSecurityGroupEgress",
      "privesc": false,
      "resource_exposure": false
    },
    {
      "access_level": "Write",
      "action": "ec2:AuthorizeSecurityGroupIngress",
      "condition": {
        "StringEquals": {
          "aws:RequestTag/SystemsManager::FindingNetworkingSecurityGroups::SG::Rule": "HTTPSAccess"
        }
      },
      "credentials_exposure": false,
      "data_access": false,
      "effective_action": "ec2:AuthorizeSecurityGroupIngress",
      "privesc": false,
      "resource_exposure": false
    },
    {
      "access_level": "Tagging",
      "action": "ec2:CreateTags",
      "condition": {
        "StringEquals": {
          "aws:RequestTag/SystemsManager::FindingNetworkingSecurityGroups::SG::Rule": "HTTPSAccess",
          "ec2:CreateAction": [
            "AuthorizeSecurityGroupEgress",
            "AuthorizeSecurityGroupIngress"
          ]
        }
      },
      "credentials_exposure": false,
      "data_access": false,
      "effective_action": "ec2:CreateTags",
      "privesc": false,
      "resource_exposure": false
    },
    {
      "access_level": "Write",
      "action": "ec2:CreateSecurityGroup",
      "condition": null,
      "credentials_exposure": false,
      "data_access": false,
      "effective_action": "ec2:CreateSecurityGroup",
      "privesc": false,
      "resource_exposure": false
    },
    {
      "access_level": "Write",
      "action": "ec2:CreateSecurityGroup",
      "condition": {
        "StringEquals": {
          "aws:RequestTag/SystemsManager::FindingNetworkingSecurityGroups::VPCE::SG": "VPCEndpointSecurityGroup"
        }
      },
      "credentials_exposure": false,
      "data_access": false,
      "effective_action": "ec2:CreateSecurityGroup",
      "privesc": false,
      "resource_exposure": false
    },
    {
      "access_level": "Tagging",
      "action": "ec2:CreateTags",
      "condition": {
        "StringEquals": {
          "aws:RequestTag/SystemsManager::FindingNetworkingSecurityGroups::VPCE::SG": "VPCEndpointSecurityGroup",
          "ec2:CreateAction": [
            "CreateSecurityGroup"
          ]
        }
      },
      "credentials_exposure": false,
      "data_access": false,
      "effective_action": "ec2:CreateTags",
      "privesc": false,
      "resource_exposure": false
    },
    {
      "access_level": "Write",
      "action": "ssm:StartAutomationExecution",
      "condition": null,
      "credentials_exposure": false,
      "data_access": false,
      "effective_action": "ssm:StartAutomationExecution",
      "privesc": false,
      "resource_exposure": false
    },
    {
      "access_level": "Write",
      "action": "kms:Decrypt",
      "condition": {
        "ArnLike": {
          "kms:EncryptionContext:aws:s3:arn": "arn:aws:s3:::do-not-delete-ssm-diagnosis-*"
        },
        "Bool": {
          "aws:ViaAWSService": "true"
        },
        "StringEquals": {
          "aws:ResourceTag/SystemsManagerManaged": "true"
        },
        "StringLike": {
          "kms:ViaService": "s3.*.amazonaws.com"
        }
      },
      "credentials_exposure": false,
      "data_access": false,
      "effective_action": "kms:Decrypt",
      "privesc": false,
      "resource_exposure": false
    },
    {
      "access_level": "Write",
      "action": "kms:GenerateDataKey",
      "condition": {
        "ArnLike": {
          "kms:EncryptionContext:aws:s3:arn": "arn:aws:s3:::do-not-delete-ssm-diagnosis-*"
        },
        "Bool": {
          "aws:ViaAWSService": "true"
        },
        "StringEquals": {
          "aws:ResourceTag/SystemsManagerManaged": "true"
        },
        "StringLike": {
          "kms:ViaService": "s3.*.amazonaws.com"
        }
      },
      "credentials_exposure": false,
      "data_access": false,
      "effective_action": "kms:GenerateDataKey",
      "privesc": false,
      "resource_exposure": false
    },
    {
      "access_level": "Permissions management",
      "action": "iam:PassRole",
      "condition": {
        "StringEquals": {
          "iam:PassedToService": "ssm.amazonaws.com"
        }
      },
      "credentials_exposure": false,
      "data_access": false,
      "effective_action": "iam:PassRole",
      "privesc": true,
      "resource_exposure": true
    }
  ],
  "grantless": false,
  "malformed": false,
  "name": "AWS-SSM-RemediationAutomation-ExecutionRolePolicy",
  "privesc": true,
  "resource_exposure": true,
  "undocumented_actions": false,
  "unknown_actions": [],
  "updatedate": "2025-07-16T19:07:08+00:00",
  "version": "v2"
}