{
  "access_levels": [
    "List",
    "Read",
    "Tagging",
    "Write",
    "Permissions management"
  ],
  "arn": "arn:aws:iam::aws:policy/AWSApplicationDiscoveryServiceFullAccess",
  "createdate": "2019-06-19T21:21:26Z",
  "credentials_exposure": false,
  "data_access": false,
  "deprecated": false,
  "document": {
    "Statement": [
      {
        "Action": [
          "mgh:*",
          "discovery:*"
        ],
        "Effect": "Allow",
        "Resource": "*"
      },
      {
        "Action": [
          "iam:GetRole"
        ],
        "Effect": "Allow",
        "Resource": "*"
      },
      {
        "Action": [
          "iam:CreateServiceLinkedRole"
        ],
        "Condition": {
          "StringEquals": {
            "iam:AWSServiceName": "continuousexport.discovery.amazonaws.com"
          }
        },
        "Effect": "Allow",
        "Resource": "arn:aws:iam::*:role/aws-service-role/continuousexport.discovery.amazonaws.com/AWSServiceRoleForApplicationDiscoveryServiceContinuousExport*"
      },
      {
        "Action": [
          "iam:DeleteServiceLinkedRole",
          "iam:GetServiceLinkedRoleDeletionStatus"
        ],
        "Effect": "Allow",
        "Resource": "arn:aws:iam::*:role/aws-service-role/continuousexport.discovery.amazonaws.com/AWSServiceRoleForApplicationDiscoveryServiceContinuousExport*"
      },
      {
        "Action": [
          "iam:CreateServiceLinkedRole"
        ],
        "Condition": {
          "StringEquals": {
            "iam:AWSServiceName": [
              "migrationhub.amazonaws.com",
              "dmsintegration.migrationhub.amazonaws.com",
              "smsintegration.migrationhub.amazonaws.com"
            ]
          }
        },
        "Effect": "Allow",
        "Resource": "*"
      }
    ],
    "Version": "2012-10-17"
  },
  "effective_actions": [
    {
      "access_level": "Write",
      "action": "mgh:*",
      "condition": null,
      "credentials_exposure": false,
      "data_access": false,
      "effective_action": "mgh:AcceptConnection",
      "privesc": false,
      "resource_exposure": false
    },
    {
      "access_level": "Write",
      "action": "mgh:*",
      "condition": null,
      "credentials_exposure": false,
      "data_access": false,
      "effective_action": "mgh:AssociateAutomationUnitRole",
      "privesc": false,
      "resource_exposure": false
    },
    {
      "access_level": "Write",
      "action": "mgh:*",
      "condition": null,
      "credentials_exposure": false,
      "data_access": false,
      "effective_action": "mgh:AssociateCreatedArtifact",
      "privesc": false,
      "resource_exposure": false
    },
    {
      "access_level": "Write",
      "action": "mgh:*",
      "condition": null,
      "credentials_exposure": false,
      "data_access": false,
      "effective_action": "mgh:AssociateDiscoveredResource",
      "privesc": false,
      "resource_exposure": false
    },
    {
      "access_level": "Write",
      "action": "mgh:*",
      "condition": null,
      "credentials_exposure": false,
      "data_access": false,
      "effective_action": "mgh:AssociateSourceResource",
      "privesc": false,
      "resource_exposure": false
    },
    {
      "access_level": "Write",
      "action": "mgh:*",
      "condition": null,
      "credentials_exposure": false,
      "data_access": false,
      "effective_action": "mgh:BatchAssociateIamRoleWithConnection",
      "privesc": false,
      "resource_exposure": false
    },
    {
      "access_level": "Write",
      "action": "mgh:*",
      "condition": null,
      "credentials_exposure": false,
      "data_access": false,
      "effective_action": "mgh:BatchDisassociateIamRoleFromConnection",
      "privesc": false,
      "resource_exposure": false
    },
    {
      "access_level": "Write",
      "action": "mgh:*",
      "condition": null,
      "credentials_exposure": false,
      "data_access": false,
      "effective_action": "mgh:CreateAutomationRun",
      "privesc": false,
      "resource_exposure": false
    },
    {
      "access_level": "Write",
      "action": "mgh:*",
      "condition": null,
      "credentials_exposure": false,
      "data_access": false,
      "effective_action": "mgh:CreateAutomationUnit",
      "privesc": false,
      "resource_exposure": false
    },
    {
      "access_level": "Write",
      "action": "mgh:*",
      "condition": null,
      "credentials_exposure": false,
      "data_access": false,
      "effective_action": "mgh:CreateHomeRegionControl",
      "privesc": false,
      "resource_exposure": false
    },
    {
      "access_level": "Write",
      "action": "mgh:*",
      "condition": null,
      "credentials_exposure": false,
      "data_access": false,
      "effective_action": "mgh:CreateProgressUpdateStream",
      "privesc": false,
      "resource_exposure": false
    },
    {
      "access_level": "Write",
      "action": "mgh:*",
      "condition": null,
      "credentials_exposure": false,
      "data_access": false,
      "effective_action": "mgh:DeleteAutomationRun",
      "privesc": false,
      "resource_exposure": false
    },
    {
      "access_level": "Write",
      "action": "mgh:*",
      "condition": null,
      "credentials_exposure": false,
      "data_access": false,
      "effective_action": "mgh:DeleteAutomationUnit",
      "privesc": false,
      "resource_exposure": false
    },
    {
      "access_level": "Write",
      "action": "mgh:*",
      "condition": null,
      "credentials_exposure": false,
      "data_access": false,
      "effective_action": "mgh:DeleteConnection",
      "privesc": false,
      "resource_exposure": false
    },
    {
      "access_level": "Write",
      "action": "mgh:*",
      "condition": null,
      "credentials_exposure": false,
      "data_access": false,
      "effective_action": "mgh:DeleteHomeRegionControl",
      "privesc": false,
      "resource_exposure": false
    },
    {
      "access_level": "Write",
      "action": "mgh:*",
      "condition": null,
      "credentials_exposure": false,
      "data_access": false,
      "effective_action": "mgh:DeleteProgressUpdateStream",
      "privesc": false,
      "resource_exposure": false
    },
    {
      "access_level": "Read",
      "action": "mgh:*",
      "condition": null,
      "credentials_exposure": false,
      "data_access": false,
      "effective_action": "mgh:DescribeApplicationState",
      "privesc": false,
      "resource_exposure": false
    },
    {
      "access_level": "Read",
      "action": "mgh:*",
      "condition": null,
      "credentials_exposure": false,
      "data_access": false,
      "effective_action": "mgh:DescribeAutomationRun",
      "privesc": false,
      "resource_exposure": false
    },
    {
      "access_level": "Read",
      "action": "mgh:*",
      "condition": null,
      "credentials_exposure": false,
      "data_access": false,
      "effective_action": "mgh:DescribeAutomationUnit",
      "privesc": false,
      "resource_exposure": false
    },
    {
      "access_level": "List",
      "action": "mgh:*",
      "condition": null,
      "credentials_exposure": false,
      "data_access": false,
      "effective_action": "mgh:DescribeHomeRegionControls",
      "privesc": false,
      "resource_exposure": false
    },
    {
      "access_level": "Read",
      "action": "mgh:*",
      "condition": null,
      "credentials_exposure": false,
      "data_access": false,
      "effective_action": "mgh:DescribeMigrationTask",
      "privesc": false,
      "resource_exposure": false
    },
    {
      "access_level": "Write",
      "action": "mgh:*",
      "condition": null,
      "credentials_exposure": false,
      "data_access": false,
      "effective_action": "mgh:DisassociateAutomationUnitRole",
      "privesc": false,
      "resource_exposure": false
    },
    {
      "access_level": "Write",
      "action": "mgh:*",
      "condition": null,
      "credentials_exposure": false,
      "data_access": false,
      "effective_action": "mgh:DisassociateCreatedArtifact",
      "privesc": false,
      "resource_exposure": false
    },
    {
      "access_level": "Write",
      "action": "mgh:*",
      "condition": null,
      "credentials_exposure": false,
      "data_access": false,
      "effective_action": "mgh:DisassociateDiscoveredResource",
      "privesc": false,
      "resource_exposure": false
    },
    {
      "access_level": "Write",
      "action": "mgh:*",
      "condition": null,
      "credentials_exposure": false,
      "data_access": false,
      "effective_action": "mgh:DisassociateSourceResource",
      "privesc": false,
      "resource_exposure": false
    },
    {
      "access_level": "Read",
      "action": "mgh:*",
      "condition": null,
      "credentials_exposure": false,
      "data_access": false,
      "effective_action": "mgh:GetConnection",
      "privesc": false,
      "resource_exposure": false
    },
    {
      "access_level": "Read",
      "action": "mgh:*",
      "condition": null,
      "credentials_exposure": false,
      "data_access": false,
      "effective_action": "mgh:GetHomeRegion",
      "privesc": false,
      "resource_exposure": false
    },
    {
      "access_level": "Write",
      "action": "mgh:*",
      "condition": null,
      "credentials_exposure": false,
      "data_access": false,
      "effective_action": "mgh:ImportMigrationTask",
      "privesc": false,
      "resource_exposure": false
    },
    {
      "access_level": "List",
      "action": "mgh:*",
      "condition": null,
      "credentials_exposure": false,
      "data_access": false,
      "effective_action": "mgh:ListApplicationStates",
      "privesc": false,
      "resource_exposure": false
    },
    {
      "access_level": "List",
      "action": "mgh:*",
      "condition": null,
      "credentials_exposure": false,
      "data_access": false,
      "effective_action": "mgh:ListAutomationRuns",
      "privesc": false,
      "resource_exposure": false
    },
    {
      "access_level": "List",
      "action": "mgh:*",
      "condition": null,
      "credentials_exposure": false,
      "data_access": false,
      "effective_action": "mgh:ListAutomationUnits",
      "privesc": false,
      "resource_exposure": false
    },
    {
      "access_level": "List",
      "action": "mgh:*",
      "condition": null,
      "credentials_exposure": false,
      "data_access": false,
      "effective_action": "mgh:ListConnectionRoles",
      "privesc": false,
      "resource_exposure": false
    },
    {
      "access_level": "List",
      "action": "mgh:*",
      "condition": null,
      "credentials_exposure": false,
      "data_access": false,
      "effective_action": "mgh:ListConnections",
      "privesc": false,
      "resource_exposure": false
    },
    {
      "access_level": "List",
      "action": "mgh:*",
      "condition": null,
      "credentials_exposure": false,
      "data_access": false,
      "effective_action": "mgh:ListCreatedArtifacts",
      "privesc": false,
      "resource_exposure": false
    },
    {
      "access_level": "List",
      "action": "mgh:*",
      "condition": null,
      "credentials_exposure": false,
      "data_access": false,
      "effective_action": "mgh:ListDiscoveredResources",
      "privesc": false,
      "resource_exposure": false
    },
    {
      "access_level": "List",
      "action": "mgh:*",
      "condition": null,
      "credentials_exposure": false,
      "data_access": false,
      "effective_action": "mgh:ListMigrationTaskUpdates",
      "privesc": false,
      "resource_exposure": false
    },
    {
      "access_level": "List",
      "action": "mgh:*",
      "condition": null,
      "credentials_exposure": false,
      "data_access": false,
      "effective_action": "mgh:ListMigrationTasks",
      "privesc": false,
      "resource_exposure": false
    },
    {
      "access_level": "List",
      "action": "mgh:*",
      "condition": null,
      "credentials_exposure": false,
      "data_access": false,
      "effective_action": "mgh:ListProgressUpdateStreams",
      "privesc": false,
      "resource_exposure": false
    },
    {
      "access_level": "List",
      "action": "mgh:*",
      "condition": null,
      "credentials_exposure": false,
      "data_access": false,
      "effective_action": "mgh:ListSourceResources",
      "privesc": false,
      "resource_exposure": false
    },
    {
      "access_level": "List",
      "action": "mgh:*",
      "condition": null,
      "credentials_exposure": false,
      "data_access": false,
      "effective_action": "mgh:ListTagsForResource",
      "privesc": false,
      "resource_exposure": false
    },
    {
      "access_level": "Write",
      "action": "mgh:*",
      "condition": null,
      "credentials_exposure": false,
      "data_access": false,
      "effective_action": "mgh:NotifyApplicationState",
      "privesc": false,
      "resource_exposure": false
    },
    {
      "access_level": "Write",
      "action": "mgh:*",
      "condition": null,
      "credentials_exposure": false,
      "data_access": false,
      "effective_action": "mgh:NotifyMigrationTaskState",
      "privesc": false,
      "resource_exposure": false
    },
    {
      "access_level": "Write",
      "action": "mgh:*",
      "condition": null,
      "credentials_exposure": false,
      "data_access": false,
      "effective_action": "mgh:PutResourceAttributes",
      "privesc": false,
      "resource_exposure": false
    },
    {
      "access_level": "Write",
      "action": "mgh:*",
      "condition": null,
      "credentials_exposure": false,
      "data_access": false,
      "effective_action": "mgh:RejectConnection",
      "privesc": false,
      "resource_exposure": false
    },
    {
      "access_level": "Tagging",
      "action": "mgh:*",
      "condition": null,
      "credentials_exposure": false,
      "data_access": false,
      "effective_action": "mgh:TagResource",
      "privesc": false,
      "resource_exposure": false
    },
    {
      "access_level": "Tagging",
      "action": "mgh:*",
      "condition": null,
      "credentials_exposure": false,
      "data_access": false,
      "effective_action": "mgh:UntagResource",
      "privesc": false,
      "resource_exposure": false
    },
    {
      "access_level": "Write",
      "action": "discovery:*",
      "condition": null,
      "credentials_exposure": false,
      "data_access": false,
      "effective_action": "discovery:AssociateConfigurationItemsToApplication",
      "privesc": false,
      "resource_exposure": false
    },
    {
      "access_level": "Write",
      "action": "discovery:*",
      "condition": null,
      "credentials_exposure": false,
      "data_access": false,
      "effective_action": "discovery:BatchDeleteAgents",
      "privesc": false,
      "resource_exposure": false
    },
    {
      "access_level": "Write",
      "action": "discovery:*",
      "condition": null,
      "credentials_exposure": false,
      "data_access": false,
      "effective_action": "discovery:BatchDeleteImportData",
      "privesc": false,
      "resource_exposure": false
    },
    {
      "access_level": "Write",
      "action": "discovery:*",
      "condition": null,
      "credentials_exposure": false,
      "data_access": false,
      "effective_action": "discovery:CreateApplication",
      "privesc": false,
      "resource_exposure": false
    },
    {
      "access_level": "Tagging",
      "action": "discovery:*",
      "condition": null,
      "credentials_exposure": false,
      "data_access": false,
      "effective_action": "discovery:CreateTags",
      "privesc": false,
      "resource_exposure": false
    },
    {
      "access_level": "Write",
      "action": "discovery:*",
      "condition": null,
      "credentials_exposure": false,
      "data_access": false,
      "effective_action": "discovery:DeleteApplications",
      "privesc": false,
      "resource_exposure": false
    },
    {
      "access_level": "Tagging",
      "action": "discovery:*",
      "condition": null,
      "credentials_exposure": false,
      "data_access": false,
      "effective_action": "discovery:DeleteTags",
      "privesc": false,
      "resource_exposure": false
    },
    {
      "access_level": "Read",
      "action": "discovery:*",
      "condition": null,
      "credentials_exposure": false,
      "data_access": false,
      "effective_action": "discovery:DescribeAgents",
      "privesc": false,
      "resource_exposure": false
    },
    {
      "access_level": "Read",
      "action": "discovery:*",
      "condition": null,
      "credentials_exposure": false,
      "data_access": false,
      "effective_action": "discovery:DescribeBatchDeleteConfigurationTask",
      "privesc": false,
      "resource_exposure": false
    },
    {
      "access_level": "Read",
      "action": "discovery:*",
      "condition": null,
      "credentials_exposure": false,
      "data_access": false,
      "effective_action": "discovery:DescribeConfigurations",
      "privesc": false,
      "resource_exposure": false
    },
    {
      "access_level": "Read",
      "action": "discovery:*",
      "condition": null,
      "credentials_exposure": false,
      "data_access": false,
      "effective_action": "discovery:DescribeContinuousExports",
      "privesc": false,
      "resource_exposure": false
    },
    {
      "access_level": "Read",
      "action": "discovery:*",
      "condition": null,
      "credentials_exposure": false,
      "data_access": false,
      "effective_action": "discovery:DescribeExportConfigurations",
      "privesc": false,
      "resource_exposure": false
    },
    {
      "access_level": "Read",
      "action": "discovery:*",
      "condition": null,
      "credentials_exposure": false,
      "data_access": false,
      "effective_action": "discovery:DescribeExportTasks",
      "privesc": false,
      "resource_exposure": false
    },
    {
      "access_level": "List",
      "action": "discovery:*",
      "condition": null,
      "credentials_exposure": false,
      "data_access": false,
      "effective_action": "discovery:DescribeImportTasks",
      "privesc": false,
      "resource_exposure": false
    },
    {
      "access_level": "Read",
      "action": "discovery:*",
      "condition": null,
      "credentials_exposure": false,
      "data_access": false,
      "effective_action": "discovery:DescribeTags",
      "privesc": false,
      "resource_exposure": false
    },
    {
      "access_level": "Write",
      "action": "discovery:*",
      "condition": null,
      "credentials_exposure": false,
      "data_access": false,
      "effective_action": "discovery:DisassociateConfigurationItemsFromApplication",
      "privesc": false,
      "resource_exposure": false
    },
    {
      "access_level": "Write",
      "action": "discovery:*",
      "condition": null,
      "credentials_exposure": false,
      "data_access": false,
      "effective_action": "discovery:ExportConfigurations",
      "privesc": false,
      "resource_exposure": false
    },
    {
      "access_level": "Read",
      "action": "discovery:*",
      "condition": null,
      "credentials_exposure": false,
      "data_access": false,
      "effective_action": "discovery:GetDiscoverySummary",
      "privesc": false,
      "resource_exposure": false
    },
    {
      "access_level": "Read",
      "action": "discovery:*",
      "condition": null,
      "credentials_exposure": false,
      "data_access": false,
      "effective_action": "discovery:GetNetworkConnectionGraph",
      "privesc": false,
      "resource_exposure": false
    },
    {
      "access_level": "List",
      "action": "discovery:*",
      "condition": null,
      "credentials_exposure": false,
      "data_access": false,
      "effective_action": "discovery:ListConfigurations",
      "privesc": false,
      "resource_exposure": false
    },
    {
      "access_level": "List",
      "action": "discovery:*",
      "condition": null,
      "credentials_exposure": false,
      "data_access": false,
      "effective_action": "discovery:ListServerNeighbors",
      "privesc": false,
      "resource_exposure": false
    },
    {
      "access_level": "Write",
      "action": "discovery:*",
      "condition": null,
      "credentials_exposure": false,
      "data_access": false,
      "effective_action": "discovery:StartBatchDeleteConfigurationTask",
      "privesc": false,
      "resource_exposure": false
    },
    {
      "access_level": "Write",
      "action": "discovery:*",
      "condition": null,
      "credentials_exposure": false,
      "data_access": false,
      "effective_action": "discovery:StartContinuousExport",
      "privesc": false,
      "resource_exposure": false
    },
    {
      "access_level": "Write",
      "action": "discovery:*",
      "condition": null,
      "credentials_exposure": false,
      "data_access": false,
      "effective_action": "discovery:StartDataCollectionByAgentIds",
      "privesc": false,
      "resource_exposure": false
    },
    {
      "access_level": "Write",
      "action": "discovery:*",
      "condition": null,
      "credentials_exposure": false,
      "data_access": false,
      "effective_action": "discovery:StartExportTask",
      "privesc": false,
      "resource_exposure": false
    },
    {
      "access_level": "Write",
      "action": "discovery:*",
      "condition": null,
      "credentials_exposure": false,
      "data_access": false,
      "effective_action": "discovery:StartImportTask",
      "privesc": false,
      "resource_exposure": false
    },
    {
      "access_level": "Write",
      "action": "discovery:*",
      "condition": null,
      "credentials_exposure": false,
      "data_access": false,
      "effective_action": "discovery:StopContinuousExport",
      "privesc": false,
      "resource_exposure": false
    },
    {
      "access_level": "Write",
      "action": "discovery:*",
      "condition": null,
      "credentials_exposure": false,
      "data_access": false,
      "effective_action": "discovery:StopDataCollectionByAgentIds",
      "privesc": false,
      "resource_exposure": false
    },
    {
      "access_level": "Write",
      "action": "discovery:*",
      "condition": null,
      "credentials_exposure": false,
      "data_access": false,
      "effective_action": "discovery:UpdateApplication",
      "privesc": false,
      "resource_exposure": false
    },
    {
      "access_level": "Read",
      "action": "iam:GetRole",
      "condition": null,
      "credentials_exposure": false,
      "data_access": false,
      "effective_action": "iam:GetRole",
      "privesc": false,
      "resource_exposure": false
    },
    {
      "access_level": "Permissions management",
      "action": "iam:CreateServiceLinkedRole",
      "condition": {
        "StringEquals": {
          "iam:AWSServiceName": "continuousexport.discovery.amazonaws.com"
        }
      },
      "credentials_exposure": false,
      "data_access": false,
      "effective_action": "iam:CreateServiceLinkedRole",
      "privesc": true,
      "resource_exposure": true
    },
    {
      "access_level": "Permissions management",
      "action": "iam:DeleteServiceLinkedRole",
      "condition": null,
      "credentials_exposure": false,
      "data_access": false,
      "effective_action": "iam:DeleteServiceLinkedRole",
      "privesc": false,
      "resource_exposure": true
    },
    {
      "access_level": "Read",
      "action": "iam:GetServiceLinkedRoleDeletionStatus",
      "condition": null,
      "credentials_exposure": false,
      "data_access": false,
      "effective_action": "iam:GetServiceLinkedRoleDeletionStatus",
      "privesc": false,
      "resource_exposure": false
    },
    {
      "access_level": "Permissions management",
      "action": "iam:CreateServiceLinkedRole",
      "condition": {
        "StringEquals": {
          "iam:AWSServiceName": [
            "migrationhub.amazonaws.com",
            "dmsintegration.migrationhub.amazonaws.com",
            "smsintegration.migrationhub.amazonaws.com"
          ]
        }
      },
      "credentials_exposure": false,
      "data_access": false,
      "effective_action": "iam:CreateServiceLinkedRole",
      "privesc": true,
      "resource_exposure": true
    }
  ],
  "grantless": false,
  "malformed": false,
  "name": "AWSApplicationDiscoveryServiceFullAccess",
  "privesc": true,
  "resource_exposure": true,
  "undocumented_actions": false,
  "unknown_actions": [],
  "updatedate": "2019-06-19T21:21:26+00:00",
  "version": "v4"
}