{
  "access_levels": [
    "List",
    "Read"
  ],
  "arn": "arn:aws:iam::aws:policy/AWSArtifactReportsReadOnlyAccess",
  "createdate": "2025-03-24T18:37:06Z",
  "credentials_exposure": false,
  "data_access": false,
  "deprecated": false,
  "document": {
    "Statement": [
      {
        "Action": [
          "artifact:GetReport",
          "artifact:GetReportMetadata",
          "artifact:GetTermForReport",
          "artifact:ListReports"
        ],
        "Effect": "Allow",
        "Resource": "*",
        "Sid": "ArtifactReportActions"
      }
    ],
    "Version": "2012-10-17"
  },
  "effective_actions": [
    {
      "access_level": "Read",
      "action": "artifact:GetReport",
      "condition": null,
      "credentials_exposure": false,
      "data_access": false,
      "effective_action": "artifact:GetReport",
      "privesc": false,
      "resource_exposure": false
    },
    {
      "access_level": "Read",
      "action": "artifact:GetReportMetadata",
      "condition": null,
      "credentials_exposure": false,
      "data_access": false,
      "effective_action": "artifact:GetReportMetadata",
      "privesc": false,
      "resource_exposure": false
    },
    {
      "access_level": "Read",
      "action": "artifact:GetTermForReport",
      "condition": null,
      "credentials_exposure": false,
      "data_access": false,
      "effective_action": "artifact:GetTermForReport",
      "privesc": false,
      "resource_exposure": false
    },
    {
      "access_level": "List",
      "action": "artifact:ListReports",
      "condition": null,
      "credentials_exposure": false,
      "data_access": false,
      "effective_action": "artifact:ListReports",
      "privesc": false,
      "resource_exposure": false
    }
  ],
  "grantless": false,
  "malformed": false,
  "name": "AWSArtifactReportsReadOnlyAccess",
  "privesc": false,
  "resource_exposure": false,
  "undocumented_actions": false,
  "unknown_actions": [],
  "updatedate": "2025-03-24T18:37:06+00:00",
  "version": "v2"
}