{
  "access_levels": [
    "List",
    "Read",
    "Tagging",
    "Write"
  ],
  "arn": "arn:aws:iam::aws:policy/aws-service-role/AWSApplicationAutoscalingNeptuneClusterPolicy",
  "createdate": "2021-09-02T21:14:55Z",
  "credentials_exposure": false,
  "data_access": false,
  "deprecated": false,
  "document": {
    "Statement": [
      {
        "Action": [
          "rds:ListTagsForResource",
          "rds:DescribeDBInstances",
          "rds:DescribeDBClusters",
          "rds:DescribeDBClusterParameters",
          "cloudwatch:DescribeAlarms"
        ],
        "Effect": "Allow",
        "Resource": [
          "*"
        ]
      },
      {
        "Action": [
          "rds:AddTagsToResource"
        ],
        "Condition": {
          "StringEquals": {
            "rds:DatabaseEngine": "neptune"
          }
        },
        "Effect": "Allow",
        "Resource": [
          "arn:aws:rds:*:*:db:autoscaled-reader*"
        ]
      },
      {
        "Action": [
          "rds:CreateDBInstance"
        ],
        "Condition": {
          "StringEquals": {
            "rds:DatabaseEngine": "neptune"
          }
        },
        "Effect": "Allow",
        "Resource": [
          "arn:aws:rds:*:*:db:autoscaled-reader*",
          "arn:aws:rds:*:*:cluster:*"
        ]
      },
      {
        "Action": [
          "rds:DeleteDBInstance"
        ],
        "Effect": "Allow",
        "Resource": [
          "arn:aws:rds:*:*:db:autoscaled-reader*"
        ]
      },
      {
        "Action": [
          "cloudwatch:PutMetricAlarm",
          "cloudwatch:DeleteAlarms"
        ],
        "Effect": "Allow",
        "Resource": [
          "arn:aws:cloudwatch:*:*:alarm:TargetTracking*"
        ]
      }
    ],
    "Version": "2012-10-17"
  },
  "effective_actions": [
    {
      "access_level": "Read",
      "action": "rds:ListTagsForResource",
      "condition": null,
      "credentials_exposure": false,
      "data_access": false,
      "effective_action": "rds:ListTagsForResource",
      "privesc": false,
      "resource_exposure": false
    },
    {
      "access_level": "List",
      "action": "rds:DescribeDBInstances",
      "condition": null,
      "credentials_exposure": false,
      "data_access": false,
      "effective_action": "rds:DescribeDBInstances",
      "privesc": false,
      "resource_exposure": false
    },
    {
      "access_level": "List",
      "action": "rds:DescribeDBClusters",
      "condition": null,
      "credentials_exposure": false,
      "data_access": false,
      "effective_action": "rds:DescribeDBClusters",
      "privesc": false,
      "resource_exposure": false
    },
    {
      "access_level": "List",
      "action": "rds:DescribeDBClusterParameters",
      "condition": null,
      "credentials_exposure": false,
      "data_access": false,
      "effective_action": "rds:DescribeDBClusterParameters",
      "privesc": false,
      "resource_exposure": false
    },
    {
      "access_level": "Read",
      "action": "cloudwatch:DescribeAlarms",
      "condition": null,
      "credentials_exposure": false,
      "data_access": false,
      "effective_action": "cloudwatch:DescribeAlarms",
      "privesc": false,
      "resource_exposure": false
    },
    {
      "access_level": "Tagging",
      "action": "rds:AddTagsToResource",
      "condition": {
        "StringEquals": {
          "rds:DatabaseEngine": "neptune"
        }
      },
      "credentials_exposure": false,
      "data_access": false,
      "effective_action": "rds:AddTagsToResource",
      "privesc": false,
      "resource_exposure": false
    },
    {
      "access_level": "Write",
      "action": "rds:CreateDBInstance",
      "condition": {
        "StringEquals": {
          "rds:DatabaseEngine": "neptune"
        }
      },
      "credentials_exposure": false,
      "data_access": false,
      "effective_action": "rds:CreateDBInstance",
      "privesc": false,
      "resource_exposure": false
    },
    {
      "access_level": "Write",
      "action": "rds:DeleteDBInstance",
      "condition": null,
      "credentials_exposure": false,
      "data_access": false,
      "effective_action": "rds:DeleteDBInstance",
      "privesc": false,
      "resource_exposure": false
    },
    {
      "access_level": "Write",
      "action": "cloudwatch:PutMetricAlarm",
      "condition": null,
      "credentials_exposure": false,
      "data_access": false,
      "effective_action": "cloudwatch:PutMetricAlarm",
      "privesc": false,
      "resource_exposure": false
    },
    {
      "access_level": "Write",
      "action": "cloudwatch:DeleteAlarms",
      "condition": null,
      "credentials_exposure": false,
      "data_access": false,
      "effective_action": "cloudwatch:DeleteAlarms",
      "privesc": false,
      "resource_exposure": false
    }
  ],
  "grantless": false,
  "malformed": false,
  "name": "AWSApplicationAutoscalingNeptuneClusterPolicy",
  "privesc": false,
  "resource_exposure": false,
  "undocumented_actions": false,
  "unknown_actions": [],
  "updatedate": "2021-09-02T21:14:55+00:00",
  "version": "v1"
}