{
  "access_levels": [
    "Read",
    "Write"
  ],
  "arn": "arn:aws:iam::aws:policy/aws-service-role/AWSApplicationAutoscalingSageMakerEndpointPolicy",
  "createdate": "2023-11-13T18:52:34Z",
  "credentials_exposure": false,
  "data_access": false,
  "deprecated": false,
  "document": {
    "Statement": [
      {
        "Action": [
          "sagemaker:DescribeEndpoint",
          "sagemaker:DescribeEndpointConfig",
          "sagemaker:DescribeInferenceComponent",
          "sagemaker:UpdateEndpointWeightsAndCapacities",
          "sagemaker:UpdateInferenceComponentRuntimeConfig",
          "cloudwatch:DescribeAlarms",
          "cloudwatch:GetMetricData"
        ],
        "Effect": "Allow",
        "Resource": [
          "*"
        ],
        "Sid": "SageMaker"
      },
      {
        "Action": [
          "cloudwatch:PutMetricAlarm",
          "cloudwatch:DeleteAlarms"
        ],
        "Effect": "Allow",
        "Resource": [
          "arn:aws:cloudwatch:*:*:alarm:TargetTracking*"
        ],
        "Sid": "SageMakerCloudWatchUpdate"
      }
    ],
    "Version": "2012-10-17"
  },
  "effective_actions": [
    {
      "access_level": "Read",
      "action": "sagemaker:DescribeEndpoint",
      "condition": null,
      "credentials_exposure": false,
      "data_access": false,
      "effective_action": "sagemaker:DescribeEndpoint",
      "privesc": false,
      "resource_exposure": false
    },
    {
      "access_level": "Read",
      "action": "sagemaker:DescribeEndpointConfig",
      "condition": null,
      "credentials_exposure": false,
      "data_access": false,
      "effective_action": "sagemaker:DescribeEndpointConfig",
      "privesc": false,
      "resource_exposure": false
    },
    {
      "access_level": "Read",
      "action": "sagemaker:DescribeInferenceComponent",
      "condition": null,
      "credentials_exposure": false,
      "data_access": false,
      "effective_action": "sagemaker:DescribeInferenceComponent",
      "privesc": false,
      "resource_exposure": false
    },
    {
      "access_level": "Write",
      "action": "sagemaker:UpdateEndpointWeightsAndCapacities",
      "condition": null,
      "credentials_exposure": false,
      "data_access": false,
      "effective_action": "sagemaker:UpdateEndpointWeightsAndCapacities",
      "privesc": false,
      "resource_exposure": false
    },
    {
      "access_level": "Write",
      "action": "sagemaker:UpdateInferenceComponentRuntimeConfig",
      "condition": null,
      "credentials_exposure": false,
      "data_access": false,
      "effective_action": "sagemaker:UpdateInferenceComponentRuntimeConfig",
      "privesc": false,
      "resource_exposure": false
    },
    {
      "access_level": "Read",
      "action": "cloudwatch:DescribeAlarms",
      "condition": null,
      "credentials_exposure": false,
      "data_access": false,
      "effective_action": "cloudwatch:DescribeAlarms",
      "privesc": false,
      "resource_exposure": false
    },
    {
      "access_level": "Read",
      "action": "cloudwatch:GetMetricData",
      "condition": null,
      "credentials_exposure": false,
      "data_access": false,
      "effective_action": "cloudwatch:GetMetricData",
      "privesc": false,
      "resource_exposure": false
    },
    {
      "access_level": "Write",
      "action": "cloudwatch:PutMetricAlarm",
      "condition": null,
      "credentials_exposure": false,
      "data_access": false,
      "effective_action": "cloudwatch:PutMetricAlarm",
      "privesc": false,
      "resource_exposure": false
    },
    {
      "access_level": "Write",
      "action": "cloudwatch:DeleteAlarms",
      "condition": null,
      "credentials_exposure": false,
      "data_access": false,
      "effective_action": "cloudwatch:DeleteAlarms",
      "privesc": false,
      "resource_exposure": false
    }
  ],
  "grantless": false,
  "malformed": false,
  "name": "AWSApplicationAutoscalingSageMakerEndpointPolicy",
  "privesc": false,
  "resource_exposure": false,
  "undocumented_actions": false,
  "unknown_actions": [],
  "updatedate": "2023-11-13T18:52:34+00:00",
  "version": "v2"
}