{
  "access_levels": [
    "List",
    "Read",
    "Tagging",
    "Write",
    "Permissions management"
  ],
  "arn": "arn:aws:iam::aws:policy/AWSAuditManagerAdministratorAccess",
  "createdate": "2024-05-15T23:46:15Z",
  "credentials_exposure": false,
  "data_access": true,
  "deprecated": false,
  "document": {
    "Statement": [
      {
        "Action": [
          "auditmanager:*"
        ],
        "Effect": "Allow",
        "Resource": "*",
        "Sid": "AuditManagerAccess"
      },
      {
        "Action": [
          "organizations:ListAccountsForParent",
          "organizations:ListAccounts",
          "organizations:DescribeOrganization",
          "organizations:DescribeOrganizationalUnit",
          "organizations:DescribeAccount",
          "organizations:ListParents",
          "organizations:ListChildren"
        ],
        "Effect": "Allow",
        "Resource": "*",
        "Sid": "OrganizationsAccess"
      },
      {
        "Action": [
          "organizations:RegisterDelegatedAdministrator",
          "organizations:DeregisterDelegatedAdministrator",
          "organizations:EnableAWSServiceAccess"
        ],
        "Condition": {
          "StringLikeIfExists": {
            "organizations:ServicePrincipal": [
              "auditmanager.amazonaws.com"
            ]
          }
        },
        "Effect": "Allow",
        "Resource": "*",
        "Sid": "AllowOnlyAuditManagerIntegration"
      },
      {
        "Action": [
          "iam:GetUser",
          "iam:ListUsers",
          "iam:ListRoles"
        ],
        "Effect": "Allow",
        "Resource": "*",
        "Sid": "IAMAccess"
      },
      {
        "Action": [
          "iam:CreateServiceLinkedRole"
        ],
        "Condition": {
          "StringLike": {
            "iam:AWSServiceName": "auditmanager.amazonaws.com"
          }
        },
        "Effect": "Allow",
        "Resource": "arn:aws:iam::*:role/aws-service-role/auditmanager.amazonaws.com/AWSServiceRoleForAuditManager*",
        "Sid": "IAMAccessCreateSLR"
      },
      {
        "Action": [
          "iam:DeleteServiceLinkedRole",
          "iam:UpdateRoleDescription",
          "iam:GetServiceLinkedRoleDeletionStatus"
        ],
        "Effect": "Allow",
        "Resource": "arn:aws:iam::*:role/aws-service-role/auditmanager.amazonaws.com/AWSServiceRoleForAuditManager*",
        "Sid": "IAMAccessManageSLR"
      },
      {
        "Action": [
          "s3:ListAllMyBuckets"
        ],
        "Effect": "Allow",
        "Resource": "*",
        "Sid": "S3Access"
      },
      {
        "Action": [
          "kms:DescribeKey",
          "kms:ListKeys",
          "kms:ListAliases"
        ],
        "Effect": "Allow",
        "Resource": "*",
        "Sid": "KmsAccess"
      },
      {
        "Action": [
          "kms:CreateGrant"
        ],
        "Condition": {
          "Bool": {
            "kms:GrantIsForAWSResource": "true"
          },
          "StringLike": {
            "kms:ViaService": "auditmanager.*.amazonaws.com"
          }
        },
        "Effect": "Allow",
        "Resource": "*",
        "Sid": "KmsCreateGrantAccess"
      },
      {
        "Action": [
          "sns:ListTopics"
        ],
        "Effect": "Allow",
        "Resource": "*",
        "Sid": "SNSAccess"
      },
      {
        "Action": [
          "events:PutRule"
        ],
        "Condition": {
          "ForAllValues:StringEquals": {
            "events:source": [
              "aws.securityhub"
            ]
          },
          "StringEquals": {
            "events:detail-type": "Security Hub Findings - Imported"
          }
        },
        "Effect": "Allow",
        "Resource": "*",
        "Sid": "CreateEventsAccess"
      },
      {
        "Action": [
          "events:DeleteRule",
          "events:DescribeRule",
          "events:EnableRule",
          "events:DisableRule",
          "events:ListTargetsByRule",
          "events:PutTargets",
          "events:RemoveTargets"
        ],
        "Effect": "Allow",
        "Resource": "arn:aws:events:*:*:rule/AuditManagerSecurityHubFindingsReceiver",
        "Sid": "EventsAccess"
      },
      {
        "Action": [
          "tag:GetResources"
        ],
        "Effect": "Allow",
        "Resource": "*",
        "Sid": "TagAccess"
      },
      {
        "Action": [
          "controlcatalog:ListCommonControls",
          "controlcatalog:ListDomains",
          "controlcatalog:ListObjectives"
        ],
        "Effect": "Allow",
        "Resource": "*",
        "Sid": "ControlCatalogAccess"
      }
    ],
    "Version": "2012-10-17"
  },
  "effective_actions": [
    {
      "access_level": "Write",
      "action": "auditmanager:*",
      "condition": null,
      "credentials_exposure": false,
      "data_access": false,
      "effective_action": "auditmanager:AssociateAssessmentReportEvidenceFolder",
      "privesc": false,
      "resource_exposure": false
    },
    {
      "access_level": "Write",
      "action": "auditmanager:*",
      "condition": null,
      "credentials_exposure": false,
      "data_access": false,
      "effective_action": "auditmanager:BatchAssociateAssessmentReportEvidence",
      "privesc": false,
      "resource_exposure": false
    },
    {
      "access_level": "Write",
      "action": "auditmanager:*",
      "condition": null,
      "credentials_exposure": false,
      "data_access": false,
      "effective_action": "auditmanager:BatchCreateDelegationByAssessment",
      "privesc": false,
      "resource_exposure": false
    },
    {
      "access_level": "Write",
      "action": "auditmanager:*",
      "condition": null,
      "credentials_exposure": false,
      "data_access": false,
      "effective_action": "auditmanager:BatchDeleteDelegationByAssessment",
      "privesc": false,
      "resource_exposure": false
    },
    {
      "access_level": "Write",
      "action": "auditmanager:*",
      "condition": null,
      "credentials_exposure": false,
      "data_access": false,
      "effective_action": "auditmanager:BatchDisassociateAssessmentReportEvidence",
      "privesc": false,
      "resource_exposure": false
    },
    {
      "access_level": "Write",
      "action": "auditmanager:*",
      "condition": null,
      "credentials_exposure": false,
      "data_access": false,
      "effective_action": "auditmanager:BatchImportEvidenceToAssessmentControl",
      "privesc": false,
      "resource_exposure": false
    },
    {
      "access_level": "Write",
      "action": "auditmanager:*",
      "condition": null,
      "credentials_exposure": false,
      "data_access": false,
      "effective_action": "auditmanager:CreateAssessment",
      "privesc": false,
      "resource_exposure": false
    },
    {
      "access_level": "Write",
      "action": "auditmanager:*",
      "condition": null,
      "credentials_exposure": false,
      "data_access": false,
      "effective_action": "auditmanager:CreateAssessmentFramework",
      "privesc": false,
      "resource_exposure": false
    },
    {
      "access_level": "Write",
      "action": "auditmanager:*",
      "condition": null,
      "credentials_exposure": false,
      "data_access": false,
      "effective_action": "auditmanager:CreateAssessmentReport",
      "privesc": false,
      "resource_exposure": false
    },
    {
      "access_level": "Write",
      "action": "auditmanager:*",
      "condition": null,
      "credentials_exposure": false,
      "data_access": false,
      "effective_action": "auditmanager:CreateControl",
      "privesc": false,
      "resource_exposure": false
    },
    {
      "access_level": "Write",
      "action": "auditmanager:*",
      "condition": null,
      "credentials_exposure": false,
      "data_access": false,
      "effective_action": "auditmanager:DeleteAssessment",
      "privesc": false,
      "resource_exposure": false
    },
    {
      "access_level": "Write",
      "action": "auditmanager:*",
      "condition": null,
      "credentials_exposure": false,
      "data_access": false,
      "effective_action": "auditmanager:DeleteAssessmentFramework",
      "privesc": false,
      "resource_exposure": false
    },
    {
      "access_level": "Write",
      "action": "auditmanager:*",
      "condition": null,
      "credentials_exposure": false,
      "data_access": false,
      "effective_action": "auditmanager:DeleteAssessmentFrameworkShare",
      "privesc": false,
      "resource_exposure": false
    },
    {
      "access_level": "Write",
      "action": "auditmanager:*",
      "condition": null,
      "credentials_exposure": false,
      "data_access": false,
      "effective_action": "auditmanager:DeleteAssessmentReport",
      "privesc": false,
      "resource_exposure": false
    },
    {
      "access_level": "Write",
      "action": "auditmanager:*",
      "condition": null,
      "credentials_exposure": false,
      "data_access": false,
      "effective_action": "auditmanager:DeleteControl",
      "privesc": false,
      "resource_exposure": false
    },
    {
      "access_level": "Write",
      "action": "auditmanager:*",
      "condition": null,
      "credentials_exposure": false,
      "data_access": false,
      "effective_action": "auditmanager:DeregisterAccount",
      "privesc": false,
      "resource_exposure": false
    },
    {
      "access_level": "Write",
      "action": "auditmanager:*",
      "condition": null,
      "credentials_exposure": false,
      "data_access": false,
      "effective_action": "auditmanager:DeregisterOrganizationAdminAccount",
      "privesc": false,
      "resource_exposure": false
    },
    {
      "access_level": "Write",
      "action": "auditmanager:*",
      "condition": null,
      "credentials_exposure": false,
      "data_access": false,
      "effective_action": "auditmanager:DisassociateAssessmentReportEvidenceFolder",
      "privesc": false,
      "resource_exposure": false
    },
    {
      "access_level": "Read",
      "action": "auditmanager:*",
      "condition": null,
      "credentials_exposure": false,
      "data_access": false,
      "effective_action": "auditmanager:GetAccountStatus",
      "privesc": false,
      "resource_exposure": false
    },
    {
      "access_level": "Read",
      "action": "auditmanager:*",
      "condition": null,
      "credentials_exposure": false,
      "data_access": false,
      "effective_action": "auditmanager:GetAssessment",
      "privesc": false,
      "resource_exposure": false
    },
    {
      "access_level": "Read",
      "action": "auditmanager:*",
      "condition": null,
      "credentials_exposure": false,
      "data_access": false,
      "effective_action": "auditmanager:GetAssessmentFramework",
      "privesc": false,
      "resource_exposure": false
    },
    {
      "access_level": "Read",
      "action": "auditmanager:*",
      "condition": null,
      "credentials_exposure": false,
      "data_access": false,
      "effective_action": "auditmanager:GetAssessmentReportUrl",
      "privesc": false,
      "resource_exposure": false
    },
    {
      "access_level": "Read",
      "action": "auditmanager:*",
      "condition": null,
      "credentials_exposure": false,
      "data_access": false,
      "effective_action": "auditmanager:GetChangeLogs",
      "privesc": false,
      "resource_exposure": false
    },
    {
      "access_level": "Read",
      "action": "auditmanager:*",
      "condition": null,
      "credentials_exposure": false,
      "data_access": false,
      "effective_action": "auditmanager:GetControl",
      "privesc": false,
      "resource_exposure": false
    },
    {
      "access_level": "List",
      "action": "auditmanager:*",
      "condition": null,
      "credentials_exposure": false,
      "data_access": false,
      "effective_action": "auditmanager:GetDelegations",
      "privesc": false,
      "resource_exposure": false
    },
    {
      "access_level": "Read",
      "action": "auditmanager:*",
      "condition": null,
      "credentials_exposure": false,
      "data_access": false,
      "effective_action": "auditmanager:GetEvidence",
      "privesc": false,
      "resource_exposure": false
    },
    {
      "access_level": "Read",
      "action": "auditmanager:*",
      "condition": null,
      "credentials_exposure": false,
      "data_access": false,
      "effective_action": "auditmanager:GetEvidenceByEvidenceFolder",
      "privesc": false,
      "resource_exposure": false
    },
    {
      "access_level": "Read",
      "action": "auditmanager:*",
      "condition": null,
      "credentials_exposure": false,
      "data_access": false,
      "effective_action": "auditmanager:GetEvidenceFileUploadUrl",
      "privesc": false,
      "resource_exposure": false
    },
    {
      "access_level": "Read",
      "action": "auditmanager:*",
      "condition": null,
      "credentials_exposure": false,
      "data_access": false,
      "effective_action": "auditmanager:GetEvidenceFolder",
      "privesc": false,
      "resource_exposure": false
    },
    {
      "access_level": "Read",
      "action": "auditmanager:*",
      "condition": null,
      "credentials_exposure": false,
      "data_access": false,
      "effective_action": "auditmanager:GetEvidenceFoldersByAssessment",
      "privesc": false,
      "resource_exposure": false
    },
    {
      "access_level": "Read",
      "action": "auditmanager:*",
      "condition": null,
      "credentials_exposure": false,
      "data_access": false,
      "effective_action": "auditmanager:GetEvidenceFoldersByAssessmentControl",
      "privesc": false,
      "resource_exposure": false
    },
    {
      "access_level": "Read",
      "action": "auditmanager:*",
      "condition": null,
      "credentials_exposure": false,
      "data_access": false,
      "effective_action": "auditmanager:GetInsights",
      "privesc": false,
      "resource_exposure": false
    },
    {
      "access_level": "Read",
      "action": "auditmanager:*",
      "condition": null,
      "credentials_exposure": false,
      "data_access": false,
      "effective_action": "auditmanager:GetInsightsByAssessment",
      "privesc": false,
      "resource_exposure": false
    },
    {
      "access_level": "Read",
      "action": "auditmanager:*",
      "condition": null,
      "credentials_exposure": false,
      "data_access": false,
      "effective_action": "auditmanager:GetOrganizationAdminAccount",
      "privesc": false,
      "resource_exposure": false
    },
    {
      "access_level": "Read",
      "action": "auditmanager:*",
      "condition": null,
      "credentials_exposure": false,
      "data_access": false,
      "effective_action": "auditmanager:GetServicesInScope",
      "privesc": false,
      "resource_exposure": false
    },
    {
      "access_level": "Read",
      "action": "auditmanager:*",
      "condition": null,
      "credentials_exposure": false,
      "data_access": false,
      "effective_action": "auditmanager:GetSettings",
      "privesc": false,
      "resource_exposure": false
    },
    {
      "access_level": "List",
      "action": "auditmanager:*",
      "condition": null,
      "credentials_exposure": false,
      "data_access": false,
      "effective_action": "auditmanager:ListAssessmentControlInsightsByControlDomain",
      "privesc": false,
      "resource_exposure": false
    },
    {
      "access_level": "List",
      "action": "auditmanager:*",
      "condition": null,
      "credentials_exposure": false,
      "data_access": false,
      "effective_action": "auditmanager:ListAssessmentFrameworkShareRequests",
      "privesc": false,
      "resource_exposure": false
    },
    {
      "access_level": "List",
      "action": "auditmanager:*",
      "condition": null,
      "credentials_exposure": false,
      "data_access": false,
      "effective_action": "auditmanager:ListAssessmentFrameworks",
      "privesc": false,
      "resource_exposure": false
    },
    {
      "access_level": "List",
      "action": "auditmanager:*",
      "condition": null,
      "credentials_exposure": false,
      "data_access": false,
      "effective_action": "auditmanager:ListAssessmentReports",
      "privesc": false,
      "resource_exposure": false
    },
    {
      "access_level": "List",
      "action": "auditmanager:*",
      "condition": null,
      "credentials_exposure": false,
      "data_access": false,
      "effective_action": "auditmanager:ListAssessments",
      "privesc": false,
      "resource_exposure": false
    },
    {
      "access_level": "List",
      "action": "auditmanager:*",
      "condition": null,
      "credentials_exposure": false,
      "data_access": false,
      "effective_action": "auditmanager:ListControlDomainInsights",
      "privesc": false,
      "resource_exposure": false
    },
    {
      "access_level": "List",
      "action": "auditmanager:*",
      "condition": null,
      "credentials_exposure": false,
      "data_access": false,
      "effective_action": "auditmanager:ListControlDomainInsightsByAssessment",
      "privesc": false,
      "resource_exposure": false
    },
    {
      "access_level": "List",
      "action": "auditmanager:*",
      "condition": null,
      "credentials_exposure": false,
      "data_access": false,
      "effective_action": "auditmanager:ListControlInsightsByControlDomain",
      "privesc": false,
      "resource_exposure": false
    },
    {
      "access_level": "List",
      "action": "auditmanager:*",
      "condition": null,
      "credentials_exposure": false,
      "data_access": false,
      "effective_action": "auditmanager:ListControls",
      "privesc": false,
      "resource_exposure": false
    },
    {
      "access_level": "List",
      "action": "auditmanager:*",
      "condition": null,
      "credentials_exposure": false,
      "data_access": false,
      "effective_action": "auditmanager:ListKeywordsForDataSource",
      "privesc": false,
      "resource_exposure": false
    },
    {
      "access_level": "List",
      "action": "auditmanager:*",
      "condition": null,
      "credentials_exposure": false,
      "data_access": false,
      "effective_action": "auditmanager:ListNotifications",
      "privesc": false,
      "resource_exposure": false
    },
    {
      "access_level": "Read",
      "action": "auditmanager:*",
      "condition": null,
      "credentials_exposure": false,
      "data_access": false,
      "effective_action": "auditmanager:ListTagsForResource",
      "privesc": false,
      "resource_exposure": false
    },
    {
      "access_level": "Write",
      "action": "auditmanager:*",
      "condition": null,
      "credentials_exposure": false,
      "data_access": false,
      "effective_action": "auditmanager:RegisterAccount",
      "privesc": false,
      "resource_exposure": false
    },
    {
      "access_level": "Write",
      "action": "auditmanager:*",
      "condition": null,
      "credentials_exposure": false,
      "data_access": false,
      "effective_action": "auditmanager:RegisterOrganizationAdminAccount",
      "privesc": false,
      "resource_exposure": false
    },
    {
      "access_level": "Write",
      "action": "auditmanager:*",
      "condition": null,
      "credentials_exposure": false,
      "data_access": false,
      "effective_action": "auditmanager:StartAssessmentFrameworkShare",
      "privesc": false,
      "resource_exposure": false
    },
    {
      "access_level": "Tagging",
      "action": "auditmanager:*",
      "condition": null,
      "credentials_exposure": false,
      "data_access": false,
      "effective_action": "auditmanager:TagResource",
      "privesc": false,
      "resource_exposure": false
    },
    {
      "access_level": "Tagging",
      "action": "auditmanager:*",
      "condition": null,
      "credentials_exposure": false,
      "data_access": false,
      "effective_action": "auditmanager:UntagResource",
      "privesc": false,
      "resource_exposure": false
    },
    {
      "access_level": "Write",
      "action": "auditmanager:*",
      "condition": null,
      "credentials_exposure": false,
      "data_access": false,
      "effective_action": "auditmanager:UpdateAssessment",
      "privesc": false,
      "resource_exposure": false
    },
    {
      "access_level": "Write",
      "action": "auditmanager:*",
      "condition": null,
      "credentials_exposure": false,
      "data_access": false,
      "effective_action": "auditmanager:UpdateAssessmentControl",
      "privesc": false,
      "resource_exposure": false
    },
    {
      "access_level": "Write",
      "action": "auditmanager:*",
      "condition": null,
      "credentials_exposure": false,
      "data_access": false,
      "effective_action": "auditmanager:UpdateAssessmentControlSetStatus",
      "privesc": false,
      "resource_exposure": false
    },
    {
      "access_level": "Write",
      "action": "auditmanager:*",
      "condition": null,
      "credentials_exposure": false,
      "data_access": false,
      "effective_action": "auditmanager:UpdateAssessmentFramework",
      "privesc": false,
      "resource_exposure": false
    },
    {
      "access_level": "Write",
      "action": "auditmanager:*",
      "condition": null,
      "credentials_exposure": false,
      "data_access": false,
      "effective_action": "auditmanager:UpdateAssessmentFrameworkShare",
      "privesc": false,
      "resource_exposure": false
    },
    {
      "access_level": "Write",
      "action": "auditmanager:*",
      "condition": null,
      "credentials_exposure": false,
      "data_access": false,
      "effective_action": "auditmanager:UpdateAssessmentStatus",
      "privesc": false,
      "resource_exposure": false
    },
    {
      "access_level": "Write",
      "action": "auditmanager:*",
      "condition": null,
      "credentials_exposure": false,
      "data_access": false,
      "effective_action": "auditmanager:UpdateControl",
      "privesc": false,
      "resource_exposure": false
    },
    {
      "access_level": "Write",
      "action": "auditmanager:*",
      "condition": null,
      "credentials_exposure": false,
      "data_access": false,
      "effective_action": "auditmanager:UpdateSettings",
      "privesc": false,
      "resource_exposure": false
    },
    {
      "access_level": "Read",
      "action": "auditmanager:*",
      "condition": null,
      "credentials_exposure": false,
      "data_access": false,
      "effective_action": "auditmanager:ValidateAssessmentReportIntegrity",
      "privesc": false,
      "resource_exposure": false
    },
    {
      "access_level": "List",
      "action": "organizations:ListAccountsForParent",
      "condition": null,
      "credentials_exposure": false,
      "data_access": false,
      "effective_action": "organizations:ListAccountsForParent",
      "privesc": false,
      "resource_exposure": false
    },
    {
      "access_level": "List",
      "action": "organizations:ListAccounts",
      "condition": null,
      "credentials_exposure": false,
      "data_access": false,
      "effective_action": "organizations:ListAccounts",
      "privesc": false,
      "resource_exposure": false
    },
    {
      "access_level": "Read",
      "action": "organizations:DescribeOrganization",
      "condition": null,
      "credentials_exposure": false,
      "data_access": false,
      "effective_action": "organizations:DescribeOrganization",
      "privesc": false,
      "resource_exposure": false
    },
    {
      "access_level": "Read",
      "action": "organizations:DescribeOrganizationalUnit",
      "condition": null,
      "credentials_exposure": false,
      "data_access": false,
      "effective_action": "organizations:DescribeOrganizationalUnit",
      "privesc": false,
      "resource_exposure": false
    },
    {
      "access_level": "Read",
      "action": "organizations:DescribeAccount",
      "condition": null,
      "credentials_exposure": false,
      "data_access": false,
      "effective_action": "organizations:DescribeAccount",
      "privesc": false,
      "resource_exposure": false
    },
    {
      "access_level": "List",
      "action": "organizations:ListParents",
      "condition": null,
      "credentials_exposure": false,
      "data_access": false,
      "effective_action": "organizations:ListParents",
      "privesc": false,
      "resource_exposure": false
    },
    {
      "access_level": "List",
      "action": "organizations:ListChildren",
      "condition": null,
      "credentials_exposure": false,
      "data_access": false,
      "effective_action": "organizations:ListChildren",
      "privesc": false,
      "resource_exposure": false
    },
    {
      "access_level": "Write",
      "action": "organizations:RegisterDelegatedAdministrator",
      "condition": {
        "StringLikeIfExists": {
          "organizations:ServicePrincipal": [
            "auditmanager.amazonaws.com"
          ]
        }
      },
      "credentials_exposure": false,
      "data_access": false,
      "effective_action": "organizations:RegisterDelegatedAdministrator",
      "privesc": false,
      "resource_exposure": false
    },
    {
      "access_level": "Write",
      "action": "organizations:DeregisterDelegatedAdministrator",
      "condition": {
        "StringLikeIfExists": {
          "organizations:ServicePrincipal": [
            "auditmanager.amazonaws.com"
          ]
        }
      },
      "credentials_exposure": false,
      "data_access": false,
      "effective_action": "organizations:DeregisterDelegatedAdministrator",
      "privesc": false,
      "resource_exposure": false
    },
    {
      "access_level": "Write",
      "action": "organizations:EnableAWSServiceAccess",
      "condition": {
        "StringLikeIfExists": {
          "organizations:ServicePrincipal": [
            "auditmanager.amazonaws.com"
          ]
        }
      },
      "credentials_exposure": false,
      "data_access": false,
      "effective_action": "organizations:EnableAWSServiceAccess",
      "privesc": false,
      "resource_exposure": false
    },
    {
      "access_level": "Read",
      "action": "iam:GetUser",
      "condition": null,
      "credentials_exposure": false,
      "data_access": false,
      "effective_action": "iam:GetUser",
      "privesc": false,
      "resource_exposure": false
    },
    {
      "access_level": "List",
      "action": "iam:ListUsers",
      "condition": null,
      "credentials_exposure": false,
      "data_access": false,
      "effective_action": "iam:ListUsers",
      "privesc": false,
      "resource_exposure": false
    },
    {
      "access_level": "List",
      "action": "iam:ListRoles",
      "condition": null,
      "credentials_exposure": false,
      "data_access": false,
      "effective_action": "iam:ListRoles",
      "privesc": false,
      "resource_exposure": false
    },
    {
      "access_level": "Permissions management",
      "action": "iam:CreateServiceLinkedRole",
      "condition": {
        "StringLike": {
          "iam:AWSServiceName": "auditmanager.amazonaws.com"
        }
      },
      "credentials_exposure": false,
      "data_access": false,
      "effective_action": "iam:CreateServiceLinkedRole",
      "privesc": true,
      "resource_exposure": true
    },
    {
      "access_level": "Permissions management",
      "action": "iam:DeleteServiceLinkedRole",
      "condition": null,
      "credentials_exposure": false,
      "data_access": false,
      "effective_action": "iam:DeleteServiceLinkedRole",
      "privesc": false,
      "resource_exposure": true
    },
    {
      "access_level": "Permissions management",
      "action": "iam:UpdateRoleDescription",
      "condition": null,
      "credentials_exposure": false,
      "data_access": false,
      "effective_action": "iam:UpdateRoleDescription",
      "privesc": false,
      "resource_exposure": true
    },
    {
      "access_level": "Read",
      "action": "iam:GetServiceLinkedRoleDeletionStatus",
      "condition": null,
      "credentials_exposure": false,
      "data_access": false,
      "effective_action": "iam:GetServiceLinkedRoleDeletionStatus",
      "privesc": false,
      "resource_exposure": false
    },
    {
      "access_level": "List",
      "action": "s3:ListAllMyBuckets",
      "condition": null,
      "credentials_exposure": false,
      "data_access": false,
      "effective_action": "s3:ListAllMyBuckets",
      "privesc": false,
      "resource_exposure": false
    },
    {
      "access_level": "Read",
      "action": "kms:DescribeKey",
      "condition": null,
      "credentials_exposure": false,
      "data_access": false,
      "effective_action": "kms:DescribeKey",
      "privesc": false,
      "resource_exposure": false
    },
    {
      "access_level": "List",
      "action": "kms:ListKeys",
      "condition": null,
      "credentials_exposure": false,
      "data_access": false,
      "effective_action": "kms:ListKeys",
      "privesc": false,
      "resource_exposure": false
    },
    {
      "access_level": "List",
      "action": "kms:ListAliases",
      "condition": null,
      "credentials_exposure": false,
      "data_access": false,
      "effective_action": "kms:ListAliases",
      "privesc": false,
      "resource_exposure": false
    },
    {
      "access_level": "Permissions management",
      "action": "kms:CreateGrant",
      "condition": {
        "Bool": {
          "kms:GrantIsForAWSResource": "true"
        },
        "StringLike": {
          "kms:ViaService": "auditmanager.*.amazonaws.com"
        }
      },
      "credentials_exposure": false,
      "data_access": true,
      "effective_action": "kms:CreateGrant",
      "privesc": true,
      "resource_exposure": true
    },
    {
      "access_level": "List",
      "action": "sns:ListTopics",
      "condition": null,
      "credentials_exposure": false,
      "data_access": false,
      "effective_action": "sns:ListTopics",
      "privesc": false,
      "resource_exposure": false
    },
    {
      "access_level": "Write",
      "action": "events:PutRule",
      "condition": {
        "ForAllValues:StringEquals": {
          "events:source": [
            "aws.securityhub"
          ]
        },
        "StringEquals": {
          "events:detail-type": "Security Hub Findings - Imported"
        }
      },
      "credentials_exposure": false,
      "data_access": false,
      "effective_action": "events:PutRule",
      "privesc": false,
      "resource_exposure": false
    },
    {
      "access_level": "Write",
      "action": "events:DeleteRule",
      "condition": null,
      "credentials_exposure": false,
      "data_access": false,
      "effective_action": "events:DeleteRule",
      "privesc": false,
      "resource_exposure": false
    },
    {
      "access_level": "Read",
      "action": "events:DescribeRule",
      "condition": null,
      "credentials_exposure": false,
      "data_access": false,
      "effective_action": "events:DescribeRule",
      "privesc": false,
      "resource_exposure": false
    },
    {
      "access_level": "Write",
      "action": "events:EnableRule",
      "condition": null,
      "credentials_exposure": false,
      "data_access": false,
      "effective_action": "events:EnableRule",
      "privesc": false,
      "resource_exposure": false
    },
    {
      "access_level": "Write",
      "action": "events:DisableRule",
      "condition": null,
      "credentials_exposure": false,
      "data_access": false,
      "effective_action": "events:DisableRule",
      "privesc": false,
      "resource_exposure": false
    },
    {
      "access_level": "List",
      "action": "events:ListTargetsByRule",
      "condition": null,
      "credentials_exposure": false,
      "data_access": false,
      "effective_action": "events:ListTargetsByRule",
      "privesc": false,
      "resource_exposure": false
    },
    {
      "access_level": "Write",
      "action": "events:PutTargets",
      "condition": null,
      "credentials_exposure": false,
      "data_access": false,
      "effective_action": "events:PutTargets",
      "privesc": false,
      "resource_exposure": false
    },
    {
      "access_level": "Write",
      "action": "events:RemoveTargets",
      "condition": null,
      "credentials_exposure": false,
      "data_access": false,
      "effective_action": "events:RemoveTargets",
      "privesc": false,
      "resource_exposure": false
    },
    {
      "access_level": "Read",
      "action": "tag:GetResources",
      "condition": null,
      "credentials_exposure": false,
      "data_access": false,
      "effective_action": "tag:GetResources",
      "privesc": false,
      "resource_exposure": false
    },
    {
      "access_level": "List",
      "action": "controlcatalog:ListCommonControls",
      "condition": null,
      "credentials_exposure": false,
      "data_access": false,
      "effective_action": "controlcatalog:ListCommonControls",
      "privesc": false,
      "resource_exposure": false
    },
    {
      "access_level": "List",
      "action": "controlcatalog:ListDomains",
      "condition": null,
      "credentials_exposure": false,
      "data_access": false,
      "effective_action": "controlcatalog:ListDomains",
      "privesc": false,
      "resource_exposure": false
    },
    {
      "access_level": "List",
      "action": "controlcatalog:ListObjectives",
      "condition": null,
      "credentials_exposure": false,
      "data_access": false,
      "effective_action": "controlcatalog:ListObjectives",
      "privesc": false,
      "resource_exposure": false
    }
  ],
  "grantless": false,
  "malformed": false,
  "name": "AWSAuditManagerAdministratorAccess",
  "privesc": true,
  "resource_exposure": true,
  "undocumented_actions": false,
  "unknown_actions": [],
  "updatedate": "2024-05-15T23:46:15+00:00",
  "version": "v3"
}