{
  "access_levels": [
    "List",
    "Read"
  ],
  "arn": "arn:aws:iam::aws:policy/service-role/AWSAppRunnerServicePolicyForECRAccess",
  "createdate": "2021-05-14T19:17:21Z",
  "credentials_exposure": true,
  "data_access": true,
  "deprecated": false,
  "document": {
    "Statement": [
      {
        "Action": [
          "ecr:GetDownloadUrlForLayer",
          "ecr:BatchGetImage",
          "ecr:DescribeImages",
          "ecr:GetAuthorizationToken",
          "ecr:BatchCheckLayerAvailability"
        ],
        "Effect": "Allow",
        "Resource": "*"
      }
    ],
    "Version": "2012-10-17"
  },
  "effective_actions": [
    {
      "access_level": "Read",
      "action": "ecr:GetDownloadUrlForLayer",
      "condition": null,
      "credentials_exposure": false,
      "data_access": true,
      "effective_action": "ecr:GetDownloadUrlForLayer",
      "privesc": false,
      "resource_exposure": false
    },
    {
      "access_level": "Read",
      "action": "ecr:BatchGetImage",
      "condition": null,
      "credentials_exposure": false,
      "data_access": false,
      "effective_action": "ecr:BatchGetImage",
      "privesc": false,
      "resource_exposure": false
    },
    {
      "access_level": "List",
      "action": "ecr:DescribeImages",
      "condition": null,
      "credentials_exposure": false,
      "data_access": false,
      "effective_action": "ecr:DescribeImages",
      "privesc": false,
      "resource_exposure": false
    },
    {
      "access_level": "Read",
      "action": "ecr:GetAuthorizationToken",
      "condition": null,
      "credentials_exposure": true,
      "data_access": false,
      "effective_action": "ecr:GetAuthorizationToken",
      "privesc": false,
      "resource_exposure": false
    },
    {
      "access_level": "Read",
      "action": "ecr:BatchCheckLayerAvailability",
      "condition": null,
      "credentials_exposure": false,
      "data_access": false,
      "effective_action": "ecr:BatchCheckLayerAvailability",
      "privesc": false,
      "resource_exposure": false
    }
  ],
  "grantless": false,
  "malformed": false,
  "name": "AWSAppRunnerServicePolicyForECRAccess",
  "privesc": false,
  "resource_exposure": false,
  "undocumented_actions": false,
  "unknown_actions": [],
  "updatedate": "2021-05-14T19:17:21+00:00",
  "version": "v1"
}