{
  "access_levels": [
    "List",
    "Read"
  ],
  "arn": "arn:aws:iam::aws:policy/AWSAccountManagementReadOnlyAccess",
  "createdate": "2021-09-30T23:29:53Z",
  "credentials_exposure": false,
  "data_access": false,
  "deprecated": false,
  "document": {
    "Statement": [
      {
        "Action": [
          "account:Get*",
          "account:List*"
        ],
        "Effect": "Allow",
        "Resource": "*"
      }
    ],
    "Version": "2012-10-17"
  },
  "effective_actions": [
    {
      "access_level": "Read",
      "action": "account:Get*",
      "condition": null,
      "credentials_exposure": false,
      "data_access": false,
      "effective_action": "account:GetAccountInformation",
      "privesc": false,
      "resource_exposure": false
    },
    {
      "access_level": "Read",
      "action": "account:Get*",
      "condition": null,
      "credentials_exposure": false,
      "data_access": false,
      "effective_action": "account:GetAlternateContact",
      "privesc": false,
      "resource_exposure": false
    },
    {
      "access_level": "Read",
      "action": "account:Get*",
      "condition": null,
      "credentials_exposure": false,
      "data_access": false,
      "effective_action": "account:GetContactInformation",
      "privesc": false,
      "resource_exposure": false
    },
    {
      "access_level": "Read",
      "action": "account:Get*",
      "condition": null,
      "credentials_exposure": false,
      "data_access": false,
      "effective_action": "account:GetPrimaryEmail",
      "privesc": false,
      "resource_exposure": false
    },
    {
      "access_level": "Read",
      "action": "account:Get*",
      "condition": null,
      "credentials_exposure": false,
      "data_access": false,
      "effective_action": "account:GetRegionOptStatus",
      "privesc": false,
      "resource_exposure": false
    },
    {
      "access_level": "List",
      "action": "account:List*",
      "condition": null,
      "credentials_exposure": false,
      "data_access": false,
      "effective_action": "account:ListRegions",
      "privesc": false,
      "resource_exposure": false
    }
  ],
  "grantless": false,
  "malformed": false,
  "name": "AWSAccountManagementReadOnlyAccess",
  "privesc": false,
  "resource_exposure": false,
  "undocumented_actions": false,
  "unknown_actions": [],
  "updatedate": "2021-09-30T23:29:53+00:00",
  "version": "v1"
}