{
  "access_levels": [
    "Read",
    "Write"
  ],
  "arn": "arn:aws:iam::aws:policy/aws-service-role/AWSAppSyncServiceRolePolicy",
  "createdate": "2020-01-21T19:56:53Z",
  "credentials_exposure": false,
  "data_access": false,
  "deprecated": false,
  "document": {
    "Statement": [
      {
        "Action": [
          "xray:PutTraceSegments",
          "xray:PutTelemetryRecords",
          "xray:GetSamplingTargets",
          "xray:GetSamplingRules",
          "xray:GetSamplingStatisticSummaries"
        ],
        "Effect": "Allow",
        "Resource": [
          "*"
        ]
      }
    ],
    "Version": "2012-10-17"
  },
  "effective_actions": [
    {
      "access_level": "Write",
      "action": "xray:PutTraceSegments",
      "condition": null,
      "credentials_exposure": false,
      "data_access": false,
      "effective_action": "xray:PutTraceSegments",
      "privesc": false,
      "resource_exposure": false
    },
    {
      "access_level": "Write",
      "action": "xray:PutTelemetryRecords",
      "condition": null,
      "credentials_exposure": false,
      "data_access": false,
      "effective_action": "xray:PutTelemetryRecords",
      "privesc": false,
      "resource_exposure": false
    },
    {
      "access_level": "Read",
      "action": "xray:GetSamplingTargets",
      "condition": null,
      "credentials_exposure": false,
      "data_access": false,
      "effective_action": "xray:GetSamplingTargets",
      "privesc": false,
      "resource_exposure": false
    },
    {
      "access_level": "Read",
      "action": "xray:GetSamplingRules",
      "condition": null,
      "credentials_exposure": false,
      "data_access": false,
      "effective_action": "xray:GetSamplingRules",
      "privesc": false,
      "resource_exposure": false
    },
    {
      "access_level": "Read",
      "action": "xray:GetSamplingStatisticSummaries",
      "condition": null,
      "credentials_exposure": false,
      "data_access": false,
      "effective_action": "xray:GetSamplingStatisticSummaries",
      "privesc": false,
      "resource_exposure": false
    }
  ],
  "grantless": false,
  "malformed": false,
  "name": "AWSAppSyncServiceRolePolicy",
  "privesc": false,
  "resource_exposure": false,
  "undocumented_actions": false,
  "unknown_actions": [],
  "updatedate": "2020-01-21T19:56:53+00:00",
  "version": "v1"
}