{
  "access_levels": [
    "Read",
    "Write"
  ],
  "arn": "arn:aws:iam::aws:policy/aws-service-role/AWSApplicationAutoscalingCassandraTablePolicy",
  "createdate": "2020-03-18T22:49:23Z",
  "credentials_exposure": false,
  "data_access": true,
  "deprecated": false,
  "document": {
    "Statement": [
      {
        "Action": [
          "cassandra:Select"
        ],
        "Effect": "Allow",
        "Resource": [
          "arn:*:cassandra:*:*:/keyspace/system/table/*",
          "arn:*:cassandra:*:*:/keyspace/system_schema/table/*",
          "arn:*:cassandra:*:*:/keyspace/system_schema_mcs/table/*"
        ]
      },
      {
        "Action": [
          "cassandra:Alter",
          "cloudwatch:PutMetricAlarm",
          "cloudwatch:DescribeAlarms",
          "cloudwatch:DeleteAlarms"
        ],
        "Effect": "Allow",
        "Resource": "*"
      }
    ],
    "Version": "2012-10-17"
  },
  "effective_actions": [
    {
      "access_level": "Read",
      "action": "cassandra:Select",
      "condition": null,
      "credentials_exposure": false,
      "data_access": true,
      "effective_action": "cassandra:Select",
      "privesc": false,
      "resource_exposure": false
    },
    {
      "access_level": "Write",
      "action": "cassandra:Alter",
      "condition": null,
      "credentials_exposure": false,
      "data_access": false,
      "effective_action": "cassandra:Alter",
      "privesc": false,
      "resource_exposure": false
    },
    {
      "access_level": "Write",
      "action": "cloudwatch:PutMetricAlarm",
      "condition": null,
      "credentials_exposure": false,
      "data_access": false,
      "effective_action": "cloudwatch:PutMetricAlarm",
      "privesc": false,
      "resource_exposure": false
    },
    {
      "access_level": "Read",
      "action": "cloudwatch:DescribeAlarms",
      "condition": null,
      "credentials_exposure": false,
      "data_access": false,
      "effective_action": "cloudwatch:DescribeAlarms",
      "privesc": false,
      "resource_exposure": false
    },
    {
      "access_level": "Write",
      "action": "cloudwatch:DeleteAlarms",
      "condition": null,
      "credentials_exposure": false,
      "data_access": false,
      "effective_action": "cloudwatch:DeleteAlarms",
      "privesc": false,
      "resource_exposure": false
    }
  ],
  "grantless": false,
  "malformed": false,
  "name": "AWSApplicationAutoscalingCassandraTablePolicy",
  "privesc": false,
  "resource_exposure": false,
  "undocumented_actions": false,
  "unknown_actions": [],
  "updatedate": "2020-03-18T22:49:23+00:00",
  "version": "v1"
}