{
  "access_levels": [
    "List",
    "Read",
    "Tagging",
    "Write",
    "Permissions management"
  ],
  "arn": "arn:aws:iam::aws:policy/aws-service-role/AWSApplicationAutoscalingRDSClusterPolicy",
  "createdate": "2018-08-07T19:14:24Z",
  "credentials_exposure": false,
  "data_access": false,
  "deprecated": false,
  "document": {
    "Statement": [
      {
        "Action": [
          "rds:AddTagsToResource",
          "rds:CreateDBInstance",
          "rds:DeleteDBInstance",
          "rds:DescribeDBClusters",
          "rds:DescribeDBInstances",
          "rds:ModifyDBCluster",
          "cloudwatch:PutMetricAlarm",
          "cloudwatch:DescribeAlarms",
          "cloudwatch:DeleteAlarms"
        ],
        "Effect": "Allow",
        "Resource": "*"
      },
      {
        "Action": [
          "iam:PassRole"
        ],
        "Condition": {
          "StringLike": {
            "iam:PassedToService": "rds.amazonaws.com"
          }
        },
        "Effect": "Allow",
        "Resource": "*"
      }
    ],
    "Version": "2012-10-17"
  },
  "effective_actions": [
    {
      "access_level": "Tagging",
      "action": "rds:AddTagsToResource",
      "condition": null,
      "credentials_exposure": false,
      "data_access": false,
      "effective_action": "rds:AddTagsToResource",
      "privesc": false,
      "resource_exposure": false
    },
    {
      "access_level": "Write",
      "action": "rds:CreateDBInstance",
      "condition": null,
      "credentials_exposure": false,
      "data_access": false,
      "effective_action": "rds:CreateDBInstance",
      "privesc": false,
      "resource_exposure": false
    },
    {
      "access_level": "Write",
      "action": "rds:DeleteDBInstance",
      "condition": null,
      "credentials_exposure": false,
      "data_access": false,
      "effective_action": "rds:DeleteDBInstance",
      "privesc": false,
      "resource_exposure": false
    },
    {
      "access_level": "List",
      "action": "rds:DescribeDBClusters",
      "condition": null,
      "credentials_exposure": false,
      "data_access": false,
      "effective_action": "rds:DescribeDBClusters",
      "privesc": false,
      "resource_exposure": false
    },
    {
      "access_level": "List",
      "action": "rds:DescribeDBInstances",
      "condition": null,
      "credentials_exposure": false,
      "data_access": false,
      "effective_action": "rds:DescribeDBInstances",
      "privesc": false,
      "resource_exposure": false
    },
    {
      "access_level": "Write",
      "action": "rds:ModifyDBCluster",
      "condition": null,
      "credentials_exposure": false,
      "data_access": false,
      "effective_action": "rds:ModifyDBCluster",
      "privesc": false,
      "resource_exposure": false
    },
    {
      "access_level": "Write",
      "action": "cloudwatch:PutMetricAlarm",
      "condition": null,
      "credentials_exposure": false,
      "data_access": false,
      "effective_action": "cloudwatch:PutMetricAlarm",
      "privesc": false,
      "resource_exposure": false
    },
    {
      "access_level": "Read",
      "action": "cloudwatch:DescribeAlarms",
      "condition": null,
      "credentials_exposure": false,
      "data_access": false,
      "effective_action": "cloudwatch:DescribeAlarms",
      "privesc": false,
      "resource_exposure": false
    },
    {
      "access_level": "Write",
      "action": "cloudwatch:DeleteAlarms",
      "condition": null,
      "credentials_exposure": false,
      "data_access": false,
      "effective_action": "cloudwatch:DeleteAlarms",
      "privesc": false,
      "resource_exposure": false
    },
    {
      "access_level": "Permissions management",
      "action": "iam:PassRole",
      "condition": {
        "StringLike": {
          "iam:PassedToService": "rds.amazonaws.com"
        }
      },
      "credentials_exposure": false,
      "data_access": false,
      "effective_action": "iam:PassRole",
      "privesc": true,
      "resource_exposure": true
    }
  ],
  "grantless": false,
  "malformed": false,
  "name": "AWSApplicationAutoscalingRDSClusterPolicy",
  "privesc": true,
  "resource_exposure": true,
  "undocumented_actions": false,
  "unknown_actions": [],
  "updatedate": "2018-08-07T19:14:24+00:00",
  "version": "v3"
}