{
  "access_levels": [
    "List",
    "Read",
    "Write",
    "Permissions management"
  ],
  "arn": "arn:aws:iam::aws:policy/AWSArtifactAgreementsFullAccess",
  "createdate": "2025-10-16T20:19:07Z",
  "credentials_exposure": false,
  "data_access": false,
  "deprecated": false,
  "document": {
    "Statement": [
      {
        "Action": [
          "artifact:ListAgreements",
          "artifact:ListCustomerAgreements"
        ],
        "Effect": "Allow",
        "Resource": "*",
        "Sid": "ListAgreementActions"
      },
      {
        "Action": [
          "artifact:GetAgreement",
          "artifact:AcceptNdaForAgreement",
          "artifact:GetNdaForAgreement",
          "artifact:AcceptAgreement"
        ],
        "Effect": "Allow",
        "Resource": "arn:aws:artifact:::agreement/*",
        "Sid": "AWSAgreementActions"
      },
      {
        "Action": [
          "artifact:GetCustomerAgreement",
          "artifact:TerminateAgreement"
        ],
        "Effect": "Allow",
        "Resource": "arn:aws:artifact::*:customer-agreement/*",
        "Sid": "CustomerAgreementActions"
      },
      {
        "Action": [
          "iam:CreateServiceLinkedRole"
        ],
        "Condition": {
          "StringEquals": {
            "iam:AWSServiceName": [
              "artifact.amazonaws.com"
            ]
          }
        },
        "Effect": "Allow",
        "Resource": "arn:aws:iam::*:role/aws-service-role/artifact.amazonaws.com/AWSServiceRoleForArtifact",
        "Sid": "CreateServiceLinkedRoleForOrganizationsIntegration"
      },
      {
        "Action": [
          "iam:GetRole"
        ],
        "Effect": "Allow",
        "Resource": "arn:aws:iam::*:role/aws-service-role/artifact.amazonaws.com/AWSServiceRoleForArtifact",
        "Sid": "GetRoleToCheckForRoleExistence"
      },
      {
        "Action": [
          "organizations:ListAWSServiceAccessForOrganization",
          "organizations:DescribeOrganization"
        ],
        "Effect": "Allow",
        "Resource": "*",
        "Sid": "EnableServiceTrust"
      },
      {
        "Action": [
          "organizations:EnableAWSServiceAccess"
        ],
        "Condition": {
          "StringEquals": {
            "organizations:ServicePrincipal": [
              "aws-artifact-account-sync.amazonaws.com"
            ]
          }
        },
        "Effect": "Allow",
        "Resource": "*",
        "Sid": "EnableServiceTrustForArtifact"
      }
    ],
    "Version": "2012-10-17"
  },
  "effective_actions": [
    {
      "access_level": "List",
      "action": "artifact:ListAgreements",
      "condition": null,
      "credentials_exposure": false,
      "data_access": false,
      "effective_action": "artifact:ListAgreements",
      "privesc": false,
      "resource_exposure": false
    },
    {
      "access_level": "List",
      "action": "artifact:ListCustomerAgreements",
      "condition": null,
      "credentials_exposure": false,
      "data_access": false,
      "effective_action": "artifact:ListCustomerAgreements",
      "privesc": false,
      "resource_exposure": false
    },
    {
      "access_level": "Read",
      "action": "artifact:GetAgreement",
      "condition": null,
      "credentials_exposure": false,
      "data_access": false,
      "effective_action": "artifact:GetAgreement",
      "privesc": false,
      "resource_exposure": false
    },
    {
      "access_level": "Write",
      "action": "artifact:AcceptNdaForAgreement",
      "condition": null,
      "credentials_exposure": false,
      "data_access": false,
      "effective_action": "artifact:AcceptNdaForAgreement",
      "privesc": false,
      "resource_exposure": false
    },
    {
      "access_level": "Read",
      "action": "artifact:GetNdaForAgreement",
      "condition": null,
      "credentials_exposure": false,
      "data_access": false,
      "effective_action": "artifact:GetNdaForAgreement",
      "privesc": false,
      "resource_exposure": false
    },
    {
      "access_level": "Write",
      "action": "artifact:AcceptAgreement",
      "condition": null,
      "credentials_exposure": false,
      "data_access": false,
      "effective_action": "artifact:AcceptAgreement",
      "privesc": false,
      "resource_exposure": false
    },
    {
      "access_level": "Read",
      "action": "artifact:GetCustomerAgreement",
      "condition": null,
      "credentials_exposure": false,
      "data_access": false,
      "effective_action": "artifact:GetCustomerAgreement",
      "privesc": false,
      "resource_exposure": false
    },
    {
      "access_level": "Write",
      "action": "artifact:TerminateAgreement",
      "condition": null,
      "credentials_exposure": false,
      "data_access": false,
      "effective_action": "artifact:TerminateAgreement",
      "privesc": false,
      "resource_exposure": false
    },
    {
      "access_level": "Permissions management",
      "action": "iam:CreateServiceLinkedRole",
      "condition": {
        "StringEquals": {
          "iam:AWSServiceName": [
            "artifact.amazonaws.com"
          ]
        }
      },
      "credentials_exposure": false,
      "data_access": false,
      "effective_action": "iam:CreateServiceLinkedRole",
      "privesc": true,
      "resource_exposure": true
    },
    {
      "access_level": "Read",
      "action": "iam:GetRole",
      "condition": null,
      "credentials_exposure": false,
      "data_access": false,
      "effective_action": "iam:GetRole",
      "privesc": false,
      "resource_exposure": false
    },
    {
      "access_level": "List",
      "action": "organizations:ListAWSServiceAccessForOrganization",
      "condition": null,
      "credentials_exposure": false,
      "data_access": false,
      "effective_action": "organizations:ListAWSServiceAccessForOrganization",
      "privesc": false,
      "resource_exposure": false
    },
    {
      "access_level": "Read",
      "action": "organizations:DescribeOrganization",
      "condition": null,
      "credentials_exposure": false,
      "data_access": false,
      "effective_action": "organizations:DescribeOrganization",
      "privesc": false,
      "resource_exposure": false
    },
    {
      "access_level": "Write",
      "action": "organizations:EnableAWSServiceAccess",
      "condition": {
        "StringEquals": {
          "organizations:ServicePrincipal": [
            "aws-artifact-account-sync.amazonaws.com"
          ]
        }
      },
      "credentials_exposure": false,
      "data_access": false,
      "effective_action": "organizations:EnableAWSServiceAccess",
      "privesc": false,
      "resource_exposure": false
    }
  ],
  "grantless": false,
  "malformed": false,
  "name": "AWSArtifactAgreementsFullAccess",
  "privesc": true,
  "resource_exposure": true,
  "undocumented_actions": false,
  "unknown_actions": [],
  "updatedate": "2025-10-16T20:19:07+00:00",
  "version": "v2"
}