{
  "access_levels": [
    "List",
    "Read",
    "Tagging",
    "Write"
  ],
  "arn": "arn:aws:iam::aws:policy/AWSApplicationMigrationVCenterClientPolicy",
  "createdate": "2021-11-08T12:53:08Z",
  "credentials_exposure": false,
  "data_access": false,
  "deprecated": false,
  "document": {
    "Statement": [
      {
        "Action": [
          "mgn:CreateVcenterClientForMgn",
          "mgn:DescribeVcenterClients"
        ],
        "Effect": "Allow",
        "Resource": "*"
      },
      {
        "Action": [
          "mgn:GetVcenterClientCommandsForMgn",
          "mgn:SendVcenterClientCommandResultForMgn",
          "mgn:SendVcenterClientLogsForMgn",
          "mgn:SendVcenterClientMetricsForMgn",
          "mgn:DeleteVcenterClient",
          "mgn:TagResource",
          "mgn:NotifyVcenterClientStartedForMgn"
        ],
        "Effect": "Allow",
        "Resource": "arn:aws:mgn:*:*:vcenter-client/*"
      }
    ],
    "Version": "2012-10-17"
  },
  "effective_actions": [
    {
      "access_level": "Write",
      "action": "mgn:CreateVcenterClientForMgn",
      "condition": null,
      "credentials_exposure": false,
      "data_access": false,
      "effective_action": "mgn:CreateVcenterClientForMgn",
      "privesc": false,
      "resource_exposure": false
    },
    {
      "access_level": "List",
      "action": "mgn:DescribeVcenterClients",
      "condition": null,
      "credentials_exposure": false,
      "data_access": false,
      "effective_action": "mgn:DescribeVcenterClients",
      "privesc": false,
      "resource_exposure": false
    },
    {
      "access_level": "Read",
      "action": "mgn:GetVcenterClientCommandsForMgn",
      "condition": null,
      "credentials_exposure": false,
      "data_access": false,
      "effective_action": "mgn:GetVcenterClientCommandsForMgn",
      "privesc": false,
      "resource_exposure": false
    },
    {
      "access_level": "Write",
      "action": "mgn:SendVcenterClientCommandResultForMgn",
      "condition": null,
      "credentials_exposure": false,
      "data_access": false,
      "effective_action": "mgn:SendVcenterClientCommandResultForMgn",
      "privesc": false,
      "resource_exposure": false
    },
    {
      "access_level": "Write",
      "action": "mgn:SendVcenterClientLogsForMgn",
      "condition": null,
      "credentials_exposure": false,
      "data_access": false,
      "effective_action": "mgn:SendVcenterClientLogsForMgn",
      "privesc": false,
      "resource_exposure": false
    },
    {
      "access_level": "Write",
      "action": "mgn:SendVcenterClientMetricsForMgn",
      "condition": null,
      "credentials_exposure": false,
      "data_access": false,
      "effective_action": "mgn:SendVcenterClientMetricsForMgn",
      "privesc": false,
      "resource_exposure": false
    },
    {
      "access_level": "Write",
      "action": "mgn:DeleteVcenterClient",
      "condition": null,
      "credentials_exposure": false,
      "data_access": false,
      "effective_action": "mgn:DeleteVcenterClient",
      "privesc": false,
      "resource_exposure": false
    },
    {
      "access_level": "Tagging",
      "action": "mgn:TagResource",
      "condition": null,
      "credentials_exposure": false,
      "data_access": false,
      "effective_action": "mgn:TagResource",
      "privesc": false,
      "resource_exposure": false
    },
    {
      "access_level": "Write",
      "action": "mgn:NotifyVcenterClientStartedForMgn",
      "condition": null,
      "credentials_exposure": false,
      "data_access": false,
      "effective_action": "mgn:NotifyVcenterClientStartedForMgn",
      "privesc": false,
      "resource_exposure": false
    }
  ],
  "grantless": false,
  "malformed": false,
  "name": "AWSApplicationMigrationVCenterClientPolicy",
  "privesc": false,
  "resource_exposure": false,
  "undocumented_actions": false,
  "unknown_actions": [],
  "updatedate": "2021-11-08T12:53:08+00:00",
  "version": "v1"
}