{
  "access_levels": [
    "List",
    "Read"
  ],
  "arn": "arn:aws:iam::aws:policy/AWSAppMeshReadOnly",
  "createdate": "2021-01-07T19:53:16Z",
  "credentials_exposure": false,
  "data_access": false,
  "deprecated": false,
  "document": {
    "Statement": [
      {
        "Action": [
          "appmesh:Describe*",
          "appmesh:List*"
        ],
        "Effect": "Allow",
        "Resource": "*"
      },
      {
        "Action": [
          "cloudformation:DescribeStack*"
        ],
        "Effect": "Allow",
        "Resource": "arn:aws:cloudformation:*:*:stack/AWSAppMesh-GettingStarted-*"
      },
      {
        "Action": [
          "acm:ListCertificates",
          "acm:DescribeCertificate",
          "acm-pca:DescribeCertificateAuthority",
          "acm-pca:ListCertificateAuthorities"
        ],
        "Effect": "Allow",
        "Resource": "*"
      },
      {
        "Action": [
          "servicediscovery:ListNamespaces",
          "servicediscovery:ListServices",
          "servicediscovery:ListInstances"
        ],
        "Effect": "Allow",
        "Resource": "*"
      }
    ],
    "Version": "2012-10-17"
  },
  "effective_actions": [
    {
      "access_level": "Read",
      "action": "appmesh:Describe*",
      "condition": null,
      "credentials_exposure": false,
      "data_access": false,
      "effective_action": "appmesh:DescribeGatewayRoute",
      "privesc": false,
      "resource_exposure": false
    },
    {
      "access_level": "Read",
      "action": "appmesh:Describe*",
      "condition": null,
      "credentials_exposure": false,
      "data_access": false,
      "effective_action": "appmesh:DescribeMesh",
      "privesc": false,
      "resource_exposure": false
    },
    {
      "access_level": "Read",
      "action": "appmesh:Describe*",
      "condition": null,
      "credentials_exposure": false,
      "data_access": false,
      "effective_action": "appmesh:DescribeRoute",
      "privesc": false,
      "resource_exposure": false
    },
    {
      "access_level": "Read",
      "action": "appmesh:Describe*",
      "condition": null,
      "credentials_exposure": false,
      "data_access": false,
      "effective_action": "appmesh:DescribeVirtualGateway",
      "privesc": false,
      "resource_exposure": false
    },
    {
      "access_level": "Read",
      "action": "appmesh:Describe*",
      "condition": null,
      "credentials_exposure": false,
      "data_access": false,
      "effective_action": "appmesh:DescribeVirtualNode",
      "privesc": false,
      "resource_exposure": false
    },
    {
      "access_level": "Read",
      "action": "appmesh:Describe*",
      "condition": null,
      "credentials_exposure": false,
      "data_access": false,
      "effective_action": "appmesh:DescribeVirtualRouter",
      "privesc": false,
      "resource_exposure": false
    },
    {
      "access_level": "Read",
      "action": "appmesh:Describe*",
      "condition": null,
      "credentials_exposure": false,
      "data_access": false,
      "effective_action": "appmesh:DescribeVirtualService",
      "privesc": false,
      "resource_exposure": false
    },
    {
      "access_level": "List",
      "action": "appmesh:List*",
      "condition": null,
      "credentials_exposure": false,
      "data_access": false,
      "effective_action": "appmesh:ListGatewayRoutes",
      "privesc": false,
      "resource_exposure": false
    },
    {
      "access_level": "List",
      "action": "appmesh:List*",
      "condition": null,
      "credentials_exposure": false,
      "data_access": false,
      "effective_action": "appmesh:ListMeshes",
      "privesc": false,
      "resource_exposure": false
    },
    {
      "access_level": "List",
      "action": "appmesh:List*",
      "condition": null,
      "credentials_exposure": false,
      "data_access": false,
      "effective_action": "appmesh:ListRoutes",
      "privesc": false,
      "resource_exposure": false
    },
    {
      "access_level": "List",
      "action": "appmesh:List*",
      "condition": null,
      "credentials_exposure": false,
      "data_access": false,
      "effective_action": "appmesh:ListTagsForResource",
      "privesc": false,
      "resource_exposure": false
    },
    {
      "access_level": "List",
      "action": "appmesh:List*",
      "condition": null,
      "credentials_exposure": false,
      "data_access": false,
      "effective_action": "appmesh:ListVirtualGateways",
      "privesc": false,
      "resource_exposure": false
    },
    {
      "access_level": "List",
      "action": "appmesh:List*",
      "condition": null,
      "credentials_exposure": false,
      "data_access": false,
      "effective_action": "appmesh:ListVirtualNodes",
      "privesc": false,
      "resource_exposure": false
    },
    {
      "access_level": "List",
      "action": "appmesh:List*",
      "condition": null,
      "credentials_exposure": false,
      "data_access": false,
      "effective_action": "appmesh:ListVirtualRouters",
      "privesc": false,
      "resource_exposure": false
    },
    {
      "access_level": "List",
      "action": "appmesh:List*",
      "condition": null,
      "credentials_exposure": false,
      "data_access": false,
      "effective_action": "appmesh:ListVirtualServices",
      "privesc": false,
      "resource_exposure": false
    },
    {
      "access_level": "Read",
      "action": "cloudformation:DescribeStack*",
      "condition": null,
      "credentials_exposure": false,
      "data_access": false,
      "effective_action": "cloudformation:DescribeStackDriftDetectionStatus",
      "privesc": false,
      "resource_exposure": false
    },
    {
      "access_level": "Read",
      "action": "cloudformation:DescribeStack*",
      "condition": null,
      "credentials_exposure": false,
      "data_access": false,
      "effective_action": "cloudformation:DescribeStackEvents",
      "privesc": false,
      "resource_exposure": false
    },
    {
      "access_level": "Read",
      "action": "cloudformation:DescribeStack*",
      "condition": null,
      "credentials_exposure": false,
      "data_access": false,
      "effective_action": "cloudformation:DescribeStackInstance",
      "privesc": false,
      "resource_exposure": false
    },
    {
      "access_level": "Read",
      "action": "cloudformation:DescribeStack*",
      "condition": null,
      "credentials_exposure": false,
      "data_access": false,
      "effective_action": "cloudformation:DescribeStackRefactor",
      "privesc": false,
      "resource_exposure": false
    },
    {
      "access_level": "Read",
      "action": "cloudformation:DescribeStack*",
      "condition": null,
      "credentials_exposure": false,
      "data_access": false,
      "effective_action": "cloudformation:DescribeStackResource",
      "privesc": false,
      "resource_exposure": false
    },
    {
      "access_level": "Read",
      "action": "cloudformation:DescribeStack*",
      "condition": null,
      "credentials_exposure": false,
      "data_access": false,
      "effective_action": "cloudformation:DescribeStackResourceDrifts",
      "privesc": false,
      "resource_exposure": false
    },
    {
      "access_level": "Read",
      "action": "cloudformation:DescribeStack*",
      "condition": null,
      "credentials_exposure": false,
      "data_access": false,
      "effective_action": "cloudformation:DescribeStackResources",
      "privesc": false,
      "resource_exposure": false
    },
    {
      "access_level": "Read",
      "action": "cloudformation:DescribeStack*",
      "condition": null,
      "credentials_exposure": false,
      "data_access": false,
      "effective_action": "cloudformation:DescribeStackSet",
      "privesc": false,
      "resource_exposure": false
    },
    {
      "access_level": "Read",
      "action": "cloudformation:DescribeStack*",
      "condition": null,
      "credentials_exposure": false,
      "data_access": false,
      "effective_action": "cloudformation:DescribeStackSetOperation",
      "privesc": false,
      "resource_exposure": false
    },
    {
      "access_level": "List",
      "action": "cloudformation:DescribeStack*",
      "condition": null,
      "credentials_exposure": false,
      "data_access": false,
      "effective_action": "cloudformation:DescribeStacks",
      "privesc": false,
      "resource_exposure": false
    },
    {
      "access_level": "List",
      "action": "acm:ListCertificates",
      "condition": null,
      "credentials_exposure": false,
      "data_access": false,
      "effective_action": "acm:ListCertificates",
      "privesc": false,
      "resource_exposure": false
    },
    {
      "access_level": "Read",
      "action": "acm:DescribeCertificate",
      "condition": null,
      "credentials_exposure": false,
      "data_access": false,
      "effective_action": "acm:DescribeCertificate",
      "privesc": false,
      "resource_exposure": false
    },
    {
      "access_level": "Read",
      "action": "acm-pca:DescribeCertificateAuthority",
      "condition": null,
      "credentials_exposure": false,
      "data_access": false,
      "effective_action": "acm-pca:DescribeCertificateAuthority",
      "privesc": false,
      "resource_exposure": false
    },
    {
      "access_level": "List",
      "action": "acm-pca:ListCertificateAuthorities",
      "condition": null,
      "credentials_exposure": false,
      "data_access": false,
      "effective_action": "acm-pca:ListCertificateAuthorities",
      "privesc": false,
      "resource_exposure": false
    },
    {
      "access_level": "Read",
      "action": "servicediscovery:ListNamespaces",
      "condition": null,
      "credentials_exposure": false,
      "data_access": false,
      "effective_action": "servicediscovery:ListNamespaces",
      "privesc": false,
      "resource_exposure": false
    },
    {
      "access_level": "Read",
      "action": "servicediscovery:ListServices",
      "condition": null,
      "credentials_exposure": false,
      "data_access": false,
      "effective_action": "servicediscovery:ListServices",
      "privesc": false,
      "resource_exposure": false
    },
    {
      "access_level": "Read",
      "action": "servicediscovery:ListInstances",
      "condition": null,
      "credentials_exposure": false,
      "data_access": false,
      "effective_action": "servicediscovery:ListInstances",
      "privesc": false,
      "resource_exposure": false
    }
  ],
  "grantless": false,
  "malformed": false,
  "name": "AWSAppMeshReadOnly",
  "privesc": false,
  "resource_exposure": false,
  "undocumented_actions": false,
  "unknown_actions": [],
  "updatedate": "2021-01-07T19:53:16+00:00",
  "version": "v5"
}