{
  "access_levels": [
    "Read"
  ],
  "arn": "arn:aws:iam::aws:policy/aws-service-role/AWSAppMeshPreviewServiceRolePolicy",
  "createdate": "2019-08-21T21:06:29Z",
  "credentials_exposure": false,
  "data_access": false,
  "deprecated": false,
  "document": {
    "Statement": [
      {
        "Action": [
          "servicediscovery:DiscoverInstances"
        ],
        "Effect": "Allow",
        "Resource": "*",
        "Sid": "CloudMapServiceDiscovery"
      },
      {
        "Action": [
          "acm:DescribeCertificate"
        ],
        "Effect": "Allow",
        "Resource": "*",
        "Sid": "ACMCertificateVerification"
      }
    ],
    "Version": "2012-10-17"
  },
  "effective_actions": [
    {
      "access_level": "Read",
      "action": "servicediscovery:DiscoverInstances",
      "condition": null,
      "credentials_exposure": false,
      "data_access": false,
      "effective_action": "servicediscovery:DiscoverInstances",
      "privesc": false,
      "resource_exposure": false
    },
    {
      "access_level": "Read",
      "action": "acm:DescribeCertificate",
      "condition": null,
      "credentials_exposure": false,
      "data_access": false,
      "effective_action": "acm:DescribeCertificate",
      "privesc": false,
      "resource_exposure": false
    }
  ],
  "grantless": false,
  "malformed": false,
  "name": "AWSAppMeshPreviewServiceRolePolicy",
  "privesc": false,
  "resource_exposure": false,
  "undocumented_actions": false,
  "unknown_actions": [],
  "updatedate": "2019-08-21T21:06:29+00:00",
  "version": "v3"
}