{
  "access_levels": [
    "List",
    "Read",
    "Write"
  ],
  "arn": "arn:aws:iam::aws:policy/AWSAppSyncInvokeFullAccess",
  "createdate": "2018-03-20T21:21:20Z",
  "credentials_exposure": true,
  "data_access": false,
  "deprecated": false,
  "document": {
    "Statement": [
      {
        "Action": [
          "appsync:GraphQL",
          "appsync:GetGraphqlApi",
          "appsync:ListGraphqlApis",
          "appsync:ListApiKeys"
        ],
        "Effect": "Allow",
        "Resource": "*"
      }
    ],
    "Version": "2012-10-17"
  },
  "effective_actions": [
    {
      "access_level": "Write",
      "action": "appsync:GraphQL",
      "condition": null,
      "credentials_exposure": false,
      "data_access": false,
      "effective_action": "appsync:GraphQL",
      "privesc": false,
      "resource_exposure": false
    },
    {
      "access_level": "Read",
      "action": "appsync:GetGraphqlApi",
      "condition": null,
      "credentials_exposure": false,
      "data_access": false,
      "effective_action": "appsync:GetGraphqlApi",
      "privesc": false,
      "resource_exposure": false
    },
    {
      "access_level": "List",
      "action": "appsync:ListGraphqlApis",
      "condition": null,
      "credentials_exposure": false,
      "data_access": false,
      "effective_action": "appsync:ListGraphqlApis",
      "privesc": false,
      "resource_exposure": false
    },
    {
      "access_level": "List",
      "action": "appsync:ListApiKeys",
      "condition": null,
      "credentials_exposure": true,
      "data_access": false,
      "effective_action": "appsync:ListApiKeys",
      "privesc": false,
      "resource_exposure": false
    }
  ],
  "grantless": false,
  "malformed": false,
  "name": "AWSAppSyncInvokeFullAccess",
  "privesc": false,
  "resource_exposure": false,
  "undocumented_actions": false,
  "unknown_actions": [],
  "updatedate": "2018-03-20T21:21:20+00:00",
  "version": "v1"
}