{
  "access_levels": [
    "List",
    "Read"
  ],
  "arn": "arn:aws:iam::aws:policy/AWSAppRunnerReadOnlyAccess",
  "createdate": "2022-02-24T21:24:15Z",
  "credentials_exposure": false,
  "data_access": false,
  "deprecated": false,
  "document": {
    "Statement": [
      {
        "Action": [
          "apprunner:List*",
          "apprunner:Describe*"
        ],
        "Effect": "Allow",
        "Resource": "*"
      }
    ],
    "Version": "2012-10-17"
  },
  "effective_actions": [
    {
      "access_level": "List",
      "action": "apprunner:List*",
      "condition": null,
      "credentials_exposure": false,
      "data_access": false,
      "effective_action": "apprunner:ListAssociatedServicesForWebAcl",
      "privesc": false,
      "resource_exposure": false
    },
    {
      "access_level": "List",
      "action": "apprunner:List*",
      "condition": null,
      "credentials_exposure": false,
      "data_access": false,
      "effective_action": "apprunner:ListAutoScalingConfigurations",
      "privesc": false,
      "resource_exposure": false
    },
    {
      "access_level": "List",
      "action": "apprunner:List*",
      "condition": null,
      "credentials_exposure": false,
      "data_access": false,
      "effective_action": "apprunner:ListConnections",
      "privesc": false,
      "resource_exposure": false
    },
    {
      "access_level": "List",
      "action": "apprunner:List*",
      "condition": null,
      "credentials_exposure": false,
      "data_access": false,
      "effective_action": "apprunner:ListObservabilityConfigurations",
      "privesc": false,
      "resource_exposure": false
    },
    {
      "access_level": "List",
      "action": "apprunner:List*",
      "condition": null,
      "credentials_exposure": false,
      "data_access": false,
      "effective_action": "apprunner:ListOperations",
      "privesc": false,
      "resource_exposure": false
    },
    {
      "access_level": "List",
      "action": "apprunner:List*",
      "condition": null,
      "credentials_exposure": false,
      "data_access": false,
      "effective_action": "apprunner:ListServices",
      "privesc": false,
      "resource_exposure": false
    },
    {
      "access_level": "List",
      "action": "apprunner:List*",
      "condition": null,
      "credentials_exposure": false,
      "data_access": false,
      "effective_action": "apprunner:ListServicesForAutoScalingConfiguration",
      "privesc": false,
      "resource_exposure": false
    },
    {
      "access_level": "Read",
      "action": "apprunner:List*",
      "condition": null,
      "credentials_exposure": false,
      "data_access": false,
      "effective_action": "apprunner:ListTagsForResource",
      "privesc": false,
      "resource_exposure": false
    },
    {
      "access_level": "List",
      "action": "apprunner:List*",
      "condition": null,
      "credentials_exposure": false,
      "data_access": false,
      "effective_action": "apprunner:ListVpcConnectors",
      "privesc": false,
      "resource_exposure": false
    },
    {
      "access_level": "List",
      "action": "apprunner:List*",
      "condition": null,
      "credentials_exposure": false,
      "data_access": false,
      "effective_action": "apprunner:ListVpcIngressConnections",
      "privesc": false,
      "resource_exposure": false
    },
    {
      "access_level": "Read",
      "action": "apprunner:Describe*",
      "condition": null,
      "credentials_exposure": false,
      "data_access": false,
      "effective_action": "apprunner:DescribeAutoScalingConfiguration",
      "privesc": false,
      "resource_exposure": false
    },
    {
      "access_level": "Read",
      "action": "apprunner:Describe*",
      "condition": null,
      "credentials_exposure": false,
      "data_access": false,
      "effective_action": "apprunner:DescribeCustomDomains",
      "privesc": false,
      "resource_exposure": false
    },
    {
      "access_level": "Read",
      "action": "apprunner:Describe*",
      "condition": null,
      "credentials_exposure": false,
      "data_access": false,
      "effective_action": "apprunner:DescribeObservabilityConfiguration",
      "privesc": false,
      "resource_exposure": false
    },
    {
      "access_level": "Read",
      "action": "apprunner:Describe*",
      "condition": null,
      "credentials_exposure": false,
      "data_access": false,
      "effective_action": "apprunner:DescribeOperation",
      "privesc": false,
      "resource_exposure": false
    },
    {
      "access_level": "Read",
      "action": "apprunner:Describe*",
      "condition": null,
      "credentials_exposure": false,
      "data_access": false,
      "effective_action": "apprunner:DescribeService",
      "privesc": false,
      "resource_exposure": false
    },
    {
      "access_level": "Read",
      "action": "apprunner:Describe*",
      "condition": null,
      "credentials_exposure": false,
      "data_access": false,
      "effective_action": "apprunner:DescribeVpcConnector",
      "privesc": false,
      "resource_exposure": false
    },
    {
      "access_level": "Read",
      "action": "apprunner:Describe*",
      "condition": null,
      "credentials_exposure": false,
      "data_access": false,
      "effective_action": "apprunner:DescribeVpcIngressConnection",
      "privesc": false,
      "resource_exposure": false
    },
    {
      "access_level": "Read",
      "action": "apprunner:Describe*",
      "condition": null,
      "credentials_exposure": false,
      "data_access": false,
      "effective_action": "apprunner:DescribeWebAclForService",
      "privesc": false,
      "resource_exposure": false
    }
  ],
  "grantless": false,
  "malformed": false,
  "name": "AWSAppRunnerReadOnlyAccess",
  "privesc": false,
  "resource_exposure": false,
  "undocumented_actions": false,
  "unknown_actions": [],
  "updatedate": "2022-02-24T21:24:15+00:00",
  "version": "v1"
}