{
  "access_levels": [
    "List",
    "Read",
    "Write"
  ],
  "arn": "arn:aws:iam::aws:policy/AWSApplicationMigrationSSMAccess",
  "createdate": "2025-07-02T18:07:08Z",
  "credentials_exposure": false,
  "data_access": true,
  "deprecated": false,
  "document": {
    "Statement": [
      {
        "Action": [
          "ssm:GetCommandInvocation",
          "ssm:DescribeInstanceInformation"
        ],
        "Condition": {
          "ForAnyValue:StringEquals": {
            "aws:CalledVia": [
              "mgn.amazonaws.com"
            ]
          }
        },
        "Effect": "Allow",
        "Resource": [
          "*"
        ]
      },
      {
        "Action": [
          "ssm:SendCommand",
          "ssm:DescribeDocument",
          "ssm:StartAutomationExecution"
        ],
        "Condition": {
          "ForAnyValue:StringEquals": {
            "aws:CalledVia": [
              "mgn.amazonaws.com"
            ]
          }
        },
        "Effect": "Allow",
        "Resource": [
          "arn:aws:ssm:*:*:document/*",
          "arn:aws:ssm:*:*:automation-execution/*",
          "arn:aws:ssm:*:*:automation-definition/*:*"
        ]
      },
      {
        "Action": [
          "ssm:SendCommand"
        ],
        "Condition": {
          "ForAnyValue:StringEquals": {
            "aws:CalledVia": [
              "mgn.amazonaws.com"
            ]
          },
          "Null": {
            "aws:ResourceTag/AWSApplicationMigrationServiceManaged": "false"
          }
        },
        "Effect": "Allow",
        "Resource": [
          "arn:aws:ec2:*:*:instance/*"
        ]
      },
      {
        "Action": [
          "ssm:ListDocuments"
        ],
        "Effect": "Allow",
        "Resource": "*"
      },
      {
        "Action": [
          "ssm:ListDocumentVersions",
          "ssm:GetDocument"
        ],
        "Effect": "Allow",
        "Resource": "arn:aws:ssm:*:*:document/*"
      }
    ],
    "Version": "2012-10-17"
  },
  "effective_actions": [
    {
      "access_level": "Read",
      "action": "ssm:GetCommandInvocation",
      "condition": {
        "ForAnyValue:StringEquals": {
          "aws:CalledVia": [
            "mgn.amazonaws.com"
          ]
        }
      },
      "credentials_exposure": false,
      "data_access": false,
      "effective_action": "ssm:GetCommandInvocation",
      "privesc": false,
      "resource_exposure": false
    },
    {
      "access_level": "Read",
      "action": "ssm:DescribeInstanceInformation",
      "condition": {
        "ForAnyValue:StringEquals": {
          "aws:CalledVia": [
            "mgn.amazonaws.com"
          ]
        }
      },
      "credentials_exposure": false,
      "data_access": false,
      "effective_action": "ssm:DescribeInstanceInformation",
      "privesc": false,
      "resource_exposure": false
    },
    {
      "access_level": "Write",
      "action": "ssm:SendCommand",
      "condition": {
        "ForAnyValue:StringEquals": {
          "aws:CalledVia": [
            "mgn.amazonaws.com"
          ]
        }
      },
      "credentials_exposure": false,
      "data_access": false,
      "effective_action": "ssm:SendCommand",
      "privesc": false,
      "resource_exposure": false
    },
    {
      "access_level": "Read",
      "action": "ssm:DescribeDocument",
      "condition": {
        "ForAnyValue:StringEquals": {
          "aws:CalledVia": [
            "mgn.amazonaws.com"
          ]
        }
      },
      "credentials_exposure": false,
      "data_access": false,
      "effective_action": "ssm:DescribeDocument",
      "privesc": false,
      "resource_exposure": false
    },
    {
      "access_level": "Write",
      "action": "ssm:StartAutomationExecution",
      "condition": {
        "ForAnyValue:StringEquals": {
          "aws:CalledVia": [
            "mgn.amazonaws.com"
          ]
        }
      },
      "credentials_exposure": false,
      "data_access": false,
      "effective_action": "ssm:StartAutomationExecution",
      "privesc": false,
      "resource_exposure": false
    },
    {
      "access_level": "Write",
      "action": "ssm:SendCommand",
      "condition": {
        "ForAnyValue:StringEquals": {
          "aws:CalledVia": [
            "mgn.amazonaws.com"
          ]
        },
        "Null": {
          "aws:ResourceTag/AWSApplicationMigrationServiceManaged": "false"
        }
      },
      "credentials_exposure": false,
      "data_access": false,
      "effective_action": "ssm:SendCommand",
      "privesc": false,
      "resource_exposure": false
    },
    {
      "access_level": "List",
      "action": "ssm:ListDocuments",
      "condition": null,
      "credentials_exposure": false,
      "data_access": false,
      "effective_action": "ssm:ListDocuments",
      "privesc": false,
      "resource_exposure": false
    },
    {
      "access_level": "List",
      "action": "ssm:ListDocumentVersions",
      "condition": null,
      "credentials_exposure": false,
      "data_access": false,
      "effective_action": "ssm:ListDocumentVersions",
      "privesc": false,
      "resource_exposure": false
    },
    {
      "access_level": "Read",
      "action": "ssm:GetDocument",
      "condition": null,
      "credentials_exposure": false,
      "data_access": true,
      "effective_action": "ssm:GetDocument",
      "privesc": false,
      "resource_exposure": false
    }
  ],
  "grantless": false,
  "malformed": false,
  "name": "AWSApplicationMigrationSSMAccess",
  "privesc": false,
  "resource_exposure": false,
  "undocumented_actions": false,
  "unknown_actions": [],
  "updatedate": "2025-07-02T18:07:08+00:00",
  "version": "v3"
}