{
  "access_levels": [
    "List",
    "Read",
    "Write"
  ],
  "arn": "arn:aws:iam::aws:policy/aws-service-role/AWSApplicationAutoscalingAppStreamFleetPolicy",
  "createdate": "2017-10-20T19:04:06Z",
  "credentials_exposure": false,
  "data_access": false,
  "deprecated": false,
  "document": {
    "Statement": [
      {
        "Action": [
          "appstream:UpdateFleet",
          "appstream:DescribeFleets",
          "cloudwatch:PutMetricAlarm",
          "cloudwatch:DescribeAlarms",
          "cloudwatch:DeleteAlarms"
        ],
        "Effect": "Allow",
        "Resource": [
          "*"
        ]
      }
    ],
    "Version": "2012-10-17"
  },
  "effective_actions": [
    {
      "access_level": "Write",
      "action": "appstream:UpdateFleet",
      "condition": null,
      "credentials_exposure": false,
      "data_access": false,
      "effective_action": "appstream:UpdateFleet",
      "privesc": false,
      "resource_exposure": false
    },
    {
      "access_level": "List",
      "action": "appstream:DescribeFleets",
      "condition": null,
      "credentials_exposure": false,
      "data_access": false,
      "effective_action": "appstream:DescribeFleets",
      "privesc": false,
      "resource_exposure": false
    },
    {
      "access_level": "Write",
      "action": "cloudwatch:PutMetricAlarm",
      "condition": null,
      "credentials_exposure": false,
      "data_access": false,
      "effective_action": "cloudwatch:PutMetricAlarm",
      "privesc": false,
      "resource_exposure": false
    },
    {
      "access_level": "Read",
      "action": "cloudwatch:DescribeAlarms",
      "condition": null,
      "credentials_exposure": false,
      "data_access": false,
      "effective_action": "cloudwatch:DescribeAlarms",
      "privesc": false,
      "resource_exposure": false
    },
    {
      "access_level": "Write",
      "action": "cloudwatch:DeleteAlarms",
      "condition": null,
      "credentials_exposure": false,
      "data_access": false,
      "effective_action": "cloudwatch:DeleteAlarms",
      "privesc": false,
      "resource_exposure": false
    }
  ],
  "grantless": false,
  "malformed": false,
  "name": "AWSApplicationAutoscalingAppStreamFleetPolicy",
  "privesc": false,
  "resource_exposure": false,
  "undocumented_actions": false,
  "unknown_actions": [],
  "updatedate": "2017-10-20T19:04:06+00:00",
  "version": "v1"
}