{
  "access_levels": [
    "List",
    "Read",
    "Write"
  ],
  "arn": "arn:aws:iam::aws:policy/aws-service-role/AWSAuditManagerServiceRolePolicy",
  "createdate": "2024-09-24T23:22:25Z",
  "credentials_exposure": false,
  "data_access": true,
  "deprecated": false,
  "document": {
    "Statement": [
      {
        "Action": [
          "acm:GetAccountConfiguration",
          "acm:ListCertificates",
          "autoscaling:DescribeAutoScalingGroups",
          "backup:ListBackupPlans",
          "backup:ListRecoveryPointsByResource",
          "bedrock:GetCustomModel",
          "bedrock:GetFoundationModel",
          "bedrock:GetModelCustomizationJob",
          "bedrock:GetModelInvocationLoggingConfiguration",
          "bedrock:ListCustomModels",
          "bedrock:ListFoundationModels",
          "bedrock:ListGuardrails",
          "bedrock:ListModelCustomizationJobs",
          "cloudfront:GetDistribution",
          "cloudfront:GetDistributionConfig",
          "cloudfront:ListDistributions",
          "cloudtrail:GetTrail",
          "cloudtrail:ListTrails",
          "cloudtrail:DescribeTrails",
          "cloudtrail:LookupEvents",
          "cloudwatch:DescribeAlarms",
          "cloudwatch:DescribeAlarmsForMetric",
          "cloudwatch:GetMetricStatistics",
          "cloudwatch:ListMetrics",
          "cognito-idp:DescribeUserPool",
          "config:DescribeConfigRules",
          "config:DescribeDeliveryChannels",
          "config:ListDiscoveredResources",
          "directconnect:DescribeDirectConnectGateways",
          "directconnect:DescribeVirtualGateways",
          "dynamodb:DescribeContinuousBackups",
          "dynamodb:DescribeBackup",
          "dynamodb:DescribeTableReplicaAutoScaling",
          "dynamodb:DescribeTable",
          "dynamodb:ListBackups",
          "dynamodb:ListGlobalTables",
          "dynamodb:ListTables",
          "ec2:DescribeInstanceCreditSpecifications",
          "ec2:DescribeInstanceAttribute",
          "ec2:DescribeSecurityGroupRules",
          "ec2:DescribeVpcEndpointConnections",
          "ec2:DescribeVpcEndpointServiceConfigurations",
          "ec2:GetLaunchTemplateData",
          "ec2:DescribeAddresses",
          "ec2:DescribeCustomerGateways",
          "ec2:DescribeEgressOnlyInternetGateways",
          "ec2:DescribeFlowLogs",
          "ec2:DescribeInstances",
          "ec2:DescribeInternetGateways",
          "ec2:DescribeLocalGatewayRouteTableVirtualInterfaceGroupAssociations",
          "ec2:DescribeLocalGateways",
          "ec2:DescribeLocalGatewayVirtualInterfaces",
          "ec2:DescribeNatGateways",
          "ec2:DescribeNetworkAcls",
          "ec2:DescribeRouteTables",
          "ec2:DescribeSecurityGroups",
          "ec2:DescribeSnapshots",
          "ec2:DescribeTransitGateways",
          "ec2:DescribeVolumes",
          "ec2:DescribeVpcEndpoints",
          "ec2:DescribeVpcPeeringConnections",
          "ec2:DescribeVpcs",
          "ec2:DescribeVpnConnections",
          "ec2:DescribeVpnGateways",
          "ec2:GetEbsDefaultKmsKeyId",
          "ec2:GetEbsEncryptionByDefault",
          "ecs:DescribeClusters",
          "eks:DescribeAddonVersions",
          "elasticache:DescribeCacheClusters",
          "elasticache:DescribeServiceUpdates",
          "elasticfilesystem:DescribeAccessPoints",
          "elasticfilesystem:DescribeFileSystems",
          "elasticloadbalancing:DescribeLoadBalancers",
          "elasticloadbalancing:DescribeSslPolicies",
          "elasticloadbalancing:DescribeTargetGroups",
          "elasticmapreduce:ListClusters",
          "elasticmapreduce:ListSecurityConfigurations",
          "events:DescribeRule",
          "events:ListConnections",
          "events:ListEventBuses",
          "events:ListEventSources",
          "events:ListRules",
          "firehose:ListDeliveryStreams",
          "fsx:DescribeFileSystems",
          "guardduty:ListDetectors",
          "iam:GenerateCredentialReport",
          "iam:GetAccountAuthorizationDetails",
          "iam:GetAccessKeyLastUsed",
          "iam:GetCredentialReport",
          "iam:GetGroupPolicy",
          "iam:GetPolicy",
          "iam:GetPolicyVersion",
          "iam:GetRolePolicy",
          "iam:GetUser",
          "iam:GetUserPolicy",
          "iam:GetAccountPasswordPolicy",
          "iam:GetAccountSummary",
          "iam:ListAttachedGroupPolicies",
          "iam:ListAttachedUserPolicies",
          "iam:ListEntitiesForPolicy",
          "iam:ListGroupsForUser",
          "iam:ListGroupPolicies",
          "iam:ListGroups",
          "iam:ListOpenIdConnectProviders",
          "iam:ListPolicies",
          "iam:ListRolePolicies",
          "iam:ListRoles",
          "iam:ListSamlProviders",
          "iam:ListUserPolicies",
          "iam:ListUsers",
          "iam:ListVirtualMFADevices",
          "iam:ListPolicyVersions",
          "iam:ListAccessKeys",
          "iam:ListAttachedRolePolicies",
          "iam:ListMfaDeviceTags",
          "iam:ListMfaDevices",
          "kafka:ListClusters",
          "kafka:ListKafkaVersions",
          "kinesis:ListStreams",
          "kms:DescribeKey",
          "kms:GetKeyPolicy",
          "kms:GetKeyRotationStatus",
          "kms:ListGrants",
          "kms:ListKeyPolicies",
          "kms:ListKeys",
          "lambda:ListFunctions",
          "license-manager:ListAssociationsForLicenseConfiguration",
          "license-manager:ListLicenseConfigurations",
          "license-manager:ListUsageForLicenseConfiguration",
          "logs:DescribeDestinations",
          "logs:DescribeExportTasks",
          "logs:DescribeLogGroups",
          "logs:DescribeMetricFilters",
          "logs:DescribeResourcePolicies",
          "logs:FilterLogEvents",
          "logs:GetDataProtectionPolicy",
          "es:DescribeDomains",
          "es:DescribeDomain",
          "es:DescribeDomainConfig",
          "es:ListDomainNames",
          "organizations:DescribeOrganization",
          "organizations:DescribePolicy",
          "rds:DescribeCertificates",
          "rds:DescribeDBClusterEndpoints",
          "rds:DescribeDBClusterParameterGroups",
          "rds:DescribeDBInstances",
          "rds:DescribeDBSecurityGroups",
          "rds:DescribeDBClusters",
          "rds:DescribeDBInstanceAutomatedBackups",
          "redshift:DescribeClusters",
          "redshift:DescribeClusterSnapshots",
          "redshift:DescribeLoggingStatus",
          "route53:GetQueryLoggingConfig",
          "sagemaker:DescribeAlgorithm",
          "sagemaker:DescribeFlowDefinition",
          "sagemaker:DescribeHumanTaskUi",
          "sagemaker:DescribeModelBiasJobDefinition",
          "sagemaker:DescribeModelCard",
          "sagemaker:DescribeModelQualityJobDefinition",
          "sagemaker:DescribeDomain",
          "sagemaker:DescribeEndpoint",
          "sagemaker:DescribeEndpointConfig",
          "sagemaker:DescribeLabelingJob",
          "sagemaker:DescribeModel",
          "sagemaker:DescribeTrainingJob",
          "sagemaker:DescribeUserProfile",
          "sagemaker:ListAlgorithms",
          "sagemaker:ListDomains",
          "sagemaker:ListEndpoints",
          "sagemaker:ListEndpointConfigs",
          "sagemaker:ListFlowDefinitions",
          "sagemaker:ListHumanTaskUis",
          "sagemaker:ListLabelingJobs",
          "sagemaker:ListModels",
          "sagemaker:ListModelBiasJobDefinitions",
          "sagemaker:ListModelCards",
          "sagemaker:ListModelQualityJobDefinitions",
          "sagemaker:ListMonitoringAlerts",
          "sagemaker:ListMonitoringSchedules",
          "sagemaker:ListTrainingJobs",
          "sagemaker:ListUserProfiles",
          "s3:GetBucketPublicAccessBlock",
          "s3:GetBucketVersioning",
          "s3:GetEncryptionConfiguration",
          "s3:GetLifecycleConfiguration",
          "s3:ListAllMyBuckets",
          "secretsmanager:DescribeSecret",
          "secretsmanager:ListSecrets",
          "securityhub:DescribeStandards",
          "sns:ListTagsForResource",
          "sns:ListTopics",
          "sqs:ListQueues",
          "waf-regional:GetRule",
          "waf-regional:GetWebAcl",
          "waf:GetRule",
          "waf:GetRuleGroup",
          "waf:ListActivatedRulesInRuleGroup",
          "waf:ListWebAcls",
          "wafv2:ListWebAcls",
          "waf-regional:GetLoggingConfiguration",
          "waf-regional:ListRuleGroups",
          "waf-regional:ListSubscribedRuleGroups",
          "waf-regional:ListWebACLs",
          "waf-regional:ListRules",
          "waf:ListRuleGroups",
          "waf:ListRules"
        ],
        "Effect": "Allow",
        "Resource": "*",
        "Sid": "APIsAccess"
      },
      {
        "Action": [
          "s3:GetBucketAcl",
          "s3:GetBucketLogging",
          "s3:GetBucketOwnershipControls",
          "s3:GetBucketPolicy",
          "s3:GetBucketTagging"
        ],
        "Condition": {
          "StringEquals": {
            "aws:ResourceAccount": [
              "${aws:PrincipalAccount}"
            ]
          }
        },
        "Effect": "Allow",
        "Resource": "*",
        "Sid": "S3Access"
      },
      {
        "Action": [
          "apigateway:GET"
        ],
        "Condition": {
          "StringEquals": {
            "aws:ResourceAccount": [
              "${aws:PrincipalAccount}"
            ]
          }
        },
        "Effect": "Allow",
        "Resource": [
          "arn:aws:apigateway:*::/restapis",
          "arn:aws:apigateway:*::/restapis/*/stages/*",
          "arn:aws:apigateway:*::/restapis/*/stages"
        ],
        "Sid": "APIGatewayAccess"
      },
      {
        "Action": [
          "events:PutRule"
        ],
        "Condition": {
          "ForAllValues:StringEquals": {
            "events:source": [
              "aws.securityhub"
            ]
          },
          "Null": {
            "events:source": "false"
          },
          "StringEquals": {
            "events:detail-type": "Security Hub Findings - Imported"
          }
        },
        "Effect": "Allow",
        "Resource": "arn:aws:events:*:*:rule/AuditManagerSecurityHubFindingsReceiver",
        "Sid": "CreateEventsAccess"
      },
      {
        "Action": [
          "events:DeleteRule",
          "events:DescribeRule",
          "events:EnableRule",
          "events:DisableRule",
          "events:ListTargetsByRule",
          "events:PutTargets",
          "events:RemoveTargets"
        ],
        "Effect": "Allow",
        "Resource": "arn:aws:events:*:*:rule/AuditManagerSecurityHubFindingsReceiver",
        "Sid": "EventsAccess"
      }
    ],
    "Version": "2012-10-17"
  },
  "effective_actions": [
    {
      "access_level": "Read",
      "action": "acm:GetAccountConfiguration",
      "condition": null,
      "credentials_exposure": false,
      "data_access": false,
      "effective_action": "acm:GetAccountConfiguration",
      "privesc": false,
      "resource_exposure": false
    },
    {
      "access_level": "List",
      "action": "acm:ListCertificates",
      "condition": null,
      "credentials_exposure": false,
      "data_access": false,
      "effective_action": "acm:ListCertificates",
      "privesc": false,
      "resource_exposure": false
    },
    {
      "access_level": "List",
      "action": "autoscaling:DescribeAutoScalingGroups",
      "condition": null,
      "credentials_exposure": false,
      "data_access": false,
      "effective_action": "autoscaling:DescribeAutoScalingGroups",
      "privesc": false,
      "resource_exposure": false
    },
    {
      "access_level": "List",
      "action": "backup:ListBackupPlans",
      "condition": null,
      "credentials_exposure": false,
      "data_access": false,
      "effective_action": "backup:ListBackupPlans",
      "privesc": false,
      "resource_exposure": false
    },
    {
      "access_level": "List",
      "action": "backup:ListRecoveryPointsByResource",
      "condition": null,
      "credentials_exposure": false,
      "data_access": false,
      "effective_action": "backup:ListRecoveryPointsByResource",
      "privesc": false,
      "resource_exposure": false
    },
    {
      "access_level": "Read",
      "action": "bedrock:GetCustomModel",
      "condition": null,
      "credentials_exposure": false,
      "data_access": false,
      "effective_action": "bedrock:GetCustomModel",
      "privesc": false,
      "resource_exposure": false
    },
    {
      "access_level": "Read",
      "action": "bedrock:GetFoundationModel",
      "condition": null,
      "credentials_exposure": false,
      "data_access": false,
      "effective_action": "bedrock:GetFoundationModel",
      "privesc": false,
      "resource_exposure": false
    },
    {
      "access_level": "Read",
      "action": "bedrock:GetModelCustomizationJob",
      "condition": null,
      "credentials_exposure": false,
      "data_access": false,
      "effective_action": "bedrock:GetModelCustomizationJob",
      "privesc": false,
      "resource_exposure": false
    },
    {
      "access_level": "Read",
      "action": "bedrock:GetModelInvocationLoggingConfiguration",
      "condition": null,
      "credentials_exposure": false,
      "data_access": false,
      "effective_action": "bedrock:GetModelInvocationLoggingConfiguration",
      "privesc": false,
      "resource_exposure": false
    },
    {
      "access_level": "List",
      "action": "bedrock:ListCustomModels",
      "condition": null,
      "credentials_exposure": false,
      "data_access": false,
      "effective_action": "bedrock:ListCustomModels",
      "privesc": false,
      "resource_exposure": false
    },
    {
      "access_level": "List",
      "action": "bedrock:ListFoundationModels",
      "condition": null,
      "credentials_exposure": false,
      "data_access": false,
      "effective_action": "bedrock:ListFoundationModels",
      "privesc": false,
      "resource_exposure": false
    },
    {
      "access_level": "List",
      "action": "bedrock:ListGuardrails",
      "condition": null,
      "credentials_exposure": false,
      "data_access": false,
      "effective_action": "bedrock:ListGuardrails",
      "privesc": false,
      "resource_exposure": false
    },
    {
      "access_level": "List",
      "action": "bedrock:ListModelCustomizationJobs",
      "condition": null,
      "credentials_exposure": false,
      "data_access": false,
      "effective_action": "bedrock:ListModelCustomizationJobs",
      "privesc": false,
      "resource_exposure": false
    },
    {
      "access_level": "Read",
      "action": "cloudfront:GetDistribution",
      "condition": null,
      "credentials_exposure": false,
      "data_access": false,
      "effective_action": "cloudfront:GetDistribution",
      "privesc": false,
      "resource_exposure": false
    },
    {
      "access_level": "Read",
      "action": "cloudfront:GetDistributionConfig",
      "condition": null,
      "credentials_exposure": false,
      "data_access": false,
      "effective_action": "cloudfront:GetDistributionConfig",
      "privesc": false,
      "resource_exposure": false
    },
    {
      "access_level": "List",
      "action": "cloudfront:ListDistributions",
      "condition": null,
      "credentials_exposure": false,
      "data_access": false,
      "effective_action": "cloudfront:ListDistributions",
      "privesc": false,
      "resource_exposure": false
    },
    {
      "access_level": "Read",
      "action": "cloudtrail:GetTrail",
      "condition": null,
      "credentials_exposure": false,
      "data_access": false,
      "effective_action": "cloudtrail:GetTrail",
      "privesc": false,
      "resource_exposure": false
    },
    {
      "access_level": "List",
      "action": "cloudtrail:ListTrails",
      "condition": null,
      "credentials_exposure": false,
      "data_access": false,
      "effective_action": "cloudtrail:ListTrails",
      "privesc": false,
      "resource_exposure": false
    },
    {
      "access_level": "Read",
      "action": "cloudtrail:DescribeTrails",
      "condition": null,
      "credentials_exposure": false,
      "data_access": false,
      "effective_action": "cloudtrail:DescribeTrails",
      "privesc": false,
      "resource_exposure": false
    },
    {
      "access_level": "Read",
      "action": "cloudtrail:LookupEvents",
      "condition": null,
      "credentials_exposure": false,
      "data_access": true,
      "effective_action": "cloudtrail:LookupEvents",
      "privesc": false,
      "resource_exposure": false
    },
    {
      "access_level": "Read",
      "action": "cloudwatch:DescribeAlarms",
      "condition": null,
      "credentials_exposure": false,
      "data_access": false,
      "effective_action": "cloudwatch:DescribeAlarms",
      "privesc": false,
      "resource_exposure": false
    },
    {
      "access_level": "Read",
      "action": "cloudwatch:DescribeAlarmsForMetric",
      "condition": null,
      "credentials_exposure": false,
      "data_access": false,
      "effective_action": "cloudwatch:DescribeAlarmsForMetric",
      "privesc": false,
      "resource_exposure": false
    },
    {
      "access_level": "Read",
      "action": "cloudwatch:GetMetricStatistics",
      "condition": null,
      "credentials_exposure": false,
      "data_access": false,
      "effective_action": "cloudwatch:GetMetricStatistics",
      "privesc": false,
      "resource_exposure": false
    },
    {
      "access_level": "List",
      "action": "cloudwatch:ListMetrics",
      "condition": null,
      "credentials_exposure": false,
      "data_access": false,
      "effective_action": "cloudwatch:ListMetrics",
      "privesc": false,
      "resource_exposure": false
    },
    {
      "access_level": "Read",
      "action": "cognito-idp:DescribeUserPool",
      "condition": null,
      "credentials_exposure": false,
      "data_access": false,
      "effective_action": "cognito-idp:DescribeUserPool",
      "privesc": false,
      "resource_exposure": false
    },
    {
      "access_level": "List",
      "action": "config:DescribeConfigRules",
      "condition": null,
      "credentials_exposure": false,
      "data_access": false,
      "effective_action": "config:DescribeConfigRules",
      "privesc": false,
      "resource_exposure": false
    },
    {
      "access_level": "List",
      "action": "config:DescribeDeliveryChannels",
      "condition": null,
      "credentials_exposure": false,
      "data_access": false,
      "effective_action": "config:DescribeDeliveryChannels",
      "privesc": false,
      "resource_exposure": false
    },
    {
      "access_level": "List",
      "action": "config:ListDiscoveredResources",
      "condition": null,
      "credentials_exposure": false,
      "data_access": false,
      "effective_action": "config:ListDiscoveredResources",
      "privesc": false,
      "resource_exposure": false
    },
    {
      "access_level": "Read",
      "action": "directconnect:DescribeDirectConnectGateways",
      "condition": null,
      "credentials_exposure": false,
      "data_access": false,
      "effective_action": "directconnect:DescribeDirectConnectGateways",
      "privesc": false,
      "resource_exposure": false
    },
    {
      "access_level": "Read",
      "action": "directconnect:DescribeVirtualGateways",
      "condition": null,
      "credentials_exposure": false,
      "data_access": false,
      "effective_action": "directconnect:DescribeVirtualGateways",
      "privesc": false,
      "resource_exposure": false
    },
    {
      "access_level": "Read",
      "action": "dynamodb:DescribeContinuousBackups",
      "condition": null,
      "credentials_exposure": false,
      "data_access": false,
      "effective_action": "dynamodb:DescribeContinuousBackups",
      "privesc": false,
      "resource_exposure": false
    },
    {
      "access_level": "Read",
      "action": "dynamodb:DescribeBackup",
      "condition": null,
      "credentials_exposure": false,
      "data_access": false,
      "effective_action": "dynamodb:DescribeBackup",
      "privesc": false,
      "resource_exposure": false
    },
    {
      "access_level": "Read",
      "action": "dynamodb:DescribeTableReplicaAutoScaling",
      "condition": null,
      "credentials_exposure": false,
      "data_access": false,
      "effective_action": "dynamodb:DescribeTableReplicaAutoScaling",
      "privesc": false,
      "resource_exposure": false
    },
    {
      "access_level": "Read",
      "action": "dynamodb:DescribeTable",
      "condition": null,
      "credentials_exposure": false,
      "data_access": false,
      "effective_action": "dynamodb:DescribeTable",
      "privesc": false,
      "resource_exposure": false
    },
    {
      "access_level": "List",
      "action": "dynamodb:ListBackups",
      "condition": null,
      "credentials_exposure": false,
      "data_access": false,
      "effective_action": "dynamodb:ListBackups",
      "privesc": false,
      "resource_exposure": false
    },
    {
      "access_level": "List",
      "action": "dynamodb:ListGlobalTables",
      "condition": null,
      "credentials_exposure": false,
      "data_access": false,
      "effective_action": "dynamodb:ListGlobalTables",
      "privesc": false,
      "resource_exposure": false
    },
    {
      "access_level": "List",
      "action": "dynamodb:ListTables",
      "condition": null,
      "credentials_exposure": false,
      "data_access": false,
      "effective_action": "dynamodb:ListTables",
      "privesc": false,
      "resource_exposure": false
    },
    {
      "access_level": "List",
      "action": "ec2:DescribeInstanceCreditSpecifications",
      "condition": null,
      "credentials_exposure": false,
      "data_access": false,
      "effective_action": "ec2:DescribeInstanceCreditSpecifications",
      "privesc": false,
      "resource_exposure": false
    },
    {
      "access_level": "List",
      "action": "ec2:DescribeInstanceAttribute",
      "condition": null,
      "credentials_exposure": false,
      "data_access": false,
      "effective_action": "ec2:DescribeInstanceAttribute",
      "privesc": false,
      "resource_exposure": false
    },
    {
      "access_level": "List",
      "action": "ec2:DescribeSecurityGroupRules",
      "condition": null,
      "credentials_exposure": false,
      "data_access": false,
      "effective_action": "ec2:DescribeSecurityGroupRules",
      "privesc": false,
      "resource_exposure": false
    },
    {
      "access_level": "List",
      "action": "ec2:DescribeVpcEndpointConnections",
      "condition": null,
      "credentials_exposure": false,
      "data_access": false,
      "effective_action": "ec2:DescribeVpcEndpointConnections",
      "privesc": false,
      "resource_exposure": false
    },
    {
      "access_level": "List",
      "action": "ec2:DescribeVpcEndpointServiceConfigurations",
      "condition": null,
      "credentials_exposure": false,
      "data_access": false,
      "effective_action": "ec2:DescribeVpcEndpointServiceConfigurations",
      "privesc": false,
      "resource_exposure": false
    },
    {
      "access_level": "Read",
      "action": "ec2:GetLaunchTemplateData",
      "condition": null,
      "credentials_exposure": false,
      "data_access": false,
      "effective_action": "ec2:GetLaunchTemplateData",
      "privesc": false,
      "resource_exposure": false
    },
    {
      "access_level": "List",
      "action": "ec2:DescribeAddresses",
      "condition": null,
      "credentials_exposure": false,
      "data_access": false,
      "effective_action": "ec2:DescribeAddresses",
      "privesc": false,
      "resource_exposure": false
    },
    {
      "access_level": "List",
      "action": "ec2:DescribeCustomerGateways",
      "condition": null,
      "credentials_exposure": false,
      "data_access": false,
      "effective_action": "ec2:DescribeCustomerGateways",
      "privesc": false,
      "resource_exposure": false
    },
    {
      "access_level": "List",
      "action": "ec2:DescribeEgressOnlyInternetGateways",
      "condition": null,
      "credentials_exposure": false,
      "data_access": false,
      "effective_action": "ec2:DescribeEgressOnlyInternetGateways",
      "privesc": false,
      "resource_exposure": false
    },
    {
      "access_level": "List",
      "action": "ec2:DescribeFlowLogs",
      "condition": null,
      "credentials_exposure": false,
      "data_access": false,
      "effective_action": "ec2:DescribeFlowLogs",
      "privesc": false,
      "resource_exposure": false
    },
    {
      "access_level": "List",
      "action": "ec2:DescribeInstances",
      "condition": null,
      "credentials_exposure": false,
      "data_access": false,
      "effective_action": "ec2:DescribeInstances",
      "privesc": false,
      "resource_exposure": false
    },
    {
      "access_level": "List",
      "action": "ec2:DescribeInternetGateways",
      "condition": null,
      "credentials_exposure": false,
      "data_access": false,
      "effective_action": "ec2:DescribeInternetGateways",
      "privesc": false,
      "resource_exposure": false
    },
    {
      "access_level": "List",
      "action": "ec2:DescribeLocalGatewayRouteTableVirtualInterfaceGroupAssociations",
      "condition": null,
      "credentials_exposure": false,
      "data_access": false,
      "effective_action": "ec2:DescribeLocalGatewayRouteTableVirtualInterfaceGroupAssociations",
      "privesc": false,
      "resource_exposure": false
    },
    {
      "access_level": "List",
      "action": "ec2:DescribeLocalGateways",
      "condition": null,
      "credentials_exposure": false,
      "data_access": false,
      "effective_action": "ec2:DescribeLocalGateways",
      "privesc": false,
      "resource_exposure": false
    },
    {
      "access_level": "List",
      "action": "ec2:DescribeLocalGatewayVirtualInterfaces",
      "condition": null,
      "credentials_exposure": false,
      "data_access": false,
      "effective_action": "ec2:DescribeLocalGatewayVirtualInterfaces",
      "privesc": false,
      "resource_exposure": false
    },
    {
      "access_level": "List",
      "action": "ec2:DescribeNatGateways",
      "condition": null,
      "credentials_exposure": false,
      "data_access": false,
      "effective_action": "ec2:DescribeNatGateways",
      "privesc": false,
      "resource_exposure": false
    },
    {
      "access_level": "List",
      "action": "ec2:DescribeNetworkAcls",
      "condition": null,
      "credentials_exposure": false,
      "data_access": false,
      "effective_action": "ec2:DescribeNetworkAcls",
      "privesc": false,
      "resource_exposure": false
    },
    {
      "access_level": "List",
      "action": "ec2:DescribeRouteTables",
      "condition": null,
      "credentials_exposure": false,
      "data_access": false,
      "effective_action": "ec2:DescribeRouteTables",
      "privesc": false,
      "resource_exposure": false
    },
    {
      "access_level": "List",
      "action": "ec2:DescribeSecurityGroups",
      "condition": null,
      "credentials_exposure": false,
      "data_access": false,
      "effective_action": "ec2:DescribeSecurityGroups",
      "privesc": false,
      "resource_exposure": false
    },
    {
      "access_level": "List",
      "action": "ec2:DescribeSnapshots",
      "condition": null,
      "credentials_exposure": false,
      "data_access": false,
      "effective_action": "ec2:DescribeSnapshots",
      "privesc": false,
      "resource_exposure": false
    },
    {
      "access_level": "List",
      "action": "ec2:DescribeTransitGateways",
      "condition": null,
      "credentials_exposure": false,
      "data_access": false,
      "effective_action": "ec2:DescribeTransitGateways",
      "privesc": false,
      "resource_exposure": false
    },
    {
      "access_level": "List",
      "action": "ec2:DescribeVolumes",
      "condition": null,
      "credentials_exposure": false,
      "data_access": false,
      "effective_action": "ec2:DescribeVolumes",
      "privesc": false,
      "resource_exposure": false
    },
    {
      "access_level": "List",
      "action": "ec2:DescribeVpcEndpoints",
      "condition": null,
      "credentials_exposure": false,
      "data_access": false,
      "effective_action": "ec2:DescribeVpcEndpoints",
      "privesc": false,
      "resource_exposure": false
    },
    {
      "access_level": "List",
      "action": "ec2:DescribeVpcPeeringConnections",
      "condition": null,
      "credentials_exposure": false,
      "data_access": false,
      "effective_action": "ec2:DescribeVpcPeeringConnections",
      "privesc": false,
      "resource_exposure": false
    },
    {
      "access_level": "List",
      "action": "ec2:DescribeVpcs",
      "condition": null,
      "credentials_exposure": false,
      "data_access": false,
      "effective_action": "ec2:DescribeVpcs",
      "privesc": false,
      "resource_exposure": false
    },
    {
      "access_level": "List",
      "action": "ec2:DescribeVpnConnections",
      "condition": null,
      "credentials_exposure": false,
      "data_access": false,
      "effective_action": "ec2:DescribeVpnConnections",
      "privesc": false,
      "resource_exposure": false
    },
    {
      "access_level": "List",
      "action": "ec2:DescribeVpnGateways",
      "condition": null,
      "credentials_exposure": false,
      "data_access": false,
      "effective_action": "ec2:DescribeVpnGateways",
      "privesc": false,
      "resource_exposure": false
    },
    {
      "access_level": "Read",
      "action": "ec2:GetEbsDefaultKmsKeyId",
      "condition": null,
      "credentials_exposure": false,
      "data_access": false,
      "effective_action": "ec2:GetEbsDefaultKmsKeyId",
      "privesc": false,
      "resource_exposure": false
    },
    {
      "access_level": "Read",
      "action": "ec2:GetEbsEncryptionByDefault",
      "condition": null,
      "credentials_exposure": false,
      "data_access": false,
      "effective_action": "ec2:GetEbsEncryptionByDefault",
      "privesc": false,
      "resource_exposure": false
    },
    {
      "access_level": "Read",
      "action": "ecs:DescribeClusters",
      "condition": null,
      "credentials_exposure": false,
      "data_access": false,
      "effective_action": "ecs:DescribeClusters",
      "privesc": false,
      "resource_exposure": false
    },
    {
      "access_level": "Read",
      "action": "eks:DescribeAddonVersions",
      "condition": null,
      "credentials_exposure": false,
      "data_access": false,
      "effective_action": "eks:DescribeAddonVersions",
      "privesc": false,
      "resource_exposure": false
    },
    {
      "access_level": "List",
      "action": "elasticache:DescribeCacheClusters",
      "condition": null,
      "credentials_exposure": false,
      "data_access": false,
      "effective_action": "elasticache:DescribeCacheClusters",
      "privesc": false,
      "resource_exposure": false
    },
    {
      "access_level": "List",
      "action": "elasticache:DescribeServiceUpdates",
      "condition": null,
      "credentials_exposure": false,
      "data_access": false,
      "effective_action": "elasticache:DescribeServiceUpdates",
      "privesc": false,
      "resource_exposure": false
    },
    {
      "access_level": "List",
      "action": "elasticfilesystem:DescribeAccessPoints",
      "condition": null,
      "credentials_exposure": false,
      "data_access": false,
      "effective_action": "elasticfilesystem:DescribeAccessPoints",
      "privesc": false,
      "resource_exposure": false
    },
    {
      "access_level": "List",
      "action": "elasticfilesystem:DescribeFileSystems",
      "condition": null,
      "credentials_exposure": false,
      "data_access": false,
      "effective_action": "elasticfilesystem:DescribeFileSystems",
      "privesc": false,
      "resource_exposure": false
    },
    {
      "access_level": "List",
      "action": "elasticloadbalancing:DescribeLoadBalancers",
      "condition": null,
      "credentials_exposure": false,
      "data_access": false,
      "effective_action": "elasticloadbalancing:DescribeLoadBalancers",
      "privesc": false,
      "resource_exposure": false
    },
    {
      "access_level": "Read",
      "action": "elasticloadbalancing:DescribeSslPolicies",
      "condition": null,
      "credentials_exposure": false,
      "data_access": false,
      "effective_action": "elasticloadbalancing:DescribeSSLPolicies",
      "privesc": false,
      "resource_exposure": false
    },
    {
      "access_level": "Read",
      "action": "elasticloadbalancing:DescribeTargetGroups",
      "condition": null,
      "credentials_exposure": false,
      "data_access": false,
      "effective_action": "elasticloadbalancing:DescribeTargetGroups",
      "privesc": false,
      "resource_exposure": false
    },
    {
      "access_level": "List",
      "action": "elasticmapreduce:ListClusters",
      "condition": null,
      "credentials_exposure": false,
      "data_access": false,
      "effective_action": "elasticmapreduce:ListClusters",
      "privesc": false,
      "resource_exposure": false
    },
    {
      "access_level": "List",
      "action": "elasticmapreduce:ListSecurityConfigurations",
      "condition": null,
      "credentials_exposure": false,
      "data_access": false,
      "effective_action": "elasticmapreduce:ListSecurityConfigurations",
      "privesc": false,
      "resource_exposure": false
    },
    {
      "access_level": "Read",
      "action": "events:DescribeRule",
      "condition": null,
      "credentials_exposure": false,
      "data_access": false,
      "effective_action": "events:DescribeRule",
      "privesc": false,
      "resource_exposure": false
    },
    {
      "access_level": "List",
      "action": "events:ListConnections",
      "condition": null,
      "credentials_exposure": false,
      "data_access": false,
      "effective_action": "events:ListConnections",
      "privesc": false,
      "resource_exposure": false
    },
    {
      "access_level": "List",
      "action": "events:ListEventBuses",
      "condition": null,
      "credentials_exposure": false,
      "data_access": false,
      "effective_action": "events:ListEventBuses",
      "privesc": false,
      "resource_exposure": false
    },
    {
      "access_level": "List",
      "action": "events:ListEventSources",
      "condition": null,
      "credentials_exposure": false,
      "data_access": false,
      "effective_action": "events:ListEventSources",
      "privesc": false,
      "resource_exposure": false
    },
    {
      "access_level": "List",
      "action": "events:ListRules",
      "condition": null,
      "credentials_exposure": false,
      "data_access": false,
      "effective_action": "events:ListRules",
      "privesc": false,
      "resource_exposure": false
    },
    {
      "access_level": "List",
      "action": "firehose:ListDeliveryStreams",
      "condition": null,
      "credentials_exposure": false,
      "data_access": false,
      "effective_action": "firehose:ListDeliveryStreams",
      "privesc": false,
      "resource_exposure": false
    },
    {
      "access_level": "Read",
      "action": "fsx:DescribeFileSystems",
      "condition": null,
      "credentials_exposure": false,
      "data_access": false,
      "effective_action": "fsx:DescribeFileSystems",
      "privesc": false,
      "resource_exposure": false
    },
    {
      "access_level": "List",
      "action": "guardduty:ListDetectors",
      "condition": null,
      "credentials_exposure": false,
      "data_access": false,
      "effective_action": "guardduty:ListDetectors",
      "privesc": false,
      "resource_exposure": false
    },
    {
      "access_level": "Read",
      "action": "iam:GenerateCredentialReport",
      "condition": null,
      "credentials_exposure": false,
      "data_access": false,
      "effective_action": "iam:GenerateCredentialReport",
      "privesc": false,
      "resource_exposure": false
    },
    {
      "access_level": "Read",
      "action": "iam:GetAccountAuthorizationDetails",
      "condition": null,
      "credentials_exposure": false,
      "data_access": false,
      "effective_action": "iam:GetAccountAuthorizationDetails",
      "privesc": false,
      "resource_exposure": false
    },
    {
      "access_level": "Read",
      "action": "iam:GetAccessKeyLastUsed",
      "condition": null,
      "credentials_exposure": false,
      "data_access": false,
      "effective_action": "iam:GetAccessKeyLastUsed",
      "privesc": false,
      "resource_exposure": false
    },
    {
      "access_level": "Read",
      "action": "iam:GetCredentialReport",
      "condition": null,
      "credentials_exposure": false,
      "data_access": false,
      "effective_action": "iam:GetCredentialReport",
      "privesc": false,
      "resource_exposure": false
    },
    {
      "access_level": "Read",
      "action": "iam:GetGroupPolicy",
      "condition": null,
      "credentials_exposure": false,
      "data_access": false,
      "effective_action": "iam:GetGroupPolicy",
      "privesc": false,
      "resource_exposure": false
    },
    {
      "access_level": "Read",
      "action": "iam:GetPolicy",
      "condition": null,
      "credentials_exposure": false,
      "data_access": false,
      "effective_action": "iam:GetPolicy",
      "privesc": false,
      "resource_exposure": false
    },
    {
      "access_level": "Read",
      "action": "iam:GetPolicyVersion",
      "condition": null,
      "credentials_exposure": false,
      "data_access": false,
      "effective_action": "iam:GetPolicyVersion",
      "privesc": false,
      "resource_exposure": false
    },
    {
      "access_level": "Read",
      "action": "iam:GetRolePolicy",
      "condition": null,
      "credentials_exposure": false,
      "data_access": false,
      "effective_action": "iam:GetRolePolicy",
      "privesc": false,
      "resource_exposure": false
    },
    {
      "access_level": "Read",
      "action": "iam:GetUser",
      "condition": null,
      "credentials_exposure": false,
      "data_access": false,
      "effective_action": "iam:GetUser",
      "privesc": false,
      "resource_exposure": false
    },
    {
      "access_level": "Read",
      "action": "iam:GetUserPolicy",
      "condition": null,
      "credentials_exposure": false,
      "data_access": false,
      "effective_action": "iam:GetUserPolicy",
      "privesc": false,
      "resource_exposure": false
    },
    {
      "access_level": "Read",
      "action": "iam:GetAccountPasswordPolicy",
      "condition": null,
      "credentials_exposure": false,
      "data_access": false,
      "effective_action": "iam:GetAccountPasswordPolicy",
      "privesc": false,
      "resource_exposure": false
    },
    {
      "access_level": "List",
      "action": "iam:GetAccountSummary",
      "condition": null,
      "credentials_exposure": false,
      "data_access": false,
      "effective_action": "iam:GetAccountSummary",
      "privesc": false,
      "resource_exposure": false
    },
    {
      "access_level": "List",
      "action": "iam:ListAttachedGroupPolicies",
      "condition": null,
      "credentials_exposure": false,
      "data_access": false,
      "effective_action": "iam:ListAttachedGroupPolicies",
      "privesc": false,
      "resource_exposure": false
    },
    {
      "access_level": "List",
      "action": "iam:ListAttachedUserPolicies",
      "condition": null,
      "credentials_exposure": false,
      "data_access": false,
      "effective_action": "iam:ListAttachedUserPolicies",
      "privesc": false,
      "resource_exposure": false
    },
    {
      "access_level": "List",
      "action": "iam:ListEntitiesForPolicy",
      "condition": null,
      "credentials_exposure": false,
      "data_access": false,
      "effective_action": "iam:ListEntitiesForPolicy",
      "privesc": false,
      "resource_exposure": false
    },
    {
      "access_level": "List",
      "action": "iam:ListGroupsForUser",
      "condition": null,
      "credentials_exposure": false,
      "data_access": false,
      "effective_action": "iam:ListGroupsForUser",
      "privesc": false,
      "resource_exposure": false
    },
    {
      "access_level": "List",
      "action": "iam:ListGroupPolicies",
      "condition": null,
      "credentials_exposure": false,
      "data_access": false,
      "effective_action": "iam:ListGroupPolicies",
      "privesc": false,
      "resource_exposure": false
    },
    {
      "access_level": "List",
      "action": "iam:ListGroups",
      "condition": null,
      "credentials_exposure": false,
      "data_access": false,
      "effective_action": "iam:ListGroups",
      "privesc": false,
      "resource_exposure": false
    },
    {
      "access_level": "List",
      "action": "iam:ListOpenIdConnectProviders",
      "condition": null,
      "credentials_exposure": false,
      "data_access": false,
      "effective_action": "iam:ListOpenIDConnectProviders",
      "privesc": false,
      "resource_exposure": false
    },
    {
      "access_level": "List",
      "action": "iam:ListPolicies",
      "condition": null,
      "credentials_exposure": false,
      "data_access": false,
      "effective_action": "iam:ListPolicies",
      "privesc": false,
      "resource_exposure": false
    },
    {
      "access_level": "List",
      "action": "iam:ListRolePolicies",
      "condition": null,
      "credentials_exposure": false,
      "data_access": false,
      "effective_action": "iam:ListRolePolicies",
      "privesc": false,
      "resource_exposure": false
    },
    {
      "access_level": "List",
      "action": "iam:ListRoles",
      "condition": null,
      "credentials_exposure": false,
      "data_access": false,
      "effective_action": "iam:ListRoles",
      "privesc": false,
      "resource_exposure": false
    },
    {
      "access_level": "List",
      "action": "iam:ListSamlProviders",
      "condition": null,
      "credentials_exposure": false,
      "data_access": false,
      "effective_action": "iam:ListSAMLProviders",
      "privesc": false,
      "resource_exposure": false
    },
    {
      "access_level": "List",
      "action": "iam:ListUserPolicies",
      "condition": null,
      "credentials_exposure": false,
      "data_access": false,
      "effective_action": "iam:ListUserPolicies",
      "privesc": false,
      "resource_exposure": false
    },
    {
      "access_level": "List",
      "action": "iam:ListUsers",
      "condition": null,
      "credentials_exposure": false,
      "data_access": false,
      "effective_action": "iam:ListUsers",
      "privesc": false,
      "resource_exposure": false
    },
    {
      "access_level": "List",
      "action": "iam:ListVirtualMFADevices",
      "condition": null,
      "credentials_exposure": false,
      "data_access": false,
      "effective_action": "iam:ListVirtualMFADevices",
      "privesc": false,
      "resource_exposure": false
    },
    {
      "access_level": "List",
      "action": "iam:ListPolicyVersions",
      "condition": null,
      "credentials_exposure": false,
      "data_access": false,
      "effective_action": "iam:ListPolicyVersions",
      "privesc": false,
      "resource_exposure": false
    },
    {
      "access_level": "List",
      "action": "iam:ListAccessKeys",
      "condition": null,
      "credentials_exposure": false,
      "data_access": false,
      "effective_action": "iam:ListAccessKeys",
      "privesc": false,
      "resource_exposure": false
    },
    {
      "access_level": "List",
      "action": "iam:ListAttachedRolePolicies",
      "condition": null,
      "credentials_exposure": false,
      "data_access": false,
      "effective_action": "iam:ListAttachedRolePolicies",
      "privesc": false,
      "resource_exposure": false
    },
    {
      "access_level": "List",
      "action": "iam:ListMfaDeviceTags",
      "condition": null,
      "credentials_exposure": false,
      "data_access": false,
      "effective_action": "iam:ListMFADeviceTags",
      "privesc": false,
      "resource_exposure": false
    },
    {
      "access_level": "List",
      "action": "iam:ListMfaDevices",
      "condition": null,
      "credentials_exposure": false,
      "data_access": false,
      "effective_action": "iam:ListMFADevices",
      "privesc": false,
      "resource_exposure": false
    },
    {
      "access_level": "List",
      "action": "kafka:ListClusters",
      "condition": null,
      "credentials_exposure": false,
      "data_access": false,
      "effective_action": "kafka:ListClusters",
      "privesc": false,
      "resource_exposure": false
    },
    {
      "access_level": "List",
      "action": "kafka:ListKafkaVersions",
      "condition": null,
      "credentials_exposure": false,
      "data_access": false,
      "effective_action": "kafka:ListKafkaVersions",
      "privesc": false,
      "resource_exposure": false
    },
    {
      "access_level": "List",
      "action": "kinesis:ListStreams",
      "condition": null,
      "credentials_exposure": false,
      "data_access": false,
      "effective_action": "kinesis:ListStreams",
      "privesc": false,
      "resource_exposure": false
    },
    {
      "access_level": "Read",
      "action": "kms:DescribeKey",
      "condition": null,
      "credentials_exposure": false,
      "data_access": false,
      "effective_action": "kms:DescribeKey",
      "privesc": false,
      "resource_exposure": false
    },
    {
      "access_level": "Read",
      "action": "kms:GetKeyPolicy",
      "condition": null,
      "credentials_exposure": false,
      "data_access": false,
      "effective_action": "kms:GetKeyPolicy",
      "privesc": false,
      "resource_exposure": false
    },
    {
      "access_level": "Read",
      "action": "kms:GetKeyRotationStatus",
      "condition": null,
      "credentials_exposure": false,
      "data_access": false,
      "effective_action": "kms:GetKeyRotationStatus",
      "privesc": false,
      "resource_exposure": false
    },
    {
      "access_level": "List",
      "action": "kms:ListGrants",
      "condition": null,
      "credentials_exposure": false,
      "data_access": false,
      "effective_action": "kms:ListGrants",
      "privesc": false,
      "resource_exposure": false
    },
    {
      "access_level": "List",
      "action": "kms:ListKeyPolicies",
      "condition": null,
      "credentials_exposure": false,
      "data_access": false,
      "effective_action": "kms:ListKeyPolicies",
      "privesc": false,
      "resource_exposure": false
    },
    {
      "access_level": "List",
      "action": "kms:ListKeys",
      "condition": null,
      "credentials_exposure": false,
      "data_access": false,
      "effective_action": "kms:ListKeys",
      "privesc": false,
      "resource_exposure": false
    },
    {
      "access_level": "List",
      "action": "lambda:ListFunctions",
      "condition": null,
      "credentials_exposure": false,
      "data_access": false,
      "effective_action": "lambda:ListFunctions",
      "privesc": false,
      "resource_exposure": false
    },
    {
      "access_level": "List",
      "action": "license-manager:ListAssociationsForLicenseConfiguration",
      "condition": null,
      "credentials_exposure": false,
      "data_access": false,
      "effective_action": "license-manager:ListAssociationsForLicenseConfiguration",
      "privesc": false,
      "resource_exposure": false
    },
    {
      "access_level": "Read",
      "action": "license-manager:ListLicenseConfigurations",
      "condition": null,
      "credentials_exposure": false,
      "data_access": false,
      "effective_action": "license-manager:ListLicenseConfigurations",
      "privesc": false,
      "resource_exposure": false
    },
    {
      "access_level": "List",
      "action": "license-manager:ListUsageForLicenseConfiguration",
      "condition": null,
      "credentials_exposure": false,
      "data_access": false,
      "effective_action": "license-manager:ListUsageForLicenseConfiguration",
      "privesc": false,
      "resource_exposure": false
    },
    {
      "access_level": "List",
      "action": "logs:DescribeDestinations",
      "condition": null,
      "credentials_exposure": false,
      "data_access": false,
      "effective_action": "logs:DescribeDestinations",
      "privesc": false,
      "resource_exposure": false
    },
    {
      "access_level": "List",
      "action": "logs:DescribeExportTasks",
      "condition": null,
      "credentials_exposure": false,
      "data_access": false,
      "effective_action": "logs:DescribeExportTasks",
      "privesc": false,
      "resource_exposure": false
    },
    {
      "access_level": "List",
      "action": "logs:DescribeLogGroups",
      "condition": null,
      "credentials_exposure": false,
      "data_access": false,
      "effective_action": "logs:DescribeLogGroups",
      "privesc": false,
      "resource_exposure": false
    },
    {
      "access_level": "List",
      "action": "logs:DescribeMetricFilters",
      "condition": null,
      "credentials_exposure": false,
      "data_access": false,
      "effective_action": "logs:DescribeMetricFilters",
      "privesc": false,
      "resource_exposure": false
    },
    {
      "access_level": "List",
      "action": "logs:DescribeResourcePolicies",
      "condition": null,
      "credentials_exposure": false,
      "data_access": false,
      "effective_action": "logs:DescribeResourcePolicies",
      "privesc": false,
      "resource_exposure": false
    },
    {
      "access_level": "Read",
      "action": "logs:FilterLogEvents",
      "condition": null,
      "credentials_exposure": false,
      "data_access": false,
      "effective_action": "logs:FilterLogEvents",
      "privesc": false,
      "resource_exposure": false
    },
    {
      "access_level": "Read",
      "action": "logs:GetDataProtectionPolicy",
      "condition": null,
      "credentials_exposure": false,
      "data_access": false,
      "effective_action": "logs:GetDataProtectionPolicy",
      "privesc": false,
      "resource_exposure": false
    },
    {
      "access_level": "List",
      "action": "es:DescribeDomains",
      "condition": null,
      "credentials_exposure": false,
      "data_access": false,
      "effective_action": "es:DescribeDomains",
      "privesc": false,
      "resource_exposure": false
    },
    {
      "access_level": "Read",
      "action": "es:DescribeDomain",
      "condition": null,
      "credentials_exposure": false,
      "data_access": false,
      "effective_action": "es:DescribeDomain",
      "privesc": false,
      "resource_exposure": false
    },
    {
      "access_level": "Read",
      "action": "es:DescribeDomainConfig",
      "condition": null,
      "credentials_exposure": false,
      "data_access": false,
      "effective_action": "es:DescribeDomainConfig",
      "privesc": false,
      "resource_exposure": false
    },
    {
      "access_level": "List",
      "action": "es:ListDomainNames",
      "condition": null,
      "credentials_exposure": false,
      "data_access": false,
      "effective_action": "es:ListDomainNames",
      "privesc": false,
      "resource_exposure": false
    },
    {
      "access_level": "Read",
      "action": "organizations:DescribeOrganization",
      "condition": null,
      "credentials_exposure": false,
      "data_access": false,
      "effective_action": "organizations:DescribeOrganization",
      "privesc": false,
      "resource_exposure": false
    },
    {
      "access_level": "Read",
      "action": "organizations:DescribePolicy",
      "condition": null,
      "credentials_exposure": false,
      "data_access": false,
      "effective_action": "organizations:DescribePolicy",
      "privesc": false,
      "resource_exposure": false
    },
    {
      "access_level": "List",
      "action": "rds:DescribeCertificates",
      "condition": null,
      "credentials_exposure": false,
      "data_access": false,
      "effective_action": "rds:DescribeCertificates",
      "privesc": false,
      "resource_exposure": false
    },
    {
      "access_level": "List",
      "action": "rds:DescribeDBClusterEndpoints",
      "condition": null,
      "credentials_exposure": false,
      "data_access": false,
      "effective_action": "rds:DescribeDBClusterEndpoints",
      "privesc": false,
      "resource_exposure": false
    },
    {
      "access_level": "List",
      "action": "rds:DescribeDBClusterParameterGroups",
      "condition": null,
      "credentials_exposure": false,
      "data_access": false,
      "effective_action": "rds:DescribeDBClusterParameterGroups",
      "privesc": false,
      "resource_exposure": false
    },
    {
      "access_level": "List",
      "action": "rds:DescribeDBInstances",
      "condition": null,
      "credentials_exposure": false,
      "data_access": false,
      "effective_action": "rds:DescribeDBInstances",
      "privesc": false,
      "resource_exposure": false
    },
    {
      "access_level": "List",
      "action": "rds:DescribeDBSecurityGroups",
      "condition": null,
      "credentials_exposure": false,
      "data_access": false,
      "effective_action": "rds:DescribeDBSecurityGroups",
      "privesc": false,
      "resource_exposure": false
    },
    {
      "access_level": "List",
      "action": "rds:DescribeDBClusters",
      "condition": null,
      "credentials_exposure": false,
      "data_access": false,
      "effective_action": "rds:DescribeDBClusters",
      "privesc": false,
      "resource_exposure": false
    },
    {
      "access_level": "List",
      "action": "rds:DescribeDBInstanceAutomatedBackups",
      "condition": null,
      "credentials_exposure": false,
      "data_access": false,
      "effective_action": "rds:DescribeDBInstanceAutomatedBackups",
      "privesc": false,
      "resource_exposure": false
    },
    {
      "access_level": "List",
      "action": "redshift:DescribeClusters",
      "condition": null,
      "credentials_exposure": false,
      "data_access": false,
      "effective_action": "redshift:DescribeClusters",
      "privesc": false,
      "resource_exposure": false
    },
    {
      "access_level": "Read",
      "action": "redshift:DescribeClusterSnapshots",
      "condition": null,
      "credentials_exposure": false,
      "data_access": false,
      "effective_action": "redshift:DescribeClusterSnapshots",
      "privesc": false,
      "resource_exposure": false
    },
    {
      "access_level": "Read",
      "action": "redshift:DescribeLoggingStatus",
      "condition": null,
      "credentials_exposure": false,
      "data_access": false,
      "effective_action": "redshift:DescribeLoggingStatus",
      "privesc": false,
      "resource_exposure": false
    },
    {
      "access_level": "Read",
      "action": "route53:GetQueryLoggingConfig",
      "condition": null,
      "credentials_exposure": false,
      "data_access": false,
      "effective_action": "route53:GetQueryLoggingConfig",
      "privesc": false,
      "resource_exposure": false
    },
    {
      "access_level": "Read",
      "action": "sagemaker:DescribeAlgorithm",
      "condition": null,
      "credentials_exposure": false,
      "data_access": false,
      "effective_action": "sagemaker:DescribeAlgorithm",
      "privesc": false,
      "resource_exposure": false
    },
    {
      "access_level": "Read",
      "action": "sagemaker:DescribeFlowDefinition",
      "condition": null,
      "credentials_exposure": false,
      "data_access": false,
      "effective_action": "sagemaker:DescribeFlowDefinition",
      "privesc": false,
      "resource_exposure": false
    },
    {
      "access_level": "Read",
      "action": "sagemaker:DescribeHumanTaskUi",
      "condition": null,
      "credentials_exposure": false,
      "data_access": false,
      "effective_action": "sagemaker:DescribeHumanTaskUi",
      "privesc": false,
      "resource_exposure": false
    },
    {
      "access_level": "Read",
      "action": "sagemaker:DescribeModelBiasJobDefinition",
      "condition": null,
      "credentials_exposure": false,
      "data_access": false,
      "effective_action": "sagemaker:DescribeModelBiasJobDefinition",
      "privesc": false,
      "resource_exposure": false
    },
    {
      "access_level": "Read",
      "action": "sagemaker:DescribeModelCard",
      "condition": null,
      "credentials_exposure": false,
      "data_access": false,
      "effective_action": "sagemaker:DescribeModelCard",
      "privesc": false,
      "resource_exposure": false
    },
    {
      "access_level": "Read",
      "action": "sagemaker:DescribeModelQualityJobDefinition",
      "condition": null,
      "credentials_exposure": false,
      "data_access": false,
      "effective_action": "sagemaker:DescribeModelQualityJobDefinition",
      "privesc": false,
      "resource_exposure": false
    },
    {
      "access_level": "Read",
      "action": "sagemaker:DescribeDomain",
      "condition": null,
      "credentials_exposure": false,
      "data_access": false,
      "effective_action": "sagemaker:DescribeDomain",
      "privesc": false,
      "resource_exposure": false
    },
    {
      "access_level": "Read",
      "action": "sagemaker:DescribeEndpoint",
      "condition": null,
      "credentials_exposure": false,
      "data_access": false,
      "effective_action": "sagemaker:DescribeEndpoint",
      "privesc": false,
      "resource_exposure": false
    },
    {
      "access_level": "Read",
      "action": "sagemaker:DescribeEndpointConfig",
      "condition": null,
      "credentials_exposure": false,
      "data_access": false,
      "effective_action": "sagemaker:DescribeEndpointConfig",
      "privesc": false,
      "resource_exposure": false
    },
    {
      "access_level": "Read",
      "action": "sagemaker:DescribeLabelingJob",
      "condition": null,
      "credentials_exposure": false,
      "data_access": false,
      "effective_action": "sagemaker:DescribeLabelingJob",
      "privesc": false,
      "resource_exposure": false
    },
    {
      "access_level": "Read",
      "action": "sagemaker:DescribeModel",
      "condition": null,
      "credentials_exposure": false,
      "data_access": false,
      "effective_action": "sagemaker:DescribeModel",
      "privesc": false,
      "resource_exposure": false
    },
    {
      "access_level": "Read",
      "action": "sagemaker:DescribeTrainingJob",
      "condition": null,
      "credentials_exposure": false,
      "data_access": false,
      "effective_action": "sagemaker:DescribeTrainingJob",
      "privesc": false,
      "resource_exposure": false
    },
    {
      "access_level": "Read",
      "action": "sagemaker:DescribeUserProfile",
      "condition": null,
      "credentials_exposure": false,
      "data_access": false,
      "effective_action": "sagemaker:DescribeUserProfile",
      "privesc": false,
      "resource_exposure": false
    },
    {
      "access_level": "List",
      "action": "sagemaker:ListAlgorithms",
      "condition": null,
      "credentials_exposure": false,
      "data_access": false,
      "effective_action": "sagemaker:ListAlgorithms",
      "privesc": false,
      "resource_exposure": false
    },
    {
      "access_level": "List",
      "action": "sagemaker:ListDomains",
      "condition": null,
      "credentials_exposure": false,
      "data_access": false,
      "effective_action": "sagemaker:ListDomains",
      "privesc": false,
      "resource_exposure": false
    },
    {
      "access_level": "List",
      "action": "sagemaker:ListEndpoints",
      "condition": null,
      "credentials_exposure": false,
      "data_access": false,
      "effective_action": "sagemaker:ListEndpoints",
      "privesc": false,
      "resource_exposure": false
    },
    {
      "access_level": "List",
      "action": "sagemaker:ListEndpointConfigs",
      "condition": null,
      "credentials_exposure": false,
      "data_access": false,
      "effective_action": "sagemaker:ListEndpointConfigs",
      "privesc": false,
      "resource_exposure": false
    },
    {
      "access_level": "List",
      "action": "sagemaker:ListFlowDefinitions",
      "condition": null,
      "credentials_exposure": false,
      "data_access": false,
      "effective_action": "sagemaker:ListFlowDefinitions",
      "privesc": false,
      "resource_exposure": false
    },
    {
      "access_level": "List",
      "action": "sagemaker:ListHumanTaskUis",
      "condition": null,
      "credentials_exposure": false,
      "data_access": false,
      "effective_action": "sagemaker:ListHumanTaskUis",
      "privesc": false,
      "resource_exposure": false
    },
    {
      "access_level": "List",
      "action": "sagemaker:ListLabelingJobs",
      "condition": null,
      "credentials_exposure": false,
      "data_access": false,
      "effective_action": "sagemaker:ListLabelingJobs",
      "privesc": false,
      "resource_exposure": false
    },
    {
      "access_level": "List",
      "action": "sagemaker:ListModels",
      "condition": null,
      "credentials_exposure": false,
      "data_access": false,
      "effective_action": "sagemaker:ListModels",
      "privesc": false,
      "resource_exposure": false
    },
    {
      "access_level": "List",
      "action": "sagemaker:ListModelBiasJobDefinitions",
      "condition": null,
      "credentials_exposure": false,
      "data_access": false,
      "effective_action": "sagemaker:ListModelBiasJobDefinitions",
      "privesc": false,
      "resource_exposure": false
    },
    {
      "access_level": "List",
      "action": "sagemaker:ListModelCards",
      "condition": null,
      "credentials_exposure": false,
      "data_access": false,
      "effective_action": "sagemaker:ListModelCards",
      "privesc": false,
      "resource_exposure": false
    },
    {
      "access_level": "List",
      "action": "sagemaker:ListModelQualityJobDefinitions",
      "condition": null,
      "credentials_exposure": false,
      "data_access": false,
      "effective_action": "sagemaker:ListModelQualityJobDefinitions",
      "privesc": false,
      "resource_exposure": false
    },
    {
      "access_level": "List",
      "action": "sagemaker:ListMonitoringAlerts",
      "condition": null,
      "credentials_exposure": false,
      "data_access": false,
      "effective_action": "sagemaker:ListMonitoringAlerts",
      "privesc": false,
      "resource_exposure": false
    },
    {
      "access_level": "List",
      "action": "sagemaker:ListMonitoringSchedules",
      "condition": null,
      "credentials_exposure": false,
      "data_access": false,
      "effective_action": "sagemaker:ListMonitoringSchedules",
      "privesc": false,
      "resource_exposure": false
    },
    {
      "access_level": "List",
      "action": "sagemaker:ListTrainingJobs",
      "condition": null,
      "credentials_exposure": false,
      "data_access": false,
      "effective_action": "sagemaker:ListTrainingJobs",
      "privesc": false,
      "resource_exposure": false
    },
    {
      "access_level": "List",
      "action": "sagemaker:ListUserProfiles",
      "condition": null,
      "credentials_exposure": false,
      "data_access": false,
      "effective_action": "sagemaker:ListUserProfiles",
      "privesc": false,
      "resource_exposure": false
    },
    {
      "access_level": "Read",
      "action": "s3:GetBucketPublicAccessBlock",
      "condition": null,
      "credentials_exposure": false,
      "data_access": false,
      "effective_action": "s3:GetBucketPublicAccessBlock",
      "privesc": false,
      "resource_exposure": false
    },
    {
      "access_level": "Read",
      "action": "s3:GetBucketVersioning",
      "condition": null,
      "credentials_exposure": false,
      "data_access": false,
      "effective_action": "s3:GetBucketVersioning",
      "privesc": false,
      "resource_exposure": false
    },
    {
      "access_level": "Read",
      "action": "s3:GetEncryptionConfiguration",
      "condition": null,
      "credentials_exposure": false,
      "data_access": false,
      "effective_action": "s3:GetEncryptionConfiguration",
      "privesc": false,
      "resource_exposure": false
    },
    {
      "access_level": "Read",
      "action": "s3:GetLifecycleConfiguration",
      "condition": null,
      "credentials_exposure": false,
      "data_access": false,
      "effective_action": "s3:GetLifecycleConfiguration",
      "privesc": false,
      "resource_exposure": false
    },
    {
      "access_level": "List",
      "action": "s3:ListAllMyBuckets",
      "condition": null,
      "credentials_exposure": false,
      "data_access": false,
      "effective_action": "s3:ListAllMyBuckets",
      "privesc": false,
      "resource_exposure": false
    },
    {
      "access_level": "Read",
      "action": "secretsmanager:DescribeSecret",
      "condition": null,
      "credentials_exposure": false,
      "data_access": false,
      "effective_action": "secretsmanager:DescribeSecret",
      "privesc": false,
      "resource_exposure": false
    },
    {
      "access_level": "List",
      "action": "secretsmanager:ListSecrets",
      "condition": null,
      "credentials_exposure": false,
      "data_access": false,
      "effective_action": "secretsmanager:ListSecrets",
      "privesc": false,
      "resource_exposure": false
    },
    {
      "access_level": "Read",
      "action": "securityhub:DescribeStandards",
      "condition": null,
      "credentials_exposure": false,
      "data_access": false,
      "effective_action": "securityhub:DescribeStandards",
      "privesc": false,
      "resource_exposure": false
    },
    {
      "access_level": "Read",
      "action": "sns:ListTagsForResource",
      "condition": null,
      "credentials_exposure": false,
      "data_access": false,
      "effective_action": "sns:ListTagsForResource",
      "privesc": false,
      "resource_exposure": false
    },
    {
      "access_level": "List",
      "action": "sns:ListTopics",
      "condition": null,
      "credentials_exposure": false,
      "data_access": false,
      "effective_action": "sns:ListTopics",
      "privesc": false,
      "resource_exposure": false
    },
    {
      "access_level": "Read",
      "action": "sqs:ListQueues",
      "condition": null,
      "credentials_exposure": false,
      "data_access": false,
      "effective_action": "sqs:ListQueues",
      "privesc": false,
      "resource_exposure": false
    },
    {
      "access_level": "Read",
      "action": "waf-regional:GetRule",
      "condition": null,
      "credentials_exposure": false,
      "data_access": false,
      "effective_action": "waf-regional:GetRule",
      "privesc": false,
      "resource_exposure": false
    },
    {
      "access_level": "Read",
      "action": "waf-regional:GetWebAcl",
      "condition": null,
      "credentials_exposure": false,
      "data_access": false,
      "effective_action": "waf-regional:GetWebACL",
      "privesc": false,
      "resource_exposure": false
    },
    {
      "access_level": "Read",
      "action": "waf:GetRule",
      "condition": null,
      "credentials_exposure": false,
      "data_access": false,
      "effective_action": "waf:GetRule",
      "privesc": false,
      "resource_exposure": false
    },
    {
      "access_level": "Read",
      "action": "waf:GetRuleGroup",
      "condition": null,
      "credentials_exposure": false,
      "data_access": false,
      "effective_action": "waf:GetRuleGroup",
      "privesc": false,
      "resource_exposure": false
    },
    {
      "access_level": "List",
      "action": "waf:ListActivatedRulesInRuleGroup",
      "condition": null,
      "credentials_exposure": false,
      "data_access": false,
      "effective_action": "waf:ListActivatedRulesInRuleGroup",
      "privesc": false,
      "resource_exposure": false
    },
    {
      "access_level": "List",
      "action": "waf:ListWebAcls",
      "condition": null,
      "credentials_exposure": false,
      "data_access": false,
      "effective_action": "waf:ListWebACLs",
      "privesc": false,
      "resource_exposure": false
    },
    {
      "access_level": "List",
      "action": "wafv2:ListWebAcls",
      "condition": null,
      "credentials_exposure": false,
      "data_access": false,
      "effective_action": "wafv2:ListWebACLs",
      "privesc": false,
      "resource_exposure": false
    },
    {
      "access_level": "Read",
      "action": "waf-regional:GetLoggingConfiguration",
      "condition": null,
      "credentials_exposure": false,
      "data_access": false,
      "effective_action": "waf-regional:GetLoggingConfiguration",
      "privesc": false,
      "resource_exposure": false
    },
    {
      "access_level": "List",
      "action": "waf-regional:ListRuleGroups",
      "condition": null,
      "credentials_exposure": false,
      "data_access": false,
      "effective_action": "waf-regional:ListRuleGroups",
      "privesc": false,
      "resource_exposure": false
    },
    {
      "access_level": "List",
      "action": "waf-regional:ListSubscribedRuleGroups",
      "condition": null,
      "credentials_exposure": false,
      "data_access": false,
      "effective_action": "waf-regional:ListSubscribedRuleGroups",
      "privesc": false,
      "resource_exposure": false
    },
    {
      "access_level": "List",
      "action": "waf-regional:ListWebACLs",
      "condition": null,
      "credentials_exposure": false,
      "data_access": false,
      "effective_action": "waf-regional:ListWebACLs",
      "privesc": false,
      "resource_exposure": false
    },
    {
      "access_level": "List",
      "action": "waf-regional:ListRules",
      "condition": null,
      "credentials_exposure": false,
      "data_access": false,
      "effective_action": "waf-regional:ListRules",
      "privesc": false,
      "resource_exposure": false
    },
    {
      "access_level": "List",
      "action": "waf:ListRuleGroups",
      "condition": null,
      "credentials_exposure": false,
      "data_access": false,
      "effective_action": "waf:ListRuleGroups",
      "privesc": false,
      "resource_exposure": false
    },
    {
      "access_level": "List",
      "action": "waf:ListRules",
      "condition": null,
      "credentials_exposure": false,
      "data_access": false,
      "effective_action": "waf:ListRules",
      "privesc": false,
      "resource_exposure": false
    },
    {
      "access_level": "Read",
      "action": "s3:GetBucketAcl",
      "condition": {
        "StringEquals": {
          "aws:ResourceAccount": [
            "${aws:PrincipalAccount}"
          ]
        }
      },
      "credentials_exposure": false,
      "data_access": false,
      "effective_action": "s3:GetBucketAcl",
      "privesc": false,
      "resource_exposure": false
    },
    {
      "access_level": "Read",
      "action": "s3:GetBucketLogging",
      "condition": {
        "StringEquals": {
          "aws:ResourceAccount": [
            "${aws:PrincipalAccount}"
          ]
        }
      },
      "credentials_exposure": false,
      "data_access": false,
      "effective_action": "s3:GetBucketLogging",
      "privesc": false,
      "resource_exposure": false
    },
    {
      "access_level": "Read",
      "action": "s3:GetBucketOwnershipControls",
      "condition": {
        "StringEquals": {
          "aws:ResourceAccount": [
            "${aws:PrincipalAccount}"
          ]
        }
      },
      "credentials_exposure": false,
      "data_access": false,
      "effective_action": "s3:GetBucketOwnershipControls",
      "privesc": false,
      "resource_exposure": false
    },
    {
      "access_level": "Read",
      "action": "s3:GetBucketPolicy",
      "condition": {
        "StringEquals": {
          "aws:ResourceAccount": [
            "${aws:PrincipalAccount}"
          ]
        }
      },
      "credentials_exposure": false,
      "data_access": false,
      "effective_action": "s3:GetBucketPolicy",
      "privesc": false,
      "resource_exposure": false
    },
    {
      "access_level": "Read",
      "action": "s3:GetBucketTagging",
      "condition": {
        "StringEquals": {
          "aws:ResourceAccount": [
            "${aws:PrincipalAccount}"
          ]
        }
      },
      "credentials_exposure": false,
      "data_access": false,
      "effective_action": "s3:GetBucketTagging",
      "privesc": false,
      "resource_exposure": false
    },
    {
      "access_level": "Read",
      "action": "apigateway:GET",
      "condition": {
        "StringEquals": {
          "aws:ResourceAccount": [
            "${aws:PrincipalAccount}"
          ]
        }
      },
      "credentials_exposure": false,
      "data_access": false,
      "effective_action": "apigateway:GET",
      "privesc": false,
      "resource_exposure": false
    },
    {
      "access_level": "Write",
      "action": "events:PutRule",
      "condition": {
        "ForAllValues:StringEquals": {
          "events:source": [
            "aws.securityhub"
          ]
        },
        "Null": {
          "events:source": "false"
        },
        "StringEquals": {
          "events:detail-type": "Security Hub Findings - Imported"
        }
      },
      "credentials_exposure": false,
      "data_access": false,
      "effective_action": "events:PutRule",
      "privesc": false,
      "resource_exposure": false
    },
    {
      "access_level": "Write",
      "action": "events:DeleteRule",
      "condition": null,
      "credentials_exposure": false,
      "data_access": false,
      "effective_action": "events:DeleteRule",
      "privesc": false,
      "resource_exposure": false
    },
    {
      "access_level": "Read",
      "action": "events:DescribeRule",
      "condition": null,
      "credentials_exposure": false,
      "data_access": false,
      "effective_action": "events:DescribeRule",
      "privesc": false,
      "resource_exposure": false
    },
    {
      "access_level": "Write",
      "action": "events:EnableRule",
      "condition": null,
      "credentials_exposure": false,
      "data_access": false,
      "effective_action": "events:EnableRule",
      "privesc": false,
      "resource_exposure": false
    },
    {
      "access_level": "Write",
      "action": "events:DisableRule",
      "condition": null,
      "credentials_exposure": false,
      "data_access": false,
      "effective_action": "events:DisableRule",
      "privesc": false,
      "resource_exposure": false
    },
    {
      "access_level": "List",
      "action": "events:ListTargetsByRule",
      "condition": null,
      "credentials_exposure": false,
      "data_access": false,
      "effective_action": "events:ListTargetsByRule",
      "privesc": false,
      "resource_exposure": false
    },
    {
      "access_level": "Write",
      "action": "events:PutTargets",
      "condition": null,
      "credentials_exposure": false,
      "data_access": false,
      "effective_action": "events:PutTargets",
      "privesc": false,
      "resource_exposure": false
    },
    {
      "access_level": "Write",
      "action": "events:RemoveTargets",
      "condition": null,
      "credentials_exposure": false,
      "data_access": false,
      "effective_action": "events:RemoveTargets",
      "privesc": false,
      "resource_exposure": false
    }
  ],
  "grantless": false,
  "malformed": false,
  "name": "AWSAuditManagerServiceRolePolicy",
  "privesc": false,
  "resource_exposure": false,
  "undocumented_actions": false,
  "unknown_actions": [],
  "updatedate": "2024-09-24T23:22:25+00:00",
  "version": "v10"
}