{
  "access_levels": [
    "List",
    "Read",
    "Tagging",
    "Write",
    "Permissions management"
  ],
  "arn": "arn:aws:iam::aws:policy/AWSAppSyncAdministrator",
  "createdate": "2019-11-04T19:23:49Z",
  "credentials_exposure": true,
  "data_access": true,
  "deprecated": false,
  "document": {
    "Statement": [
      {
        "Action": [
          "appsync:*"
        ],
        "Effect": "Allow",
        "Resource": "*"
      },
      {
        "Action": [
          "iam:PassRole"
        ],
        "Condition": {
          "StringEquals": {
            "iam:PassedToService": [
              "appsync.amazonaws.com"
            ]
          }
        },
        "Effect": "Allow",
        "Resource": "*"
      },
      {
        "Action": [
          "iam:CreateServiceLinkedRole"
        ],
        "Condition": {
          "StringEquals": {
            "iam:AWSServiceName": "appsync.amazonaws.com"
          }
        },
        "Effect": "Allow",
        "Resource": "*"
      },
      {
        "Action": [
          "iam:DeleteServiceLinkedRole",
          "iam:GetServiceLinkedRoleDeletionStatus"
        ],
        "Effect": "Allow",
        "Resource": "arn:aws:iam::*:role/aws-service-role/appsync.amazonaws.com/AWSServiceRoleForAppSync*"
      }
    ],
    "Version": "2012-10-17"
  },
  "effective_actions": [
    {
      "access_level": "Write",
      "action": "appsync:*",
      "condition": null,
      "credentials_exposure": false,
      "data_access": false,
      "effective_action": "appsync:AssociateApi",
      "privesc": false,
      "resource_exposure": false
    },
    {
      "access_level": "Write",
      "action": "appsync:*",
      "condition": null,
      "credentials_exposure": false,
      "data_access": false,
      "effective_action": "appsync:AssociateMergedGraphqlApi",
      "privesc": false,
      "resource_exposure": false
    },
    {
      "access_level": "Write",
      "action": "appsync:*",
      "condition": null,
      "credentials_exposure": false,
      "data_access": false,
      "effective_action": "appsync:AssociateSourceGraphqlApi",
      "privesc": false,
      "resource_exposure": false
    },
    {
      "access_level": "Write",
      "action": "appsync:*",
      "condition": null,
      "credentials_exposure": false,
      "data_access": false,
      "effective_action": "appsync:CreateApi",
      "privesc": false,
      "resource_exposure": false
    },
    {
      "access_level": "Write",
      "action": "appsync:*",
      "condition": null,
      "credentials_exposure": false,
      "data_access": false,
      "effective_action": "appsync:CreateApiCache",
      "privesc": false,
      "resource_exposure": false
    },
    {
      "access_level": "Write",
      "action": "appsync:*",
      "condition": null,
      "credentials_exposure": false,
      "data_access": false,
      "effective_action": "appsync:CreateApiKey",
      "privesc": false,
      "resource_exposure": false
    },
    {
      "access_level": "Write",
      "action": "appsync:*",
      "condition": null,
      "credentials_exposure": false,
      "data_access": false,
      "effective_action": "appsync:CreateChannelNamespace",
      "privesc": false,
      "resource_exposure": false
    },
    {
      "access_level": "Write",
      "action": "appsync:*",
      "condition": null,
      "credentials_exposure": false,
      "data_access": false,
      "effective_action": "appsync:CreateDataSource",
      "privesc": false,
      "resource_exposure": false
    },
    {
      "access_level": "Write",
      "action": "appsync:*",
      "condition": null,
      "credentials_exposure": false,
      "data_access": false,
      "effective_action": "appsync:CreateDomainName",
      "privesc": false,
      "resource_exposure": false
    },
    {
      "access_level": "Write",
      "action": "appsync:*",
      "condition": null,
      "credentials_exposure": false,
      "data_access": false,
      "effective_action": "appsync:CreateFunction",
      "privesc": false,
      "resource_exposure": false
    },
    {
      "access_level": "Write",
      "action": "appsync:*",
      "condition": null,
      "credentials_exposure": false,
      "data_access": false,
      "effective_action": "appsync:CreateGraphqlApi",
      "privesc": false,
      "resource_exposure": false
    },
    {
      "access_level": "Write",
      "action": "appsync:*",
      "condition": null,
      "credentials_exposure": false,
      "data_access": false,
      "effective_action": "appsync:CreateResolver",
      "privesc": false,
      "resource_exposure": false
    },
    {
      "access_level": "Write",
      "action": "appsync:*",
      "condition": null,
      "credentials_exposure": false,
      "data_access": false,
      "effective_action": "appsync:CreateType",
      "privesc": false,
      "resource_exposure": false
    },
    {
      "access_level": "Write",
      "action": "appsync:*",
      "condition": null,
      "credentials_exposure": false,
      "data_access": false,
      "effective_action": "appsync:DeleteApi",
      "privesc": false,
      "resource_exposure": false
    },
    {
      "access_level": "Write",
      "action": "appsync:*",
      "condition": null,
      "credentials_exposure": false,
      "data_access": false,
      "effective_action": "appsync:DeleteApiCache",
      "privesc": false,
      "resource_exposure": false
    },
    {
      "access_level": "Write",
      "action": "appsync:*",
      "condition": null,
      "credentials_exposure": false,
      "data_access": false,
      "effective_action": "appsync:DeleteApiKey",
      "privesc": false,
      "resource_exposure": false
    },
    {
      "access_level": "Write",
      "action": "appsync:*",
      "condition": null,
      "credentials_exposure": false,
      "data_access": false,
      "effective_action": "appsync:DeleteChannelNamespace",
      "privesc": false,
      "resource_exposure": false
    },
    {
      "access_level": "Write",
      "action": "appsync:*",
      "condition": null,
      "credentials_exposure": false,
      "data_access": false,
      "effective_action": "appsync:DeleteDataSource",
      "privesc": false,
      "resource_exposure": false
    },
    {
      "access_level": "Write",
      "action": "appsync:*",
      "condition": null,
      "credentials_exposure": false,
      "data_access": false,
      "effective_action": "appsync:DeleteDomainName",
      "privesc": false,
      "resource_exposure": false
    },
    {
      "access_level": "Write",
      "action": "appsync:*",
      "condition": null,
      "credentials_exposure": false,
      "data_access": false,
      "effective_action": "appsync:DeleteFunction",
      "privesc": false,
      "resource_exposure": false
    },
    {
      "access_level": "Write",
      "action": "appsync:*",
      "condition": null,
      "credentials_exposure": false,
      "data_access": false,
      "effective_action": "appsync:DeleteGraphqlApi",
      "privesc": false,
      "resource_exposure": false
    },
    {
      "access_level": "Write",
      "action": "appsync:*",
      "condition": null,
      "credentials_exposure": false,
      "data_access": false,
      "effective_action": "appsync:DeleteResolver",
      "privesc": false,
      "resource_exposure": false
    },
    {
      "access_level": "Write",
      "action": "appsync:*",
      "condition": null,
      "credentials_exposure": false,
      "data_access": false,
      "effective_action": "appsync:DeleteResourcePolicy",
      "privesc": false,
      "resource_exposure": false
    },
    {
      "access_level": "Write",
      "action": "appsync:*",
      "condition": null,
      "credentials_exposure": false,
      "data_access": false,
      "effective_action": "appsync:DeleteType",
      "privesc": false,
      "resource_exposure": false
    },
    {
      "access_level": "Write",
      "action": "appsync:*",
      "condition": null,
      "credentials_exposure": false,
      "data_access": false,
      "effective_action": "appsync:DisassociateApi",
      "privesc": false,
      "resource_exposure": false
    },
    {
      "access_level": "Write",
      "action": "appsync:*",
      "condition": null,
      "credentials_exposure": false,
      "data_access": false,
      "effective_action": "appsync:DisassociateMergedGraphqlApi",
      "privesc": false,
      "resource_exposure": false
    },
    {
      "access_level": "Write",
      "action": "appsync:*",
      "condition": null,
      "credentials_exposure": false,
      "data_access": false,
      "effective_action": "appsync:DisassociateSourceGraphqlApi",
      "privesc": false,
      "resource_exposure": false
    },
    {
      "access_level": "Read",
      "action": "appsync:*",
      "condition": null,
      "credentials_exposure": false,
      "data_access": false,
      "effective_action": "appsync:EvaluateCode",
      "privesc": false,
      "resource_exposure": false
    },
    {
      "access_level": "Read",
      "action": "appsync:*",
      "condition": null,
      "credentials_exposure": false,
      "data_access": false,
      "effective_action": "appsync:EvaluateMappingTemplate",
      "privesc": false,
      "resource_exposure": false
    },
    {
      "access_level": "Write",
      "action": "appsync:*",
      "condition": null,
      "credentials_exposure": false,
      "data_access": false,
      "effective_action": "appsync:EventConnect",
      "privesc": false,
      "resource_exposure": false
    },
    {
      "access_level": "Write",
      "action": "appsync:*",
      "condition": null,
      "credentials_exposure": false,
      "data_access": false,
      "effective_action": "appsync:EventPublish",
      "privesc": false,
      "resource_exposure": false
    },
    {
      "access_level": "Write",
      "action": "appsync:*",
      "condition": null,
      "credentials_exposure": false,
      "data_access": false,
      "effective_action": "appsync:EventSubscribe",
      "privesc": false,
      "resource_exposure": false
    },
    {
      "access_level": "Write",
      "action": "appsync:*",
      "condition": null,
      "credentials_exposure": false,
      "data_access": false,
      "effective_action": "appsync:FlushApiCache",
      "privesc": false,
      "resource_exposure": false
    },
    {
      "access_level": "Read",
      "action": "appsync:*",
      "condition": null,
      "credentials_exposure": false,
      "data_access": false,
      "effective_action": "appsync:GetApi",
      "privesc": false,
      "resource_exposure": false
    },
    {
      "access_level": "Read",
      "action": "appsync:*",
      "condition": null,
      "credentials_exposure": false,
      "data_access": false,
      "effective_action": "appsync:GetApiAssociation",
      "privesc": false,
      "resource_exposure": false
    },
    {
      "access_level": "Read",
      "action": "appsync:*",
      "condition": null,
      "credentials_exposure": false,
      "data_access": false,
      "effective_action": "appsync:GetApiCache",
      "privesc": false,
      "resource_exposure": false
    },
    {
      "access_level": "Read",
      "action": "appsync:*",
      "condition": null,
      "credentials_exposure": false,
      "data_access": false,
      "effective_action": "appsync:GetChannelNamespace",
      "privesc": false,
      "resource_exposure": false
    },
    {
      "access_level": "Read",
      "action": "appsync:*",
      "condition": null,
      "credentials_exposure": false,
      "data_access": true,
      "effective_action": "appsync:GetDataSource",
      "privesc": false,
      "resource_exposure": false
    },
    {
      "access_level": "Read",
      "action": "appsync:*",
      "condition": null,
      "credentials_exposure": false,
      "data_access": false,
      "effective_action": "appsync:GetDataSourceIntrospection",
      "privesc": false,
      "resource_exposure": false
    },
    {
      "access_level": "Read",
      "action": "appsync:*",
      "condition": null,
      "credentials_exposure": false,
      "data_access": false,
      "effective_action": "appsync:GetDomainName",
      "privesc": false,
      "resource_exposure": false
    },
    {
      "access_level": "Read",
      "action": "appsync:*",
      "condition": null,
      "credentials_exposure": false,
      "data_access": true,
      "effective_action": "appsync:GetFunction",
      "privesc": false,
      "resource_exposure": false
    },
    {
      "access_level": "Read",
      "action": "appsync:*",
      "condition": null,
      "credentials_exposure": false,
      "data_access": false,
      "effective_action": "appsync:GetGraphqlApi",
      "privesc": false,
      "resource_exposure": false
    },
    {
      "access_level": "Read",
      "action": "appsync:*",
      "condition": null,
      "credentials_exposure": false,
      "data_access": false,
      "effective_action": "appsync:GetGraphqlApiEnvironmentVariables",
      "privesc": false,
      "resource_exposure": false
    },
    {
      "access_level": "Read",
      "action": "appsync:*",
      "condition": null,
      "credentials_exposure": false,
      "data_access": false,
      "effective_action": "appsync:GetIntrospectionSchema",
      "privesc": false,
      "resource_exposure": false
    },
    {
      "access_level": "Read",
      "action": "appsync:*",
      "condition": null,
      "credentials_exposure": false,
      "data_access": false,
      "effective_action": "appsync:GetResolver",
      "privesc": false,
      "resource_exposure": false
    },
    {
      "access_level": "Read",
      "action": "appsync:*",
      "condition": null,
      "credentials_exposure": false,
      "data_access": false,
      "effective_action": "appsync:GetResourcePolicy",
      "privesc": false,
      "resource_exposure": false
    },
    {
      "access_level": "Read",
      "action": "appsync:*",
      "condition": null,
      "credentials_exposure": false,
      "data_access": false,
      "effective_action": "appsync:GetSchemaCreationStatus",
      "privesc": false,
      "resource_exposure": false
    },
    {
      "access_level": "Read",
      "action": "appsync:*",
      "condition": null,
      "credentials_exposure": false,
      "data_access": false,
      "effective_action": "appsync:GetSourceApiAssociation",
      "privesc": false,
      "resource_exposure": false
    },
    {
      "access_level": "Read",
      "action": "appsync:*",
      "condition": null,
      "credentials_exposure": false,
      "data_access": false,
      "effective_action": "appsync:GetType",
      "privesc": false,
      "resource_exposure": false
    },
    {
      "access_level": "Write",
      "action": "appsync:*",
      "condition": null,
      "credentials_exposure": false,
      "data_access": false,
      "effective_action": "appsync:GraphQL",
      "privesc": false,
      "resource_exposure": false
    },
    {
      "access_level": "List",
      "action": "appsync:*",
      "condition": null,
      "credentials_exposure": true,
      "data_access": false,
      "effective_action": "appsync:ListApiKeys",
      "privesc": false,
      "resource_exposure": false
    },
    {
      "access_level": "List",
      "action": "appsync:*",
      "condition": null,
      "credentials_exposure": false,
      "data_access": false,
      "effective_action": "appsync:ListApis",
      "privesc": false,
      "resource_exposure": false
    },
    {
      "access_level": "List",
      "action": "appsync:*",
      "condition": null,
      "credentials_exposure": false,
      "data_access": false,
      "effective_action": "appsync:ListChannelNamespaces",
      "privesc": false,
      "resource_exposure": false
    },
    {
      "access_level": "List",
      "action": "appsync:*",
      "condition": null,
      "credentials_exposure": false,
      "data_access": false,
      "effective_action": "appsync:ListDataSources",
      "privesc": false,
      "resource_exposure": false
    },
    {
      "access_level": "List",
      "action": "appsync:*",
      "condition": null,
      "credentials_exposure": false,
      "data_access": false,
      "effective_action": "appsync:ListDomainNames",
      "privesc": false,
      "resource_exposure": false
    },
    {
      "access_level": "List",
      "action": "appsync:*",
      "condition": null,
      "credentials_exposure": false,
      "data_access": false,
      "effective_action": "appsync:ListFunctions",
      "privesc": false,
      "resource_exposure": false
    },
    {
      "access_level": "List",
      "action": "appsync:*",
      "condition": null,
      "credentials_exposure": false,
      "data_access": false,
      "effective_action": "appsync:ListGraphqlApis",
      "privesc": false,
      "resource_exposure": false
    },
    {
      "access_level": "List",
      "action": "appsync:*",
      "condition": null,
      "credentials_exposure": false,
      "data_access": false,
      "effective_action": "appsync:ListResolvers",
      "privesc": false,
      "resource_exposure": false
    },
    {
      "access_level": "List",
      "action": "appsync:*",
      "condition": null,
      "credentials_exposure": false,
      "data_access": false,
      "effective_action": "appsync:ListResolversByFunction",
      "privesc": false,
      "resource_exposure": false
    },
    {
      "access_level": "List",
      "action": "appsync:*",
      "condition": null,
      "credentials_exposure": false,
      "data_access": false,
      "effective_action": "appsync:ListSourceApiAssociations",
      "privesc": false,
      "resource_exposure": false
    },
    {
      "access_level": "Read",
      "action": "appsync:*",
      "condition": null,
      "credentials_exposure": false,
      "data_access": false,
      "effective_action": "appsync:ListTagsForResource",
      "privesc": false,
      "resource_exposure": false
    },
    {
      "access_level": "List",
      "action": "appsync:*",
      "condition": null,
      "credentials_exposure": false,
      "data_access": false,
      "effective_action": "appsync:ListTypes",
      "privesc": false,
      "resource_exposure": false
    },
    {
      "access_level": "List",
      "action": "appsync:*",
      "condition": null,
      "credentials_exposure": false,
      "data_access": false,
      "effective_action": "appsync:ListTypesByAssociation",
      "privesc": false,
      "resource_exposure": false
    },
    {
      "access_level": "Write",
      "action": "appsync:*",
      "condition": null,
      "credentials_exposure": false,
      "data_access": false,
      "effective_action": "appsync:PutGraphqlApiEnvironmentVariables",
      "privesc": false,
      "resource_exposure": false
    },
    {
      "access_level": "Write",
      "action": "appsync:*",
      "condition": null,
      "credentials_exposure": false,
      "data_access": false,
      "effective_action": "appsync:PutResourcePolicy",
      "privesc": false,
      "resource_exposure": false
    },
    {
      "access_level": "Permissions management",
      "action": "appsync:*",
      "condition": null,
      "credentials_exposure": false,
      "data_access": false,
      "effective_action": "appsync:SetWebACL",
      "privesc": false,
      "resource_exposure": false
    },
    {
      "access_level": "Write",
      "action": "appsync:*",
      "condition": null,
      "credentials_exposure": false,
      "data_access": false,
      "effective_action": "appsync:SourceGraphQL",
      "privesc": false,
      "resource_exposure": false
    },
    {
      "access_level": "Write",
      "action": "appsync:*",
      "condition": null,
      "credentials_exposure": false,
      "data_access": false,
      "effective_action": "appsync:StartDataSourceIntrospection",
      "privesc": false,
      "resource_exposure": false
    },
    {
      "access_level": "Write",
      "action": "appsync:*",
      "condition": null,
      "credentials_exposure": false,
      "data_access": false,
      "effective_action": "appsync:StartSchemaCreation",
      "privesc": false,
      "resource_exposure": false
    },
    {
      "access_level": "Write",
      "action": "appsync:*",
      "condition": null,
      "credentials_exposure": false,
      "data_access": false,
      "effective_action": "appsync:StartSchemaMerge",
      "privesc": false,
      "resource_exposure": false
    },
    {
      "access_level": "Tagging",
      "action": "appsync:*",
      "condition": null,
      "credentials_exposure": false,
      "data_access": false,
      "effective_action": "appsync:TagResource",
      "privesc": false,
      "resource_exposure": false
    },
    {
      "access_level": "Tagging",
      "action": "appsync:*",
      "condition": null,
      "credentials_exposure": false,
      "data_access": false,
      "effective_action": "appsync:UntagResource",
      "privesc": false,
      "resource_exposure": false
    },
    {
      "access_level": "Write",
      "action": "appsync:*",
      "condition": null,
      "credentials_exposure": false,
      "data_access": false,
      "effective_action": "appsync:UpdateApi",
      "privesc": false,
      "resource_exposure": false
    },
    {
      "access_level": "Write",
      "action": "appsync:*",
      "condition": null,
      "credentials_exposure": false,
      "data_access": false,
      "effective_action": "appsync:UpdateApiCache",
      "privesc": false,
      "resource_exposure": false
    },
    {
      "access_level": "Write",
      "action": "appsync:*",
      "condition": null,
      "credentials_exposure": false,
      "data_access": false,
      "effective_action": "appsync:UpdateApiKey",
      "privesc": false,
      "resource_exposure": false
    },
    {
      "access_level": "Write",
      "action": "appsync:*",
      "condition": null,
      "credentials_exposure": false,
      "data_access": false,
      "effective_action": "appsync:UpdateChannelNamespace",
      "privesc": false,
      "resource_exposure": false
    },
    {
      "access_level": "Write",
      "action": "appsync:*",
      "condition": null,
      "credentials_exposure": false,
      "data_access": false,
      "effective_action": "appsync:UpdateDataSource",
      "privesc": false,
      "resource_exposure": false
    },
    {
      "access_level": "Write",
      "action": "appsync:*",
      "condition": null,
      "credentials_exposure": false,
      "data_access": false,
      "effective_action": "appsync:UpdateDomainName",
      "privesc": false,
      "resource_exposure": false
    },
    {
      "access_level": "Write",
      "action": "appsync:*",
      "condition": null,
      "credentials_exposure": false,
      "data_access": false,
      "effective_action": "appsync:UpdateFunction",
      "privesc": false,
      "resource_exposure": false
    },
    {
      "access_level": "Write",
      "action": "appsync:*",
      "condition": null,
      "credentials_exposure": false,
      "data_access": false,
      "effective_action": "appsync:UpdateGraphqlApi",
      "privesc": false,
      "resource_exposure": false
    },
    {
      "access_level": "Write",
      "action": "appsync:*",
      "condition": null,
      "credentials_exposure": false,
      "data_access": false,
      "effective_action": "appsync:UpdateResolver",
      "privesc": false,
      "resource_exposure": false
    },
    {
      "access_level": "Write",
      "action": "appsync:*",
      "condition": null,
      "credentials_exposure": false,
      "data_access": false,
      "effective_action": "appsync:UpdateSourceApiAssociation",
      "privesc": false,
      "resource_exposure": false
    },
    {
      "access_level": "Write",
      "action": "appsync:*",
      "condition": null,
      "credentials_exposure": false,
      "data_access": false,
      "effective_action": "appsync:UpdateType",
      "privesc": false,
      "resource_exposure": false
    },
    {
      "access_level": "Permissions management",
      "action": "iam:PassRole",
      "condition": {
        "StringEquals": {
          "iam:PassedToService": [
            "appsync.amazonaws.com"
          ]
        }
      },
      "credentials_exposure": false,
      "data_access": false,
      "effective_action": "iam:PassRole",
      "privesc": true,
      "resource_exposure": true
    },
    {
      "access_level": "Permissions management",
      "action": "iam:CreateServiceLinkedRole",
      "condition": {
        "StringEquals": {
          "iam:AWSServiceName": "appsync.amazonaws.com"
        }
      },
      "credentials_exposure": false,
      "data_access": false,
      "effective_action": "iam:CreateServiceLinkedRole",
      "privesc": true,
      "resource_exposure": true
    },
    {
      "access_level": "Permissions management",
      "action": "iam:DeleteServiceLinkedRole",
      "condition": null,
      "credentials_exposure": false,
      "data_access": false,
      "effective_action": "iam:DeleteServiceLinkedRole",
      "privesc": false,
      "resource_exposure": true
    },
    {
      "access_level": "Read",
      "action": "iam:GetServiceLinkedRoleDeletionStatus",
      "condition": null,
      "credentials_exposure": false,
      "data_access": false,
      "effective_action": "iam:GetServiceLinkedRoleDeletionStatus",
      "privesc": false,
      "resource_exposure": false
    }
  ],
  "grantless": false,
  "malformed": false,
  "name": "AWSAppSyncAdministrator",
  "privesc": true,
  "resource_exposure": true,
  "undocumented_actions": false,
  "unknown_actions": [],
  "updatedate": "2019-11-04T19:23:49+00:00",
  "version": "v2"
}