{
  "access_levels": [
    "List",
    "Read",
    "Write"
  ],
  "arn": "arn:aws:iam::aws:policy/AWSAccountManagementFullAccess",
  "createdate": "2021-09-30T23:20:37Z",
  "credentials_exposure": false,
  "data_access": false,
  "deprecated": false,
  "document": {
    "Statement": [
      {
        "Action": [
          "account:*"
        ],
        "Effect": "Allow",
        "Resource": "*"
      }
    ],
    "Version": "2012-10-17"
  },
  "effective_actions": [
    {
      "access_level": "Write",
      "action": "account:*",
      "condition": null,
      "credentials_exposure": false,
      "data_access": false,
      "effective_action": "account:AcceptPrimaryEmailUpdate",
      "privesc": false,
      "resource_exposure": false
    },
    {
      "access_level": "Write",
      "action": "account:*",
      "condition": null,
      "credentials_exposure": false,
      "data_access": false,
      "effective_action": "account:CloseAccount",
      "privesc": false,
      "resource_exposure": false
    },
    {
      "access_level": "Write",
      "action": "account:*",
      "condition": null,
      "credentials_exposure": false,
      "data_access": false,
      "effective_action": "account:DeleteAlternateContact",
      "privesc": false,
      "resource_exposure": false
    },
    {
      "access_level": "Write",
      "action": "account:*",
      "condition": null,
      "credentials_exposure": false,
      "data_access": false,
      "effective_action": "account:DisableRegion",
      "privesc": false,
      "resource_exposure": false
    },
    {
      "access_level": "Write",
      "action": "account:*",
      "condition": null,
      "credentials_exposure": false,
      "data_access": false,
      "effective_action": "account:EnableRegion",
      "privesc": false,
      "resource_exposure": false
    },
    {
      "access_level": "Read",
      "action": "account:*",
      "condition": null,
      "credentials_exposure": false,
      "data_access": false,
      "effective_action": "account:GetAccountInformation",
      "privesc": false,
      "resource_exposure": false
    },
    {
      "access_level": "Read",
      "action": "account:*",
      "condition": null,
      "credentials_exposure": false,
      "data_access": false,
      "effective_action": "account:GetAlternateContact",
      "privesc": false,
      "resource_exposure": false
    },
    {
      "access_level": "Read",
      "action": "account:*",
      "condition": null,
      "credentials_exposure": false,
      "data_access": false,
      "effective_action": "account:GetContactInformation",
      "privesc": false,
      "resource_exposure": false
    },
    {
      "access_level": "Read",
      "action": "account:*",
      "condition": null,
      "credentials_exposure": false,
      "data_access": false,
      "effective_action": "account:GetPrimaryEmail",
      "privesc": false,
      "resource_exposure": false
    },
    {
      "access_level": "Read",
      "action": "account:*",
      "condition": null,
      "credentials_exposure": false,
      "data_access": false,
      "effective_action": "account:GetRegionOptStatus",
      "privesc": false,
      "resource_exposure": false
    },
    {
      "access_level": "List",
      "action": "account:*",
      "condition": null,
      "credentials_exposure": false,
      "data_access": false,
      "effective_action": "account:ListRegions",
      "privesc": false,
      "resource_exposure": false
    },
    {
      "access_level": "Write",
      "action": "account:*",
      "condition": null,
      "credentials_exposure": false,
      "data_access": false,
      "effective_action": "account:PutAccountName",
      "privesc": false,
      "resource_exposure": false
    },
    {
      "access_level": "Write",
      "action": "account:*",
      "condition": null,
      "credentials_exposure": false,
      "data_access": false,
      "effective_action": "account:PutAlternateContact",
      "privesc": false,
      "resource_exposure": false
    },
    {
      "access_level": "Write",
      "action": "account:*",
      "condition": null,
      "credentials_exposure": false,
      "data_access": false,
      "effective_action": "account:PutContactInformation",
      "privesc": false,
      "resource_exposure": false
    },
    {
      "access_level": "Write",
      "action": "account:*",
      "condition": null,
      "credentials_exposure": false,
      "data_access": false,
      "effective_action": "account:StartPrimaryEmailUpdate",
      "privesc": false,
      "resource_exposure": false
    }
  ],
  "grantless": false,
  "malformed": false,
  "name": "AWSAccountManagementFullAccess",
  "privesc": false,
  "resource_exposure": false,
  "undocumented_actions": false,
  "unknown_actions": [],
  "updatedate": "2021-09-30T23:20:37+00:00",
  "version": "v1"
}