{
  "access_levels": [
    "List",
    "Read",
    "Tagging",
    "Write",
    "Permissions management"
  ],
  "arn": "arn:aws:iam::aws:policy/AWSAppMeshFullAccess",
  "createdate": "2021-01-07T19:54:08Z",
  "credentials_exposure": false,
  "data_access": false,
  "deprecated": false,
  "document": {
    "Statement": [
      {
        "Action": [
          "appmesh:*"
        ],
        "Effect": "Allow",
        "Resource": "*"
      },
      {
        "Action": [
          "iam:CreateServiceLinkedRole"
        ],
        "Condition": {
          "StringLike": {
            "iam:AWSServiceName": [
              "appmesh.amazonaws.com"
            ]
          }
        },
        "Effect": "Allow",
        "Resource": "arn:aws:iam::*:role/aws-service-role/appmesh.amazonaws.com/AWSServiceRoleForAppMesh"
      },
      {
        "Action": [
          "cloudformation:CreateStack",
          "cloudformation:DeleteStack",
          "cloudformation:DescribeStack*",
          "cloudformation:UpdateStack"
        ],
        "Effect": "Allow",
        "Resource": "arn:aws:cloudformation:*:*:stack/AWSAppMesh-GettingStarted-*"
      },
      {
        "Action": [
          "acm:ListCertificates",
          "acm:DescribeCertificate",
          "acm-pca:DescribeCertificateAuthority",
          "acm-pca:ListCertificateAuthorities"
        ],
        "Effect": "Allow",
        "Resource": "*"
      },
      {
        "Action": [
          "servicediscovery:ListNamespaces",
          "servicediscovery:ListServices",
          "servicediscovery:ListInstances"
        ],
        "Effect": "Allow",
        "Resource": "*"
      }
    ],
    "Version": "2012-10-17"
  },
  "effective_actions": [
    {
      "access_level": "Write",
      "action": "appmesh:*",
      "condition": null,
      "credentials_exposure": false,
      "data_access": false,
      "effective_action": "appmesh:CreateGatewayRoute",
      "privesc": false,
      "resource_exposure": false
    },
    {
      "access_level": "Write",
      "action": "appmesh:*",
      "condition": null,
      "credentials_exposure": false,
      "data_access": false,
      "effective_action": "appmesh:CreateMesh",
      "privesc": false,
      "resource_exposure": false
    },
    {
      "access_level": "Write",
      "action": "appmesh:*",
      "condition": null,
      "credentials_exposure": false,
      "data_access": false,
      "effective_action": "appmesh:CreateRoute",
      "privesc": false,
      "resource_exposure": false
    },
    {
      "access_level": "Write",
      "action": "appmesh:*",
      "condition": null,
      "credentials_exposure": false,
      "data_access": false,
      "effective_action": "appmesh:CreateVirtualGateway",
      "privesc": false,
      "resource_exposure": false
    },
    {
      "access_level": "Write",
      "action": "appmesh:*",
      "condition": null,
      "credentials_exposure": false,
      "data_access": false,
      "effective_action": "appmesh:CreateVirtualNode",
      "privesc": false,
      "resource_exposure": false
    },
    {
      "access_level": "Write",
      "action": "appmesh:*",
      "condition": null,
      "credentials_exposure": false,
      "data_access": false,
      "effective_action": "appmesh:CreateVirtualRouter",
      "privesc": false,
      "resource_exposure": false
    },
    {
      "access_level": "Write",
      "action": "appmesh:*",
      "condition": null,
      "credentials_exposure": false,
      "data_access": false,
      "effective_action": "appmesh:CreateVirtualService",
      "privesc": false,
      "resource_exposure": false
    },
    {
      "access_level": "Write",
      "action": "appmesh:*",
      "condition": null,
      "credentials_exposure": false,
      "data_access": false,
      "effective_action": "appmesh:DeleteGatewayRoute",
      "privesc": false,
      "resource_exposure": false
    },
    {
      "access_level": "Write",
      "action": "appmesh:*",
      "condition": null,
      "credentials_exposure": false,
      "data_access": false,
      "effective_action": "appmesh:DeleteMesh",
      "privesc": false,
      "resource_exposure": false
    },
    {
      "access_level": "Write",
      "action": "appmesh:*",
      "condition": null,
      "credentials_exposure": false,
      "data_access": false,
      "effective_action": "appmesh:DeleteMeshPolicy",
      "privesc": false,
      "resource_exposure": false
    },
    {
      "access_level": "Write",
      "action": "appmesh:*",
      "condition": null,
      "credentials_exposure": false,
      "data_access": false,
      "effective_action": "appmesh:DeleteRoute",
      "privesc": false,
      "resource_exposure": false
    },
    {
      "access_level": "Write",
      "action": "appmesh:*",
      "condition": null,
      "credentials_exposure": false,
      "data_access": false,
      "effective_action": "appmesh:DeleteVirtualGateway",
      "privesc": false,
      "resource_exposure": false
    },
    {
      "access_level": "Write",
      "action": "appmesh:*",
      "condition": null,
      "credentials_exposure": false,
      "data_access": false,
      "effective_action": "appmesh:DeleteVirtualNode",
      "privesc": false,
      "resource_exposure": false
    },
    {
      "access_level": "Write",
      "action": "appmesh:*",
      "condition": null,
      "credentials_exposure": false,
      "data_access": false,
      "effective_action": "appmesh:DeleteVirtualRouter",
      "privesc": false,
      "resource_exposure": false
    },
    {
      "access_level": "Write",
      "action": "appmesh:*",
      "condition": null,
      "credentials_exposure": false,
      "data_access": false,
      "effective_action": "appmesh:DeleteVirtualService",
      "privesc": false,
      "resource_exposure": false
    },
    {
      "access_level": "Read",
      "action": "appmesh:*",
      "condition": null,
      "credentials_exposure": false,
      "data_access": false,
      "effective_action": "appmesh:DescribeGatewayRoute",
      "privesc": false,
      "resource_exposure": false
    },
    {
      "access_level": "Read",
      "action": "appmesh:*",
      "condition": null,
      "credentials_exposure": false,
      "data_access": false,
      "effective_action": "appmesh:DescribeMesh",
      "privesc": false,
      "resource_exposure": false
    },
    {
      "access_level": "Read",
      "action": "appmesh:*",
      "condition": null,
      "credentials_exposure": false,
      "data_access": false,
      "effective_action": "appmesh:DescribeRoute",
      "privesc": false,
      "resource_exposure": false
    },
    {
      "access_level": "Read",
      "action": "appmesh:*",
      "condition": null,
      "credentials_exposure": false,
      "data_access": false,
      "effective_action": "appmesh:DescribeVirtualGateway",
      "privesc": false,
      "resource_exposure": false
    },
    {
      "access_level": "Read",
      "action": "appmesh:*",
      "condition": null,
      "credentials_exposure": false,
      "data_access": false,
      "effective_action": "appmesh:DescribeVirtualNode",
      "privesc": false,
      "resource_exposure": false
    },
    {
      "access_level": "Read",
      "action": "appmesh:*",
      "condition": null,
      "credentials_exposure": false,
      "data_access": false,
      "effective_action": "appmesh:DescribeVirtualRouter",
      "privesc": false,
      "resource_exposure": false
    },
    {
      "access_level": "Read",
      "action": "appmesh:*",
      "condition": null,
      "credentials_exposure": false,
      "data_access": false,
      "effective_action": "appmesh:DescribeVirtualService",
      "privesc": false,
      "resource_exposure": false
    },
    {
      "access_level": "Read",
      "action": "appmesh:*",
      "condition": null,
      "credentials_exposure": false,
      "data_access": false,
      "effective_action": "appmesh:GetMeshPolicy",
      "privesc": false,
      "resource_exposure": false
    },
    {
      "access_level": "List",
      "action": "appmesh:*",
      "condition": null,
      "credentials_exposure": false,
      "data_access": false,
      "effective_action": "appmesh:ListGatewayRoutes",
      "privesc": false,
      "resource_exposure": false
    },
    {
      "access_level": "List",
      "action": "appmesh:*",
      "condition": null,
      "credentials_exposure": false,
      "data_access": false,
      "effective_action": "appmesh:ListMeshes",
      "privesc": false,
      "resource_exposure": false
    },
    {
      "access_level": "List",
      "action": "appmesh:*",
      "condition": null,
      "credentials_exposure": false,
      "data_access": false,
      "effective_action": "appmesh:ListRoutes",
      "privesc": false,
      "resource_exposure": false
    },
    {
      "access_level": "List",
      "action": "appmesh:*",
      "condition": null,
      "credentials_exposure": false,
      "data_access": false,
      "effective_action": "appmesh:ListTagsForResource",
      "privesc": false,
      "resource_exposure": false
    },
    {
      "access_level": "List",
      "action": "appmesh:*",
      "condition": null,
      "credentials_exposure": false,
      "data_access": false,
      "effective_action": "appmesh:ListVirtualGateways",
      "privesc": false,
      "resource_exposure": false
    },
    {
      "access_level": "List",
      "action": "appmesh:*",
      "condition": null,
      "credentials_exposure": false,
      "data_access": false,
      "effective_action": "appmesh:ListVirtualNodes",
      "privesc": false,
      "resource_exposure": false
    },
    {
      "access_level": "List",
      "action": "appmesh:*",
      "condition": null,
      "credentials_exposure": false,
      "data_access": false,
      "effective_action": "appmesh:ListVirtualRouters",
      "privesc": false,
      "resource_exposure": false
    },
    {
      "access_level": "List",
      "action": "appmesh:*",
      "condition": null,
      "credentials_exposure": false,
      "data_access": false,
      "effective_action": "appmesh:ListVirtualServices",
      "privesc": false,
      "resource_exposure": false
    },
    {
      "access_level": "Write",
      "action": "appmesh:*",
      "condition": null,
      "credentials_exposure": false,
      "data_access": false,
      "effective_action": "appmesh:PutMeshPolicy",
      "privesc": false,
      "resource_exposure": false
    },
    {
      "access_level": "Read",
      "action": "appmesh:*",
      "condition": null,
      "credentials_exposure": false,
      "data_access": false,
      "effective_action": "appmesh:StreamAggregatedResources",
      "privesc": false,
      "resource_exposure": false
    },
    {
      "access_level": "Tagging",
      "action": "appmesh:*",
      "condition": null,
      "credentials_exposure": false,
      "data_access": false,
      "effective_action": "appmesh:TagResource",
      "privesc": false,
      "resource_exposure": false
    },
    {
      "access_level": "Tagging",
      "action": "appmesh:*",
      "condition": null,
      "credentials_exposure": false,
      "data_access": false,
      "effective_action": "appmesh:UntagResource",
      "privesc": false,
      "resource_exposure": false
    },
    {
      "access_level": "Write",
      "action": "appmesh:*",
      "condition": null,
      "credentials_exposure": false,
      "data_access": false,
      "effective_action": "appmesh:UpdateGatewayRoute",
      "privesc": false,
      "resource_exposure": false
    },
    {
      "access_level": "Write",
      "action": "appmesh:*",
      "condition": null,
      "credentials_exposure": false,
      "data_access": false,
      "effective_action": "appmesh:UpdateMesh",
      "privesc": false,
      "resource_exposure": false
    },
    {
      "access_level": "Write",
      "action": "appmesh:*",
      "condition": null,
      "credentials_exposure": false,
      "data_access": false,
      "effective_action": "appmesh:UpdateRoute",
      "privesc": false,
      "resource_exposure": false
    },
    {
      "access_level": "Write",
      "action": "appmesh:*",
      "condition": null,
      "credentials_exposure": false,
      "data_access": false,
      "effective_action": "appmesh:UpdateVirtualGateway",
      "privesc": false,
      "resource_exposure": false
    },
    {
      "access_level": "Write",
      "action": "appmesh:*",
      "condition": null,
      "credentials_exposure": false,
      "data_access": false,
      "effective_action": "appmesh:UpdateVirtualNode",
      "privesc": false,
      "resource_exposure": false
    },
    {
      "access_level": "Write",
      "action": "appmesh:*",
      "condition": null,
      "credentials_exposure": false,
      "data_access": false,
      "effective_action": "appmesh:UpdateVirtualRouter",
      "privesc": false,
      "resource_exposure": false
    },
    {
      "access_level": "Write",
      "action": "appmesh:*",
      "condition": null,
      "credentials_exposure": false,
      "data_access": false,
      "effective_action": "appmesh:UpdateVirtualService",
      "privesc": false,
      "resource_exposure": false
    },
    {
      "access_level": "Permissions management",
      "action": "iam:CreateServiceLinkedRole",
      "condition": {
        "StringLike": {
          "iam:AWSServiceName": [
            "appmesh.amazonaws.com"
          ]
        }
      },
      "credentials_exposure": false,
      "data_access": false,
      "effective_action": "iam:CreateServiceLinkedRole",
      "privesc": true,
      "resource_exposure": true
    },
    {
      "access_level": "Write",
      "action": "cloudformation:CreateStack",
      "condition": null,
      "credentials_exposure": false,
      "data_access": false,
      "effective_action": "cloudformation:CreateStack",
      "privesc": false,
      "resource_exposure": false
    },
    {
      "access_level": "Write",
      "action": "cloudformation:DeleteStack",
      "condition": null,
      "credentials_exposure": false,
      "data_access": false,
      "effective_action": "cloudformation:DeleteStack",
      "privesc": false,
      "resource_exposure": false
    },
    {
      "access_level": "Read",
      "action": "cloudformation:DescribeStack*",
      "condition": null,
      "credentials_exposure": false,
      "data_access": false,
      "effective_action": "cloudformation:DescribeStackDriftDetectionStatus",
      "privesc": false,
      "resource_exposure": false
    },
    {
      "access_level": "Read",
      "action": "cloudformation:DescribeStack*",
      "condition": null,
      "credentials_exposure": false,
      "data_access": false,
      "effective_action": "cloudformation:DescribeStackEvents",
      "privesc": false,
      "resource_exposure": false
    },
    {
      "access_level": "Read",
      "action": "cloudformation:DescribeStack*",
      "condition": null,
      "credentials_exposure": false,
      "data_access": false,
      "effective_action": "cloudformation:DescribeStackInstance",
      "privesc": false,
      "resource_exposure": false
    },
    {
      "access_level": "Read",
      "action": "cloudformation:DescribeStack*",
      "condition": null,
      "credentials_exposure": false,
      "data_access": false,
      "effective_action": "cloudformation:DescribeStackRefactor",
      "privesc": false,
      "resource_exposure": false
    },
    {
      "access_level": "Read",
      "action": "cloudformation:DescribeStack*",
      "condition": null,
      "credentials_exposure": false,
      "data_access": false,
      "effective_action": "cloudformation:DescribeStackResource",
      "privesc": false,
      "resource_exposure": false
    },
    {
      "access_level": "Read",
      "action": "cloudformation:DescribeStack*",
      "condition": null,
      "credentials_exposure": false,
      "data_access": false,
      "effective_action": "cloudformation:DescribeStackResourceDrifts",
      "privesc": false,
      "resource_exposure": false
    },
    {
      "access_level": "Read",
      "action": "cloudformation:DescribeStack*",
      "condition": null,
      "credentials_exposure": false,
      "data_access": false,
      "effective_action": "cloudformation:DescribeStackResources",
      "privesc": false,
      "resource_exposure": false
    },
    {
      "access_level": "Read",
      "action": "cloudformation:DescribeStack*",
      "condition": null,
      "credentials_exposure": false,
      "data_access": false,
      "effective_action": "cloudformation:DescribeStackSet",
      "privesc": false,
      "resource_exposure": false
    },
    {
      "access_level": "Read",
      "action": "cloudformation:DescribeStack*",
      "condition": null,
      "credentials_exposure": false,
      "data_access": false,
      "effective_action": "cloudformation:DescribeStackSetOperation",
      "privesc": false,
      "resource_exposure": false
    },
    {
      "access_level": "List",
      "action": "cloudformation:DescribeStack*",
      "condition": null,
      "credentials_exposure": false,
      "data_access": false,
      "effective_action": "cloudformation:DescribeStacks",
      "privesc": false,
      "resource_exposure": false
    },
    {
      "access_level": "Write",
      "action": "cloudformation:UpdateStack",
      "condition": null,
      "credentials_exposure": false,
      "data_access": false,
      "effective_action": "cloudformation:UpdateStack",
      "privesc": false,
      "resource_exposure": false
    },
    {
      "access_level": "List",
      "action": "acm:ListCertificates",
      "condition": null,
      "credentials_exposure": false,
      "data_access": false,
      "effective_action": "acm:ListCertificates",
      "privesc": false,
      "resource_exposure": false
    },
    {
      "access_level": "Read",
      "action": "acm:DescribeCertificate",
      "condition": null,
      "credentials_exposure": false,
      "data_access": false,
      "effective_action": "acm:DescribeCertificate",
      "privesc": false,
      "resource_exposure": false
    },
    {
      "access_level": "Read",
      "action": "acm-pca:DescribeCertificateAuthority",
      "condition": null,
      "credentials_exposure": false,
      "data_access": false,
      "effective_action": "acm-pca:DescribeCertificateAuthority",
      "privesc": false,
      "resource_exposure": false
    },
    {
      "access_level": "List",
      "action": "acm-pca:ListCertificateAuthorities",
      "condition": null,
      "credentials_exposure": false,
      "data_access": false,
      "effective_action": "acm-pca:ListCertificateAuthorities",
      "privesc": false,
      "resource_exposure": false
    },
    {
      "access_level": "Read",
      "action": "servicediscovery:ListNamespaces",
      "condition": null,
      "credentials_exposure": false,
      "data_access": false,
      "effective_action": "servicediscovery:ListNamespaces",
      "privesc": false,
      "resource_exposure": false
    },
    {
      "access_level": "Read",
      "action": "servicediscovery:ListServices",
      "condition": null,
      "credentials_exposure": false,
      "data_access": false,
      "effective_action": "servicediscovery:ListServices",
      "privesc": false,
      "resource_exposure": false
    },
    {
      "access_level": "Read",
      "action": "servicediscovery:ListInstances",
      "condition": null,
      "credentials_exposure": false,
      "data_access": false,
      "effective_action": "servicediscovery:ListInstances",
      "privesc": false,
      "resource_exposure": false
    }
  ],
  "grantless": false,
  "malformed": false,
  "name": "AWSAppMeshFullAccess",
  "privesc": true,
  "resource_exposure": true,
  "undocumented_actions": false,
  "unknown_actions": [],
  "updatedate": "2021-01-07T19:54:08+00:00",
  "version": "v6"
}