{
  "access_levels": [
    "List",
    "Read",
    "Tagging",
    "Write",
    "Permissions management"
  ],
  "arn": "arn:aws:iam::aws:policy/aws-service-role/AWSApplicationMigrationServiceRolePolicy",
  "createdate": "2025-03-16T10:37:07Z",
  "credentials_exposure": false,
  "data_access": false,
  "deprecated": false,
  "document": {
    "Statement": [
      {
        "Action": [
          "mgn:ListTagsForResource"
        ],
        "Effect": "Allow",
        "Resource": "*"
      },
      {
        "Action": [
          "kms:ListRetirableGrants"
        ],
        "Effect": "Allow",
        "Resource": "*"
      },
      {
        "Action": [
          "mgh:AssociateCreatedArtifact",
          "mgh:CreateProgressUpdateStream",
          "mgh:DisassociateCreatedArtifact",
          "mgh:GetHomeRegion",
          "mgh:ImportMigrationTask",
          "mgh:NotifyMigrationTaskState",
          "mgh:PutResourceAttributes"
        ],
        "Effect": "Allow",
        "Resource": "*"
      },
      {
        "Action": [
          "ec2:DescribeAccountAttributes",
          "ec2:DescribeAvailabilityZones",
          "ec2:DescribeImages",
          "ec2:DescribeInstances",
          "ec2:DescribeInstanceTypes",
          "ec2:DescribeInstanceAttribute",
          "ec2:DescribeInstanceStatus",
          "ec2:DescribeLaunchTemplateVersions",
          "ec2:DescribeLaunchTemplates",
          "ec2:DescribeSecurityGroups",
          "ec2:DescribeSnapshots",
          "ec2:DescribeSubnets",
          "ec2:DescribeVolumes",
          "ec2:GetEbsDefaultKmsKeyId",
          "ec2:GetEbsEncryptionByDefault"
        ],
        "Effect": "Allow",
        "Resource": "*"
      },
      {
        "Action": [
          "organizations:DescribeAccount"
        ],
        "Effect": "Allow",
        "Resource": "arn:aws:organizations::*:account/*"
      },
      {
        "Action": [
          "organizations:DescribeOrganization",
          "organizations:ListAWSServiceAccessForOrganization",
          "organizations:ListDelegatedAdministrators",
          "organizations:ListAccounts"
        ],
        "Effect": "Allow",
        "Resource": "*"
      },
      {
        "Action": [
          "ec2:RegisterImage",
          "ec2:DeregisterImage"
        ],
        "Effect": "Allow",
        "Resource": "*"
      },
      {
        "Action": [
          "ec2:DeleteSnapshot"
        ],
        "Condition": {
          "Null": {
            "aws:ResourceTag/AWSApplicationMigrationServiceManaged": "false"
          }
        },
        "Effect": "Allow",
        "Resource": "arn:aws:ec2:*:*:snapshot/*"
      },
      {
        "Action": [
          "ec2:CreateLaunchTemplateVersion",
          "ec2:ModifyLaunchTemplate",
          "ec2:DeleteLaunchTemplate",
          "ec2:DeleteLaunchTemplateVersions"
        ],
        "Condition": {
          "Null": {
            "aws:ResourceTag/AWSApplicationMigrationServiceManaged": "false"
          }
        },
        "Effect": "Allow",
        "Resource": "arn:aws:ec2:*:*:launch-template/*"
      },
      {
        "Action": [
          "ec2:DeleteVolume"
        ],
        "Condition": {
          "Null": {
            "aws:ResourceTag/AWSApplicationMigrationServiceManaged": "false"
          }
        },
        "Effect": "Allow",
        "Resource": "arn:aws:ec2:*:*:volume/*"
      },
      {
        "Action": [
          "ec2:StartInstances",
          "ec2:StopInstances",
          "ec2:TerminateInstances",
          "ec2:ModifyInstanceAttribute",
          "ec2:GetConsoleOutput",
          "ec2:GetConsoleScreenshot"
        ],
        "Condition": {
          "Null": {
            "aws:ResourceTag/AWSApplicationMigrationServiceManaged": "false"
          }
        },
        "Effect": "Allow",
        "Resource": "arn:aws:ec2:*:*:instance/*"
      },
      {
        "Action": [
          "ec2:RevokeSecurityGroupEgress",
          "ec2:AuthorizeSecurityGroupIngress",
          "ec2:AuthorizeSecurityGroupEgress"
        ],
        "Condition": {
          "Null": {
            "aws:ResourceTag/AWSApplicationMigrationServiceManaged": "false"
          }
        },
        "Effect": "Allow",
        "Resource": "arn:aws:ec2:*:*:security-group/*"
      },
      {
        "Action": [
          "ec2:CreateVolume"
        ],
        "Condition": {
          "Null": {
            "aws:RequestTag/AWSApplicationMigrationServiceManaged": "false"
          }
        },
        "Effect": "Allow",
        "Resource": "arn:aws:ec2:*:*:volume/*"
      },
      {
        "Action": [
          "ec2:CreateSecurityGroup"
        ],
        "Condition": {
          "Null": {
            "aws:RequestTag/AWSApplicationMigrationServiceManaged": "false"
          }
        },
        "Effect": "Allow",
        "Resource": "arn:aws:ec2:*:*:security-group/*"
      },
      {
        "Action": [
          "ec2:CreateSecurityGroup"
        ],
        "Effect": "Allow",
        "Resource": "arn:aws:ec2:*:*:vpc/*"
      },
      {
        "Action": [
          "ec2:CreateLaunchTemplate"
        ],
        "Condition": {
          "Null": {
            "aws:RequestTag/AWSApplicationMigrationServiceManaged": "false"
          }
        },
        "Effect": "Allow",
        "Resource": "arn:aws:ec2:*:*:launch-template/*"
      },
      {
        "Action": [
          "ec2:CreateSnapshot"
        ],
        "Condition": {
          "Null": {
            "ec2:ResourceTag/AWSApplicationMigrationServiceManaged": "false"
          }
        },
        "Effect": "Allow",
        "Resource": "arn:aws:ec2:*:*:volume/*"
      },
      {
        "Action": [
          "ec2:CreateSnapshot"
        ],
        "Condition": {
          "Null": {
            "aws:RequestTag/AWSApplicationMigrationServiceManaged": "false"
          }
        },
        "Effect": "Allow",
        "Resource": "arn:aws:ec2:*:*:snapshot/*"
      },
      {
        "Action": [
          "ec2:DetachVolume",
          "ec2:AttachVolume"
        ],
        "Condition": {
          "Null": {
            "ec2:ResourceTag/AWSApplicationMigrationServiceManaged": "false"
          }
        },
        "Effect": "Allow",
        "Resource": "arn:aws:ec2:*:*:instance/*"
      },
      {
        "Action": [
          "ec2:AttachVolume"
        ],
        "Condition": {
          "Null": {
            "ec2:ResourceTag/AWSApplicationMigrationServiceManaged": "false"
          }
        },
        "Effect": "Allow",
        "Resource": "arn:aws:ec2:*:*:volume/*"
      },
      {
        "Action": [
          "ec2:DetachVolume"
        ],
        "Effect": "Allow",
        "Resource": "arn:aws:ec2:*:*:volume/*"
      },
      {
        "Action": [
          "ec2:RunInstances"
        ],
        "Condition": {
          "Null": {
            "aws:RequestTag/AWSApplicationMigrationServiceManaged": "false"
          }
        },
        "Effect": "Allow",
        "Resource": "arn:aws:ec2:*:*:instance/*"
      },
      {
        "Action": [
          "ec2:RunInstances"
        ],
        "Effect": "Allow",
        "Resource": [
          "arn:aws:ec2:*:*:security-group/*",
          "arn:aws:ec2:*:*:volume/*",
          "arn:aws:ec2:*:*:subnet/*",
          "arn:aws:ec2:*:*:image/*",
          "arn:aws:ec2:*:*:network-interface/*",
          "arn:aws:ec2:*:*:launch-template/*"
        ]
      },
      {
        "Action": [
          "iam:PassRole"
        ],
        "Condition": {
          "StringEquals": {
            "iam:PassedToService": "ec2.amazonaws.com"
          }
        },
        "Effect": "Allow",
        "Resource": [
          "arn:aws:iam::*:role/service-role/AWSApplicationMigrationReplicationServerRole",
          "arn:aws:iam::*:role/service-role/AWSApplicationMigrationConversionServerRole"
        ]
      },
      {
        "Action": [
          "ec2:CreateTags"
        ],
        "Condition": {
          "StringEquals": {
            "ec2:CreateAction": [
              "CreateLaunchTemplate",
              "CreateSecurityGroup",
              "CreateVolume",
              "CreateSnapshot",
              "RunInstances"
            ]
          }
        },
        "Effect": "Allow",
        "Resource": [
          "arn:aws:ec2:*:*:launch-template/*",
          "arn:aws:ec2:*:*:security-group/*",
          "arn:aws:ec2:*:*:volume/*",
          "arn:aws:ec2:*:*:snapshot/*",
          "arn:aws:ec2:*:*:network-interface/*",
          "arn:aws:ec2:*:*:instance/*"
        ]
      },
      {
        "Action": [
          "ec2:CreateVolume"
        ],
        "Condition": {
          "Null": {
            "aws:ResourceTag/AWSApplicationMigrationServiceManaged": "false"
          }
        },
        "Effect": "Allow",
        "Resource": "arn:aws:ec2:*:*:snapshot/*"
      }
    ],
    "Version": "2012-10-17"
  },
  "effective_actions": [
    {
      "access_level": "Read",
      "action": "mgn:ListTagsForResource",
      "condition": null,
      "credentials_exposure": false,
      "data_access": false,
      "effective_action": "mgn:ListTagsForResource",
      "privesc": false,
      "resource_exposure": false
    },
    {
      "access_level": "List",
      "action": "kms:ListRetirableGrants",
      "condition": null,
      "credentials_exposure": false,
      "data_access": false,
      "effective_action": "kms:ListRetirableGrants",
      "privesc": false,
      "resource_exposure": false
    },
    {
      "access_level": "Write",
      "action": "mgh:AssociateCreatedArtifact",
      "condition": null,
      "credentials_exposure": false,
      "data_access": false,
      "effective_action": "mgh:AssociateCreatedArtifact",
      "privesc": false,
      "resource_exposure": false
    },
    {
      "access_level": "Write",
      "action": "mgh:CreateProgressUpdateStream",
      "condition": null,
      "credentials_exposure": false,
      "data_access": false,
      "effective_action": "mgh:CreateProgressUpdateStream",
      "privesc": false,
      "resource_exposure": false
    },
    {
      "access_level": "Write",
      "action": "mgh:DisassociateCreatedArtifact",
      "condition": null,
      "credentials_exposure": false,
      "data_access": false,
      "effective_action": "mgh:DisassociateCreatedArtifact",
      "privesc": false,
      "resource_exposure": false
    },
    {
      "access_level": "Read",
      "action": "mgh:GetHomeRegion",
      "condition": null,
      "credentials_exposure": false,
      "data_access": false,
      "effective_action": "mgh:GetHomeRegion",
      "privesc": false,
      "resource_exposure": false
    },
    {
      "access_level": "Write",
      "action": "mgh:ImportMigrationTask",
      "condition": null,
      "credentials_exposure": false,
      "data_access": false,
      "effective_action": "mgh:ImportMigrationTask",
      "privesc": false,
      "resource_exposure": false
    },
    {
      "access_level": "Write",
      "action": "mgh:NotifyMigrationTaskState",
      "condition": null,
      "credentials_exposure": false,
      "data_access": false,
      "effective_action": "mgh:NotifyMigrationTaskState",
      "privesc": false,
      "resource_exposure": false
    },
    {
      "access_level": "Write",
      "action": "mgh:PutResourceAttributes",
      "condition": null,
      "credentials_exposure": false,
      "data_access": false,
      "effective_action": "mgh:PutResourceAttributes",
      "privesc": false,
      "resource_exposure": false
    },
    {
      "access_level": "List",
      "action": "ec2:DescribeAccountAttributes",
      "condition": null,
      "credentials_exposure": false,
      "data_access": false,
      "effective_action": "ec2:DescribeAccountAttributes",
      "privesc": false,
      "resource_exposure": false
    },
    {
      "access_level": "List",
      "action": "ec2:DescribeAvailabilityZones",
      "condition": null,
      "credentials_exposure": false,
      "data_access": false,
      "effective_action": "ec2:DescribeAvailabilityZones",
      "privesc": false,
      "resource_exposure": false
    },
    {
      "access_level": "List",
      "action": "ec2:DescribeImages",
      "condition": null,
      "credentials_exposure": false,
      "data_access": false,
      "effective_action": "ec2:DescribeImages",
      "privesc": false,
      "resource_exposure": false
    },
    {
      "access_level": "List",
      "action": "ec2:DescribeInstances",
      "condition": null,
      "credentials_exposure": false,
      "data_access": false,
      "effective_action": "ec2:DescribeInstances",
      "privesc": false,
      "resource_exposure": false
    },
    {
      "access_level": "List",
      "action": "ec2:DescribeInstanceTypes",
      "condition": null,
      "credentials_exposure": false,
      "data_access": false,
      "effective_action": "ec2:DescribeInstanceTypes",
      "privesc": false,
      "resource_exposure": false
    },
    {
      "access_level": "List",
      "action": "ec2:DescribeInstanceAttribute",
      "condition": null,
      "credentials_exposure": false,
      "data_access": false,
      "effective_action": "ec2:DescribeInstanceAttribute",
      "privesc": false,
      "resource_exposure": false
    },
    {
      "access_level": "List",
      "action": "ec2:DescribeInstanceStatus",
      "condition": null,
      "credentials_exposure": false,
      "data_access": false,
      "effective_action": "ec2:DescribeInstanceStatus",
      "privesc": false,
      "resource_exposure": false
    },
    {
      "access_level": "List",
      "action": "ec2:DescribeLaunchTemplateVersions",
      "condition": null,
      "credentials_exposure": false,
      "data_access": false,
      "effective_action": "ec2:DescribeLaunchTemplateVersions",
      "privesc": false,
      "resource_exposure": false
    },
    {
      "access_level": "List",
      "action": "ec2:DescribeLaunchTemplates",
      "condition": null,
      "credentials_exposure": false,
      "data_access": false,
      "effective_action": "ec2:DescribeLaunchTemplates",
      "privesc": false,
      "resource_exposure": false
    },
    {
      "access_level": "List",
      "action": "ec2:DescribeSecurityGroups",
      "condition": null,
      "credentials_exposure": false,
      "data_access": false,
      "effective_action": "ec2:DescribeSecurityGroups",
      "privesc": false,
      "resource_exposure": false
    },
    {
      "access_level": "List",
      "action": "ec2:DescribeSnapshots",
      "condition": null,
      "credentials_exposure": false,
      "data_access": false,
      "effective_action": "ec2:DescribeSnapshots",
      "privesc": false,
      "resource_exposure": false
    },
    {
      "access_level": "List",
      "action": "ec2:DescribeSubnets",
      "condition": null,
      "credentials_exposure": false,
      "data_access": false,
      "effective_action": "ec2:DescribeSubnets",
      "privesc": false,
      "resource_exposure": false
    },
    {
      "access_level": "List",
      "action": "ec2:DescribeVolumes",
      "condition": null,
      "credentials_exposure": false,
      "data_access": false,
      "effective_action": "ec2:DescribeVolumes",
      "privesc": false,
      "resource_exposure": false
    },
    {
      "access_level": "Read",
      "action": "ec2:GetEbsDefaultKmsKeyId",
      "condition": null,
      "credentials_exposure": false,
      "data_access": false,
      "effective_action": "ec2:GetEbsDefaultKmsKeyId",
      "privesc": false,
      "resource_exposure": false
    },
    {
      "access_level": "Read",
      "action": "ec2:GetEbsEncryptionByDefault",
      "condition": null,
      "credentials_exposure": false,
      "data_access": false,
      "effective_action": "ec2:GetEbsEncryptionByDefault",
      "privesc": false,
      "resource_exposure": false
    },
    {
      "access_level": "Read",
      "action": "organizations:DescribeAccount",
      "condition": null,
      "credentials_exposure": false,
      "data_access": false,
      "effective_action": "organizations:DescribeAccount",
      "privesc": false,
      "resource_exposure": false
    },
    {
      "access_level": "Read",
      "action": "organizations:DescribeOrganization",
      "condition": null,
      "credentials_exposure": false,
      "data_access": false,
      "effective_action": "organizations:DescribeOrganization",
      "privesc": false,
      "resource_exposure": false
    },
    {
      "access_level": "List",
      "action": "organizations:ListAWSServiceAccessForOrganization",
      "condition": null,
      "credentials_exposure": false,
      "data_access": false,
      "effective_action": "organizations:ListAWSServiceAccessForOrganization",
      "privesc": false,
      "resource_exposure": false
    },
    {
      "access_level": "List",
      "action": "organizations:ListDelegatedAdministrators",
      "condition": null,
      "credentials_exposure": false,
      "data_access": false,
      "effective_action": "organizations:ListDelegatedAdministrators",
      "privesc": false,
      "resource_exposure": false
    },
    {
      "access_level": "List",
      "action": "organizations:ListAccounts",
      "condition": null,
      "credentials_exposure": false,
      "data_access": false,
      "effective_action": "organizations:ListAccounts",
      "privesc": false,
      "resource_exposure": false
    },
    {
      "access_level": "Write",
      "action": "ec2:RegisterImage",
      "condition": null,
      "credentials_exposure": false,
      "data_access": false,
      "effective_action": "ec2:RegisterImage",
      "privesc": false,
      "resource_exposure": false
    },
    {
      "access_level": "Write",
      "action": "ec2:DeregisterImage",
      "condition": null,
      "credentials_exposure": false,
      "data_access": false,
      "effective_action": "ec2:DeregisterImage",
      "privesc": false,
      "resource_exposure": false
    },
    {
      "access_level": "Write",
      "action": "ec2:DeleteSnapshot",
      "condition": {
        "Null": {
          "aws:ResourceTag/AWSApplicationMigrationServiceManaged": "false"
        }
      },
      "credentials_exposure": false,
      "data_access": false,
      "effective_action": "ec2:DeleteSnapshot",
      "privesc": false,
      "resource_exposure": false
    },
    {
      "access_level": "Write",
      "action": "ec2:CreateLaunchTemplateVersion",
      "condition": {
        "Null": {
          "aws:ResourceTag/AWSApplicationMigrationServiceManaged": "false"
        }
      },
      "credentials_exposure": false,
      "data_access": false,
      "effective_action": "ec2:CreateLaunchTemplateVersion",
      "privesc": false,
      "resource_exposure": false
    },
    {
      "access_level": "Write",
      "action": "ec2:ModifyLaunchTemplate",
      "condition": {
        "Null": {
          "aws:ResourceTag/AWSApplicationMigrationServiceManaged": "false"
        }
      },
      "credentials_exposure": false,
      "data_access": false,
      "effective_action": "ec2:ModifyLaunchTemplate",
      "privesc": false,
      "resource_exposure": false
    },
    {
      "access_level": "Write",
      "action": "ec2:DeleteLaunchTemplate",
      "condition": {
        "Null": {
          "aws:ResourceTag/AWSApplicationMigrationServiceManaged": "false"
        }
      },
      "credentials_exposure": false,
      "data_access": false,
      "effective_action": "ec2:DeleteLaunchTemplate",
      "privesc": false,
      "resource_exposure": false
    },
    {
      "access_level": "Write",
      "action": "ec2:DeleteLaunchTemplateVersions",
      "condition": {
        "Null": {
          "aws:ResourceTag/AWSApplicationMigrationServiceManaged": "false"
        }
      },
      "credentials_exposure": false,
      "data_access": false,
      "effective_action": "ec2:DeleteLaunchTemplateVersions",
      "privesc": false,
      "resource_exposure": false
    },
    {
      "access_level": "Write",
      "action": "ec2:DeleteVolume",
      "condition": {
        "Null": {
          "aws:ResourceTag/AWSApplicationMigrationServiceManaged": "false"
        }
      },
      "credentials_exposure": false,
      "data_access": false,
      "effective_action": "ec2:DeleteVolume",
      "privesc": false,
      "resource_exposure": false
    },
    {
      "access_level": "Write",
      "action": "ec2:StartInstances",
      "condition": {
        "Null": {
          "aws:ResourceTag/AWSApplicationMigrationServiceManaged": "false"
        }
      },
      "credentials_exposure": false,
      "data_access": false,
      "effective_action": "ec2:StartInstances",
      "privesc": false,
      "resource_exposure": false
    },
    {
      "access_level": "Write",
      "action": "ec2:StopInstances",
      "condition": {
        "Null": {
          "aws:ResourceTag/AWSApplicationMigrationServiceManaged": "false"
        }
      },
      "credentials_exposure": false,
      "data_access": false,
      "effective_action": "ec2:StopInstances",
      "privesc": false,
      "resource_exposure": false
    },
    {
      "access_level": "Write",
      "action": "ec2:TerminateInstances",
      "condition": {
        "Null": {
          "aws:ResourceTag/AWSApplicationMigrationServiceManaged": "false"
        }
      },
      "credentials_exposure": false,
      "data_access": false,
      "effective_action": "ec2:TerminateInstances",
      "privesc": false,
      "resource_exposure": false
    },
    {
      "access_level": "Write",
      "action": "ec2:ModifyInstanceAttribute",
      "condition": {
        "Null": {
          "aws:ResourceTag/AWSApplicationMigrationServiceManaged": "false"
        }
      },
      "credentials_exposure": false,
      "data_access": false,
      "effective_action": "ec2:ModifyInstanceAttribute",
      "privesc": false,
      "resource_exposure": false
    },
    {
      "access_level": "Read",
      "action": "ec2:GetConsoleOutput",
      "condition": {
        "Null": {
          "aws:ResourceTag/AWSApplicationMigrationServiceManaged": "false"
        }
      },
      "credentials_exposure": false,
      "data_access": false,
      "effective_action": "ec2:GetConsoleOutput",
      "privesc": false,
      "resource_exposure": false
    },
    {
      "access_level": "Read",
      "action": "ec2:GetConsoleScreenshot",
      "condition": {
        "Null": {
          "aws:ResourceTag/AWSApplicationMigrationServiceManaged": "false"
        }
      },
      "credentials_exposure": false,
      "data_access": false,
      "effective_action": "ec2:GetConsoleScreenshot",
      "privesc": false,
      "resource_exposure": false
    },
    {
      "access_level": "Write",
      "action": "ec2:RevokeSecurityGroupEgress",
      "condition": {
        "Null": {
          "aws:ResourceTag/AWSApplicationMigrationServiceManaged": "false"
        }
      },
      "credentials_exposure": false,
      "data_access": false,
      "effective_action": "ec2:RevokeSecurityGroupEgress",
      "privesc": false,
      "resource_exposure": false
    },
    {
      "access_level": "Write",
      "action": "ec2:AuthorizeSecurityGroupIngress",
      "condition": {
        "Null": {
          "aws:ResourceTag/AWSApplicationMigrationServiceManaged": "false"
        }
      },
      "credentials_exposure": false,
      "data_access": false,
      "effective_action": "ec2:AuthorizeSecurityGroupIngress",
      "privesc": false,
      "resource_exposure": false
    },
    {
      "access_level": "Write",
      "action": "ec2:AuthorizeSecurityGroupEgress",
      "condition": {
        "Null": {
          "aws:ResourceTag/AWSApplicationMigrationServiceManaged": "false"
        }
      },
      "credentials_exposure": false,
      "data_access": false,
      "effective_action": "ec2:AuthorizeSecurityGroupEgress",
      "privesc": false,
      "resource_exposure": false
    },
    {
      "access_level": "Write",
      "action": "ec2:CreateVolume",
      "condition": {
        "Null": {
          "aws:RequestTag/AWSApplicationMigrationServiceManaged": "false"
        }
      },
      "credentials_exposure": false,
      "data_access": false,
      "effective_action": "ec2:CreateVolume",
      "privesc": false,
      "resource_exposure": false
    },
    {
      "access_level": "Write",
      "action": "ec2:CreateSecurityGroup",
      "condition": {
        "Null": {
          "aws:RequestTag/AWSApplicationMigrationServiceManaged": "false"
        }
      },
      "credentials_exposure": false,
      "data_access": false,
      "effective_action": "ec2:CreateSecurityGroup",
      "privesc": false,
      "resource_exposure": false
    },
    {
      "access_level": "Write",
      "action": "ec2:CreateSecurityGroup",
      "condition": null,
      "credentials_exposure": false,
      "data_access": false,
      "effective_action": "ec2:CreateSecurityGroup",
      "privesc": false,
      "resource_exposure": false
    },
    {
      "access_level": "Write",
      "action": "ec2:CreateLaunchTemplate",
      "condition": {
        "Null": {
          "aws:RequestTag/AWSApplicationMigrationServiceManaged": "false"
        }
      },
      "credentials_exposure": false,
      "data_access": false,
      "effective_action": "ec2:CreateLaunchTemplate",
      "privesc": false,
      "resource_exposure": false
    },
    {
      "access_level": "Write",
      "action": "ec2:CreateSnapshot",
      "condition": {
        "Null": {
          "ec2:ResourceTag/AWSApplicationMigrationServiceManaged": "false"
        }
      },
      "credentials_exposure": false,
      "data_access": false,
      "effective_action": "ec2:CreateSnapshot",
      "privesc": false,
      "resource_exposure": false
    },
    {
      "access_level": "Write",
      "action": "ec2:CreateSnapshot",
      "condition": {
        "Null": {
          "aws:RequestTag/AWSApplicationMigrationServiceManaged": "false"
        }
      },
      "credentials_exposure": false,
      "data_access": false,
      "effective_action": "ec2:CreateSnapshot",
      "privesc": false,
      "resource_exposure": false
    },
    {
      "access_level": "Write",
      "action": "ec2:DetachVolume",
      "condition": {
        "Null": {
          "ec2:ResourceTag/AWSApplicationMigrationServiceManaged": "false"
        }
      },
      "credentials_exposure": false,
      "data_access": false,
      "effective_action": "ec2:DetachVolume",
      "privesc": false,
      "resource_exposure": false
    },
    {
      "access_level": "Write",
      "action": "ec2:AttachVolume",
      "condition": {
        "Null": {
          "ec2:ResourceTag/AWSApplicationMigrationServiceManaged": "false"
        }
      },
      "credentials_exposure": false,
      "data_access": false,
      "effective_action": "ec2:AttachVolume",
      "privesc": false,
      "resource_exposure": false
    },
    {
      "access_level": "Write",
      "action": "ec2:AttachVolume",
      "condition": {
        "Null": {
          "ec2:ResourceTag/AWSApplicationMigrationServiceManaged": "false"
        }
      },
      "credentials_exposure": false,
      "data_access": false,
      "effective_action": "ec2:AttachVolume",
      "privesc": false,
      "resource_exposure": false
    },
    {
      "access_level": "Write",
      "action": "ec2:DetachVolume",
      "condition": null,
      "credentials_exposure": false,
      "data_access": false,
      "effective_action": "ec2:DetachVolume",
      "privesc": false,
      "resource_exposure": false
    },
    {
      "access_level": "Write",
      "action": "ec2:RunInstances",
      "condition": {
        "Null": {
          "aws:RequestTag/AWSApplicationMigrationServiceManaged": "false"
        }
      },
      "credentials_exposure": false,
      "data_access": false,
      "effective_action": "ec2:RunInstances",
      "privesc": false,
      "resource_exposure": false
    },
    {
      "access_level": "Write",
      "action": "ec2:RunInstances",
      "condition": null,
      "credentials_exposure": false,
      "data_access": false,
      "effective_action": "ec2:RunInstances",
      "privesc": false,
      "resource_exposure": false
    },
    {
      "access_level": "Permissions management",
      "action": "iam:PassRole",
      "condition": {
        "StringEquals": {
          "iam:PassedToService": "ec2.amazonaws.com"
        }
      },
      "credentials_exposure": false,
      "data_access": false,
      "effective_action": "iam:PassRole",
      "privesc": true,
      "resource_exposure": true
    },
    {
      "access_level": "Tagging",
      "action": "ec2:CreateTags",
      "condition": {
        "StringEquals": {
          "ec2:CreateAction": [
            "CreateLaunchTemplate",
            "CreateSecurityGroup",
            "CreateVolume",
            "CreateSnapshot",
            "RunInstances"
          ]
        }
      },
      "credentials_exposure": false,
      "data_access": false,
      "effective_action": "ec2:CreateTags",
      "privesc": false,
      "resource_exposure": false
    },
    {
      "access_level": "Write",
      "action": "ec2:CreateVolume",
      "condition": {
        "Null": {
          "aws:ResourceTag/AWSApplicationMigrationServiceManaged": "false"
        }
      },
      "credentials_exposure": false,
      "data_access": false,
      "effective_action": "ec2:CreateVolume",
      "privesc": false,
      "resource_exposure": false
    }
  ],
  "grantless": false,
  "malformed": false,
  "name": "AWSApplicationMigrationServiceRolePolicy",
  "privesc": true,
  "resource_exposure": true,
  "undocumented_actions": false,
  "unknown_actions": [],
  "updatedate": "2025-03-16T10:37:07+00:00",
  "version": "v4"
}