{
  "access_levels": [
    "List",
    "Read",
    "Tagging",
    "Write",
    "Permissions management"
  ],
  "arn": "arn:aws:iam::aws:policy/AWSApplicationMigrationFullAccess",
  "createdate": "2025-07-02T15:37:08Z",
  "credentials_exposure": false,
  "data_access": true,
  "deprecated": false,
  "document": {
    "Statement": [
      {
        "Action": [
          "mgn:*"
        ],
        "Effect": "Allow",
        "Resource": "*",
        "Sid": "VisualEditor0"
      },
      {
        "Action": [
          "kms:ListAliases",
          "kms:DescribeKey"
        ],
        "Effect": "Allow",
        "Resource": "*",
        "Sid": "VisualEditor1"
      },
      {
        "Action": [
          "ec2:DescribeKeyPairs",
          "ec2:DescribeTags",
          "ec2:DescribeNetworkInterfaces",
          "ec2:DescribePlacementGroups",
          "ec2:DescribeAccountAttributes",
          "ec2:DescribeAvailabilityZones",
          "ec2:DescribeImages",
          "ec2:DescribeInstances",
          "ec2:DescribeInstanceTypes",
          "ec2:DescribeInstanceAttribute",
          "ec2:DescribeInstanceStatus",
          "ec2:DescribeInstanceTypeOfferings",
          "ec2:DescribeLaunchTemplateVersions",
          "ec2:DescribeLaunchTemplates",
          "ec2:DescribeSecurityGroups",
          "ec2:DescribeSnapshots",
          "ec2:DescribeSubnets",
          "ec2:DescribeVolumes",
          "ec2:GetEbsEncryptionByDefault",
          "ec2:GetEbsDefaultKmsKeyId"
        ],
        "Effect": "Allow",
        "Resource": "*",
        "Sid": "VisualEditor2"
      },
      {
        "Action": [
          "license-manager:ListLicenseConfigurations"
        ],
        "Effect": "Allow",
        "Resource": "*",
        "Sid": "VisualEditor3"
      },
      {
        "Action": [
          "elasticloadbalancing:DescribeLoadBalancers"
        ],
        "Effect": "Allow",
        "Resource": "*",
        "Sid": "VisualEditor4"
      },
      {
        "Action": [
          "iam:ListInstanceProfiles"
        ],
        "Effect": "Allow",
        "Resource": "*",
        "Sid": "VisualEditor5"
      },
      {
        "Action": [
          "iam:PassRole"
        ],
        "Condition": {
          "Bool": {
            "aws:ViaAWSService": "true"
          },
          "StringEquals": {
            "iam:PassedToService": "ec2.amazonaws.com"
          }
        },
        "Effect": "Allow",
        "Resource": [
          "arn:aws:iam::*:role/service-role/AWSApplicationMigrationLaunchInstanceWithSsmRole",
          "arn:aws:iam::*:role/service-role/AWSApplicationMigrationLaunchInstanceWithDrsRole"
        ],
        "Sid": "VisualEditor6"
      },
      {
        "Action": [
          "drs:DescribeSourceServers"
        ],
        "Effect": "Allow",
        "Resource": "*",
        "Sid": "VisualEditor7"
      },
      {
        "Action": [
          "ssm:SendCommand"
        ],
        "Condition": {
          "Bool": {
            "aws:ViaAWSService": "true"
          },
          "Null": {
            "aws:ResourceTag/AWSApplicationMigrationServiceManaged": "false"
          }
        },
        "Effect": "Allow",
        "Resource": [
          "arn:aws:ec2:*:*:instance/*"
        ],
        "Sid": "VisualEditor8"
      },
      {
        "Action": [
          "ssm:ListCommandInvocations"
        ],
        "Effect": "Allow",
        "Resource": "*",
        "Sid": "VisualEditor9"
      },
      {
        "Action": [
          "ssm:DescribeInstanceInformation",
          "ssm:GetCommandInvocation"
        ],
        "Condition": {
          "Bool": {
            "aws:ViaAWSService": "true"
          }
        },
        "Effect": "Allow",
        "Resource": "*",
        "Sid": "VisualEditor10"
      },
      {
        "Action": [
          "ssm:DescribeDocument",
          "ssm:SendCommand"
        ],
        "Condition": {
          "Bool": {
            "aws:ViaAWSService": "true"
          }
        },
        "Effect": "Allow",
        "Resource": [
          "arn:aws:ssm:*:*:document/AWSDisasterRecovery-InstallDRAgentOnInstance",
          "arn:aws:ssm:*:*:document/AWSMigration-*"
        ],
        "Sid": "VisualEditor11"
      },
      {
        "Action": [
          "drs:DisconnectSourceServer"
        ],
        "Condition": {
          "Bool": {
            "aws:ViaAWSService": "true"
          },
          "Null": {
            "aws:ResourceTag/AWSApplicationMigrationServiceConfiguredDR": "false"
          }
        },
        "Effect": "Allow",
        "Resource": "arn:aws:drs:*:*:source-server/*",
        "Sid": "VisualEditor12"
      },
      {
        "Action": [
          "ssm:GetParameter",
          "ssm:PutParameter"
        ],
        "Effect": "Allow",
        "Resource": "arn:aws:ssm:*:*:parameter/ManagedByAWSApplicationMigrationService-*",
        "Sid": "VisualEditor13"
      },
      {
        "Action": [
          "servicequotas:GetServiceQuota"
        ],
        "Effect": "Allow",
        "Resource": "*",
        "Sid": "VisualEditor14"
      },
      {
        "Action": [
          "ssm:GetAutomationExecution"
        ],
        "Effect": "Allow",
        "Resource": "arn:aws:ssm:*:*:automation-execution/*",
        "Sid": "VisualEditor15"
      },
      {
        "Action": [
          "ssm:GetDocument"
        ],
        "Effect": "Allow",
        "Resource": [
          "arn:aws:ssm:*:*:document/AWSDisasterRecovery-InstallDRAgentOnInstance",
          "arn:aws:ssm:*:*:document/AWSMigration-*"
        ],
        "Sid": "VisualEditor16"
      },
      {
        "Action": [
          "ssm:GetParameters"
        ],
        "Condition": {
          "ForAnyValue:StringEquals": {
            "aws:CalledVia": "ssm.amazonaws.com"
          }
        },
        "Effect": "Allow",
        "Resource": "arn:aws:ssm:*:*:parameter/ManagedByAWSApplicationMigrationService-*",
        "Sid": "VisualEditor17"
      },
      {
        "Action": [
          "ssm:StartAutomationExecution"
        ],
        "Condition": {
          "ForAnyValue:StringEquals": {
            "aws:CalledVia": "mgn.amazonaws.com"
          }
        },
        "Effect": "Allow",
        "Resource": [
          "arn:aws:ssm:*:*:document/AWSMigration-*",
          "arn:aws:ssm:*:*:automation-execution/*",
          "arn:aws:ssm:*:*:automation-definition/AWSMigration-*:$DEFAULT"
        ],
        "Sid": "VisualEditor18"
      },
      {
        "Action": [
          "ssm:ListCommands"
        ],
        "Condition": {
          "ForAnyValue:StringEquals": {
            "aws:CalledVia": "ssm.amazonaws.com"
          }
        },
        "Effect": "Allow",
        "Resource": "*",
        "Sid": "VisualEditor19"
      },
      {
        "Action": [
          "ssm:DescribeParameters"
        ],
        "Condition": {
          "ForAnyValue:StringEquals": {
            "aws:CalledVia": [
              "mgn.amazonaws.com"
            ]
          }
        },
        "Effect": "Allow",
        "Resource": "*",
        "Sid": "VisualEditor20"
      }
    ],
    "Version": "2012-10-17"
  },
  "effective_actions": [
    {
      "access_level": "Write",
      "action": "mgn:*",
      "condition": null,
      "credentials_exposure": false,
      "data_access": false,
      "effective_action": "mgn:ArchiveApplication",
      "privesc": false,
      "resource_exposure": false
    },
    {
      "access_level": "Write",
      "action": "mgn:*",
      "condition": null,
      "credentials_exposure": false,
      "data_access": false,
      "effective_action": "mgn:ArchiveWave",
      "privesc": false,
      "resource_exposure": false
    },
    {
      "access_level": "Write",
      "action": "mgn:*",
      "condition": null,
      "credentials_exposure": false,
      "data_access": false,
      "effective_action": "mgn:AssociateApplications",
      "privesc": false,
      "resource_exposure": false
    },
    {
      "access_level": "Write",
      "action": "mgn:*",
      "condition": null,
      "credentials_exposure": false,
      "data_access": false,
      "effective_action": "mgn:AssociateSourceServers",
      "privesc": false,
      "resource_exposure": false
    },
    {
      "access_level": "Write",
      "action": "mgn:*",
      "condition": null,
      "credentials_exposure": false,
      "data_access": false,
      "effective_action": "mgn:BatchCreateVolumeSnapshotGroupForMgn",
      "privesc": false,
      "resource_exposure": false
    },
    {
      "access_level": "Write",
      "action": "mgn:*",
      "condition": null,
      "credentials_exposure": false,
      "data_access": false,
      "effective_action": "mgn:BatchDeleteSnapshotRequestForMgn",
      "privesc": false,
      "resource_exposure": false
    },
    {
      "access_level": "Write",
      "action": "mgn:*",
      "condition": null,
      "credentials_exposure": false,
      "data_access": false,
      "effective_action": "mgn:ChangeServerLifeCycleState",
      "privesc": false,
      "resource_exposure": false
    },
    {
      "access_level": "Write",
      "action": "mgn:*",
      "condition": null,
      "credentials_exposure": false,
      "data_access": false,
      "effective_action": "mgn:CreateApplication",
      "privesc": false,
      "resource_exposure": false
    },
    {
      "access_level": "Write",
      "action": "mgn:*",
      "condition": null,
      "credentials_exposure": false,
      "data_access": false,
      "effective_action": "mgn:CreateConnector",
      "privesc": false,
      "resource_exposure": false
    },
    {
      "access_level": "Write",
      "action": "mgn:*",
      "condition": null,
      "credentials_exposure": false,
      "data_access": false,
      "effective_action": "mgn:CreateLaunchConfigurationTemplate",
      "privesc": false,
      "resource_exposure": false
    },
    {
      "access_level": "Write",
      "action": "mgn:*",
      "condition": null,
      "credentials_exposure": false,
      "data_access": false,
      "effective_action": "mgn:CreateNetworkMigrationDefinition",
      "privesc": false,
      "resource_exposure": false
    },
    {
      "access_level": "Write",
      "action": "mgn:*",
      "condition": null,
      "credentials_exposure": false,
      "data_access": false,
      "effective_action": "mgn:CreateReplicationConfigurationTemplate",
      "privesc": false,
      "resource_exposure": false
    },
    {
      "access_level": "Write",
      "action": "mgn:*",
      "condition": null,
      "credentials_exposure": false,
      "data_access": false,
      "effective_action": "mgn:CreateVcenterClientForMgn",
      "privesc": false,
      "resource_exposure": false
    },
    {
      "access_level": "Write",
      "action": "mgn:*",
      "condition": null,
      "credentials_exposure": false,
      "data_access": false,
      "effective_action": "mgn:CreateWave",
      "privesc": false,
      "resource_exposure": false
    },
    {
      "access_level": "Write",
      "action": "mgn:*",
      "condition": null,
      "credentials_exposure": false,
      "data_access": false,
      "effective_action": "mgn:DeleteApplication",
      "privesc": false,
      "resource_exposure": false
    },
    {
      "access_level": "Write",
      "action": "mgn:*",
      "condition": null,
      "credentials_exposure": false,
      "data_access": false,
      "effective_action": "mgn:DeleteConnector",
      "privesc": false,
      "resource_exposure": false
    },
    {
      "access_level": "Write",
      "action": "mgn:*",
      "condition": null,
      "credentials_exposure": false,
      "data_access": false,
      "effective_action": "mgn:DeleteJob",
      "privesc": false,
      "resource_exposure": false
    },
    {
      "access_level": "Write",
      "action": "mgn:*",
      "condition": null,
      "credentials_exposure": false,
      "data_access": false,
      "effective_action": "mgn:DeleteLaunchConfigurationTemplate",
      "privesc": false,
      "resource_exposure": false
    },
    {
      "access_level": "Write",
      "action": "mgn:*",
      "condition": null,
      "credentials_exposure": false,
      "data_access": false,
      "effective_action": "mgn:DeleteNetworkMigrationDefinition",
      "privesc": false,
      "resource_exposure": false
    },
    {
      "access_level": "Write",
      "action": "mgn:*",
      "condition": null,
      "credentials_exposure": false,
      "data_access": false,
      "effective_action": "mgn:DeleteReplicationConfigurationTemplate",
      "privesc": false,
      "resource_exposure": false
    },
    {
      "access_level": "Write",
      "action": "mgn:*",
      "condition": null,
      "credentials_exposure": false,
      "data_access": false,
      "effective_action": "mgn:DeleteSourceServer",
      "privesc": false,
      "resource_exposure": false
    },
    {
      "access_level": "Write",
      "action": "mgn:*",
      "condition": null,
      "credentials_exposure": false,
      "data_access": false,
      "effective_action": "mgn:DeleteVcenterClient",
      "privesc": false,
      "resource_exposure": false
    },
    {
      "access_level": "Write",
      "action": "mgn:*",
      "condition": null,
      "credentials_exposure": false,
      "data_access": false,
      "effective_action": "mgn:DeleteWave",
      "privesc": false,
      "resource_exposure": false
    },
    {
      "access_level": "Read",
      "action": "mgn:*",
      "condition": null,
      "credentials_exposure": false,
      "data_access": false,
      "effective_action": "mgn:DescribeJobLogItems",
      "privesc": false,
      "resource_exposure": false
    },
    {
      "access_level": "List",
      "action": "mgn:*",
      "condition": null,
      "credentials_exposure": false,
      "data_access": false,
      "effective_action": "mgn:DescribeJobs",
      "privesc": false,
      "resource_exposure": false
    },
    {
      "access_level": "List",
      "action": "mgn:*",
      "condition": null,
      "credentials_exposure": false,
      "data_access": false,
      "effective_action": "mgn:DescribeLaunchConfigurationTemplates",
      "privesc": false,
      "resource_exposure": false
    },
    {
      "access_level": "List",
      "action": "mgn:*",
      "condition": null,
      "credentials_exposure": false,
      "data_access": false,
      "effective_action": "mgn:DescribeReplicationConfigurationTemplates",
      "privesc": false,
      "resource_exposure": false
    },
    {
      "access_level": "Read",
      "action": "mgn:*",
      "condition": null,
      "credentials_exposure": false,
      "data_access": false,
      "effective_action": "mgn:DescribeReplicationServerAssociationsForMgn",
      "privesc": false,
      "resource_exposure": false
    },
    {
      "access_level": "Read",
      "action": "mgn:*",
      "condition": null,
      "credentials_exposure": false,
      "data_access": false,
      "effective_action": "mgn:DescribeSnapshotRequestsForMgn",
      "privesc": false,
      "resource_exposure": false
    },
    {
      "access_level": "List",
      "action": "mgn:*",
      "condition": null,
      "credentials_exposure": false,
      "data_access": false,
      "effective_action": "mgn:DescribeSourceServers",
      "privesc": false,
      "resource_exposure": false
    },
    {
      "access_level": "List",
      "action": "mgn:*",
      "condition": null,
      "credentials_exposure": false,
      "data_access": false,
      "effective_action": "mgn:DescribeVcenterClients",
      "privesc": false,
      "resource_exposure": false
    },
    {
      "access_level": "Write",
      "action": "mgn:*",
      "condition": null,
      "credentials_exposure": false,
      "data_access": false,
      "effective_action": "mgn:DisassociateApplications",
      "privesc": false,
      "resource_exposure": false
    },
    {
      "access_level": "Write",
      "action": "mgn:*",
      "condition": null,
      "credentials_exposure": false,
      "data_access": false,
      "effective_action": "mgn:DisassociateSourceServers",
      "privesc": false,
      "resource_exposure": false
    },
    {
      "access_level": "Write",
      "action": "mgn:*",
      "condition": null,
      "credentials_exposure": false,
      "data_access": false,
      "effective_action": "mgn:DisconnectFromService",
      "privesc": false,
      "resource_exposure": false
    },
    {
      "access_level": "Write",
      "action": "mgn:*",
      "condition": null,
      "credentials_exposure": false,
      "data_access": false,
      "effective_action": "mgn:FinalizeCutover",
      "privesc": false,
      "resource_exposure": false
    },
    {
      "access_level": "Read",
      "action": "mgn:*",
      "condition": null,
      "credentials_exposure": false,
      "data_access": false,
      "effective_action": "mgn:GetAgentCommandForMgn",
      "privesc": false,
      "resource_exposure": false
    },
    {
      "access_level": "Read",
      "action": "mgn:*",
      "condition": null,
      "credentials_exposure": false,
      "data_access": false,
      "effective_action": "mgn:GetAgentConfirmedResumeInfoForMgn",
      "privesc": false,
      "resource_exposure": false
    },
    {
      "access_level": "Read",
      "action": "mgn:*",
      "condition": null,
      "credentials_exposure": false,
      "data_access": false,
      "effective_action": "mgn:GetAgentInstallationAssetsForMgn",
      "privesc": false,
      "resource_exposure": false
    },
    {
      "access_level": "Read",
      "action": "mgn:*",
      "condition": null,
      "credentials_exposure": false,
      "data_access": false,
      "effective_action": "mgn:GetAgentReplicationInfoForMgn",
      "privesc": false,
      "resource_exposure": false
    },
    {
      "access_level": "Read",
      "action": "mgn:*",
      "condition": null,
      "credentials_exposure": false,
      "data_access": false,
      "effective_action": "mgn:GetAgentRuntimeConfigurationForMgn",
      "privesc": false,
      "resource_exposure": false
    },
    {
      "access_level": "Read",
      "action": "mgn:*",
      "condition": null,
      "credentials_exposure": false,
      "data_access": false,
      "effective_action": "mgn:GetAgentSnapshotCreditsForMgn",
      "privesc": false,
      "resource_exposure": false
    },
    {
      "access_level": "Read",
      "action": "mgn:*",
      "condition": null,
      "credentials_exposure": false,
      "data_access": false,
      "effective_action": "mgn:GetChannelCommandsForMgn",
      "privesc": false,
      "resource_exposure": false
    },
    {
      "access_level": "Read",
      "action": "mgn:*",
      "condition": null,
      "credentials_exposure": false,
      "data_access": false,
      "effective_action": "mgn:GetLaunchConfiguration",
      "privesc": false,
      "resource_exposure": false
    },
    {
      "access_level": "Read",
      "action": "mgn:*",
      "condition": null,
      "credentials_exposure": false,
      "data_access": false,
      "effective_action": "mgn:GetNetworkMigrationDefinition",
      "privesc": false,
      "resource_exposure": false
    },
    {
      "access_level": "Read",
      "action": "mgn:*",
      "condition": null,
      "credentials_exposure": false,
      "data_access": false,
      "effective_action": "mgn:GetNetworkMigrationMapperSegmentConstruct",
      "privesc": false,
      "resource_exposure": false
    },
    {
      "access_level": "Read",
      "action": "mgn:*",
      "condition": null,
      "credentials_exposure": false,
      "data_access": false,
      "effective_action": "mgn:GetReplicationConfiguration",
      "privesc": false,
      "resource_exposure": false
    },
    {
      "access_level": "Read",
      "action": "mgn:*",
      "condition": null,
      "credentials_exposure": false,
      "data_access": false,
      "effective_action": "mgn:GetVcenterClientCommandsForMgn",
      "privesc": false,
      "resource_exposure": false
    },
    {
      "access_level": "Write",
      "action": "mgn:*",
      "condition": null,
      "credentials_exposure": false,
      "data_access": false,
      "effective_action": "mgn:InitializeService",
      "privesc": false,
      "resource_exposure": false
    },
    {
      "access_level": "Write",
      "action": "mgn:*",
      "condition": null,
      "credentials_exposure": false,
      "data_access": false,
      "effective_action": "mgn:IssueClientCertificateForMgn",
      "privesc": false,
      "resource_exposure": false
    },
    {
      "access_level": "List",
      "action": "mgn:*",
      "condition": null,
      "credentials_exposure": false,
      "data_access": false,
      "effective_action": "mgn:ListApplications",
      "privesc": false,
      "resource_exposure": false
    },
    {
      "access_level": "Read",
      "action": "mgn:*",
      "condition": null,
      "credentials_exposure": false,
      "data_access": false,
      "effective_action": "mgn:ListConnectors",
      "privesc": false,
      "resource_exposure": false
    },
    {
      "access_level": "List",
      "action": "mgn:*",
      "condition": null,
      "credentials_exposure": false,
      "data_access": false,
      "effective_action": "mgn:ListExportErrors",
      "privesc": false,
      "resource_exposure": false
    },
    {
      "access_level": "List",
      "action": "mgn:*",
      "condition": null,
      "credentials_exposure": false,
      "data_access": false,
      "effective_action": "mgn:ListExports",
      "privesc": false,
      "resource_exposure": false
    },
    {
      "access_level": "List",
      "action": "mgn:*",
      "condition": null,
      "credentials_exposure": false,
      "data_access": false,
      "effective_action": "mgn:ListImportErrors",
      "privesc": false,
      "resource_exposure": false
    },
    {
      "access_level": "List",
      "action": "mgn:*",
      "condition": null,
      "credentials_exposure": false,
      "data_access": false,
      "effective_action": "mgn:ListImports",
      "privesc": false,
      "resource_exposure": false
    },
    {
      "access_level": "List",
      "action": "mgn:*",
      "condition": null,
      "credentials_exposure": false,
      "data_access": false,
      "effective_action": "mgn:ListManagedAccounts",
      "privesc": false,
      "resource_exposure": false
    },
    {
      "access_level": "List",
      "action": "mgn:*",
      "condition": null,
      "credentials_exposure": false,
      "data_access": false,
      "effective_action": "mgn:ListNetworkMigrationAnalyses",
      "privesc": false,
      "resource_exposure": false
    },
    {
      "access_level": "List",
      "action": "mgn:*",
      "condition": null,
      "credentials_exposure": false,
      "data_access": false,
      "effective_action": "mgn:ListNetworkMigrationAnalysisResults",
      "privesc": false,
      "resource_exposure": false
    },
    {
      "access_level": "List",
      "action": "mgn:*",
      "condition": null,
      "credentials_exposure": false,
      "data_access": false,
      "effective_action": "mgn:ListNetworkMigrationCodeGenerationSegments",
      "privesc": false,
      "resource_exposure": false
    },
    {
      "access_level": "List",
      "action": "mgn:*",
      "condition": null,
      "credentials_exposure": false,
      "data_access": false,
      "effective_action": "mgn:ListNetworkMigrationCodeGenerations",
      "privesc": false,
      "resource_exposure": false
    },
    {
      "access_level": "List",
      "action": "mgn:*",
      "condition": null,
      "credentials_exposure": false,
      "data_access": false,
      "effective_action": "mgn:ListNetworkMigrationDefinitions",
      "privesc": false,
      "resource_exposure": false
    },
    {
      "access_level": "List",
      "action": "mgn:*",
      "condition": null,
      "credentials_exposure": false,
      "data_access": false,
      "effective_action": "mgn:ListNetworkMigrationDeployedStacks",
      "privesc": false,
      "resource_exposure": false
    },
    {
      "access_level": "List",
      "action": "mgn:*",
      "condition": null,
      "credentials_exposure": false,
      "data_access": false,
      "effective_action": "mgn:ListNetworkMigrationDeployedStacksDeletions",
      "privesc": false,
      "resource_exposure": false
    },
    {
      "access_level": "List",
      "action": "mgn:*",
      "condition": null,
      "credentials_exposure": false,
      "data_access": false,
      "effective_action": "mgn:ListNetworkMigrationDeployments",
      "privesc": false,
      "resource_exposure": false
    },
    {
      "access_level": "List",
      "action": "mgn:*",
      "condition": null,
      "credentials_exposure": false,
      "data_access": false,
      "effective_action": "mgn:ListNetworkMigrationExecutions",
      "privesc": false,
      "resource_exposure": false
    },
    {
      "access_level": "List",
      "action": "mgn:*",
      "condition": null,
      "credentials_exposure": false,
      "data_access": false,
      "effective_action": "mgn:ListNetworkMigrationMapperSegmentConstructs",
      "privesc": false,
      "resource_exposure": false
    },
    {
      "access_level": "List",
      "action": "mgn:*",
      "condition": null,
      "credentials_exposure": false,
      "data_access": false,
      "effective_action": "mgn:ListNetworkMigrationMapperSegments",
      "privesc": false,
      "resource_exposure": false
    },
    {
      "access_level": "List",
      "action": "mgn:*",
      "condition": null,
      "credentials_exposure": false,
      "data_access": false,
      "effective_action": "mgn:ListNetworkMigrationMappings",
      "privesc": false,
      "resource_exposure": false
    },
    {
      "access_level": "List",
      "action": "mgn:*",
      "condition": null,
      "credentials_exposure": false,
      "data_access": false,
      "effective_action": "mgn:ListSourceServerActions",
      "privesc": false,
      "resource_exposure": false
    },
    {
      "access_level": "Read",
      "action": "mgn:*",
      "condition": null,
      "credentials_exposure": false,
      "data_access": false,
      "effective_action": "mgn:ListTagsForResource",
      "privesc": false,
      "resource_exposure": false
    },
    {
      "access_level": "List",
      "action": "mgn:*",
      "condition": null,
      "credentials_exposure": false,
      "data_access": false,
      "effective_action": "mgn:ListTemplateActions",
      "privesc": false,
      "resource_exposure": false
    },
    {
      "access_level": "List",
      "action": "mgn:*",
      "condition": null,
      "credentials_exposure": false,
      "data_access": false,
      "effective_action": "mgn:ListWaves",
      "privesc": false,
      "resource_exposure": false
    },
    {
      "access_level": "Write",
      "action": "mgn:*",
      "condition": null,
      "credentials_exposure": false,
      "data_access": false,
      "effective_action": "mgn:MarkAsArchived",
      "privesc": false,
      "resource_exposure": false
    },
    {
      "access_level": "Write",
      "action": "mgn:*",
      "condition": null,
      "credentials_exposure": false,
      "data_access": false,
      "effective_action": "mgn:NotifyAgentAuthenticationForMgn",
      "privesc": false,
      "resource_exposure": false
    },
    {
      "access_level": "Write",
      "action": "mgn:*",
      "condition": null,
      "credentials_exposure": false,
      "data_access": false,
      "effective_action": "mgn:NotifyAgentConnectedForMgn",
      "privesc": false,
      "resource_exposure": false
    },
    {
      "access_level": "Write",
      "action": "mgn:*",
      "condition": null,
      "credentials_exposure": false,
      "data_access": false,
      "effective_action": "mgn:NotifyAgentDisconnectedForMgn",
      "privesc": false,
      "resource_exposure": false
    },
    {
      "access_level": "Write",
      "action": "mgn:*",
      "condition": null,
      "credentials_exposure": false,
      "data_access": false,
      "effective_action": "mgn:NotifyAgentReplicationProgressForMgn",
      "privesc": false,
      "resource_exposure": false
    },
    {
      "access_level": "Write",
      "action": "mgn:*",
      "condition": null,
      "credentials_exposure": false,
      "data_access": false,
      "effective_action": "mgn:NotifyVcenterClientStartedForMgn",
      "privesc": false,
      "resource_exposure": false
    },
    {
      "access_level": "Write",
      "action": "mgn:*",
      "condition": null,
      "credentials_exposure": false,
      "data_access": false,
      "effective_action": "mgn:PauseReplication",
      "privesc": false,
      "resource_exposure": false
    },
    {
      "access_level": "Write",
      "action": "mgn:*",
      "condition": null,
      "credentials_exposure": false,
      "data_access": false,
      "effective_action": "mgn:PutSourceServerAction",
      "privesc": false,
      "resource_exposure": false
    },
    {
      "access_level": "Write",
      "action": "mgn:*",
      "condition": null,
      "credentials_exposure": false,
      "data_access": false,
      "effective_action": "mgn:PutTemplateAction",
      "privesc": false,
      "resource_exposure": false
    },
    {
      "access_level": "Write",
      "action": "mgn:*",
      "condition": null,
      "credentials_exposure": false,
      "data_access": false,
      "effective_action": "mgn:RegisterAgentForMgn",
      "privesc": false,
      "resource_exposure": false
    },
    {
      "access_level": "Write",
      "action": "mgn:*",
      "condition": null,
      "credentials_exposure": false,
      "data_access": false,
      "effective_action": "mgn:RemoveSourceServerAction",
      "privesc": false,
      "resource_exposure": false
    },
    {
      "access_level": "Write",
      "action": "mgn:*",
      "condition": null,
      "credentials_exposure": false,
      "data_access": false,
      "effective_action": "mgn:RemoveTemplateAction",
      "privesc": false,
      "resource_exposure": false
    },
    {
      "access_level": "Write",
      "action": "mgn:*",
      "condition": null,
      "credentials_exposure": false,
      "data_access": false,
      "effective_action": "mgn:ResumeReplication",
      "privesc": false,
      "resource_exposure": false
    },
    {
      "access_level": "Write",
      "action": "mgn:*",
      "condition": null,
      "credentials_exposure": false,
      "data_access": false,
      "effective_action": "mgn:RetryDataReplication",
      "privesc": false,
      "resource_exposure": false
    },
    {
      "access_level": "Write",
      "action": "mgn:*",
      "condition": null,
      "credentials_exposure": false,
      "data_access": false,
      "effective_action": "mgn:SendAgentLogsForMgn",
      "privesc": false,
      "resource_exposure": false
    },
    {
      "access_level": "Write",
      "action": "mgn:*",
      "condition": null,
      "credentials_exposure": false,
      "data_access": false,
      "effective_action": "mgn:SendAgentMetricsForMgn",
      "privesc": false,
      "resource_exposure": false
    },
    {
      "access_level": "Write",
      "action": "mgn:*",
      "condition": null,
      "credentials_exposure": false,
      "data_access": false,
      "effective_action": "mgn:SendChannelCommandResultForMgn",
      "privesc": false,
      "resource_exposure": false
    },
    {
      "access_level": "Write",
      "action": "mgn:*",
      "condition": null,
      "credentials_exposure": false,
      "data_access": false,
      "effective_action": "mgn:SendClientLogsForMgn",
      "privesc": false,
      "resource_exposure": false
    },
    {
      "access_level": "Write",
      "action": "mgn:*",
      "condition": null,
      "credentials_exposure": false,
      "data_access": false,
      "effective_action": "mgn:SendClientMetricsForMgn",
      "privesc": false,
      "resource_exposure": false
    },
    {
      "access_level": "Write",
      "action": "mgn:*",
      "condition": null,
      "credentials_exposure": false,
      "data_access": false,
      "effective_action": "mgn:SendVcenterClientCommandResultForMgn",
      "privesc": false,
      "resource_exposure": false
    },
    {
      "access_level": "Write",
      "action": "mgn:*",
      "condition": null,
      "credentials_exposure": false,
      "data_access": false,
      "effective_action": "mgn:SendVcenterClientLogsForMgn",
      "privesc": false,
      "resource_exposure": false
    },
    {
      "access_level": "Write",
      "action": "mgn:*",
      "condition": null,
      "credentials_exposure": false,
      "data_access": false,
      "effective_action": "mgn:SendVcenterClientMetricsForMgn",
      "privesc": false,
      "resource_exposure": false
    },
    {
      "access_level": "Write",
      "action": "mgn:*",
      "condition": null,
      "credentials_exposure": false,
      "data_access": false,
      "effective_action": "mgn:StartCutover",
      "privesc": false,
      "resource_exposure": false
    },
    {
      "access_level": "Write",
      "action": "mgn:*",
      "condition": null,
      "credentials_exposure": false,
      "data_access": false,
      "effective_action": "mgn:StartExport",
      "privesc": false,
      "resource_exposure": false
    },
    {
      "access_level": "Write",
      "action": "mgn:*",
      "condition": null,
      "credentials_exposure": false,
      "data_access": false,
      "effective_action": "mgn:StartImport",
      "privesc": false,
      "resource_exposure": false
    },
    {
      "access_level": "Write",
      "action": "mgn:*",
      "condition": null,
      "credentials_exposure": false,
      "data_access": false,
      "effective_action": "mgn:StartNetworkMigrationAnalysis",
      "privesc": false,
      "resource_exposure": false
    },
    {
      "access_level": "Write",
      "action": "mgn:*",
      "condition": null,
      "credentials_exposure": false,
      "data_access": false,
      "effective_action": "mgn:StartNetworkMigrationCodeGeneration",
      "privesc": false,
      "resource_exposure": false
    },
    {
      "access_level": "Write",
      "action": "mgn:*",
      "condition": null,
      "credentials_exposure": false,
      "data_access": false,
      "effective_action": "mgn:StartNetworkMigrationDeployedStacksDeletion",
      "privesc": false,
      "resource_exposure": false
    },
    {
      "access_level": "Write",
      "action": "mgn:*",
      "condition": null,
      "credentials_exposure": false,
      "data_access": false,
      "effective_action": "mgn:StartNetworkMigrationDeployment",
      "privesc": false,
      "resource_exposure": false
    },
    {
      "access_level": "Write",
      "action": "mgn:*",
      "condition": null,
      "credentials_exposure": false,
      "data_access": false,
      "effective_action": "mgn:StartNetworkMigrationMapping",
      "privesc": false,
      "resource_exposure": false
    },
    {
      "access_level": "Write",
      "action": "mgn:*",
      "condition": null,
      "credentials_exposure": false,
      "data_access": false,
      "effective_action": "mgn:StartReplication",
      "privesc": false,
      "resource_exposure": false
    },
    {
      "access_level": "Write",
      "action": "mgn:*",
      "condition": null,
      "credentials_exposure": false,
      "data_access": false,
      "effective_action": "mgn:StartTest",
      "privesc": false,
      "resource_exposure": false
    },
    {
      "access_level": "Write",
      "action": "mgn:*",
      "condition": null,
      "credentials_exposure": false,
      "data_access": false,
      "effective_action": "mgn:StopReplication",
      "privesc": false,
      "resource_exposure": false
    },
    {
      "access_level": "Tagging",
      "action": "mgn:*",
      "condition": null,
      "credentials_exposure": false,
      "data_access": false,
      "effective_action": "mgn:TagResource",
      "privesc": false,
      "resource_exposure": false
    },
    {
      "access_level": "Write",
      "action": "mgn:*",
      "condition": null,
      "credentials_exposure": false,
      "data_access": false,
      "effective_action": "mgn:TerminateTargetInstances",
      "privesc": false,
      "resource_exposure": false
    },
    {
      "access_level": "Write",
      "action": "mgn:*",
      "condition": null,
      "credentials_exposure": false,
      "data_access": false,
      "effective_action": "mgn:UnarchiveApplication",
      "privesc": false,
      "resource_exposure": false
    },
    {
      "access_level": "Write",
      "action": "mgn:*",
      "condition": null,
      "credentials_exposure": false,
      "data_access": false,
      "effective_action": "mgn:UnarchiveWave",
      "privesc": false,
      "resource_exposure": false
    },
    {
      "access_level": "Tagging",
      "action": "mgn:*",
      "condition": null,
      "credentials_exposure": false,
      "data_access": false,
      "effective_action": "mgn:UntagResource",
      "privesc": false,
      "resource_exposure": false
    },
    {
      "access_level": "Write",
      "action": "mgn:*",
      "condition": null,
      "credentials_exposure": false,
      "data_access": false,
      "effective_action": "mgn:UpdateAgentBacklogForMgn",
      "privesc": false,
      "resource_exposure": false
    },
    {
      "access_level": "Write",
      "action": "mgn:*",
      "condition": null,
      "credentials_exposure": false,
      "data_access": false,
      "effective_action": "mgn:UpdateAgentConversionInfoForMgn",
      "privesc": false,
      "resource_exposure": false
    },
    {
      "access_level": "Write",
      "action": "mgn:*",
      "condition": null,
      "credentials_exposure": false,
      "data_access": false,
      "effective_action": "mgn:UpdateAgentReplicationInfoForMgn",
      "privesc": false,
      "resource_exposure": false
    },
    {
      "access_level": "Write",
      "action": "mgn:*",
      "condition": null,
      "credentials_exposure": false,
      "data_access": false,
      "effective_action": "mgn:UpdateAgentReplicationProcessStateForMgn",
      "privesc": false,
      "resource_exposure": false
    },
    {
      "access_level": "Write",
      "action": "mgn:*",
      "condition": null,
      "credentials_exposure": false,
      "data_access": false,
      "effective_action": "mgn:UpdateAgentSourcePropertiesForMgn",
      "privesc": false,
      "resource_exposure": false
    },
    {
      "access_level": "Write",
      "action": "mgn:*",
      "condition": null,
      "credentials_exposure": false,
      "data_access": false,
      "effective_action": "mgn:UpdateApplication",
      "privesc": false,
      "resource_exposure": false
    },
    {
      "access_level": "Write",
      "action": "mgn:*",
      "condition": null,
      "credentials_exposure": false,
      "data_access": false,
      "effective_action": "mgn:UpdateConnector",
      "privesc": false,
      "resource_exposure": false
    },
    {
      "access_level": "Write",
      "action": "mgn:*",
      "condition": null,
      "credentials_exposure": false,
      "data_access": false,
      "effective_action": "mgn:UpdateLaunchConfiguration",
      "privesc": false,
      "resource_exposure": false
    },
    {
      "access_level": "Write",
      "action": "mgn:*",
      "condition": null,
      "credentials_exposure": false,
      "data_access": false,
      "effective_action": "mgn:UpdateLaunchConfigurationTemplate",
      "privesc": false,
      "resource_exposure": false
    },
    {
      "access_level": "Write",
      "action": "mgn:*",
      "condition": null,
      "credentials_exposure": false,
      "data_access": false,
      "effective_action": "mgn:UpdateNetworkMigrationDefinition",
      "privesc": false,
      "resource_exposure": false
    },
    {
      "access_level": "Write",
      "action": "mgn:*",
      "condition": null,
      "credentials_exposure": false,
      "data_access": false,
      "effective_action": "mgn:UpdateNetworkMigrationMapperSegment",
      "privesc": false,
      "resource_exposure": false
    },
    {
      "access_level": "Write",
      "action": "mgn:*",
      "condition": null,
      "credentials_exposure": false,
      "data_access": false,
      "effective_action": "mgn:UpdateNetworkMigrationMapperSegmentConstruct",
      "privesc": false,
      "resource_exposure": false
    },
    {
      "access_level": "Write",
      "action": "mgn:*",
      "condition": null,
      "credentials_exposure": false,
      "data_access": false,
      "effective_action": "mgn:UpdateReplicationConfiguration",
      "privesc": false,
      "resource_exposure": false
    },
    {
      "access_level": "Write",
      "action": "mgn:*",
      "condition": null,
      "credentials_exposure": false,
      "data_access": false,
      "effective_action": "mgn:UpdateReplicationConfigurationTemplate",
      "privesc": false,
      "resource_exposure": false
    },
    {
      "access_level": "Write",
      "action": "mgn:*",
      "condition": null,
      "credentials_exposure": false,
      "data_access": false,
      "effective_action": "mgn:UpdateSourceServer",
      "privesc": false,
      "resource_exposure": false
    },
    {
      "access_level": "Write",
      "action": "mgn:*",
      "condition": null,
      "credentials_exposure": false,
      "data_access": false,
      "effective_action": "mgn:UpdateSourceServerReplicationType",
      "privesc": false,
      "resource_exposure": false
    },
    {
      "access_level": "Write",
      "action": "mgn:*",
      "condition": null,
      "credentials_exposure": false,
      "data_access": false,
      "effective_action": "mgn:UpdateWave",
      "privesc": false,
      "resource_exposure": false
    },
    {
      "access_level": "Read",
      "action": "mgn:*",
      "condition": null,
      "credentials_exposure": false,
      "data_access": false,
      "effective_action": "mgn:VerifyClientRoleForMgn",
      "privesc": false,
      "resource_exposure": false
    },
    {
      "access_level": "List",
      "action": "kms:ListAliases",
      "condition": null,
      "credentials_exposure": false,
      "data_access": false,
      "effective_action": "kms:ListAliases",
      "privesc": false,
      "resource_exposure": false
    },
    {
      "access_level": "Read",
      "action": "kms:DescribeKey",
      "condition": null,
      "credentials_exposure": false,
      "data_access": false,
      "effective_action": "kms:DescribeKey",
      "privesc": false,
      "resource_exposure": false
    },
    {
      "access_level": "List",
      "action": "ec2:DescribeKeyPairs",
      "condition": null,
      "credentials_exposure": false,
      "data_access": false,
      "effective_action": "ec2:DescribeKeyPairs",
      "privesc": false,
      "resource_exposure": false
    },
    {
      "access_level": "List",
      "action": "ec2:DescribeTags",
      "condition": null,
      "credentials_exposure": false,
      "data_access": false,
      "effective_action": "ec2:DescribeTags",
      "privesc": false,
      "resource_exposure": false
    },
    {
      "access_level": "List",
      "action": "ec2:DescribeNetworkInterfaces",
      "condition": null,
      "credentials_exposure": false,
      "data_access": false,
      "effective_action": "ec2:DescribeNetworkInterfaces",
      "privesc": false,
      "resource_exposure": false
    },
    {
      "access_level": "List",
      "action": "ec2:DescribePlacementGroups",
      "condition": null,
      "credentials_exposure": false,
      "data_access": false,
      "effective_action": "ec2:DescribePlacementGroups",
      "privesc": false,
      "resource_exposure": false
    },
    {
      "access_level": "List",
      "action": "ec2:DescribeAccountAttributes",
      "condition": null,
      "credentials_exposure": false,
      "data_access": false,
      "effective_action": "ec2:DescribeAccountAttributes",
      "privesc": false,
      "resource_exposure": false
    },
    {
      "access_level": "List",
      "action": "ec2:DescribeAvailabilityZones",
      "condition": null,
      "credentials_exposure": false,
      "data_access": false,
      "effective_action": "ec2:DescribeAvailabilityZones",
      "privesc": false,
      "resource_exposure": false
    },
    {
      "access_level": "List",
      "action": "ec2:DescribeImages",
      "condition": null,
      "credentials_exposure": false,
      "data_access": false,
      "effective_action": "ec2:DescribeImages",
      "privesc": false,
      "resource_exposure": false
    },
    {
      "access_level": "List",
      "action": "ec2:DescribeInstances",
      "condition": null,
      "credentials_exposure": false,
      "data_access": false,
      "effective_action": "ec2:DescribeInstances",
      "privesc": false,
      "resource_exposure": false
    },
    {
      "access_level": "List",
      "action": "ec2:DescribeInstanceTypes",
      "condition": null,
      "credentials_exposure": false,
      "data_access": false,
      "effective_action": "ec2:DescribeInstanceTypes",
      "privesc": false,
      "resource_exposure": false
    },
    {
      "access_level": "List",
      "action": "ec2:DescribeInstanceAttribute",
      "condition": null,
      "credentials_exposure": false,
      "data_access": false,
      "effective_action": "ec2:DescribeInstanceAttribute",
      "privesc": false,
      "resource_exposure": false
    },
    {
      "access_level": "List",
      "action": "ec2:DescribeInstanceStatus",
      "condition": null,
      "credentials_exposure": false,
      "data_access": false,
      "effective_action": "ec2:DescribeInstanceStatus",
      "privesc": false,
      "resource_exposure": false
    },
    {
      "access_level": "List",
      "action": "ec2:DescribeInstanceTypeOfferings",
      "condition": null,
      "credentials_exposure": false,
      "data_access": false,
      "effective_action": "ec2:DescribeInstanceTypeOfferings",
      "privesc": false,
      "resource_exposure": false
    },
    {
      "access_level": "List",
      "action": "ec2:DescribeLaunchTemplateVersions",
      "condition": null,
      "credentials_exposure": false,
      "data_access": false,
      "effective_action": "ec2:DescribeLaunchTemplateVersions",
      "privesc": false,
      "resource_exposure": false
    },
    {
      "access_level": "List",
      "action": "ec2:DescribeLaunchTemplates",
      "condition": null,
      "credentials_exposure": false,
      "data_access": false,
      "effective_action": "ec2:DescribeLaunchTemplates",
      "privesc": false,
      "resource_exposure": false
    },
    {
      "access_level": "List",
      "action": "ec2:DescribeSecurityGroups",
      "condition": null,
      "credentials_exposure": false,
      "data_access": false,
      "effective_action": "ec2:DescribeSecurityGroups",
      "privesc": false,
      "resource_exposure": false
    },
    {
      "access_level": "List",
      "action": "ec2:DescribeSnapshots",
      "condition": null,
      "credentials_exposure": false,
      "data_access": false,
      "effective_action": "ec2:DescribeSnapshots",
      "privesc": false,
      "resource_exposure": false
    },
    {
      "access_level": "List",
      "action": "ec2:DescribeSubnets",
      "condition": null,
      "credentials_exposure": false,
      "data_access": false,
      "effective_action": "ec2:DescribeSubnets",
      "privesc": false,
      "resource_exposure": false
    },
    {
      "access_level": "List",
      "action": "ec2:DescribeVolumes",
      "condition": null,
      "credentials_exposure": false,
      "data_access": false,
      "effective_action": "ec2:DescribeVolumes",
      "privesc": false,
      "resource_exposure": false
    },
    {
      "access_level": "Read",
      "action": "ec2:GetEbsEncryptionByDefault",
      "condition": null,
      "credentials_exposure": false,
      "data_access": false,
      "effective_action": "ec2:GetEbsEncryptionByDefault",
      "privesc": false,
      "resource_exposure": false
    },
    {
      "access_level": "Read",
      "action": "ec2:GetEbsDefaultKmsKeyId",
      "condition": null,
      "credentials_exposure": false,
      "data_access": false,
      "effective_action": "ec2:GetEbsDefaultKmsKeyId",
      "privesc": false,
      "resource_exposure": false
    },
    {
      "access_level": "Read",
      "action": "license-manager:ListLicenseConfigurations",
      "condition": null,
      "credentials_exposure": false,
      "data_access": false,
      "effective_action": "license-manager:ListLicenseConfigurations",
      "privesc": false,
      "resource_exposure": false
    },
    {
      "access_level": "List",
      "action": "elasticloadbalancing:DescribeLoadBalancers",
      "condition": null,
      "credentials_exposure": false,
      "data_access": false,
      "effective_action": "elasticloadbalancing:DescribeLoadBalancers",
      "privesc": false,
      "resource_exposure": false
    },
    {
      "access_level": "List",
      "action": "iam:ListInstanceProfiles",
      "condition": null,
      "credentials_exposure": false,
      "data_access": false,
      "effective_action": "iam:ListInstanceProfiles",
      "privesc": false,
      "resource_exposure": false
    },
    {
      "access_level": "Permissions management",
      "action": "iam:PassRole",
      "condition": {
        "Bool": {
          "aws:ViaAWSService": "true"
        },
        "StringEquals": {
          "iam:PassedToService": "ec2.amazonaws.com"
        }
      },
      "credentials_exposure": false,
      "data_access": false,
      "effective_action": "iam:PassRole",
      "privesc": true,
      "resource_exposure": true
    },
    {
      "access_level": "Read",
      "action": "drs:DescribeSourceServers",
      "condition": null,
      "credentials_exposure": false,
      "data_access": false,
      "effective_action": "drs:DescribeSourceServers",
      "privesc": false,
      "resource_exposure": false
    },
    {
      "access_level": "Write",
      "action": "ssm:SendCommand",
      "condition": {
        "Bool": {
          "aws:ViaAWSService": "true"
        },
        "Null": {
          "aws:ResourceTag/AWSApplicationMigrationServiceManaged": "false"
        }
      },
      "credentials_exposure": false,
      "data_access": false,
      "effective_action": "ssm:SendCommand",
      "privesc": false,
      "resource_exposure": false
    },
    {
      "access_level": "List",
      "action": "ssm:ListCommandInvocations",
      "condition": null,
      "credentials_exposure": false,
      "data_access": false,
      "effective_action": "ssm:ListCommandInvocations",
      "privesc": false,
      "resource_exposure": false
    },
    {
      "access_level": "Read",
      "action": "ssm:DescribeInstanceInformation",
      "condition": {
        "Bool": {
          "aws:ViaAWSService": "true"
        }
      },
      "credentials_exposure": false,
      "data_access": false,
      "effective_action": "ssm:DescribeInstanceInformation",
      "privesc": false,
      "resource_exposure": false
    },
    {
      "access_level": "Read",
      "action": "ssm:GetCommandInvocation",
      "condition": {
        "Bool": {
          "aws:ViaAWSService": "true"
        }
      },
      "credentials_exposure": false,
      "data_access": false,
      "effective_action": "ssm:GetCommandInvocation",
      "privesc": false,
      "resource_exposure": false
    },
    {
      "access_level": "Read",
      "action": "ssm:DescribeDocument",
      "condition": {
        "Bool": {
          "aws:ViaAWSService": "true"
        }
      },
      "credentials_exposure": false,
      "data_access": false,
      "effective_action": "ssm:DescribeDocument",
      "privesc": false,
      "resource_exposure": false
    },
    {
      "access_level": "Write",
      "action": "ssm:SendCommand",
      "condition": {
        "Bool": {
          "aws:ViaAWSService": "true"
        }
      },
      "credentials_exposure": false,
      "data_access": false,
      "effective_action": "ssm:SendCommand",
      "privesc": false,
      "resource_exposure": false
    },
    {
      "access_level": "Write",
      "action": "drs:DisconnectSourceServer",
      "condition": {
        "Bool": {
          "aws:ViaAWSService": "true"
        },
        "Null": {
          "aws:ResourceTag/AWSApplicationMigrationServiceConfiguredDR": "false"
        }
      },
      "credentials_exposure": false,
      "data_access": false,
      "effective_action": "drs:DisconnectSourceServer",
      "privesc": false,
      "resource_exposure": false
    },
    {
      "access_level": "Read",
      "action": "ssm:GetParameter",
      "condition": null,
      "credentials_exposure": false,
      "data_access": true,
      "effective_action": "ssm:GetParameter",
      "privesc": false,
      "resource_exposure": false
    },
    {
      "access_level": "Write",
      "action": "ssm:PutParameter",
      "condition": null,
      "credentials_exposure": false,
      "data_access": false,
      "effective_action": "ssm:PutParameter",
      "privesc": false,
      "resource_exposure": false
    },
    {
      "access_level": "Read",
      "action": "servicequotas:GetServiceQuota",
      "condition": null,
      "credentials_exposure": false,
      "data_access": false,
      "effective_action": "servicequotas:GetServiceQuota",
      "privesc": false,
      "resource_exposure": false
    },
    {
      "access_level": "Read",
      "action": "ssm:GetAutomationExecution",
      "condition": null,
      "credentials_exposure": false,
      "data_access": false,
      "effective_action": "ssm:GetAutomationExecution",
      "privesc": false,
      "resource_exposure": false
    },
    {
      "access_level": "Read",
      "action": "ssm:GetDocument",
      "condition": null,
      "credentials_exposure": false,
      "data_access": true,
      "effective_action": "ssm:GetDocument",
      "privesc": false,
      "resource_exposure": false
    },
    {
      "access_level": "Read",
      "action": "ssm:GetParameters",
      "condition": {
        "ForAnyValue:StringEquals": {
          "aws:CalledVia": "ssm.amazonaws.com"
        }
      },
      "credentials_exposure": false,
      "data_access": true,
      "effective_action": "ssm:GetParameters",
      "privesc": false,
      "resource_exposure": false
    },
    {
      "access_level": "Write",
      "action": "ssm:StartAutomationExecution",
      "condition": {
        "ForAnyValue:StringEquals": {
          "aws:CalledVia": "mgn.amazonaws.com"
        }
      },
      "credentials_exposure": false,
      "data_access": false,
      "effective_action": "ssm:StartAutomationExecution",
      "privesc": false,
      "resource_exposure": false
    },
    {
      "access_level": "List",
      "action": "ssm:ListCommands",
      "condition": {
        "ForAnyValue:StringEquals": {
          "aws:CalledVia": "ssm.amazonaws.com"
        }
      },
      "credentials_exposure": false,
      "data_access": false,
      "effective_action": "ssm:ListCommands",
      "privesc": false,
      "resource_exposure": false
    },
    {
      "access_level": "List",
      "action": "ssm:DescribeParameters",
      "condition": {
        "ForAnyValue:StringEquals": {
          "aws:CalledVia": [
            "mgn.amazonaws.com"
          ]
        }
      },
      "credentials_exposure": false,
      "data_access": false,
      "effective_action": "ssm:DescribeParameters",
      "privesc": false,
      "resource_exposure": false
    }
  ],
  "grantless": false,
  "malformed": false,
  "name": "AWSApplicationMigrationFullAccess",
  "privesc": true,
  "resource_exposure": true,
  "undocumented_actions": false,
  "unknown_actions": [],
  "updatedate": "2025-07-02T15:37:08+00:00",
  "version": "v9"
}