{
  "access_levels": [
    "Read"
  ],
  "arn": "arn:aws:iam::aws:policy/AWSAccountUsageReportAccess",
  "createdate": "2015-02-06T18:41:19Z",
  "credentials_exposure": false,
  "data_access": false,
  "deprecated": false,
  "document": {
    "Statement": [
      {
        "Action": [
          "aws-portal:ViewUsage"
        ],
        "Effect": "Allow",
        "Resource": "*"
      }
    ],
    "Version": "2012-10-17"
  },
  "effective_actions": [
    {
      "access_level": "Read",
      "action": "aws-portal:ViewUsage",
      "condition": null,
      "credentials_exposure": false,
      "data_access": false,
      "effective_action": "aws-portal:ViewUsage",
      "privesc": false,
      "resource_exposure": false
    }
  ],
  "grantless": false,
  "malformed": false,
  "name": "AWSAccountUsageReportAccess",
  "privesc": false,
  "resource_exposure": false,
  "undocumented_actions": false,
  "unknown_actions": [],
  "updatedate": "2015-02-06T18:41:19+00:00",
  "version": "v1"
}