{
  "access_levels": [
    "Read",
    "Write"
  ],
  "arn": "arn:aws:iam::aws:policy/service-role/AWSApplicationMigrationMGHAccess",
  "createdate": "2021-04-07T07:10:01Z",
  "credentials_exposure": false,
  "data_access": false,
  "deprecated": false,
  "document": {
    "Statement": [
      {
        "Action": [
          "mgh:AssociateCreatedArtifact",
          "mgh:CreateProgressUpdateStream",
          "mgh:DisassociateCreatedArtifact",
          "mgh:GetHomeRegion",
          "mgh:ImportMigrationTask",
          "mgh:NotifyMigrationTaskState",
          "mgh:PutResourceAttributes"
        ],
        "Effect": "Allow",
        "Resource": "*"
      }
    ],
    "Version": "2012-10-17"
  },
  "effective_actions": [
    {
      "access_level": "Write",
      "action": "mgh:AssociateCreatedArtifact",
      "condition": null,
      "credentials_exposure": false,
      "data_access": false,
      "effective_action": "mgh:AssociateCreatedArtifact",
      "privesc": false,
      "resource_exposure": false
    },
    {
      "access_level": "Write",
      "action": "mgh:CreateProgressUpdateStream",
      "condition": null,
      "credentials_exposure": false,
      "data_access": false,
      "effective_action": "mgh:CreateProgressUpdateStream",
      "privesc": false,
      "resource_exposure": false
    },
    {
      "access_level": "Write",
      "action": "mgh:DisassociateCreatedArtifact",
      "condition": null,
      "credentials_exposure": false,
      "data_access": false,
      "effective_action": "mgh:DisassociateCreatedArtifact",
      "privesc": false,
      "resource_exposure": false
    },
    {
      "access_level": "Read",
      "action": "mgh:GetHomeRegion",
      "condition": null,
      "credentials_exposure": false,
      "data_access": false,
      "effective_action": "mgh:GetHomeRegion",
      "privesc": false,
      "resource_exposure": false
    },
    {
      "access_level": "Write",
      "action": "mgh:ImportMigrationTask",
      "condition": null,
      "credentials_exposure": false,
      "data_access": false,
      "effective_action": "mgh:ImportMigrationTask",
      "privesc": false,
      "resource_exposure": false
    },
    {
      "access_level": "Write",
      "action": "mgh:NotifyMigrationTaskState",
      "condition": null,
      "credentials_exposure": false,
      "data_access": false,
      "effective_action": "mgh:NotifyMigrationTaskState",
      "privesc": false,
      "resource_exposure": false
    },
    {
      "access_level": "Write",
      "action": "mgh:PutResourceAttributes",
      "condition": null,
      "credentials_exposure": false,
      "data_access": false,
      "effective_action": "mgh:PutResourceAttributes",
      "privesc": false,
      "resource_exposure": false
    }
  ],
  "grantless": false,
  "malformed": false,
  "name": "AWSApplicationMigrationMGHAccess",
  "privesc": false,
  "resource_exposure": false,
  "undocumented_actions": false,
  "unknown_actions": [],
  "updatedate": "2021-04-07T07:10:01+00:00",
  "version": "v1"
}