{
  "access_levels": [
    "Write"
  ],
  "arn": "arn:aws:iam::aws:policy/aws-service-role/AWSAppFabricServiceRolePolicy",
  "createdate": "2023-06-26T21:07:45Z",
  "credentials_exposure": false,
  "data_access": false,
  "deprecated": false,
  "document": {
    "Statement": [
      {
        "Action": [
          "cloudwatch:PutMetricData"
        ],
        "Condition": {
          "StringEquals": {
            "cloudwatch:namespace": "AWS/AppFabric"
          }
        },
        "Effect": "Allow",
        "Resource": "*",
        "Sid": "CloudWatchEmitMetric"
      },
      {
        "Action": [
          "s3:PutObject"
        ],
        "Condition": {
          "StringEquals": {
            "s3:ResourceAccount": "${aws:PrincipalAccount}"
          }
        },
        "Effect": "Allow",
        "Resource": "arn:aws:s3:::*/AWSAppFabric/*",
        "Sid": "S3PutObject"
      },
      {
        "Action": [
          "firehose:PutRecordBatch"
        ],
        "Condition": {
          "StringEqualsIgnoreCase": {
            "aws:ResourceTag/AWSAppFabricManaged": "true"
          }
        },
        "Effect": "Allow",
        "Resource": "arn:aws:firehose:*:*:deliverystream/*",
        "Sid": "FirehosePutRecord"
      }
    ],
    "Version": "2012-10-17"
  },
  "effective_actions": [
    {
      "access_level": "Write",
      "action": "cloudwatch:PutMetricData",
      "condition": {
        "StringEquals": {
          "cloudwatch:namespace": "AWS/AppFabric"
        }
      },
      "credentials_exposure": false,
      "data_access": false,
      "effective_action": "cloudwatch:PutMetricData",
      "privesc": false,
      "resource_exposure": false
    },
    {
      "access_level": "Write",
      "action": "s3:PutObject",
      "condition": {
        "StringEquals": {
          "s3:ResourceAccount": "${aws:PrincipalAccount}"
        }
      },
      "credentials_exposure": false,
      "data_access": false,
      "effective_action": "s3:PutObject",
      "privesc": false,
      "resource_exposure": false
    },
    {
      "access_level": "Write",
      "action": "firehose:PutRecordBatch",
      "condition": {
        "StringEqualsIgnoreCase": {
          "aws:ResourceTag/AWSAppFabricManaged": "true"
        }
      },
      "credentials_exposure": false,
      "data_access": false,
      "effective_action": "firehose:PutRecordBatch",
      "privesc": false,
      "resource_exposure": false
    }
  ],
  "grantless": false,
  "malformed": false,
  "name": "AWSAppFabricServiceRolePolicy",
  "privesc": false,
  "resource_exposure": false,
  "undocumented_actions": false,
  "unknown_actions": [],
  "updatedate": "2023-06-26T21:07:45+00:00",
  "version": "v1"
}