{
  "access_levels": [
    "List",
    "Read",
    "Tagging",
    "Write",
    "Permissions management"
  ],
  "arn": "arn:aws:iam::aws:policy/AWSApplicationMigrationEC2Access",
  "createdate": "2025-02-11T13:07:07Z",
  "credentials_exposure": false,
  "data_access": false,
  "deprecated": false,
  "document": {
    "Statement": [
      {
        "Action": [
          "iam:PassRole"
        ],
        "Condition": {
          "StringEquals": {
            "iam:PassedToService": "ec2.amazonaws.com"
          }
        },
        "Effect": "Allow",
        "Resource": [
          "arn:aws:iam::*:role/service-role/AWSApplicationMigrationConversionServerRole"
        ]
      },
      {
        "Action": [
          "ec2:DeleteSnapshot"
        ],
        "Condition": {
          "Bool": {
            "aws:ViaAWSService": "true"
          },
          "Null": {
            "aws:ResourceTag/AWSApplicationMigrationServiceManaged": "false"
          }
        },
        "Effect": "Allow",
        "Resource": "arn:aws:ec2:*:*:snapshot/*"
      },
      {
        "Action": [
          "ec2:DescribeSnapshots",
          "ec2:DescribeImages",
          "ec2:DescribeVolumes"
        ],
        "Condition": {
          "ForAnyValue:StringEquals": {
            "aws:CalledVia": [
              "mgn.amazonaws.com"
            ]
          }
        },
        "Effect": "Allow",
        "Resource": "*"
      },
      {
        "Action": [
          "ec2:CreateLaunchTemplateVersion",
          "ec2:ModifyLaunchTemplate",
          "ec2:DeleteLaunchTemplateVersions"
        ],
        "Condition": {
          "Null": {
            "aws:ResourceTag/AWSApplicationMigrationServiceManaged": "false"
          }
        },
        "Effect": "Allow",
        "Resource": "arn:aws:ec2:*:*:launch-template/*"
      },
      {
        "Action": [
          "ec2:CreateLaunchTemplate"
        ],
        "Condition": {
          "ForAnyValue:StringEquals": {
            "aws:CalledVia": [
              "mgn.amazonaws.com"
            ]
          },
          "Null": {
            "aws:RequestTag/AWSApplicationMigrationServiceManaged": "false"
          }
        },
        "Effect": "Allow",
        "Resource": "arn:aws:ec2:*:*:launch-template/*"
      },
      {
        "Action": [
          "ec2:DeleteLaunchTemplate"
        ],
        "Condition": {
          "ForAnyValue:StringEquals": {
            "aws:CalledVia": [
              "mgn.amazonaws.com"
            ]
          },
          "Null": {
            "aws:ResourceTag/AWSApplicationMigrationServiceManaged": "false"
          }
        },
        "Effect": "Allow",
        "Resource": "arn:aws:ec2:*:*:launch-template/*"
      },
      {
        "Action": [
          "ec2:DeleteVolume"
        ],
        "Condition": {
          "Bool": {
            "aws:ViaAWSService": "true"
          },
          "Null": {
            "aws:ResourceTag/AWSApplicationMigrationServiceManaged": "false"
          }
        },
        "Effect": "Allow",
        "Resource": "arn:aws:ec2:*:*:volume/*"
      },
      {
        "Action": [
          "ec2:StartInstances",
          "ec2:StopInstances",
          "ec2:TerminateInstances",
          "ec2:ModifyInstanceAttribute",
          "ec2:GetConsoleOutput",
          "ec2:GetConsoleScreenshot"
        ],
        "Condition": {
          "Bool": {
            "aws:ViaAWSService": "true"
          },
          "Null": {
            "aws:ResourceTag/AWSApplicationMigrationServiceManaged": "false"
          }
        },
        "Effect": "Allow",
        "Resource": "arn:aws:ec2:*:*:instance/*"
      },
      {
        "Action": [
          "ec2:RevokeSecurityGroupEgress",
          "ec2:AuthorizeSecurityGroupIngress",
          "ec2:AuthorizeSecurityGroupEgress"
        ],
        "Condition": {
          "Bool": {
            "aws:ViaAWSService": "true"
          },
          "Null": {
            "aws:ResourceTag/AWSApplicationMigrationServiceManaged": "false"
          }
        },
        "Effect": "Allow",
        "Resource": "arn:aws:ec2:*:*:security-group/*"
      },
      {
        "Action": [
          "ec2:CreateVolume"
        ],
        "Condition": {
          "Bool": {
            "aws:ViaAWSService": "true"
          },
          "Null": {
            "aws:RequestTag/AWSApplicationMigrationServiceManaged": "false"
          }
        },
        "Effect": "Allow",
        "Resource": "arn:aws:ec2:*:*:volume/*"
      },
      {
        "Action": [
          "ec2:CreateSecurityGroup"
        ],
        "Effect": "Allow",
        "Resource": "arn:aws:ec2:*:*:vpc/*"
      },
      {
        "Action": [
          "ec2:CreateSecurityGroup"
        ],
        "Condition": {
          "Bool": {
            "aws:ViaAWSService": "true"
          },
          "Null": {
            "aws:RequestTag/AWSApplicationMigrationServiceManaged": "false"
          }
        },
        "Effect": "Allow",
        "Resource": "arn:aws:ec2:*:*:security-group/*"
      },
      {
        "Action": [
          "ec2:CreateSnapshot"
        ],
        "Condition": {
          "Bool": {
            "aws:ViaAWSService": "true"
          },
          "Null": {
            "ec2:ResourceTag/AWSApplicationMigrationServiceManaged": "false"
          }
        },
        "Effect": "Allow",
        "Resource": "arn:aws:ec2:*:*:volume/*"
      },
      {
        "Action": [
          "ec2:CreateSnapshot"
        ],
        "Condition": {
          "Bool": {
            "aws:ViaAWSService": "true"
          },
          "Null": {
            "aws:RequestTag/AWSApplicationMigrationServiceManaged": "false"
          }
        },
        "Effect": "Allow",
        "Resource": "arn:aws:ec2:*:*:snapshot/*"
      },
      {
        "Action": [
          "ec2:DetachVolume",
          "ec2:AttachVolume"
        ],
        "Condition": {
          "Bool": {
            "aws:ViaAWSService": "true"
          },
          "Null": {
            "ec2:ResourceTag/AWSApplicationMigrationServiceManaged": "false"
          }
        },
        "Effect": "Allow",
        "Resource": "arn:aws:ec2:*:*:instance/*"
      },
      {
        "Action": [
          "ec2:AttachVolume"
        ],
        "Condition": {
          "Bool": {
            "aws:ViaAWSService": "true"
          },
          "Null": {
            "ec2:ResourceTag/AWSApplicationMigrationServiceManaged": "false"
          }
        },
        "Effect": "Allow",
        "Resource": "arn:aws:ec2:*:*:volume/*"
      },
      {
        "Action": [
          "ec2:DetachVolume"
        ],
        "Condition": {
          "Bool": {
            "aws:ViaAWSService": "true"
          }
        },
        "Effect": "Allow",
        "Resource": "arn:aws:ec2:*:*:volume/*"
      },
      {
        "Action": [
          "ec2:RunInstances"
        ],
        "Condition": {
          "Bool": {
            "aws:ViaAWSService": "true"
          },
          "Null": {
            "aws:RequestTag/AWSApplicationMigrationServiceManaged": "false"
          }
        },
        "Effect": "Allow",
        "Resource": "arn:aws:ec2:*:*:instance/*"
      },
      {
        "Action": [
          "ec2:RunInstances"
        ],
        "Condition": {
          "Bool": {
            "aws:ViaAWSService": "true"
          }
        },
        "Effect": "Allow",
        "Resource": [
          "arn:aws:ec2:*:*:security-group/*",
          "arn:aws:ec2:*:*:volume/*",
          "arn:aws:ec2:*:*:subnet/*",
          "arn:aws:ec2:*:*:image/*",
          "arn:aws:ec2:*:*:network-interface/*",
          "arn:aws:ec2:*:*:launch-template/*"
        ]
      },
      {
        "Action": [
          "ec2:CreateTags"
        ],
        "Condition": {
          "Bool": {
            "aws:ViaAWSService": "true"
          },
          "StringEquals": {
            "ec2:CreateAction": [
              "CreateSecurityGroup",
              "CreateVolume",
              "CreateSnapshot",
              "RunInstances",
              "CreateLaunchTemplate"
            ]
          }
        },
        "Effect": "Allow",
        "Resource": [
          "arn:aws:ec2:*:*:security-group/*",
          "arn:aws:ec2:*:*:volume/*",
          "arn:aws:ec2:*:*:snapshot/*",
          "arn:aws:ec2:*:*:instance/*",
          "arn:aws:ec2:*:*:launch-template/*",
          "arn:aws:ec2:*:*:network-interface/*"
        ]
      },
      {
        "Action": [
          "ec2:CreateTags",
          "ec2:ModifyVolume"
        ],
        "Condition": {
          "Bool": {
            "aws:ViaAWSService": "true"
          },
          "Null": {
            "ec2:ResourceTag/AWSApplicationMigrationServiceManaged": "false"
          }
        },
        "Effect": "Allow",
        "Resource": [
          "arn:aws:ec2:*:*:volume/*"
        ]
      },
      {
        "Action": [
          "ec2:CreateVolume"
        ],
        "Condition": {
          "Bool": {
            "aws:ViaAWSService": "true"
          },
          "Null": {
            "aws:ResourceTag/AWSApplicationMigrationServiceManaged": "false"
          }
        },
        "Effect": "Allow",
        "Resource": "arn:aws:ec2:*:*:snapshot/*"
      }
    ],
    "Version": "2012-10-17"
  },
  "effective_actions": [
    {
      "access_level": "Permissions management",
      "action": "iam:PassRole",
      "condition": {
        "StringEquals": {
          "iam:PassedToService": "ec2.amazonaws.com"
        }
      },
      "credentials_exposure": false,
      "data_access": false,
      "effective_action": "iam:PassRole",
      "privesc": true,
      "resource_exposure": true
    },
    {
      "access_level": "Write",
      "action": "ec2:DeleteSnapshot",
      "condition": {
        "Bool": {
          "aws:ViaAWSService": "true"
        },
        "Null": {
          "aws:ResourceTag/AWSApplicationMigrationServiceManaged": "false"
        }
      },
      "credentials_exposure": false,
      "data_access": false,
      "effective_action": "ec2:DeleteSnapshot",
      "privesc": false,
      "resource_exposure": false
    },
    {
      "access_level": "List",
      "action": "ec2:DescribeSnapshots",
      "condition": {
        "ForAnyValue:StringEquals": {
          "aws:CalledVia": [
            "mgn.amazonaws.com"
          ]
        }
      },
      "credentials_exposure": false,
      "data_access": false,
      "effective_action": "ec2:DescribeSnapshots",
      "privesc": false,
      "resource_exposure": false
    },
    {
      "access_level": "List",
      "action": "ec2:DescribeImages",
      "condition": {
        "ForAnyValue:StringEquals": {
          "aws:CalledVia": [
            "mgn.amazonaws.com"
          ]
        }
      },
      "credentials_exposure": false,
      "data_access": false,
      "effective_action": "ec2:DescribeImages",
      "privesc": false,
      "resource_exposure": false
    },
    {
      "access_level": "List",
      "action": "ec2:DescribeVolumes",
      "condition": {
        "ForAnyValue:StringEquals": {
          "aws:CalledVia": [
            "mgn.amazonaws.com"
          ]
        }
      },
      "credentials_exposure": false,
      "data_access": false,
      "effective_action": "ec2:DescribeVolumes",
      "privesc": false,
      "resource_exposure": false
    },
    {
      "access_level": "Write",
      "action": "ec2:CreateLaunchTemplateVersion",
      "condition": {
        "Null": {
          "aws:ResourceTag/AWSApplicationMigrationServiceManaged": "false"
        }
      },
      "credentials_exposure": false,
      "data_access": false,
      "effective_action": "ec2:CreateLaunchTemplateVersion",
      "privesc": false,
      "resource_exposure": false
    },
    {
      "access_level": "Write",
      "action": "ec2:ModifyLaunchTemplate",
      "condition": {
        "Null": {
          "aws:ResourceTag/AWSApplicationMigrationServiceManaged": "false"
        }
      },
      "credentials_exposure": false,
      "data_access": false,
      "effective_action": "ec2:ModifyLaunchTemplate",
      "privesc": false,
      "resource_exposure": false
    },
    {
      "access_level": "Write",
      "action": "ec2:DeleteLaunchTemplateVersions",
      "condition": {
        "Null": {
          "aws:ResourceTag/AWSApplicationMigrationServiceManaged": "false"
        }
      },
      "credentials_exposure": false,
      "data_access": false,
      "effective_action": "ec2:DeleteLaunchTemplateVersions",
      "privesc": false,
      "resource_exposure": false
    },
    {
      "access_level": "Write",
      "action": "ec2:CreateLaunchTemplate",
      "condition": {
        "ForAnyValue:StringEquals": {
          "aws:CalledVia": [
            "mgn.amazonaws.com"
          ]
        },
        "Null": {
          "aws:RequestTag/AWSApplicationMigrationServiceManaged": "false"
        }
      },
      "credentials_exposure": false,
      "data_access": false,
      "effective_action": "ec2:CreateLaunchTemplate",
      "privesc": false,
      "resource_exposure": false
    },
    {
      "access_level": "Write",
      "action": "ec2:DeleteLaunchTemplate",
      "condition": {
        "ForAnyValue:StringEquals": {
          "aws:CalledVia": [
            "mgn.amazonaws.com"
          ]
        },
        "Null": {
          "aws:ResourceTag/AWSApplicationMigrationServiceManaged": "false"
        }
      },
      "credentials_exposure": false,
      "data_access": false,
      "effective_action": "ec2:DeleteLaunchTemplate",
      "privesc": false,
      "resource_exposure": false
    },
    {
      "access_level": "Write",
      "action": "ec2:DeleteVolume",
      "condition": {
        "Bool": {
          "aws:ViaAWSService": "true"
        },
        "Null": {
          "aws:ResourceTag/AWSApplicationMigrationServiceManaged": "false"
        }
      },
      "credentials_exposure": false,
      "data_access": false,
      "effective_action": "ec2:DeleteVolume",
      "privesc": false,
      "resource_exposure": false
    },
    {
      "access_level": "Write",
      "action": "ec2:StartInstances",
      "condition": {
        "Bool": {
          "aws:ViaAWSService": "true"
        },
        "Null": {
          "aws:ResourceTag/AWSApplicationMigrationServiceManaged": "false"
        }
      },
      "credentials_exposure": false,
      "data_access": false,
      "effective_action": "ec2:StartInstances",
      "privesc": false,
      "resource_exposure": false
    },
    {
      "access_level": "Write",
      "action": "ec2:StopInstances",
      "condition": {
        "Bool": {
          "aws:ViaAWSService": "true"
        },
        "Null": {
          "aws:ResourceTag/AWSApplicationMigrationServiceManaged": "false"
        }
      },
      "credentials_exposure": false,
      "data_access": false,
      "effective_action": "ec2:StopInstances",
      "privesc": false,
      "resource_exposure": false
    },
    {
      "access_level": "Write",
      "action": "ec2:TerminateInstances",
      "condition": {
        "Bool": {
          "aws:ViaAWSService": "true"
        },
        "Null": {
          "aws:ResourceTag/AWSApplicationMigrationServiceManaged": "false"
        }
      },
      "credentials_exposure": false,
      "data_access": false,
      "effective_action": "ec2:TerminateInstances",
      "privesc": false,
      "resource_exposure": false
    },
    {
      "access_level": "Write",
      "action": "ec2:ModifyInstanceAttribute",
      "condition": {
        "Bool": {
          "aws:ViaAWSService": "true"
        },
        "Null": {
          "aws:ResourceTag/AWSApplicationMigrationServiceManaged": "false"
        }
      },
      "credentials_exposure": false,
      "data_access": false,
      "effective_action": "ec2:ModifyInstanceAttribute",
      "privesc": false,
      "resource_exposure": false
    },
    {
      "access_level": "Read",
      "action": "ec2:GetConsoleOutput",
      "condition": {
        "Bool": {
          "aws:ViaAWSService": "true"
        },
        "Null": {
          "aws:ResourceTag/AWSApplicationMigrationServiceManaged": "false"
        }
      },
      "credentials_exposure": false,
      "data_access": false,
      "effective_action": "ec2:GetConsoleOutput",
      "privesc": false,
      "resource_exposure": false
    },
    {
      "access_level": "Read",
      "action": "ec2:GetConsoleScreenshot",
      "condition": {
        "Bool": {
          "aws:ViaAWSService": "true"
        },
        "Null": {
          "aws:ResourceTag/AWSApplicationMigrationServiceManaged": "false"
        }
      },
      "credentials_exposure": false,
      "data_access": false,
      "effective_action": "ec2:GetConsoleScreenshot",
      "privesc": false,
      "resource_exposure": false
    },
    {
      "access_level": "Write",
      "action": "ec2:RevokeSecurityGroupEgress",
      "condition": {
        "Bool": {
          "aws:ViaAWSService": "true"
        },
        "Null": {
          "aws:ResourceTag/AWSApplicationMigrationServiceManaged": "false"
        }
      },
      "credentials_exposure": false,
      "data_access": false,
      "effective_action": "ec2:RevokeSecurityGroupEgress",
      "privesc": false,
      "resource_exposure": false
    },
    {
      "access_level": "Write",
      "action": "ec2:AuthorizeSecurityGroupIngress",
      "condition": {
        "Bool": {
          "aws:ViaAWSService": "true"
        },
        "Null": {
          "aws:ResourceTag/AWSApplicationMigrationServiceManaged": "false"
        }
      },
      "credentials_exposure": false,
      "data_access": false,
      "effective_action": "ec2:AuthorizeSecurityGroupIngress",
      "privesc": false,
      "resource_exposure": false
    },
    {
      "access_level": "Write",
      "action": "ec2:AuthorizeSecurityGroupEgress",
      "condition": {
        "Bool": {
          "aws:ViaAWSService": "true"
        },
        "Null": {
          "aws:ResourceTag/AWSApplicationMigrationServiceManaged": "false"
        }
      },
      "credentials_exposure": false,
      "data_access": false,
      "effective_action": "ec2:AuthorizeSecurityGroupEgress",
      "privesc": false,
      "resource_exposure": false
    },
    {
      "access_level": "Write",
      "action": "ec2:CreateVolume",
      "condition": {
        "Bool": {
          "aws:ViaAWSService": "true"
        },
        "Null": {
          "aws:RequestTag/AWSApplicationMigrationServiceManaged": "false"
        }
      },
      "credentials_exposure": false,
      "data_access": false,
      "effective_action": "ec2:CreateVolume",
      "privesc": false,
      "resource_exposure": false
    },
    {
      "access_level": "Write",
      "action": "ec2:CreateSecurityGroup",
      "condition": null,
      "credentials_exposure": false,
      "data_access": false,
      "effective_action": "ec2:CreateSecurityGroup",
      "privesc": false,
      "resource_exposure": false
    },
    {
      "access_level": "Write",
      "action": "ec2:CreateSecurityGroup",
      "condition": {
        "Bool": {
          "aws:ViaAWSService": "true"
        },
        "Null": {
          "aws:RequestTag/AWSApplicationMigrationServiceManaged": "false"
        }
      },
      "credentials_exposure": false,
      "data_access": false,
      "effective_action": "ec2:CreateSecurityGroup",
      "privesc": false,
      "resource_exposure": false
    },
    {
      "access_level": "Write",
      "action": "ec2:CreateSnapshot",
      "condition": {
        "Bool": {
          "aws:ViaAWSService": "true"
        },
        "Null": {
          "ec2:ResourceTag/AWSApplicationMigrationServiceManaged": "false"
        }
      },
      "credentials_exposure": false,
      "data_access": false,
      "effective_action": "ec2:CreateSnapshot",
      "privesc": false,
      "resource_exposure": false
    },
    {
      "access_level": "Write",
      "action": "ec2:CreateSnapshot",
      "condition": {
        "Bool": {
          "aws:ViaAWSService": "true"
        },
        "Null": {
          "aws:RequestTag/AWSApplicationMigrationServiceManaged": "false"
        }
      },
      "credentials_exposure": false,
      "data_access": false,
      "effective_action": "ec2:CreateSnapshot",
      "privesc": false,
      "resource_exposure": false
    },
    {
      "access_level": "Write",
      "action": "ec2:DetachVolume",
      "condition": {
        "Bool": {
          "aws:ViaAWSService": "true"
        },
        "Null": {
          "ec2:ResourceTag/AWSApplicationMigrationServiceManaged": "false"
        }
      },
      "credentials_exposure": false,
      "data_access": false,
      "effective_action": "ec2:DetachVolume",
      "privesc": false,
      "resource_exposure": false
    },
    {
      "access_level": "Write",
      "action": "ec2:AttachVolume",
      "condition": {
        "Bool": {
          "aws:ViaAWSService": "true"
        },
        "Null": {
          "ec2:ResourceTag/AWSApplicationMigrationServiceManaged": "false"
        }
      },
      "credentials_exposure": false,
      "data_access": false,
      "effective_action": "ec2:AttachVolume",
      "privesc": false,
      "resource_exposure": false
    },
    {
      "access_level": "Write",
      "action": "ec2:AttachVolume",
      "condition": {
        "Bool": {
          "aws:ViaAWSService": "true"
        },
        "Null": {
          "ec2:ResourceTag/AWSApplicationMigrationServiceManaged": "false"
        }
      },
      "credentials_exposure": false,
      "data_access": false,
      "effective_action": "ec2:AttachVolume",
      "privesc": false,
      "resource_exposure": false
    },
    {
      "access_level": "Write",
      "action": "ec2:DetachVolume",
      "condition": {
        "Bool": {
          "aws:ViaAWSService": "true"
        }
      },
      "credentials_exposure": false,
      "data_access": false,
      "effective_action": "ec2:DetachVolume",
      "privesc": false,
      "resource_exposure": false
    },
    {
      "access_level": "Write",
      "action": "ec2:RunInstances",
      "condition": {
        "Bool": {
          "aws:ViaAWSService": "true"
        },
        "Null": {
          "aws:RequestTag/AWSApplicationMigrationServiceManaged": "false"
        }
      },
      "credentials_exposure": false,
      "data_access": false,
      "effective_action": "ec2:RunInstances",
      "privesc": false,
      "resource_exposure": false
    },
    {
      "access_level": "Write",
      "action": "ec2:RunInstances",
      "condition": {
        "Bool": {
          "aws:ViaAWSService": "true"
        }
      },
      "credentials_exposure": false,
      "data_access": false,
      "effective_action": "ec2:RunInstances",
      "privesc": false,
      "resource_exposure": false
    },
    {
      "access_level": "Tagging",
      "action": "ec2:CreateTags",
      "condition": {
        "Bool": {
          "aws:ViaAWSService": "true"
        },
        "StringEquals": {
          "ec2:CreateAction": [
            "CreateSecurityGroup",
            "CreateVolume",
            "CreateSnapshot",
            "RunInstances",
            "CreateLaunchTemplate"
          ]
        }
      },
      "credentials_exposure": false,
      "data_access": false,
      "effective_action": "ec2:CreateTags",
      "privesc": false,
      "resource_exposure": false
    },
    {
      "access_level": "Tagging",
      "action": "ec2:CreateTags",
      "condition": {
        "Bool": {
          "aws:ViaAWSService": "true"
        },
        "Null": {
          "ec2:ResourceTag/AWSApplicationMigrationServiceManaged": "false"
        }
      },
      "credentials_exposure": false,
      "data_access": false,
      "effective_action": "ec2:CreateTags",
      "privesc": false,
      "resource_exposure": false
    },
    {
      "access_level": "Write",
      "action": "ec2:ModifyVolume",
      "condition": {
        "Bool": {
          "aws:ViaAWSService": "true"
        },
        "Null": {
          "ec2:ResourceTag/AWSApplicationMigrationServiceManaged": "false"
        }
      },
      "credentials_exposure": false,
      "data_access": false,
      "effective_action": "ec2:ModifyVolume",
      "privesc": false,
      "resource_exposure": false
    },
    {
      "access_level": "Write",
      "action": "ec2:CreateVolume",
      "condition": {
        "Bool": {
          "aws:ViaAWSService": "true"
        },
        "Null": {
          "aws:ResourceTag/AWSApplicationMigrationServiceManaged": "false"
        }
      },
      "credentials_exposure": false,
      "data_access": false,
      "effective_action": "ec2:CreateVolume",
      "privesc": false,
      "resource_exposure": false
    }
  ],
  "grantless": false,
  "malformed": false,
  "name": "AWSApplicationMigrationEC2Access",
  "privesc": true,
  "resource_exposure": true,
  "undocumented_actions": false,
  "unknown_actions": [],
  "updatedate": "2025-02-11T13:07:07+00:00",
  "version": "v6"
}