{
  "access_levels": [
    "List",
    "Read",
    "Tagging",
    "Write"
  ],
  "arn": "arn:aws:iam::aws:policy/AWSAppSyncSchemaAuthor",
  "createdate": "2023-02-01T18:36:20Z",
  "credentials_exposure": true,
  "data_access": true,
  "deprecated": false,
  "document": {
    "Statement": [
      {
        "Action": [
          "appsync:GraphQL",
          "appsync:CreateResolver",
          "appsync:CreateType",
          "appsync:DeleteResolver",
          "appsync:DeleteType",
          "appsync:GetResolver",
          "appsync:GetType",
          "appsync:GetDataSource",
          "appsync:GetSchemaCreationStatus",
          "appsync:GetIntrospectionSchema",
          "appsync:GetGraphqlApi",
          "appsync:ListTypes",
          "appsync:ListApiKeys",
          "appsync:ListResolvers",
          "appsync:ListDataSources",
          "appsync:ListGraphqlApis",
          "appsync:StartSchemaCreation",
          "appsync:UpdateResolver",
          "appsync:UpdateType",
          "appsync:TagResource",
          "appsync:UntagResource",
          "appsync:ListTagsForResource",
          "appsync:CreateFunction",
          "appsync:UpdateFunction",
          "appsync:GetFunction",
          "appsync:DeleteFunction",
          "appsync:ListFunctions",
          "appsync:ListResolversByFunction",
          "appsync:EvaluateMappingTemplate",
          "appsync:EvaluateCode"
        ],
        "Effect": "Allow",
        "Resource": "*"
      }
    ],
    "Version": "2012-10-17"
  },
  "effective_actions": [
    {
      "access_level": "Write",
      "action": "appsync:GraphQL",
      "condition": null,
      "credentials_exposure": false,
      "data_access": false,
      "effective_action": "appsync:GraphQL",
      "privesc": false,
      "resource_exposure": false
    },
    {
      "access_level": "Write",
      "action": "appsync:CreateResolver",
      "condition": null,
      "credentials_exposure": false,
      "data_access": false,
      "effective_action": "appsync:CreateResolver",
      "privesc": false,
      "resource_exposure": false
    },
    {
      "access_level": "Write",
      "action": "appsync:CreateType",
      "condition": null,
      "credentials_exposure": false,
      "data_access": false,
      "effective_action": "appsync:CreateType",
      "privesc": false,
      "resource_exposure": false
    },
    {
      "access_level": "Write",
      "action": "appsync:DeleteResolver",
      "condition": null,
      "credentials_exposure": false,
      "data_access": false,
      "effective_action": "appsync:DeleteResolver",
      "privesc": false,
      "resource_exposure": false
    },
    {
      "access_level": "Write",
      "action": "appsync:DeleteType",
      "condition": null,
      "credentials_exposure": false,
      "data_access": false,
      "effective_action": "appsync:DeleteType",
      "privesc": false,
      "resource_exposure": false
    },
    {
      "access_level": "Read",
      "action": "appsync:GetResolver",
      "condition": null,
      "credentials_exposure": false,
      "data_access": false,
      "effective_action": "appsync:GetResolver",
      "privesc": false,
      "resource_exposure": false
    },
    {
      "access_level": "Read",
      "action": "appsync:GetType",
      "condition": null,
      "credentials_exposure": false,
      "data_access": false,
      "effective_action": "appsync:GetType",
      "privesc": false,
      "resource_exposure": false
    },
    {
      "access_level": "Read",
      "action": "appsync:GetDataSource",
      "condition": null,
      "credentials_exposure": false,
      "data_access": true,
      "effective_action": "appsync:GetDataSource",
      "privesc": false,
      "resource_exposure": false
    },
    {
      "access_level": "Read",
      "action": "appsync:GetSchemaCreationStatus",
      "condition": null,
      "credentials_exposure": false,
      "data_access": false,
      "effective_action": "appsync:GetSchemaCreationStatus",
      "privesc": false,
      "resource_exposure": false
    },
    {
      "access_level": "Read",
      "action": "appsync:GetIntrospectionSchema",
      "condition": null,
      "credentials_exposure": false,
      "data_access": false,
      "effective_action": "appsync:GetIntrospectionSchema",
      "privesc": false,
      "resource_exposure": false
    },
    {
      "access_level": "Read",
      "action": "appsync:GetGraphqlApi",
      "condition": null,
      "credentials_exposure": false,
      "data_access": false,
      "effective_action": "appsync:GetGraphqlApi",
      "privesc": false,
      "resource_exposure": false
    },
    {
      "access_level": "List",
      "action": "appsync:ListTypes",
      "condition": null,
      "credentials_exposure": false,
      "data_access": false,
      "effective_action": "appsync:ListTypes",
      "privesc": false,
      "resource_exposure": false
    },
    {
      "access_level": "List",
      "action": "appsync:ListApiKeys",
      "condition": null,
      "credentials_exposure": true,
      "data_access": false,
      "effective_action": "appsync:ListApiKeys",
      "privesc": false,
      "resource_exposure": false
    },
    {
      "access_level": "List",
      "action": "appsync:ListResolvers",
      "condition": null,
      "credentials_exposure": false,
      "data_access": false,
      "effective_action": "appsync:ListResolvers",
      "privesc": false,
      "resource_exposure": false
    },
    {
      "access_level": "List",
      "action": "appsync:ListDataSources",
      "condition": null,
      "credentials_exposure": false,
      "data_access": false,
      "effective_action": "appsync:ListDataSources",
      "privesc": false,
      "resource_exposure": false
    },
    {
      "access_level": "List",
      "action": "appsync:ListGraphqlApis",
      "condition": null,
      "credentials_exposure": false,
      "data_access": false,
      "effective_action": "appsync:ListGraphqlApis",
      "privesc": false,
      "resource_exposure": false
    },
    {
      "access_level": "Write",
      "action": "appsync:StartSchemaCreation",
      "condition": null,
      "credentials_exposure": false,
      "data_access": false,
      "effective_action": "appsync:StartSchemaCreation",
      "privesc": false,
      "resource_exposure": false
    },
    {
      "access_level": "Write",
      "action": "appsync:UpdateResolver",
      "condition": null,
      "credentials_exposure": false,
      "data_access": false,
      "effective_action": "appsync:UpdateResolver",
      "privesc": false,
      "resource_exposure": false
    },
    {
      "access_level": "Write",
      "action": "appsync:UpdateType",
      "condition": null,
      "credentials_exposure": false,
      "data_access": false,
      "effective_action": "appsync:UpdateType",
      "privesc": false,
      "resource_exposure": false
    },
    {
      "access_level": "Tagging",
      "action": "appsync:TagResource",
      "condition": null,
      "credentials_exposure": false,
      "data_access": false,
      "effective_action": "appsync:TagResource",
      "privesc": false,
      "resource_exposure": false
    },
    {
      "access_level": "Tagging",
      "action": "appsync:UntagResource",
      "condition": null,
      "credentials_exposure": false,
      "data_access": false,
      "effective_action": "appsync:UntagResource",
      "privesc": false,
      "resource_exposure": false
    },
    {
      "access_level": "Read",
      "action": "appsync:ListTagsForResource",
      "condition": null,
      "credentials_exposure": false,
      "data_access": false,
      "effective_action": "appsync:ListTagsForResource",
      "privesc": false,
      "resource_exposure": false
    },
    {
      "access_level": "Write",
      "action": "appsync:CreateFunction",
      "condition": null,
      "credentials_exposure": false,
      "data_access": false,
      "effective_action": "appsync:CreateFunction",
      "privesc": false,
      "resource_exposure": false
    },
    {
      "access_level": "Write",
      "action": "appsync:UpdateFunction",
      "condition": null,
      "credentials_exposure": false,
      "data_access": false,
      "effective_action": "appsync:UpdateFunction",
      "privesc": false,
      "resource_exposure": false
    },
    {
      "access_level": "Read",
      "action": "appsync:GetFunction",
      "condition": null,
      "credentials_exposure": false,
      "data_access": true,
      "effective_action": "appsync:GetFunction",
      "privesc": false,
      "resource_exposure": false
    },
    {
      "access_level": "Write",
      "action": "appsync:DeleteFunction",
      "condition": null,
      "credentials_exposure": false,
      "data_access": false,
      "effective_action": "appsync:DeleteFunction",
      "privesc": false,
      "resource_exposure": false
    },
    {
      "access_level": "List",
      "action": "appsync:ListFunctions",
      "condition": null,
      "credentials_exposure": false,
      "data_access": false,
      "effective_action": "appsync:ListFunctions",
      "privesc": false,
      "resource_exposure": false
    },
    {
      "access_level": "List",
      "action": "appsync:ListResolversByFunction",
      "condition": null,
      "credentials_exposure": false,
      "data_access": false,
      "effective_action": "appsync:ListResolversByFunction",
      "privesc": false,
      "resource_exposure": false
    },
    {
      "access_level": "Read",
      "action": "appsync:EvaluateMappingTemplate",
      "condition": null,
      "credentials_exposure": false,
      "data_access": false,
      "effective_action": "appsync:EvaluateMappingTemplate",
      "privesc": false,
      "resource_exposure": false
    },
    {
      "access_level": "Read",
      "action": "appsync:EvaluateCode",
      "condition": null,
      "credentials_exposure": false,
      "data_access": false,
      "effective_action": "appsync:EvaluateCode",
      "privesc": false,
      "resource_exposure": false
    }
  ],
  "grantless": false,
  "malformed": false,
  "name": "AWSAppSyncSchemaAuthor",
  "privesc": false,
  "resource_exposure": false,
  "undocumented_actions": false,
  "unknown_actions": [],
  "updatedate": "2023-02-01T18:36:20+00:00",
  "version": "v3"
}