{
  "access_levels": [
    "List",
    "Read"
  ],
  "arn": "arn:aws:iam::aws:policy/AWSArtifactAgreementsReadOnlyAccess",
  "createdate": "2024-11-22T19:36:07Z",
  "credentials_exposure": false,
  "data_access": false,
  "deprecated": false,
  "document": {
    "Statement": [
      {
        "Action": [
          "artifact:ListAgreements",
          "artifact:ListCustomerAgreements"
        ],
        "Effect": "Allow",
        "Resource": "*",
        "Sid": "ListAgreementsActions"
      },
      {
        "Action": [
          "artifact:GetCustomerAgreement"
        ],
        "Effect": "Allow",
        "Resource": "arn:aws:artifact::*:customer-agreement/*",
        "Sid": "GetCustomerAgreementActions"
      },
      {
        "Action": [
          "organizations:ListAWSServiceAccessForOrganization",
          "organizations:DescribeOrganization"
        ],
        "Effect": "Allow",
        "Resource": "*",
        "Sid": "AWSOrganizationActions"
      },
      {
        "Action": [
          "iam:GetRole"
        ],
        "Effect": "Allow",
        "Resource": "arn:aws:iam::*:role/aws-service-role/artifact.amazonaws.com/AWSServiceRoleForArtifact",
        "Sid": "GetRole"
      }
    ],
    "Version": "2012-10-17"
  },
  "effective_actions": [
    {
      "access_level": "List",
      "action": "artifact:ListAgreements",
      "condition": null,
      "credentials_exposure": false,
      "data_access": false,
      "effective_action": "artifact:ListAgreements",
      "privesc": false,
      "resource_exposure": false
    },
    {
      "access_level": "List",
      "action": "artifact:ListCustomerAgreements",
      "condition": null,
      "credentials_exposure": false,
      "data_access": false,
      "effective_action": "artifact:ListCustomerAgreements",
      "privesc": false,
      "resource_exposure": false
    },
    {
      "access_level": "Read",
      "action": "artifact:GetCustomerAgreement",
      "condition": null,
      "credentials_exposure": false,
      "data_access": false,
      "effective_action": "artifact:GetCustomerAgreement",
      "privesc": false,
      "resource_exposure": false
    },
    {
      "access_level": "List",
      "action": "organizations:ListAWSServiceAccessForOrganization",
      "condition": null,
      "credentials_exposure": false,
      "data_access": false,
      "effective_action": "organizations:ListAWSServiceAccessForOrganization",
      "privesc": false,
      "resource_exposure": false
    },
    {
      "access_level": "Read",
      "action": "organizations:DescribeOrganization",
      "condition": null,
      "credentials_exposure": false,
      "data_access": false,
      "effective_action": "organizations:DescribeOrganization",
      "privesc": false,
      "resource_exposure": false
    },
    {
      "access_level": "Read",
      "action": "iam:GetRole",
      "condition": null,
      "credentials_exposure": false,
      "data_access": false,
      "effective_action": "iam:GetRole",
      "privesc": false,
      "resource_exposure": false
    }
  ],
  "grantless": false,
  "malformed": false,
  "name": "AWSArtifactAgreementsReadOnlyAccess",
  "privesc": false,
  "resource_exposure": false,
  "undocumented_actions": false,
  "unknown_actions": [],
  "updatedate": "2024-11-22T19:36:07+00:00",
  "version": "v1"
}