{
  "access_levels": [
    "Read",
    "Write"
  ],
  "arn": "arn:aws:iam::aws:policy/service-role/AWSApplicationMigrationConversionServerPolicy",
  "createdate": "2021-04-07T06:48:58Z",
  "credentials_exposure": false,
  "data_access": false,
  "deprecated": false,
  "document": {
    "Statement": [
      {
        "Action": [
          "mgn:SendClientMetricsForMgn",
          "mgn:SendClientLogsForMgn",
          "mgn:GetChannelCommandsForMgn",
          "mgn:SendChannelCommandResultForMgn"
        ],
        "Effect": "Allow",
        "Resource": "*"
      }
    ],
    "Version": "2012-10-17"
  },
  "effective_actions": [
    {
      "access_level": "Write",
      "action": "mgn:SendClientMetricsForMgn",
      "condition": null,
      "credentials_exposure": false,
      "data_access": false,
      "effective_action": "mgn:SendClientMetricsForMgn",
      "privesc": false,
      "resource_exposure": false
    },
    {
      "access_level": "Write",
      "action": "mgn:SendClientLogsForMgn",
      "condition": null,
      "credentials_exposure": false,
      "data_access": false,
      "effective_action": "mgn:SendClientLogsForMgn",
      "privesc": false,
      "resource_exposure": false
    },
    {
      "access_level": "Read",
      "action": "mgn:GetChannelCommandsForMgn",
      "condition": null,
      "credentials_exposure": false,
      "data_access": false,
      "effective_action": "mgn:GetChannelCommandsForMgn",
      "privesc": false,
      "resource_exposure": false
    },
    {
      "access_level": "Write",
      "action": "mgn:SendChannelCommandResultForMgn",
      "condition": null,
      "credentials_exposure": false,
      "data_access": false,
      "effective_action": "mgn:SendChannelCommandResultForMgn",
      "privesc": false,
      "resource_exposure": false
    }
  ],
  "grantless": false,
  "malformed": false,
  "name": "AWSApplicationMigrationConversionServerPolicy",
  "privesc": false,
  "resource_exposure": false,
  "undocumented_actions": false,
  "unknown_actions": [],
  "updatedate": "2021-04-07T06:48:58+00:00",
  "version": "v1"
}