{
  "access_levels": [
    "List",
    "Read",
    "Tagging",
    "Write",
    "Permissions management"
  ],
  "arn": "arn:aws:iam::aws:policy/AWSAppFabricFullAccess",
  "createdate": "2023-06-27T19:51:17Z",
  "credentials_exposure": false,
  "data_access": false,
  "deprecated": false,
  "document": {
    "Statement": [
      {
        "Action": [
          "appfabric:*"
        ],
        "Effect": "Allow",
        "Resource": "*"
      },
      {
        "Action": [
          "kms:ListAliases"
        ],
        "Effect": "Allow",
        "Resource": "*",
        "Sid": "KMSListAccess"
      },
      {
        "Action": [
          "s3:GetBucketLocation",
          "s3:ListAllMyBuckets"
        ],
        "Effect": "Allow",
        "Resource": "*",
        "Sid": "S3ReadAccess"
      },
      {
        "Action": [
          "firehose:DescribeDeliveryStream",
          "firehose:ListDeliveryStreams"
        ],
        "Effect": "Allow",
        "Resource": "*",
        "Sid": "FirehoseReadAccess"
      },
      {
        "Action": [
          "iam:CreateServiceLinkedRole"
        ],
        "Condition": {
          "StringEquals": {
            "iam:AWSServiceName": "appfabric.amazonaws.com"
          }
        },
        "Effect": "Allow",
        "Resource": "arn:aws:iam::*:role/aws-service-role/appfabric.amazonaws.com/AWSServiceRoleForAppFabric",
        "Sid": "AllowUseOfServiceLinkedRole"
      }
    ],
    "Version": "2012-10-17"
  },
  "effective_actions": [
    {
      "access_level": "Write",
      "action": "appfabric:*",
      "condition": null,
      "credentials_exposure": false,
      "data_access": false,
      "effective_action": "appfabric:BatchGetUserAccessTasks",
      "privesc": false,
      "resource_exposure": false
    },
    {
      "access_level": "Write",
      "action": "appfabric:*",
      "condition": null,
      "credentials_exposure": false,
      "data_access": false,
      "effective_action": "appfabric:ConnectAppAuthorization",
      "privesc": false,
      "resource_exposure": false
    },
    {
      "access_level": "Write",
      "action": "appfabric:*",
      "condition": null,
      "credentials_exposure": false,
      "data_access": false,
      "effective_action": "appfabric:CreateAppAuthorization",
      "privesc": false,
      "resource_exposure": false
    },
    {
      "access_level": "Write",
      "action": "appfabric:*",
      "condition": null,
      "credentials_exposure": false,
      "data_access": false,
      "effective_action": "appfabric:CreateAppBundle",
      "privesc": false,
      "resource_exposure": false
    },
    {
      "access_level": "Write",
      "action": "appfabric:*",
      "condition": null,
      "credentials_exposure": false,
      "data_access": false,
      "effective_action": "appfabric:CreateIngestion",
      "privesc": false,
      "resource_exposure": false
    },
    {
      "access_level": "Write",
      "action": "appfabric:*",
      "condition": null,
      "credentials_exposure": false,
      "data_access": false,
      "effective_action": "appfabric:CreateIngestionDestination",
      "privesc": false,
      "resource_exposure": false
    },
    {
      "access_level": "Write",
      "action": "appfabric:*",
      "condition": null,
      "credentials_exposure": false,
      "data_access": false,
      "effective_action": "appfabric:DeleteAppAuthorization",
      "privesc": false,
      "resource_exposure": false
    },
    {
      "access_level": "Write",
      "action": "appfabric:*",
      "condition": null,
      "credentials_exposure": false,
      "data_access": false,
      "effective_action": "appfabric:DeleteAppBundle",
      "privesc": false,
      "resource_exposure": false
    },
    {
      "access_level": "Write",
      "action": "appfabric:*",
      "condition": null,
      "credentials_exposure": false,
      "data_access": false,
      "effective_action": "appfabric:DeleteIngestion",
      "privesc": false,
      "resource_exposure": false
    },
    {
      "access_level": "Write",
      "action": "appfabric:*",
      "condition": null,
      "credentials_exposure": false,
      "data_access": false,
      "effective_action": "appfabric:DeleteIngestionDestination",
      "privesc": false,
      "resource_exposure": false
    },
    {
      "access_level": "Read",
      "action": "appfabric:*",
      "condition": null,
      "credentials_exposure": false,
      "data_access": false,
      "effective_action": "appfabric:GetAppAuthorization",
      "privesc": false,
      "resource_exposure": false
    },
    {
      "access_level": "Read",
      "action": "appfabric:*",
      "condition": null,
      "credentials_exposure": false,
      "data_access": false,
      "effective_action": "appfabric:GetAppBundle",
      "privesc": false,
      "resource_exposure": false
    },
    {
      "access_level": "Read",
      "action": "appfabric:*",
      "condition": null,
      "credentials_exposure": false,
      "data_access": false,
      "effective_action": "appfabric:GetIngestion",
      "privesc": false,
      "resource_exposure": false
    },
    {
      "access_level": "Read",
      "action": "appfabric:*",
      "condition": null,
      "credentials_exposure": false,
      "data_access": false,
      "effective_action": "appfabric:GetIngestionDestination",
      "privesc": false,
      "resource_exposure": false
    },
    {
      "access_level": "List",
      "action": "appfabric:*",
      "condition": null,
      "credentials_exposure": false,
      "data_access": false,
      "effective_action": "appfabric:ListAppAuthorizations",
      "privesc": false,
      "resource_exposure": false
    },
    {
      "access_level": "List",
      "action": "appfabric:*",
      "condition": null,
      "credentials_exposure": false,
      "data_access": false,
      "effective_action": "appfabric:ListAppBundles",
      "privesc": false,
      "resource_exposure": false
    },
    {
      "access_level": "List",
      "action": "appfabric:*",
      "condition": null,
      "credentials_exposure": false,
      "data_access": false,
      "effective_action": "appfabric:ListIngestionDestinations",
      "privesc": false,
      "resource_exposure": false
    },
    {
      "access_level": "List",
      "action": "appfabric:*",
      "condition": null,
      "credentials_exposure": false,
      "data_access": false,
      "effective_action": "appfabric:ListIngestions",
      "privesc": false,
      "resource_exposure": false
    },
    {
      "access_level": "Read",
      "action": "appfabric:*",
      "condition": null,
      "credentials_exposure": false,
      "data_access": false,
      "effective_action": "appfabric:ListTagsForResource",
      "privesc": false,
      "resource_exposure": false
    },
    {
      "access_level": "Write",
      "action": "appfabric:*",
      "condition": null,
      "credentials_exposure": false,
      "data_access": false,
      "effective_action": "appfabric:StartIngestion",
      "privesc": false,
      "resource_exposure": false
    },
    {
      "access_level": "Write",
      "action": "appfabric:*",
      "condition": null,
      "credentials_exposure": false,
      "data_access": false,
      "effective_action": "appfabric:StartUserAccessTasks",
      "privesc": false,
      "resource_exposure": false
    },
    {
      "access_level": "Write",
      "action": "appfabric:*",
      "condition": null,
      "credentials_exposure": false,
      "data_access": false,
      "effective_action": "appfabric:StopIngestion",
      "privesc": false,
      "resource_exposure": false
    },
    {
      "access_level": "Tagging",
      "action": "appfabric:*",
      "condition": null,
      "credentials_exposure": false,
      "data_access": false,
      "effective_action": "appfabric:TagResource",
      "privesc": false,
      "resource_exposure": false
    },
    {
      "access_level": "Tagging",
      "action": "appfabric:*",
      "condition": null,
      "credentials_exposure": false,
      "data_access": false,
      "effective_action": "appfabric:UntagResource",
      "privesc": false,
      "resource_exposure": false
    },
    {
      "access_level": "Write",
      "action": "appfabric:*",
      "condition": null,
      "credentials_exposure": false,
      "data_access": false,
      "effective_action": "appfabric:UpdateAppAuthorization",
      "privesc": false,
      "resource_exposure": false
    },
    {
      "access_level": "Write",
      "action": "appfabric:*",
      "condition": null,
      "credentials_exposure": false,
      "data_access": false,
      "effective_action": "appfabric:UpdateIngestionDestination",
      "privesc": false,
      "resource_exposure": false
    },
    {
      "access_level": "List",
      "action": "kms:ListAliases",
      "condition": null,
      "credentials_exposure": false,
      "data_access": false,
      "effective_action": "kms:ListAliases",
      "privesc": false,
      "resource_exposure": false
    },
    {
      "access_level": "Read",
      "action": "s3:GetBucketLocation",
      "condition": null,
      "credentials_exposure": false,
      "data_access": false,
      "effective_action": "s3:GetBucketLocation",
      "privesc": false,
      "resource_exposure": false
    },
    {
      "access_level": "List",
      "action": "s3:ListAllMyBuckets",
      "condition": null,
      "credentials_exposure": false,
      "data_access": false,
      "effective_action": "s3:ListAllMyBuckets",
      "privesc": false,
      "resource_exposure": false
    },
    {
      "access_level": "Read",
      "action": "firehose:DescribeDeliveryStream",
      "condition": null,
      "credentials_exposure": false,
      "data_access": false,
      "effective_action": "firehose:DescribeDeliveryStream",
      "privesc": false,
      "resource_exposure": false
    },
    {
      "access_level": "List",
      "action": "firehose:ListDeliveryStreams",
      "condition": null,
      "credentials_exposure": false,
      "data_access": false,
      "effective_action": "firehose:ListDeliveryStreams",
      "privesc": false,
      "resource_exposure": false
    },
    {
      "access_level": "Permissions management",
      "action": "iam:CreateServiceLinkedRole",
      "condition": {
        "StringEquals": {
          "iam:AWSServiceName": "appfabric.amazonaws.com"
        }
      },
      "credentials_exposure": false,
      "data_access": false,
      "effective_action": "iam:CreateServiceLinkedRole",
      "privesc": true,
      "resource_exposure": true
    }
  ],
  "grantless": false,
  "malformed": false,
  "name": "AWSAppFabricFullAccess",
  "privesc": true,
  "resource_exposure": true,
  "undocumented_actions": false,
  "unknown_actions": [],
  "updatedate": "2023-06-27T19:51:17+00:00",
  "version": "v1"
}