{
  "access_levels": [
    "Read"
  ],
  "arn": "arn:aws:iam::aws:policy/AWSAppMeshPreviewEnvoyAccess",
  "createdate": "2019-08-05T23:32:39Z",
  "credentials_exposure": false,
  "data_access": false,
  "deprecated": false,
  "document": {
    "Statement": [
      {
        "Action": [
          "appmesh-preview:StreamAggregatedResources"
        ],
        "Effect": "Allow",
        "Resource": "*"
      }
    ],
    "Version": "2012-10-17"
  },
  "effective_actions": [
    {
      "access_level": "Read",
      "action": "appmesh-preview:StreamAggregatedResources",
      "condition": null,
      "credentials_exposure": false,
      "data_access": false,
      "effective_action": "appmesh-preview:StreamAggregatedResources",
      "privesc": false,
      "resource_exposure": false
    }
  ],
  "grantless": false,
  "malformed": false,
  "name": "AWSAppMeshPreviewEnvoyAccess",
  "privesc": false,
  "resource_exposure": false,
  "undocumented_actions": false,
  "unknown_actions": [],
  "updatedate": "2019-08-05T23:32:39+00:00",
  "version": "v1"
}