{
  "access_levels": [
    "Read"
  ],
  "arn": "arn:aws:iam::aws:policy/AWSBudgetsReadOnlyAccess",
  "createdate": "2024-06-17T17:41:25Z",
  "credentials_exposure": false,
  "data_access": false,
  "deprecated": false,
  "document": {
    "Statement": [
      {
        "Action": [
          "aws-portal:ViewBilling",
          "budgets:ViewBudget",
          "budgets:Describe*",
          "budgets:ListTagsForResource"
        ],
        "Effect": "Allow",
        "Resource": "*",
        "Sid": "AWSBudgetsReadOnlyAccess"
      }
    ],
    "Version": "2012-10-17"
  },
  "effective_actions": [
    {
      "access_level": "Read",
      "action": "aws-portal:ViewBilling",
      "condition": null,
      "credentials_exposure": false,
      "data_access": false,
      "effective_action": "aws-portal:ViewBilling",
      "privesc": false,
      "resource_exposure": false
    },
    {
      "access_level": "Read",
      "action": "budgets:ViewBudget",
      "condition": null,
      "credentials_exposure": false,
      "data_access": false,
      "effective_action": "budgets:ViewBudget",
      "privesc": false,
      "resource_exposure": false
    },
    {
      "access_level": "Read",
      "action": "budgets:Describe*",
      "condition": null,
      "credentials_exposure": false,
      "data_access": false,
      "effective_action": "budgets:DescribeBudgetAction",
      "privesc": false,
      "resource_exposure": false
    },
    {
      "access_level": "Read",
      "action": "budgets:Describe*",
      "condition": null,
      "credentials_exposure": false,
      "data_access": false,
      "effective_action": "budgets:DescribeBudgetActionHistories",
      "privesc": false,
      "resource_exposure": false
    },
    {
      "access_level": "Read",
      "action": "budgets:Describe*",
      "condition": null,
      "credentials_exposure": false,
      "data_access": false,
      "effective_action": "budgets:DescribeBudgetActionsForAccount",
      "privesc": false,
      "resource_exposure": false
    },
    {
      "access_level": "Read",
      "action": "budgets:Describe*",
      "condition": null,
      "credentials_exposure": false,
      "data_access": false,
      "effective_action": "budgets:DescribeBudgetActionsForBudget",
      "privesc": false,
      "resource_exposure": false
    },
    {
      "access_level": "Read",
      "action": "budgets:ListTagsForResource",
      "condition": null,
      "credentials_exposure": false,
      "data_access": false,
      "effective_action": "budgets:ListTagsForResource",
      "privesc": false,
      "resource_exposure": false
    }
  ],
  "grantless": false,
  "malformed": false,
  "name": "AWSBudgetsReadOnlyAccess",
  "privesc": false,
  "resource_exposure": false,
  "undocumented_actions": false,
  "unknown_actions": [],
  "updatedate": "2024-06-17T17:41:25+00:00",
  "version": "v2"
}