{
  "access_levels": [
    "List",
    "Read",
    "Tagging",
    "Write",
    "Permissions management"
  ],
  "arn": "arn:aws:iam::aws:policy/aws-service-role/AWSBackupServiceLinkedRolePolicyForBackup",
  "createdate": "2025-09-09T18:49:07Z",
  "credentials_exposure": false,
  "data_access": true,
  "deprecated": false,
  "document": {
    "Statement": [
      {
        "Action": [
          "elasticfilesystem:Backup",
          "elasticfilesystem:DescribeTags"
        ],
        "Condition": {
          "StringLike": {
            "aws:ResourceTag/aws:elasticfilesystem:default-backup": "enabled"
          }
        },
        "Effect": "Allow",
        "Resource": "arn:aws:elasticfilesystem:*:*:file-system/*",
        "Sid": "EFSResourcePermissions"
      },
      {
        "Action": [
          "tag:GetResources",
          "elasticfilesystem:DescribeFileSystems",
          "dynamodb:ListTables",
          "storagegateway:ListVolumes",
          "ec2:DescribeVolumes",
          "ec2:DescribeInstances",
          "rds:DescribeDBInstances",
          "rds:DescribeDBClusters",
          "fsx:DescribeFileSystems",
          "fsx:DescribeVolumes",
          "s3:ListAllMyBuckets",
          "s3:GetBucketTagging"
        ],
        "Effect": "Allow",
        "Resource": "*",
        "Sid": "DescribePermissions"
      },
      {
        "Action": [
          "ec2:CreateTags"
        ],
        "Condition": {
          "StringEquals": {
            "ec2:CreateAction": "CopySnapshot"
          }
        },
        "Effect": "Allow",
        "Resource": "arn:aws:ec2:*::snapshot/*",
        "Sid": "SnapshotCopyTagPermissions"
      },
      {
        "Action": [
          "ec2:CreateTags"
        ],
        "Condition": {
          "ForAllValues:StringEquals": {
            "aws:TagKeys": [
              "AWSBackupManagedResource"
            ]
          }
        },
        "Effect": "Allow",
        "Resource": [
          "arn:aws:ec2:*::image/*",
          "arn:aws:ec2:*::snapshot/*"
        ],
        "Sid": "EC2CreateBackupTagPermissions"
      },
      {
        "Action": [
          "ec2:CreateTags"
        ],
        "Condition": {
          "Null": {
            "ec2:ResourceTag/AWSBackupManagedResource": "false"
          }
        },
        "Effect": "Allow",
        "Resource": [
          "arn:aws:ec2:*::image/*",
          "arn:aws:ec2:*::snapshot/*"
        ],
        "Sid": "EC2CreateTagsPermissions"
      },
      {
        "Action": [
          "ec2:DescribeSnapshots",
          "ec2:DescribeSnapshotTierStatus",
          "ec2:DescribeImages",
          "rds:DescribeDBSnapshots",
          "rds:DescribeDBClusterSnapshots"
        ],
        "Effect": "Allow",
        "Resource": "*",
        "Sid": "EC2RDSDescribePermissions"
      },
      {
        "Action": [
          "ec2:CopySnapshot"
        ],
        "Effect": "Allow",
        "Resource": "arn:aws:ec2:*::snapshot/*",
        "Sid": "EBSCopyPermissions"
      },
      {
        "Action": [
          "ec2:CopyImage"
        ],
        "Effect": "Allow",
        "Resource": "*",
        "Sid": "EC2CopyPermissions"
      },
      {
        "Action": [
          "ec2:DeregisterImage",
          "ec2:DeleteSnapshot",
          "ec2:ModifySnapshotTier"
        ],
        "Condition": {
          "Null": {
            "ec2:ResourceTag/AWSBackupManagedResource": "false"
          }
        },
        "Effect": "Allow",
        "Resource": "*",
        "Sid": "EC2ModifyPermissions"
      },
      {
        "Action": [
          "rds:AddTagsToResource",
          "rds:CopyDBSnapshot",
          "rds:DeleteDBSnapshot",
          "rds:DeleteDBInstanceAutomatedBackup"
        ],
        "Effect": "Allow",
        "Resource": "arn:aws:rds:*:*:snapshot:awsbackup:*",
        "Sid": "RDSInstanceAndSnashotPermissions"
      },
      {
        "Action": [
          "rds:AddTagsToResource",
          "rds:CopyDBClusterSnapshot",
          "rds:DeleteDBClusterSnapshot"
        ],
        "Effect": "Allow",
        "Resource": "arn:aws:rds:*:*:cluster-snapshot:awsbackup:*",
        "Sid": "RDSClusterPermissions"
      },
      {
        "Action": [
          "rds:AddTagsToResource"
        ],
        "Effect": "Allow",
        "Resource": [
          "arn:aws:rds:*:*:snapshot-tenant-database:awsbackup:*"
        ],
        "Sid": "RDSSnapshotTenantDatabasePermissions"
      },
      {
        "Action": [
          "kms:DescribeKey"
        ],
        "Effect": "Allow",
        "Resource": "*",
        "Sid": "KMSDescribePermissions"
      },
      {
        "Action": [
          "kms:ListGrants",
          "kms:ReEncryptFrom",
          "kms:GenerateDataKeyWithoutPlaintext"
        ],
        "Condition": {
          "StringLike": {
            "kms:ViaService": [
              "ec2.*.amazonaws.com",
              "rds.*.amazonaws.com",
              "fsx.*.amazonaws.com"
            ]
          }
        },
        "Effect": "Allow",
        "Resource": "*",
        "Sid": "KMSGrantPermissions"
      },
      {
        "Action": [
          "kms:CreateGrant"
        ],
        "Condition": {
          "Bool": {
            "kms:GrantIsForAWSResource": "true"
          },
          "StringLike": {
            "kms:ViaService": [
              "ec2.*.amazonaws.com",
              "rds.*.amazonaws.com",
              "fsx.*.amazonaws.com"
            ]
          }
        },
        "Effect": "Allow",
        "Resource": "*",
        "Sid": "KMSCreateGrantPermissions"
      },
      {
        "Action": [
          "fsx:CopyBackup",
          "fsx:TagResource",
          "fsx:DescribeBackups",
          "fsx:DeleteBackup"
        ],
        "Effect": "Allow",
        "Resource": "arn:aws:fsx:*:*:backup/*",
        "Sid": "FsxPermissions"
      },
      {
        "Action": [
          "dynamodb:DeleteBackup"
        ],
        "Effect": "Allow",
        "Resource": "arn:aws:dynamodb:*:*:table/*/backup/*",
        "Sid": "DynamoDBDeletePermissions"
      },
      {
        "Action": [
          "backup-gateway:ListVirtualMachines"
        ],
        "Effect": "Allow",
        "Resource": "*",
        "Sid": "BackupGateway"
      },
      {
        "Action": [
          "backup-gateway:ListTagsForResource"
        ],
        "Effect": "Allow",
        "Resource": "arn:aws:backup-gateway:*:*:vm/*",
        "Sid": "ListTagsForBackupGateway"
      },
      {
        "Action": [
          "dynamodb:ListTagsOfResource",
          "dynamodb:DescribeTable"
        ],
        "Effect": "Allow",
        "Resource": "arn:aws:dynamodb:*:*:table/*",
        "Sid": "DynamoDBPermissions"
      },
      {
        "Action": [
          "storagegateway:DescribeCachediSCSIVolumes",
          "storagegateway:DescribeStorediSCSIVolumes"
        ],
        "Effect": "Allow",
        "Resource": "arn:aws:storagegateway:*:*:gateway/*/volume/*",
        "Sid": "StorageGatewayPermissions"
      },
      {
        "Action": [
          "events:DeleteRule",
          "events:PutTargets",
          "events:DescribeRule",
          "events:EnableRule",
          "events:PutRule",
          "events:RemoveTargets",
          "events:ListTargetsByRule",
          "events:DisableRule"
        ],
        "Effect": "Allow",
        "Resource": [
          "arn:aws:events:*:*:rule/AwsBackupManagedRule*"
        ],
        "Sid": "EventBridgePermissions"
      },
      {
        "Action": [
          "events:ListRules"
        ],
        "Effect": "Allow",
        "Resource": "*",
        "Sid": "EventBridgeRulesPermissions"
      },
      {
        "Action": [
          "ssm-sap:GetOperation",
          "ssm-sap:UpdateHANABackupSettings"
        ],
        "Effect": "Allow",
        "Resource": "*",
        "Sid": "SSMSAPPermissions"
      },
      {
        "Action": [
          "timestream:ListDatabases",
          "timestream:ListTables",
          "timestream:ListTagsForResource",
          "timestream:DescribeDatabase",
          "timestream:DescribeTable",
          "timestream:GetAwsBackupStatus",
          "timestream:GetAwsRestoreStatus"
        ],
        "Effect": "Allow",
        "Resource": [
          "arn:aws:timestream:*:*:database/*"
        ],
        "Sid": "TimestreamResourcePermissions"
      },
      {
        "Action": [
          "timestream:DescribeEndpoints"
        ],
        "Effect": "Allow",
        "Resource": "*",
        "Sid": "TimestreamPermissions"
      },
      {
        "Action": [
          "redshift:DescribeClusterSnapshots",
          "redshift:DescribeTags"
        ],
        "Effect": "Allow",
        "Resource": [
          "arn:aws:redshift:*:*:snapshot:*/*",
          "arn:aws:redshift:*:*:cluster:*"
        ],
        "Sid": "RedshiftDescribePermissions"
      },
      {
        "Action": [
          "redshift:DeleteClusterSnapshot"
        ],
        "Effect": "Allow",
        "Resource": [
          "arn:aws:redshift:*:*:snapshot:*/*"
        ],
        "Sid": "RedshiftClusterSnapshotPermissions"
      },
      {
        "Action": [
          "redshift:DescribeClusters"
        ],
        "Effect": "Allow",
        "Resource": [
          "arn:aws:redshift:*:*:cluster:*"
        ],
        "Sid": "RedshiftClusterPermissions"
      },
      {
        "Action": [
          "redshift-serverless:GetNamespace",
          "redshift-serverless:GetSnapshot",
          "redshift-serverless:GetWorkgroup"
        ],
        "Effect": "Allow",
        "Resource": [
          "arn:aws:redshift-serverless:*:*:namespace/*",
          "arn:aws:redshift-serverless:*:*:workgroup/*",
          "arn:aws:redshift-serverless:*:*:snapshot/*"
        ],
        "Sid": "RedshiftServerlessGetPermissions"
      },
      {
        "Action": [
          "redshift-serverless:DeleteSnapshot"
        ],
        "Condition": {
          "Null": {
            "aws:ResourceTag/aws:backup:source-resource": "false"
          }
        },
        "Effect": "Allow",
        "Resource": [
          "arn:aws:redshift-serverless:*:*:snapshot/*"
        ],
        "Sid": "RedshiftServerlessDeleteSnapshotPermissions"
      },
      {
        "Action": [
          "redshift-serverless:ListNamespaces",
          "redshift-serverless:ListSnapshots",
          "redshift-serverless:ListTagsForResource",
          "redshift-serverless:ListWorkgroups"
        ],
        "Effect": "Allow",
        "Resource": [
          "*"
        ],
        "Sid": "RedshiftServerlessListPermissions"
      },
      {
        "Action": [
          "cloudformation:ListStacks"
        ],
        "Effect": "Allow",
        "Resource": [
          "arn:aws:cloudformation:*:*:stack/*"
        ],
        "Sid": "CloudformationStackPermissions"
      },
      {
        "Action": [
          "backup:TagResource"
        ],
        "Condition": {
          "StringEquals": {
            "aws:PrincipalAccount": "${aws:ResourceAccount}"
          }
        },
        "Effect": "Allow",
        "Resource": "arn:aws:backup:*:*:recovery-point:*",
        "Sid": "RecoveryPointTaggingPermissions"
      },
      {
        "Action": [
          "dsql:ListClusters",
          "dsql:ListTagsForResource"
        ],
        "Effect": "Allow",
        "Resource": "*",
        "Sid": "DSQLListPermissions"
      },
      {
        "Action": [
          "organizations:ListDelegatedAdministrators"
        ],
        "Condition": {
          "StringEquals": {
            "organizations:ServicePrincipal": [
              "backup.amazonaws.com"
            ]
          }
        },
        "Effect": "Allow",
        "Resource": "*",
        "Sid": "OrgsListDelegatedAdmins"
      }
    ],
    "Version": "2012-10-17"
  },
  "effective_actions": [
    {
      "access_level": "Write",
      "action": "elasticfilesystem:Backup",
      "condition": {
        "StringLike": {
          "aws:ResourceTag/aws:elasticfilesystem:default-backup": "enabled"
        }
      },
      "credentials_exposure": false,
      "data_access": false,
      "effective_action": "elasticfilesystem:Backup",
      "privesc": false,
      "resource_exposure": false
    },
    {
      "access_level": "Read",
      "action": "elasticfilesystem:DescribeTags",
      "condition": {
        "StringLike": {
          "aws:ResourceTag/aws:elasticfilesystem:default-backup": "enabled"
        }
      },
      "credentials_exposure": false,
      "data_access": false,
      "effective_action": "elasticfilesystem:DescribeTags",
      "privesc": false,
      "resource_exposure": false
    },
    {
      "access_level": "Read",
      "action": "tag:GetResources",
      "condition": null,
      "credentials_exposure": false,
      "data_access": false,
      "effective_action": "tag:GetResources",
      "privesc": false,
      "resource_exposure": false
    },
    {
      "access_level": "List",
      "action": "elasticfilesystem:DescribeFileSystems",
      "condition": null,
      "credentials_exposure": false,
      "data_access": false,
      "effective_action": "elasticfilesystem:DescribeFileSystems",
      "privesc": false,
      "resource_exposure": false
    },
    {
      "access_level": "List",
      "action": "dynamodb:ListTables",
      "condition": null,
      "credentials_exposure": false,
      "data_access": false,
      "effective_action": "dynamodb:ListTables",
      "privesc": false,
      "resource_exposure": false
    },
    {
      "access_level": "List",
      "action": "storagegateway:ListVolumes",
      "condition": null,
      "credentials_exposure": false,
      "data_access": false,
      "effective_action": "storagegateway:ListVolumes",
      "privesc": false,
      "resource_exposure": false
    },
    {
      "access_level": "List",
      "action": "ec2:DescribeVolumes",
      "condition": null,
      "credentials_exposure": false,
      "data_access": false,
      "effective_action": "ec2:DescribeVolumes",
      "privesc": false,
      "resource_exposure": false
    },
    {
      "access_level": "List",
      "action": "ec2:DescribeInstances",
      "condition": null,
      "credentials_exposure": false,
      "data_access": false,
      "effective_action": "ec2:DescribeInstances",
      "privesc": false,
      "resource_exposure": false
    },
    {
      "access_level": "List",
      "action": "rds:DescribeDBInstances",
      "condition": null,
      "credentials_exposure": false,
      "data_access": false,
      "effective_action": "rds:DescribeDBInstances",
      "privesc": false,
      "resource_exposure": false
    },
    {
      "access_level": "List",
      "action": "rds:DescribeDBClusters",
      "condition": null,
      "credentials_exposure": false,
      "data_access": false,
      "effective_action": "rds:DescribeDBClusters",
      "privesc": false,
      "resource_exposure": false
    },
    {
      "access_level": "Read",
      "action": "fsx:DescribeFileSystems",
      "condition": null,
      "credentials_exposure": false,
      "data_access": false,
      "effective_action": "fsx:DescribeFileSystems",
      "privesc": false,
      "resource_exposure": false
    },
    {
      "access_level": "Read",
      "action": "fsx:DescribeVolumes",
      "condition": null,
      "credentials_exposure": false,
      "data_access": false,
      "effective_action": "fsx:DescribeVolumes",
      "privesc": false,
      "resource_exposure": false
    },
    {
      "access_level": "List",
      "action": "s3:ListAllMyBuckets",
      "condition": null,
      "credentials_exposure": false,
      "data_access": false,
      "effective_action": "s3:ListAllMyBuckets",
      "privesc": false,
      "resource_exposure": false
    },
    {
      "access_level": "Read",
      "action": "s3:GetBucketTagging",
      "condition": null,
      "credentials_exposure": false,
      "data_access": false,
      "effective_action": "s3:GetBucketTagging",
      "privesc": false,
      "resource_exposure": false
    },
    {
      "access_level": "Tagging",
      "action": "ec2:CreateTags",
      "condition": {
        "StringEquals": {
          "ec2:CreateAction": "CopySnapshot"
        }
      },
      "credentials_exposure": false,
      "data_access": false,
      "effective_action": "ec2:CreateTags",
      "privesc": false,
      "resource_exposure": false
    },
    {
      "access_level": "Tagging",
      "action": "ec2:CreateTags",
      "condition": {
        "ForAllValues:StringEquals": {
          "aws:TagKeys": [
            "AWSBackupManagedResource"
          ]
        }
      },
      "credentials_exposure": false,
      "data_access": false,
      "effective_action": "ec2:CreateTags",
      "privesc": false,
      "resource_exposure": false
    },
    {
      "access_level": "Tagging",
      "action": "ec2:CreateTags",
      "condition": {
        "Null": {
          "ec2:ResourceTag/AWSBackupManagedResource": "false"
        }
      },
      "credentials_exposure": false,
      "data_access": false,
      "effective_action": "ec2:CreateTags",
      "privesc": false,
      "resource_exposure": false
    },
    {
      "access_level": "List",
      "action": "ec2:DescribeSnapshots",
      "condition": null,
      "credentials_exposure": false,
      "data_access": false,
      "effective_action": "ec2:DescribeSnapshots",
      "privesc": false,
      "resource_exposure": false
    },
    {
      "access_level": "List",
      "action": "ec2:DescribeSnapshotTierStatus",
      "condition": null,
      "credentials_exposure": false,
      "data_access": false,
      "effective_action": "ec2:DescribeSnapshotTierStatus",
      "privesc": false,
      "resource_exposure": false
    },
    {
      "access_level": "List",
      "action": "ec2:DescribeImages",
      "condition": null,
      "credentials_exposure": false,
      "data_access": false,
      "effective_action": "ec2:DescribeImages",
      "privesc": false,
      "resource_exposure": false
    },
    {
      "access_level": "List",
      "action": "rds:DescribeDBSnapshots",
      "condition": null,
      "credentials_exposure": false,
      "data_access": false,
      "effective_action": "rds:DescribeDBSnapshots",
      "privesc": false,
      "resource_exposure": false
    },
    {
      "access_level": "List",
      "action": "rds:DescribeDBClusterSnapshots",
      "condition": null,
      "credentials_exposure": false,
      "data_access": false,
      "effective_action": "rds:DescribeDBClusterSnapshots",
      "privesc": false,
      "resource_exposure": false
    },
    {
      "access_level": "Write",
      "action": "ec2:CopySnapshot",
      "condition": null,
      "credentials_exposure": false,
      "data_access": false,
      "effective_action": "ec2:CopySnapshot",
      "privesc": false,
      "resource_exposure": false
    },
    {
      "access_level": "Write",
      "action": "ec2:CopyImage",
      "condition": null,
      "credentials_exposure": false,
      "data_access": false,
      "effective_action": "ec2:CopyImage",
      "privesc": false,
      "resource_exposure": false
    },
    {
      "access_level": "Write",
      "action": "ec2:DeregisterImage",
      "condition": {
        "Null": {
          "ec2:ResourceTag/AWSBackupManagedResource": "false"
        }
      },
      "credentials_exposure": false,
      "data_access": false,
      "effective_action": "ec2:DeregisterImage",
      "privesc": false,
      "resource_exposure": false
    },
    {
      "access_level": "Write",
      "action": "ec2:DeleteSnapshot",
      "condition": {
        "Null": {
          "ec2:ResourceTag/AWSBackupManagedResource": "false"
        }
      },
      "credentials_exposure": false,
      "data_access": false,
      "effective_action": "ec2:DeleteSnapshot",
      "privesc": false,
      "resource_exposure": false
    },
    {
      "access_level": "Write",
      "action": "ec2:ModifySnapshotTier",
      "condition": {
        "Null": {
          "ec2:ResourceTag/AWSBackupManagedResource": "false"
        }
      },
      "credentials_exposure": false,
      "data_access": false,
      "effective_action": "ec2:ModifySnapshotTier",
      "privesc": false,
      "resource_exposure": false
    },
    {
      "access_level": "Tagging",
      "action": "rds:AddTagsToResource",
      "condition": null,
      "credentials_exposure": false,
      "data_access": false,
      "effective_action": "rds:AddTagsToResource",
      "privesc": false,
      "resource_exposure": false
    },
    {
      "access_level": "Write",
      "action": "rds:CopyDBSnapshot",
      "condition": null,
      "credentials_exposure": false,
      "data_access": false,
      "effective_action": "rds:CopyDBSnapshot",
      "privesc": false,
      "resource_exposure": false
    },
    {
      "access_level": "Write",
      "action": "rds:DeleteDBSnapshot",
      "condition": null,
      "credentials_exposure": false,
      "data_access": false,
      "effective_action": "rds:DeleteDBSnapshot",
      "privesc": false,
      "resource_exposure": false
    },
    {
      "access_level": "Write",
      "action": "rds:DeleteDBInstanceAutomatedBackup",
      "condition": null,
      "credentials_exposure": false,
      "data_access": false,
      "effective_action": "rds:DeleteDBInstanceAutomatedBackup",
      "privesc": false,
      "resource_exposure": false
    },
    {
      "access_level": "Tagging",
      "action": "rds:AddTagsToResource",
      "condition": null,
      "credentials_exposure": false,
      "data_access": false,
      "effective_action": "rds:AddTagsToResource",
      "privesc": false,
      "resource_exposure": false
    },
    {
      "access_level": "Write",
      "action": "rds:CopyDBClusterSnapshot",
      "condition": null,
      "credentials_exposure": false,
      "data_access": false,
      "effective_action": "rds:CopyDBClusterSnapshot",
      "privesc": false,
      "resource_exposure": false
    },
    {
      "access_level": "Write",
      "action": "rds:DeleteDBClusterSnapshot",
      "condition": null,
      "credentials_exposure": false,
      "data_access": false,
      "effective_action": "rds:DeleteDBClusterSnapshot",
      "privesc": false,
      "resource_exposure": false
    },
    {
      "access_level": "Tagging",
      "action": "rds:AddTagsToResource",
      "condition": null,
      "credentials_exposure": false,
      "data_access": false,
      "effective_action": "rds:AddTagsToResource",
      "privesc": false,
      "resource_exposure": false
    },
    {
      "access_level": "Read",
      "action": "kms:DescribeKey",
      "condition": null,
      "credentials_exposure": false,
      "data_access": false,
      "effective_action": "kms:DescribeKey",
      "privesc": false,
      "resource_exposure": false
    },
    {
      "access_level": "List",
      "action": "kms:ListGrants",
      "condition": {
        "StringLike": {
          "kms:ViaService": [
            "ec2.*.amazonaws.com",
            "rds.*.amazonaws.com",
            "fsx.*.amazonaws.com"
          ]
        }
      },
      "credentials_exposure": false,
      "data_access": false,
      "effective_action": "kms:ListGrants",
      "privesc": false,
      "resource_exposure": false
    },
    {
      "access_level": "Write",
      "action": "kms:ReEncryptFrom",
      "condition": {
        "StringLike": {
          "kms:ViaService": [
            "ec2.*.amazonaws.com",
            "rds.*.amazonaws.com",
            "fsx.*.amazonaws.com"
          ]
        }
      },
      "credentials_exposure": false,
      "data_access": false,
      "effective_action": "kms:ReEncryptFrom",
      "privesc": false,
      "resource_exposure": false
    },
    {
      "access_level": "Write",
      "action": "kms:GenerateDataKeyWithoutPlaintext",
      "condition": {
        "StringLike": {
          "kms:ViaService": [
            "ec2.*.amazonaws.com",
            "rds.*.amazonaws.com",
            "fsx.*.amazonaws.com"
          ]
        }
      },
      "credentials_exposure": false,
      "data_access": false,
      "effective_action": "kms:GenerateDataKeyWithoutPlaintext",
      "privesc": false,
      "resource_exposure": false
    },
    {
      "access_level": "Permissions management",
      "action": "kms:CreateGrant",
      "condition": {
        "Bool": {
          "kms:GrantIsForAWSResource": "true"
        },
        "StringLike": {
          "kms:ViaService": [
            "ec2.*.amazonaws.com",
            "rds.*.amazonaws.com",
            "fsx.*.amazonaws.com"
          ]
        }
      },
      "credentials_exposure": false,
      "data_access": true,
      "effective_action": "kms:CreateGrant",
      "privesc": true,
      "resource_exposure": true
    },
    {
      "access_level": "Write",
      "action": "fsx:CopyBackup",
      "condition": null,
      "credentials_exposure": false,
      "data_access": false,
      "effective_action": "fsx:CopyBackup",
      "privesc": false,
      "resource_exposure": false
    },
    {
      "access_level": "Tagging",
      "action": "fsx:TagResource",
      "condition": null,
      "credentials_exposure": false,
      "data_access": false,
      "effective_action": "fsx:TagResource",
      "privesc": false,
      "resource_exposure": false
    },
    {
      "access_level": "Read",
      "action": "fsx:DescribeBackups",
      "condition": null,
      "credentials_exposure": false,
      "data_access": false,
      "effective_action": "fsx:DescribeBackups",
      "privesc": false,
      "resource_exposure": false
    },
    {
      "access_level": "Write",
      "action": "fsx:DeleteBackup",
      "condition": null,
      "credentials_exposure": false,
      "data_access": false,
      "effective_action": "fsx:DeleteBackup",
      "privesc": false,
      "resource_exposure": false
    },
    {
      "access_level": "Write",
      "action": "dynamodb:DeleteBackup",
      "condition": null,
      "credentials_exposure": false,
      "data_access": false,
      "effective_action": "dynamodb:DeleteBackup",
      "privesc": false,
      "resource_exposure": false
    },
    {
      "access_level": "Read",
      "action": "backup-gateway:ListVirtualMachines",
      "condition": null,
      "credentials_exposure": false,
      "data_access": false,
      "effective_action": "backup-gateway:ListVirtualMachines",
      "privesc": false,
      "resource_exposure": false
    },
    {
      "access_level": "Read",
      "action": "backup-gateway:ListTagsForResource",
      "condition": null,
      "credentials_exposure": false,
      "data_access": false,
      "effective_action": "backup-gateway:ListTagsForResource",
      "privesc": false,
      "resource_exposure": false
    },
    {
      "access_level": "Read",
      "action": "dynamodb:ListTagsOfResource",
      "condition": null,
      "credentials_exposure": false,
      "data_access": false,
      "effective_action": "dynamodb:ListTagsOfResource",
      "privesc": false,
      "resource_exposure": false
    },
    {
      "access_level": "Read",
      "action": "dynamodb:DescribeTable",
      "condition": null,
      "credentials_exposure": false,
      "data_access": false,
      "effective_action": "dynamodb:DescribeTable",
      "privesc": false,
      "resource_exposure": false
    },
    {
      "access_level": "Read",
      "action": "storagegateway:DescribeCachediSCSIVolumes",
      "condition": null,
      "credentials_exposure": false,
      "data_access": false,
      "effective_action": "storagegateway:DescribeCachediSCSIVolumes",
      "privesc": false,
      "resource_exposure": false
    },
    {
      "access_level": "Read",
      "action": "storagegateway:DescribeStorediSCSIVolumes",
      "condition": null,
      "credentials_exposure": false,
      "data_access": false,
      "effective_action": "storagegateway:DescribeStorediSCSIVolumes",
      "privesc": false,
      "resource_exposure": false
    },
    {
      "access_level": "Write",
      "action": "events:DeleteRule",
      "condition": null,
      "credentials_exposure": false,
      "data_access": false,
      "effective_action": "events:DeleteRule",
      "privesc": false,
      "resource_exposure": false
    },
    {
      "access_level": "Write",
      "action": "events:PutTargets",
      "condition": null,
      "credentials_exposure": false,
      "data_access": false,
      "effective_action": "events:PutTargets",
      "privesc": false,
      "resource_exposure": false
    },
    {
      "access_level": "Read",
      "action": "events:DescribeRule",
      "condition": null,
      "credentials_exposure": false,
      "data_access": false,
      "effective_action": "events:DescribeRule",
      "privesc": false,
      "resource_exposure": false
    },
    {
      "access_level": "Write",
      "action": "events:EnableRule",
      "condition": null,
      "credentials_exposure": false,
      "data_access": false,
      "effective_action": "events:EnableRule",
      "privesc": false,
      "resource_exposure": false
    },
    {
      "access_level": "Write",
      "action": "events:PutRule",
      "condition": null,
      "credentials_exposure": false,
      "data_access": false,
      "effective_action": "events:PutRule",
      "privesc": false,
      "resource_exposure": false
    },
    {
      "access_level": "Write",
      "action": "events:RemoveTargets",
      "condition": null,
      "credentials_exposure": false,
      "data_access": false,
      "effective_action": "events:RemoveTargets",
      "privesc": false,
      "resource_exposure": false
    },
    {
      "access_level": "List",
      "action": "events:ListTargetsByRule",
      "condition": null,
      "credentials_exposure": false,
      "data_access": false,
      "effective_action": "events:ListTargetsByRule",
      "privesc": false,
      "resource_exposure": false
    },
    {
      "access_level": "Write",
      "action": "events:DisableRule",
      "condition": null,
      "credentials_exposure": false,
      "data_access": false,
      "effective_action": "events:DisableRule",
      "privesc": false,
      "resource_exposure": false
    },
    {
      "access_level": "List",
      "action": "events:ListRules",
      "condition": null,
      "credentials_exposure": false,
      "data_access": false,
      "effective_action": "events:ListRules",
      "privesc": false,
      "resource_exposure": false
    },
    {
      "access_level": "Read",
      "action": "ssm-sap:GetOperation",
      "condition": null,
      "credentials_exposure": false,
      "data_access": false,
      "effective_action": "ssm-sap:GetOperation",
      "privesc": false,
      "resource_exposure": false
    },
    {
      "access_level": "Write",
      "action": "ssm-sap:UpdateHANABackupSettings",
      "condition": null,
      "credentials_exposure": false,
      "data_access": false,
      "effective_action": "ssm-sap:UpdateHANABackupSettings",
      "privesc": false,
      "resource_exposure": false
    },
    {
      "access_level": "List",
      "action": "timestream:ListDatabases",
      "condition": null,
      "credentials_exposure": false,
      "data_access": false,
      "effective_action": "timestream:ListDatabases",
      "privesc": false,
      "resource_exposure": false
    },
    {
      "access_level": "List",
      "action": "timestream:ListTables",
      "condition": null,
      "credentials_exposure": false,
      "data_access": false,
      "effective_action": "timestream:ListTables",
      "privesc": false,
      "resource_exposure": false
    },
    {
      "access_level": "Read",
      "action": "timestream:ListTagsForResource",
      "condition": null,
      "credentials_exposure": false,
      "data_access": false,
      "effective_action": "timestream:ListTagsForResource",
      "privesc": false,
      "resource_exposure": false
    },
    {
      "access_level": "Read",
      "action": "timestream:DescribeDatabase",
      "condition": null,
      "credentials_exposure": false,
      "data_access": false,
      "effective_action": "timestream:DescribeDatabase",
      "privesc": false,
      "resource_exposure": false
    },
    {
      "access_level": "Read",
      "action": "timestream:DescribeTable",
      "condition": null,
      "credentials_exposure": false,
      "data_access": false,
      "effective_action": "timestream:DescribeTable",
      "privesc": false,
      "resource_exposure": false
    },
    {
      "access_level": "Read",
      "action": "timestream:GetAwsBackupStatus",
      "condition": null,
      "credentials_exposure": false,
      "data_access": false,
      "effective_action": "timestream:GetAwsBackupStatus",
      "privesc": false,
      "resource_exposure": false
    },
    {
      "access_level": "Read",
      "action": "timestream:GetAwsRestoreStatus",
      "condition": null,
      "credentials_exposure": false,
      "data_access": false,
      "effective_action": "timestream:GetAwsRestoreStatus",
      "privesc": false,
      "resource_exposure": false
    },
    {
      "access_level": "List",
      "action": "timestream:DescribeEndpoints",
      "condition": null,
      "credentials_exposure": false,
      "data_access": false,
      "effective_action": "timestream:DescribeEndpoints",
      "privesc": false,
      "resource_exposure": false
    },
    {
      "access_level": "Read",
      "action": "redshift:DescribeClusterSnapshots",
      "condition": null,
      "credentials_exposure": false,
      "data_access": false,
      "effective_action": "redshift:DescribeClusterSnapshots",
      "privesc": false,
      "resource_exposure": false
    },
    {
      "access_level": "Read",
      "action": "redshift:DescribeTags",
      "condition": null,
      "credentials_exposure": false,
      "data_access": false,
      "effective_action": "redshift:DescribeTags",
      "privesc": false,
      "resource_exposure": false
    },
    {
      "access_level": "Write",
      "action": "redshift:DeleteClusterSnapshot",
      "condition": null,
      "credentials_exposure": false,
      "data_access": false,
      "effective_action": "redshift:DeleteClusterSnapshot",
      "privesc": false,
      "resource_exposure": false
    },
    {
      "access_level": "List",
      "action": "redshift:DescribeClusters",
      "condition": null,
      "credentials_exposure": false,
      "data_access": false,
      "effective_action": "redshift:DescribeClusters",
      "privesc": false,
      "resource_exposure": false
    },
    {
      "access_level": "Read",
      "action": "redshift-serverless:GetNamespace",
      "condition": null,
      "credentials_exposure": false,
      "data_access": false,
      "effective_action": "redshift-serverless:GetNamespace",
      "privesc": false,
      "resource_exposure": false
    },
    {
      "access_level": "Read",
      "action": "redshift-serverless:GetSnapshot",
      "condition": null,
      "credentials_exposure": false,
      "data_access": false,
      "effective_action": "redshift-serverless:GetSnapshot",
      "privesc": false,
      "resource_exposure": false
    },
    {
      "access_level": "Read",
      "action": "redshift-serverless:GetWorkgroup",
      "condition": null,
      "credentials_exposure": false,
      "data_access": false,
      "effective_action": "redshift-serverless:GetWorkgroup",
      "privesc": false,
      "resource_exposure": false
    },
    {
      "access_level": "Write",
      "action": "redshift-serverless:DeleteSnapshot",
      "condition": {
        "Null": {
          "aws:ResourceTag/aws:backup:source-resource": "false"
        }
      },
      "credentials_exposure": false,
      "data_access": false,
      "effective_action": "redshift-serverless:DeleteSnapshot",
      "privesc": false,
      "resource_exposure": false
    },
    {
      "access_level": "List",
      "action": "redshift-serverless:ListNamespaces",
      "condition": null,
      "credentials_exposure": false,
      "data_access": false,
      "effective_action": "redshift-serverless:ListNamespaces",
      "privesc": false,
      "resource_exposure": false
    },
    {
      "access_level": "List",
      "action": "redshift-serverless:ListSnapshots",
      "condition": null,
      "credentials_exposure": false,
      "data_access": false,
      "effective_action": "redshift-serverless:ListSnapshots",
      "privesc": false,
      "resource_exposure": false
    },
    {
      "access_level": "List",
      "action": "redshift-serverless:ListTagsForResource",
      "condition": null,
      "credentials_exposure": false,
      "data_access": false,
      "effective_action": "redshift-serverless:ListTagsForResource",
      "privesc": false,
      "resource_exposure": false
    },
    {
      "access_level": "List",
      "action": "redshift-serverless:ListWorkgroups",
      "condition": null,
      "credentials_exposure": false,
      "data_access": false,
      "effective_action": "redshift-serverless:ListWorkgroups",
      "privesc": false,
      "resource_exposure": false
    },
    {
      "access_level": "List",
      "action": "cloudformation:ListStacks",
      "condition": null,
      "credentials_exposure": false,
      "data_access": false,
      "effective_action": "cloudformation:ListStacks",
      "privesc": false,
      "resource_exposure": false
    },
    {
      "access_level": "Tagging",
      "action": "backup:TagResource",
      "condition": {
        "StringEquals": {
          "aws:PrincipalAccount": "${aws:ResourceAccount}"
        }
      },
      "credentials_exposure": false,
      "data_access": false,
      "effective_action": "backup:TagResource",
      "privesc": false,
      "resource_exposure": false
    },
    {
      "access_level": "List",
      "action": "dsql:ListClusters",
      "condition": null,
      "credentials_exposure": false,
      "data_access": false,
      "effective_action": "dsql:ListClusters",
      "privesc": false,
      "resource_exposure": false
    },
    {
      "access_level": "Read",
      "action": "dsql:ListTagsForResource",
      "condition": null,
      "credentials_exposure": false,
      "data_access": false,
      "effective_action": "dsql:ListTagsForResource",
      "privesc": false,
      "resource_exposure": false
    },
    {
      "access_level": "List",
      "action": "organizations:ListDelegatedAdministrators",
      "condition": {
        "StringEquals": {
          "organizations:ServicePrincipal": [
            "backup.amazonaws.com"
          ]
        }
      },
      "credentials_exposure": false,
      "data_access": false,
      "effective_action": "organizations:ListDelegatedAdministrators",
      "privesc": false,
      "resource_exposure": false
    }
  ],
  "grantless": false,
  "malformed": false,
  "name": "AWSBackupServiceLinkedRolePolicyForBackup",
  "privesc": true,
  "resource_exposure": true,
  "undocumented_actions": false,
  "unknown_actions": [],
  "updatedate": "2025-09-09T18:49:07+00:00",
  "version": "v20"
}