{
  "access_levels": [
    "Write"
  ],
  "arn": "arn:aws:iam::aws:policy/service-role/AWSBatchServiceEventTargetRole",
  "createdate": "2018-02-28T22:31:13Z",
  "credentials_exposure": false,
  "data_access": false,
  "deprecated": false,
  "document": {
    "Statement": [
      {
        "Action": [
          "batch:SubmitJob"
        ],
        "Effect": "Allow",
        "Resource": "*"
      }
    ],
    "Version": "2012-10-17"
  },
  "effective_actions": [
    {
      "access_level": "Write",
      "action": "batch:SubmitJob",
      "condition": null,
      "credentials_exposure": false,
      "data_access": false,
      "effective_action": "batch:SubmitJob",
      "privesc": false,
      "resource_exposure": false
    }
  ],
  "grantless": false,
  "malformed": false,
  "name": "AWSBatchServiceEventTargetRole",
  "privesc": false,
  "resource_exposure": false,
  "undocumented_actions": false,
  "unknown_actions": [],
  "updatedate": "2018-02-28T22:31:13+00:00",
  "version": "v1"
}