{
  "access_levels": [
    "Read"
  ],
  "arn": "arn:aws:iam::aws:policy/aws-service-role/AWSBillingServiceRolePolicy",
  "createdate": "2025-09-11T16:19:07Z",
  "credentials_exposure": false,
  "data_access": false,
  "deprecated": false,
  "document": {
    "Statement": [
      {
        "Action": [
          "billing:GetBillingViewData"
        ],
        "Effect": "Allow",
        "Resource": "arn:aws:billing::*:billingview/*"
      }
    ],
    "Version": "2012-10-17"
  },
  "effective_actions": [
    {
      "access_level": "Read",
      "action": "billing:GetBillingViewData",
      "condition": null,
      "credentials_exposure": false,
      "data_access": false,
      "effective_action": "billing:GetBillingViewData",
      "privesc": false,
      "resource_exposure": false
    }
  ],
  "grantless": false,
  "malformed": false,
  "name": "AWSBillingServiceRolePolicy",
  "privesc": false,
  "resource_exposure": false,
  "undocumented_actions": false,
  "unknown_actions": [],
  "updatedate": "2025-09-11T16:19:07+00:00",
  "version": "v1"
}