{
  "access_levels": [
    "List",
    "Read"
  ],
  "arn": "arn:aws:iam::aws:policy/AWSBillingReadOnlyAccess",
  "createdate": "2025-10-02T22:19:07Z",
  "credentials_exposure": false,
  "data_access": false,
  "deprecated": false,
  "document": {
    "Statement": [
      {
        "Action": [
          "account:GetAccountInformation",
          "aws-portal:ViewBilling",
          "billing:GetBillingData",
          "billing:GetBillingDetails",
          "billing:GetBillingNotifications",
          "billing:GetBillingPreferences",
          "billing:GetCredits",
          "billing:GetContractInformation",
          "billing:GetIAMAccessPreference",
          "billing:GetSellerOfRecord",
          "billing:ListBillingViews",
          "budgets:ViewBudget",
          "budgets:DescribeBudgetActionsForBudget",
          "budgets:DescribeBudgetAction",
          "budgets:DescribeBudgetActionsForAccount",
          "budgets:DescribeBudgetActionHistories",
          "ce:DescribeCostCategoryDefinition",
          "ce:GetCostAndUsage",
          "ce:ListCostCategoryDefinitions",
          "ce:ListTagsForResource",
          "ce:ListCostAllocationTags",
          "ce:ListCostAllocationTagBackfillHistory",
          "ce:GetTags",
          "ce:GetDimensionValues",
          "ce:GetCostAndUsageComparisons",
          "ce:GetCostComparisonDrivers",
          "consolidatedbilling:ListLinkedAccounts",
          "consolidatedbilling:GetAccountBillingRole",
          "cur:GetClassicReport",
          "cur:GetClassicReportPreferences",
          "cur:GetUsageReport",
          "cur:DescribeReportDefinitions",
          "freetier:GetFreeTierAlertPreference",
          "freetier:GetFreeTierUsage",
          "freetier:GetAccountPlanState",
          "freetier:GetAccountActivity",
          "freetier:ListAccountActivities",
          "invoicing:BatchGetInvoiceProfile",
          "invoicing:GetInvoiceEmailDeliveryPreferences",
          "invoicing:GetInvoicePDF",
          "invoicing:GetInvoiceUnit",
          "invoicing:GetInvoiceCorrection",
          "invoicing:ListInvoiceSummaries",
          "invoicing:ListInvoiceUnits",
          "invoicing:ListTagsForResource",
          "invoicing:ListInvoiceCorrections",
          "mapcredits:ListQuarterSpend",
          "mapcredits:ListAssociatedPrograms",
          "mapcredits:ListQuarterCredits",
          "payments:GetFinancingApplication",
          "payments:GetFinancingLine",
          "payments:GetFinancingLineWithdrawal",
          "payments:GetFinancingOption",
          "payments:GetPaymentInstrument",
          "payments:GetPaymentStatus",
          "payments:ListFinancingApplications",
          "payments:ListFinancingLines",
          "payments:ListFinancingLineWithdrawals",
          "payments:ListPaymentInstruments",
          "payments:ListPaymentPreferences",
          "payments:ListPaymentProgramOptions",
          "payments:ListPaymentProgramStatus",
          "payments:ListTagsForResource",
          "purchase-orders:GetPurchaseOrder",
          "purchase-orders:ViewPurchaseOrders",
          "purchase-orders:ListPurchaseOrderInvoices",
          "purchase-orders:ListPurchaseOrders",
          "purchase-orders:ListTagsForResource",
          "sustainability:GetCarbonFootprintSummary",
          "tax:GetTaxRegistrationDocument",
          "tax:GetTaxInheritance",
          "tax:ListTaxRegistrations"
        ],
        "Effect": "Allow",
        "Resource": "*",
        "Sid": "VisualEditor0"
      }
    ],
    "Version": "2012-10-17"
  },
  "effective_actions": [
    {
      "access_level": "Read",
      "action": "account:GetAccountInformation",
      "condition": null,
      "credentials_exposure": false,
      "data_access": false,
      "effective_action": "account:GetAccountInformation",
      "privesc": false,
      "resource_exposure": false
    },
    {
      "access_level": "Read",
      "action": "aws-portal:ViewBilling",
      "condition": null,
      "credentials_exposure": false,
      "data_access": false,
      "effective_action": "aws-portal:ViewBilling",
      "privesc": false,
      "resource_exposure": false
    },
    {
      "access_level": "Read",
      "action": "billing:GetBillingData",
      "condition": null,
      "credentials_exposure": false,
      "data_access": false,
      "effective_action": "billing:GetBillingData",
      "privesc": false,
      "resource_exposure": false
    },
    {
      "access_level": "Read",
      "action": "billing:GetBillingDetails",
      "condition": null,
      "credentials_exposure": false,
      "data_access": false,
      "effective_action": "billing:GetBillingDetails",
      "privesc": false,
      "resource_exposure": false
    },
    {
      "access_level": "Read",
      "action": "billing:GetBillingNotifications",
      "condition": null,
      "credentials_exposure": false,
      "data_access": false,
      "effective_action": "billing:GetBillingNotifications",
      "privesc": false,
      "resource_exposure": false
    },
    {
      "access_level": "Read",
      "action": "billing:GetBillingPreferences",
      "condition": null,
      "credentials_exposure": false,
      "data_access": false,
      "effective_action": "billing:GetBillingPreferences",
      "privesc": false,
      "resource_exposure": false
    },
    {
      "access_level": "Read",
      "action": "billing:GetCredits",
      "condition": null,
      "credentials_exposure": false,
      "data_access": false,
      "effective_action": "billing:GetCredits",
      "privesc": false,
      "resource_exposure": false
    },
    {
      "access_level": "Read",
      "action": "billing:GetContractInformation",
      "condition": null,
      "credentials_exposure": false,
      "data_access": false,
      "effective_action": "billing:GetContractInformation",
      "privesc": false,
      "resource_exposure": false
    },
    {
      "access_level": "Read",
      "action": "billing:GetIAMAccessPreference",
      "condition": null,
      "credentials_exposure": false,
      "data_access": false,
      "effective_action": "billing:GetIAMAccessPreference",
      "privesc": false,
      "resource_exposure": false
    },
    {
      "access_level": "Read",
      "action": "billing:GetSellerOfRecord",
      "condition": null,
      "credentials_exposure": false,
      "data_access": false,
      "effective_action": "billing:GetSellerOfRecord",
      "privesc": false,
      "resource_exposure": false
    },
    {
      "access_level": "Read",
      "action": "billing:ListBillingViews",
      "condition": null,
      "credentials_exposure": false,
      "data_access": false,
      "effective_action": "billing:ListBillingViews",
      "privesc": false,
      "resource_exposure": false
    },
    {
      "access_level": "Read",
      "action": "budgets:ViewBudget",
      "condition": null,
      "credentials_exposure": false,
      "data_access": false,
      "effective_action": "budgets:ViewBudget",
      "privesc": false,
      "resource_exposure": false
    },
    {
      "access_level": "Read",
      "action": "budgets:DescribeBudgetActionsForBudget",
      "condition": null,
      "credentials_exposure": false,
      "data_access": false,
      "effective_action": "budgets:DescribeBudgetActionsForBudget",
      "privesc": false,
      "resource_exposure": false
    },
    {
      "access_level": "Read",
      "action": "budgets:DescribeBudgetAction",
      "condition": null,
      "credentials_exposure": false,
      "data_access": false,
      "effective_action": "budgets:DescribeBudgetAction",
      "privesc": false,
      "resource_exposure": false
    },
    {
      "access_level": "Read",
      "action": "budgets:DescribeBudgetActionsForAccount",
      "condition": null,
      "credentials_exposure": false,
      "data_access": false,
      "effective_action": "budgets:DescribeBudgetActionsForAccount",
      "privesc": false,
      "resource_exposure": false
    },
    {
      "access_level": "Read",
      "action": "budgets:DescribeBudgetActionHistories",
      "condition": null,
      "credentials_exposure": false,
      "data_access": false,
      "effective_action": "budgets:DescribeBudgetActionHistories",
      "privesc": false,
      "resource_exposure": false
    },
    {
      "access_level": "Read",
      "action": "ce:DescribeCostCategoryDefinition",
      "condition": null,
      "credentials_exposure": false,
      "data_access": false,
      "effective_action": "ce:DescribeCostCategoryDefinition",
      "privesc": false,
      "resource_exposure": false
    },
    {
      "access_level": "Read",
      "action": "ce:GetCostAndUsage",
      "condition": null,
      "credentials_exposure": false,
      "data_access": false,
      "effective_action": "ce:GetCostAndUsage",
      "privesc": false,
      "resource_exposure": false
    },
    {
      "access_level": "List",
      "action": "ce:ListCostCategoryDefinitions",
      "condition": null,
      "credentials_exposure": false,
      "data_access": false,
      "effective_action": "ce:ListCostCategoryDefinitions",
      "privesc": false,
      "resource_exposure": false
    },
    {
      "access_level": "Read",
      "action": "ce:ListTagsForResource",
      "condition": null,
      "credentials_exposure": false,
      "data_access": false,
      "effective_action": "ce:ListTagsForResource",
      "privesc": false,
      "resource_exposure": false
    },
    {
      "access_level": "List",
      "action": "ce:ListCostAllocationTags",
      "condition": null,
      "credentials_exposure": false,
      "data_access": false,
      "effective_action": "ce:ListCostAllocationTags",
      "privesc": false,
      "resource_exposure": false
    },
    {
      "access_level": "List",
      "action": "ce:ListCostAllocationTagBackfillHistory",
      "condition": null,
      "credentials_exposure": false,
      "data_access": false,
      "effective_action": "ce:ListCostAllocationTagBackfillHistory",
      "privesc": false,
      "resource_exposure": false
    },
    {
      "access_level": "Read",
      "action": "ce:GetTags",
      "condition": null,
      "credentials_exposure": false,
      "data_access": false,
      "effective_action": "ce:GetTags",
      "privesc": false,
      "resource_exposure": false
    },
    {
      "access_level": "Read",
      "action": "ce:GetDimensionValues",
      "condition": null,
      "credentials_exposure": false,
      "data_access": false,
      "effective_action": "ce:GetDimensionValues",
      "privesc": false,
      "resource_exposure": false
    },
    {
      "access_level": "Read",
      "action": "ce:GetCostAndUsageComparisons",
      "condition": null,
      "credentials_exposure": false,
      "data_access": false,
      "effective_action": "ce:GetCostAndUsageComparisons",
      "privesc": false,
      "resource_exposure": false
    },
    {
      "access_level": "Read",
      "action": "ce:GetCostComparisonDrivers",
      "condition": null,
      "credentials_exposure": false,
      "data_access": false,
      "effective_action": "ce:GetCostComparisonDrivers",
      "privesc": false,
      "resource_exposure": false
    },
    {
      "access_level": "List",
      "action": "consolidatedbilling:ListLinkedAccounts",
      "condition": null,
      "credentials_exposure": false,
      "data_access": false,
      "effective_action": "consolidatedbilling:ListLinkedAccounts",
      "privesc": false,
      "resource_exposure": false
    },
    {
      "access_level": "Read",
      "action": "consolidatedbilling:GetAccountBillingRole",
      "condition": null,
      "credentials_exposure": false,
      "data_access": false,
      "effective_action": "consolidatedbilling:GetAccountBillingRole",
      "privesc": false,
      "resource_exposure": false
    },
    {
      "access_level": "Read",
      "action": "cur:GetClassicReport",
      "condition": null,
      "credentials_exposure": false,
      "data_access": false,
      "effective_action": "cur:GetClassicReport",
      "privesc": false,
      "resource_exposure": false
    },
    {
      "access_level": "Read",
      "action": "cur:GetClassicReportPreferences",
      "condition": null,
      "credentials_exposure": false,
      "data_access": false,
      "effective_action": "cur:GetClassicReportPreferences",
      "privesc": false,
      "resource_exposure": false
    },
    {
      "access_level": "Read",
      "action": "cur:GetUsageReport",
      "condition": null,
      "credentials_exposure": false,
      "data_access": false,
      "effective_action": "cur:GetUsageReport",
      "privesc": false,
      "resource_exposure": false
    },
    {
      "access_level": "Read",
      "action": "cur:DescribeReportDefinitions",
      "condition": null,
      "credentials_exposure": false,
      "data_access": false,
      "effective_action": "cur:DescribeReportDefinitions",
      "privesc": false,
      "resource_exposure": false
    },
    {
      "access_level": "Read",
      "action": "freetier:GetFreeTierAlertPreference",
      "condition": null,
      "credentials_exposure": false,
      "data_access": false,
      "effective_action": "freetier:GetFreeTierAlertPreference",
      "privesc": false,
      "resource_exposure": false
    },
    {
      "access_level": "Read",
      "action": "freetier:GetFreeTierUsage",
      "condition": null,
      "credentials_exposure": false,
      "data_access": false,
      "effective_action": "freetier:GetFreeTierUsage",
      "privesc": false,
      "resource_exposure": false
    },
    {
      "access_level": "Read",
      "action": "freetier:GetAccountPlanState",
      "condition": null,
      "credentials_exposure": false,
      "data_access": false,
      "effective_action": "freetier:GetAccountPlanState",
      "privesc": false,
      "resource_exposure": false
    },
    {
      "access_level": "Read",
      "action": "freetier:GetAccountActivity",
      "condition": null,
      "credentials_exposure": false,
      "data_access": false,
      "effective_action": "freetier:GetAccountActivity",
      "privesc": false,
      "resource_exposure": false
    },
    {
      "access_level": "List",
      "action": "freetier:ListAccountActivities",
      "condition": null,
      "credentials_exposure": false,
      "data_access": false,
      "effective_action": "freetier:ListAccountActivities",
      "privesc": false,
      "resource_exposure": false
    },
    {
      "access_level": "Read",
      "action": "invoicing:BatchGetInvoiceProfile",
      "condition": null,
      "credentials_exposure": false,
      "data_access": false,
      "effective_action": "invoicing:BatchGetInvoiceProfile",
      "privesc": false,
      "resource_exposure": false
    },
    {
      "access_level": "Read",
      "action": "invoicing:GetInvoiceEmailDeliveryPreferences",
      "condition": null,
      "credentials_exposure": false,
      "data_access": false,
      "effective_action": "invoicing:GetInvoiceEmailDeliveryPreferences",
      "privesc": false,
      "resource_exposure": false
    },
    {
      "access_level": "Read",
      "action": "invoicing:GetInvoicePDF",
      "condition": null,
      "credentials_exposure": false,
      "data_access": false,
      "effective_action": "invoicing:GetInvoicePDF",
      "privesc": false,
      "resource_exposure": false
    },
    {
      "access_level": "Read",
      "action": "invoicing:GetInvoiceUnit",
      "condition": null,
      "credentials_exposure": false,
      "data_access": false,
      "effective_action": "invoicing:GetInvoiceUnit",
      "privesc": false,
      "resource_exposure": false
    },
    {
      "access_level": "Read",
      "action": "invoicing:GetInvoiceCorrection",
      "condition": null,
      "credentials_exposure": false,
      "data_access": false,
      "effective_action": "invoicing:GetInvoiceCorrection",
      "privesc": false,
      "resource_exposure": false
    },
    {
      "access_level": "Read",
      "action": "invoicing:ListInvoiceSummaries",
      "condition": null,
      "credentials_exposure": false,
      "data_access": false,
      "effective_action": "invoicing:ListInvoiceSummaries",
      "privesc": false,
      "resource_exposure": false
    },
    {
      "access_level": "List",
      "action": "invoicing:ListInvoiceUnits",
      "condition": null,
      "credentials_exposure": false,
      "data_access": false,
      "effective_action": "invoicing:ListInvoiceUnits",
      "privesc": false,
      "resource_exposure": false
    },
    {
      "access_level": "Read",
      "action": "invoicing:ListTagsForResource",
      "condition": null,
      "credentials_exposure": false,
      "data_access": false,
      "effective_action": "invoicing:ListTagsForResource",
      "privesc": false,
      "resource_exposure": false
    },
    {
      "access_level": "List",
      "action": "invoicing:ListInvoiceCorrections",
      "condition": null,
      "credentials_exposure": false,
      "data_access": false,
      "effective_action": "invoicing:ListInvoiceCorrections",
      "privesc": false,
      "resource_exposure": false
    },
    {
      "access_level": "List",
      "action": "mapcredits:ListQuarterSpend",
      "condition": null,
      "credentials_exposure": false,
      "data_access": false,
      "effective_action": "mapcredits:ListQuarterSpend",
      "privesc": false,
      "resource_exposure": false
    },
    {
      "access_level": "List",
      "action": "mapcredits:ListAssociatedPrograms",
      "condition": null,
      "credentials_exposure": false,
      "data_access": false,
      "effective_action": "mapcredits:ListAssociatedPrograms",
      "privesc": false,
      "resource_exposure": false
    },
    {
      "access_level": "List",
      "action": "mapcredits:ListQuarterCredits",
      "condition": null,
      "credentials_exposure": false,
      "data_access": false,
      "effective_action": "mapcredits:ListQuarterCredits",
      "privesc": false,
      "resource_exposure": false
    },
    {
      "access_level": "Read",
      "action": "payments:GetFinancingApplication",
      "condition": null,
      "credentials_exposure": false,
      "data_access": false,
      "effective_action": "payments:GetFinancingApplication",
      "privesc": false,
      "resource_exposure": false
    },
    {
      "access_level": "Read",
      "action": "payments:GetFinancingLine",
      "condition": null,
      "credentials_exposure": false,
      "data_access": false,
      "effective_action": "payments:GetFinancingLine",
      "privesc": false,
      "resource_exposure": false
    },
    {
      "access_level": "Read",
      "action": "payments:GetFinancingLineWithdrawal",
      "condition": null,
      "credentials_exposure": false,
      "data_access": false,
      "effective_action": "payments:GetFinancingLineWithdrawal",
      "privesc": false,
      "resource_exposure": false
    },
    {
      "access_level": "Read",
      "action": "payments:GetFinancingOption",
      "condition": null,
      "credentials_exposure": false,
      "data_access": false,
      "effective_action": "payments:GetFinancingOption",
      "privesc": false,
      "resource_exposure": false
    },
    {
      "access_level": "List",
      "action": "payments:GetPaymentInstrument",
      "condition": null,
      "credentials_exposure": false,
      "data_access": false,
      "effective_action": "payments:GetPaymentInstrument",
      "privesc": false,
      "resource_exposure": false
    },
    {
      "access_level": "Read",
      "action": "payments:GetPaymentStatus",
      "condition": null,
      "credentials_exposure": false,
      "data_access": false,
      "effective_action": "payments:GetPaymentStatus",
      "privesc": false,
      "resource_exposure": false
    },
    {
      "access_level": "List",
      "action": "payments:ListFinancingApplications",
      "condition": null,
      "credentials_exposure": false,
      "data_access": false,
      "effective_action": "payments:ListFinancingApplications",
      "privesc": false,
      "resource_exposure": false
    },
    {
      "access_level": "List",
      "action": "payments:ListFinancingLines",
      "condition": null,
      "credentials_exposure": false,
      "data_access": false,
      "effective_action": "payments:ListFinancingLines",
      "privesc": false,
      "resource_exposure": false
    },
    {
      "access_level": "List",
      "action": "payments:ListFinancingLineWithdrawals",
      "condition": null,
      "credentials_exposure": false,
      "data_access": false,
      "effective_action": "payments:ListFinancingLineWithdrawals",
      "privesc": false,
      "resource_exposure": false
    },
    {
      "access_level": "List",
      "action": "payments:ListPaymentInstruments",
      "condition": null,
      "credentials_exposure": false,
      "data_access": false,
      "effective_action": "payments:ListPaymentInstruments",
      "privesc": false,
      "resource_exposure": false
    },
    {
      "access_level": "List",
      "action": "payments:ListPaymentPreferences",
      "condition": null,
      "credentials_exposure": false,
      "data_access": false,
      "effective_action": "payments:ListPaymentPreferences",
      "privesc": false,
      "resource_exposure": false
    },
    {
      "access_level": "List",
      "action": "payments:ListPaymentProgramOptions",
      "condition": null,
      "credentials_exposure": false,
      "data_access": false,
      "effective_action": "payments:ListPaymentProgramOptions",
      "privesc": false,
      "resource_exposure": false
    },
    {
      "access_level": "List",
      "action": "payments:ListPaymentProgramStatus",
      "condition": null,
      "credentials_exposure": false,
      "data_access": false,
      "effective_action": "payments:ListPaymentProgramStatus",
      "privesc": false,
      "resource_exposure": false
    },
    {
      "access_level": "List",
      "action": "payments:ListTagsForResource",
      "condition": null,
      "credentials_exposure": false,
      "data_access": false,
      "effective_action": "payments:ListTagsForResource",
      "privesc": false,
      "resource_exposure": false
    },
    {
      "access_level": "Read",
      "action": "purchase-orders:GetPurchaseOrder",
      "condition": null,
      "credentials_exposure": false,
      "data_access": false,
      "effective_action": "purchase-orders:GetPurchaseOrder",
      "privesc": false,
      "resource_exposure": false
    },
    {
      "access_level": "Read",
      "action": "purchase-orders:ViewPurchaseOrders",
      "condition": null,
      "credentials_exposure": false,
      "data_access": false,
      "effective_action": "purchase-orders:ViewPurchaseOrders",
      "privesc": false,
      "resource_exposure": false
    },
    {
      "access_level": "List",
      "action": "purchase-orders:ListPurchaseOrderInvoices",
      "condition": null,
      "credentials_exposure": false,
      "data_access": false,
      "effective_action": "purchase-orders:ListPurchaseOrderInvoices",
      "privesc": false,
      "resource_exposure": false
    },
    {
      "access_level": "List",
      "action": "purchase-orders:ListPurchaseOrders",
      "condition": null,
      "credentials_exposure": false,
      "data_access": false,
      "effective_action": "purchase-orders:ListPurchaseOrders",
      "privesc": false,
      "resource_exposure": false
    },
    {
      "access_level": "Read",
      "action": "purchase-orders:ListTagsForResource",
      "condition": null,
      "credentials_exposure": false,
      "data_access": false,
      "effective_action": "purchase-orders:ListTagsForResource",
      "privesc": false,
      "resource_exposure": false
    },
    {
      "access_level": "Read",
      "action": "sustainability:GetCarbonFootprintSummary",
      "condition": null,
      "credentials_exposure": false,
      "data_access": false,
      "effective_action": "sustainability:GetCarbonFootprintSummary",
      "privesc": false,
      "resource_exposure": false
    },
    {
      "access_level": "Read",
      "action": "tax:GetTaxRegistrationDocument",
      "condition": null,
      "credentials_exposure": false,
      "data_access": false,
      "effective_action": "tax:GetTaxRegistrationDocument",
      "privesc": false,
      "resource_exposure": false
    },
    {
      "access_level": "Read",
      "action": "tax:GetTaxInheritance",
      "condition": null,
      "credentials_exposure": false,
      "data_access": false,
      "effective_action": "tax:GetTaxInheritance",
      "privesc": false,
      "resource_exposure": false
    },
    {
      "access_level": "Read",
      "action": "tax:ListTaxRegistrations",
      "condition": null,
      "credentials_exposure": false,
      "data_access": false,
      "effective_action": "tax:ListTaxRegistrations",
      "privesc": false,
      "resource_exposure": false
    }
  ],
  "grantless": false,
  "malformed": false,
  "name": "AWSBillingReadOnlyAccess",
  "privesc": false,
  "resource_exposure": false,
  "undocumented_actions": false,
  "unknown_actions": [],
  "updatedate": "2025-10-02T22:19:07+00:00",
  "version": "v13"
}