{
  "access_levels": [
    "List",
    "Read",
    "Write"
  ],
  "arn": "arn:aws:iam::aws:policy/AWSBackupAuditAccess",
  "createdate": "2023-04-10T21:23:31Z",
  "credentials_exposure": false,
  "data_access": false,
  "deprecated": false,
  "document": {
    "Statement": [
      {
        "Action": [
          "backup:CreateFramework",
          "backup:UpdateFramework",
          "backup:ListFrameworks",
          "backup:DescribeFramework",
          "backup:DeleteFramework",
          "backup:ListBackupPlans",
          "backup:ListBackupVaults",
          "backup:CreateReportPlan",
          "backup:UpdateReportPlan",
          "backup:ListReportPlans",
          "backup:DescribeReportPlan",
          "backup:DeleteReportPlan",
          "backup:StartReportJob",
          "backup:ListReportJobs",
          "backup:DescribeReportJob"
        ],
        "Effect": "Allow",
        "Resource": "*"
      },
      {
        "Action": [
          "config:DescribeConfigurationRecorders",
          "config:DescribeConfigurationRecorderStatus",
          "config:DescribeComplianceByConfigRule"
        ],
        "Effect": "Allow",
        "Resource": "*"
      },
      {
        "Action": [
          "config:GetComplianceDetailsByConfigRule"
        ],
        "Effect": "Allow",
        "Resource": "arn:aws:config:*:*:config-rule/*"
      },
      {
        "Action": [
          "s3:ListAllMyBuckets",
          "s3:GetBucketLocation"
        ],
        "Effect": "Allow",
        "Resource": "arn:aws:s3:::*"
      }
    ],
    "Version": "2012-10-17"
  },
  "effective_actions": [
    {
      "access_level": "Write",
      "action": "backup:CreateFramework",
      "condition": null,
      "credentials_exposure": false,
      "data_access": false,
      "effective_action": "backup:CreateFramework",
      "privesc": false,
      "resource_exposure": false
    },
    {
      "access_level": "Write",
      "action": "backup:UpdateFramework",
      "condition": null,
      "credentials_exposure": false,
      "data_access": false,
      "effective_action": "backup:UpdateFramework",
      "privesc": false,
      "resource_exposure": false
    },
    {
      "access_level": "List",
      "action": "backup:ListFrameworks",
      "condition": null,
      "credentials_exposure": false,
      "data_access": false,
      "effective_action": "backup:ListFrameworks",
      "privesc": false,
      "resource_exposure": false
    },
    {
      "access_level": "Read",
      "action": "backup:DescribeFramework",
      "condition": null,
      "credentials_exposure": false,
      "data_access": false,
      "effective_action": "backup:DescribeFramework",
      "privesc": false,
      "resource_exposure": false
    },
    {
      "access_level": "Write",
      "action": "backup:DeleteFramework",
      "condition": null,
      "credentials_exposure": false,
      "data_access": false,
      "effective_action": "backup:DeleteFramework",
      "privesc": false,
      "resource_exposure": false
    },
    {
      "access_level": "List",
      "action": "backup:ListBackupPlans",
      "condition": null,
      "credentials_exposure": false,
      "data_access": false,
      "effective_action": "backup:ListBackupPlans",
      "privesc": false,
      "resource_exposure": false
    },
    {
      "access_level": "List",
      "action": "backup:ListBackupVaults",
      "condition": null,
      "credentials_exposure": false,
      "data_access": false,
      "effective_action": "backup:ListBackupVaults",
      "privesc": false,
      "resource_exposure": false
    },
    {
      "access_level": "Write",
      "action": "backup:CreateReportPlan",
      "condition": null,
      "credentials_exposure": false,
      "data_access": false,
      "effective_action": "backup:CreateReportPlan",
      "privesc": false,
      "resource_exposure": false
    },
    {
      "access_level": "Write",
      "action": "backup:UpdateReportPlan",
      "condition": null,
      "credentials_exposure": false,
      "data_access": false,
      "effective_action": "backup:UpdateReportPlan",
      "privesc": false,
      "resource_exposure": false
    },
    {
      "access_level": "List",
      "action": "backup:ListReportPlans",
      "condition": null,
      "credentials_exposure": false,
      "data_access": false,
      "effective_action": "backup:ListReportPlans",
      "privesc": false,
      "resource_exposure": false
    },
    {
      "access_level": "Read",
      "action": "backup:DescribeReportPlan",
      "condition": null,
      "credentials_exposure": false,
      "data_access": false,
      "effective_action": "backup:DescribeReportPlan",
      "privesc": false,
      "resource_exposure": false
    },
    {
      "access_level": "Write",
      "action": "backup:DeleteReportPlan",
      "condition": null,
      "credentials_exposure": false,
      "data_access": false,
      "effective_action": "backup:DeleteReportPlan",
      "privesc": false,
      "resource_exposure": false
    },
    {
      "access_level": "Write",
      "action": "backup:StartReportJob",
      "condition": null,
      "credentials_exposure": false,
      "data_access": false,
      "effective_action": "backup:StartReportJob",
      "privesc": false,
      "resource_exposure": false
    },
    {
      "access_level": "List",
      "action": "backup:ListReportJobs",
      "condition": null,
      "credentials_exposure": false,
      "data_access": false,
      "effective_action": "backup:ListReportJobs",
      "privesc": false,
      "resource_exposure": false
    },
    {
      "access_level": "Read",
      "action": "backup:DescribeReportJob",
      "condition": null,
      "credentials_exposure": false,
      "data_access": false,
      "effective_action": "backup:DescribeReportJob",
      "privesc": false,
      "resource_exposure": false
    },
    {
      "access_level": "Read",
      "action": "config:DescribeConfigurationRecorders",
      "condition": null,
      "credentials_exposure": false,
      "data_access": false,
      "effective_action": "config:DescribeConfigurationRecorders",
      "privesc": false,
      "resource_exposure": false
    },
    {
      "access_level": "Read",
      "action": "config:DescribeConfigurationRecorderStatus",
      "condition": null,
      "credentials_exposure": false,
      "data_access": false,
      "effective_action": "config:DescribeConfigurationRecorderStatus",
      "privesc": false,
      "resource_exposure": false
    },
    {
      "access_level": "Read",
      "action": "config:DescribeComplianceByConfigRule",
      "condition": null,
      "credentials_exposure": false,
      "data_access": false,
      "effective_action": "config:DescribeComplianceByConfigRule",
      "privesc": false,
      "resource_exposure": false
    },
    {
      "access_level": "Read",
      "action": "config:GetComplianceDetailsByConfigRule",
      "condition": null,
      "credentials_exposure": false,
      "data_access": false,
      "effective_action": "config:GetComplianceDetailsByConfigRule",
      "privesc": false,
      "resource_exposure": false
    },
    {
      "access_level": "List",
      "action": "s3:ListAllMyBuckets",
      "condition": null,
      "credentials_exposure": false,
      "data_access": false,
      "effective_action": "s3:ListAllMyBuckets",
      "privesc": false,
      "resource_exposure": false
    },
    {
      "access_level": "Read",
      "action": "s3:GetBucketLocation",
      "condition": null,
      "credentials_exposure": false,
      "data_access": false,
      "effective_action": "s3:GetBucketLocation",
      "privesc": false,
      "resource_exposure": false
    }
  ],
  "grantless": false,
  "malformed": false,
  "name": "AWSBackupAuditAccess",
  "privesc": false,
  "resource_exposure": false,
  "undocumented_actions": false,
  "unknown_actions": [],
  "updatedate": "2023-04-10T21:23:31+00:00",
  "version": "v2"
}