{
  "access_levels": [
    "Read",
    "Write"
  ],
  "arn": "arn:aws:iam::aws:policy/aws-service-role/AWSBackupServiceLinkedRolePolicyForBackupTest",
  "createdate": "2020-05-12T17:37:29Z",
  "credentials_exposure": false,
  "data_access": false,
  "deprecated": false,
  "document": {
    "Statement": [
      {
        "Action": [
          "elasticfilesystem:Backup",
          "elasticfilesystem:DescribeTags"
        ],
        "Condition": {
          "StringLike": {
            "aws:ResourceTag/aws:elasticfilesystem:default-backup": "enabled"
          }
        },
        "Effect": "Allow",
        "Resource": "arn:aws:elasticfilesystem:*:*:file-system/*"
      },
      {
        "Action": [
          "tag:GetResources"
        ],
        "Effect": "Allow",
        "Resource": "*"
      }
    ],
    "Version": "2012-10-17"
  },
  "effective_actions": [
    {
      "access_level": "Write",
      "action": "elasticfilesystem:Backup",
      "condition": {
        "StringLike": {
          "aws:ResourceTag/aws:elasticfilesystem:default-backup": "enabled"
        }
      },
      "credentials_exposure": false,
      "data_access": false,
      "effective_action": "elasticfilesystem:Backup",
      "privesc": false,
      "resource_exposure": false
    },
    {
      "access_level": "Read",
      "action": "elasticfilesystem:DescribeTags",
      "condition": {
        "StringLike": {
          "aws:ResourceTag/aws:elasticfilesystem:default-backup": "enabled"
        }
      },
      "credentials_exposure": false,
      "data_access": false,
      "effective_action": "elasticfilesystem:DescribeTags",
      "privesc": false,
      "resource_exposure": false
    },
    {
      "access_level": "Read",
      "action": "tag:GetResources",
      "condition": null,
      "credentials_exposure": false,
      "data_access": false,
      "effective_action": "tag:GetResources",
      "privesc": false,
      "resource_exposure": false
    }
  ],
  "grantless": false,
  "malformed": false,
  "name": "AWSBackupServiceLinkedRolePolicyForBackupTest",
  "privesc": false,
  "resource_exposure": false,
  "undocumented_actions": false,
  "unknown_actions": [],
  "updatedate": "2020-05-12T17:37:29+00:00",
  "version": "v1"
}