{
  "access_levels": [
    "List",
    "Read",
    "Write"
  ],
  "arn": "arn:aws:iam::aws:policy/AWSBugBustPlayerAccess",
  "createdate": "2021-06-24T07:15:00Z",
  "credentials_exposure": false,
  "data_access": true,
  "deprecated": false,
  "document": {
    "Statement": [
      {
        "Action": [
          "codeguru-reviewer:DescribeCodeReview",
          "codeguru-reviewer:ListRecommendations"
        ],
        "Effect": "Allow",
        "Resource": "*",
        "Sid": "CodeGuruReviewerPermission"
      },
      {
        "Action": [
          "codeguru-profiler:DescribeProfilingGroup"
        ],
        "Effect": "Allow",
        "Resource": "*",
        "Sid": "CodeGuruProfilerPermission"
      },
      {
        "Action": [
          "bugbust:ListBugs",
          "bugbust:ListProfilingGroups",
          "bugbust:JoinEvent",
          "bugbust:GetEvent",
          "bugbust:ListEvents",
          "bugbust:GetJoinEventStatus",
          "bugbust:ListEventScores",
          "bugbust:ListEventParticipants",
          "bugbust:UpdateWorkItem",
          "bugbust:ListPullRequests"
        ],
        "Effect": "Allow",
        "Resource": "*",
        "Sid": "AWSBugBustPlayerAccess"
      }
    ],
    "Version": "2012-10-17"
  },
  "effective_actions": [
    {
      "access_level": "Read",
      "action": "codeguru-reviewer:DescribeCodeReview",
      "condition": null,
      "credentials_exposure": false,
      "data_access": true,
      "effective_action": "codeguru-reviewer:DescribeCodeReview",
      "privesc": false,
      "resource_exposure": false
    },
    {
      "access_level": "List",
      "action": "codeguru-reviewer:ListRecommendations",
      "condition": null,
      "credentials_exposure": false,
      "data_access": false,
      "effective_action": "codeguru-reviewer:ListRecommendations",
      "privesc": false,
      "resource_exposure": false
    },
    {
      "access_level": "Read",
      "action": "codeguru-profiler:DescribeProfilingGroup",
      "condition": null,
      "credentials_exposure": false,
      "data_access": false,
      "effective_action": "codeguru-profiler:DescribeProfilingGroup",
      "privesc": false,
      "resource_exposure": false
    },
    {
      "access_level": "Read",
      "action": "bugbust:ListBugs",
      "condition": null,
      "credentials_exposure": false,
      "data_access": false,
      "effective_action": "bugbust:ListBugs",
      "privesc": false,
      "resource_exposure": false
    },
    {
      "access_level": "Read",
      "action": "bugbust:ListProfilingGroups",
      "condition": null,
      "credentials_exposure": false,
      "data_access": false,
      "effective_action": "bugbust:ListProfilingGroups",
      "privesc": false,
      "resource_exposure": false
    },
    {
      "access_level": "Write",
      "action": "bugbust:JoinEvent",
      "condition": null,
      "credentials_exposure": false,
      "data_access": false,
      "effective_action": "bugbust:JoinEvent",
      "privesc": false,
      "resource_exposure": false
    },
    {
      "access_level": "Read",
      "action": "bugbust:GetEvent",
      "condition": null,
      "credentials_exposure": false,
      "data_access": false,
      "effective_action": "bugbust:GetEvent",
      "privesc": false,
      "resource_exposure": false
    },
    {
      "access_level": "List",
      "action": "bugbust:ListEvents",
      "condition": null,
      "credentials_exposure": false,
      "data_access": false,
      "effective_action": "bugbust:ListEvents",
      "privesc": false,
      "resource_exposure": false
    },
    {
      "access_level": "Read",
      "action": "bugbust:GetJoinEventStatus",
      "condition": null,
      "credentials_exposure": false,
      "data_access": false,
      "effective_action": "bugbust:GetJoinEventStatus",
      "privesc": false,
      "resource_exposure": false
    },
    {
      "access_level": "Read",
      "action": "bugbust:ListEventScores",
      "condition": null,
      "credentials_exposure": false,
      "data_access": false,
      "effective_action": "bugbust:ListEventScores",
      "privesc": false,
      "resource_exposure": false
    },
    {
      "access_level": "Read",
      "action": "bugbust:ListEventParticipants",
      "condition": null,
      "credentials_exposure": false,
      "data_access": false,
      "effective_action": "bugbust:ListEventParticipants",
      "privesc": false,
      "resource_exposure": false
    },
    {
      "access_level": "Write",
      "action": "bugbust:UpdateWorkItem",
      "condition": null,
      "credentials_exposure": false,
      "data_access": false,
      "effective_action": "bugbust:UpdateWorkItem",
      "privesc": false,
      "resource_exposure": false
    },
    {
      "access_level": "Read",
      "action": "bugbust:ListPullRequests",
      "condition": null,
      "credentials_exposure": false,
      "data_access": false,
      "effective_action": "bugbust:ListPullRequests",
      "privesc": false,
      "resource_exposure": false
    }
  ],
  "grantless": false,
  "malformed": false,
  "name": "AWSBugBustPlayerAccess",
  "privesc": false,
  "resource_exposure": false,
  "undocumented_actions": false,
  "unknown_actions": [],
  "updatedate": "2021-06-24T07:15:00+00:00",
  "version": "v1"
}