{
  "access_levels": [
    "List",
    "Read",
    "Tagging",
    "Write",
    "Permissions management"
  ],
  "arn": null,
  "createdate": "2019-03-11T22:14:30Z",
  "credentials_exposure": false,
  "data_access": true,
  "deprecated": true,
  "document": {
    "Statement": [
      {
        "Action": [
          "backup:*"
        ],
        "Effect": "Allow",
        "Resource": "*"
      },
      {
        "Action": [
          "backup-storage:*"
        ],
        "Effect": "Allow",
        "Resource": "*"
      },
      {
        "Action": [
          "rds:DescribeDBSnapshots",
          "rds:ListTagsForResource",
          "rds:DescribeDBInstances",
          "rds:describeDBSnapshots",
          "rds:describeDBEngineVersions",
          "rds:describeOptionGroups",
          "rds:describeOrderableDBInstanceOptions",
          "rds:describeDBSubnetGroups"
        ],
        "Effect": "Allow",
        "Resource": "*"
      },
      {
        "Action": [
          "dynamodb:ListBackups",
          "dynamodb:ListTables"
        ],
        "Effect": "Allow",
        "Resource": "*"
      },
      {
        "Action": [
          "elasticfilesystem:DescribeFilesystems"
        ],
        "Effect": "Allow",
        "Resource": "arn:aws:elasticfilesystem:*:*:file-system/*"
      },
      {
        "Action": [
          "ec2:DescribeSnapshots",
          "ec2:DescribeVolumes",
          "ec2:describeAvailabilityZones"
        ],
        "Effect": "Allow",
        "Resource": "*"
      },
      {
        "Action": [
          "tag:GetTagKeys",
          "tag:GetTagValues",
          "tag:GetResources"
        ],
        "Effect": "Allow",
        "Resource": "*"
      },
      {
        "Action": [
          "storagegateway:DescribeCachediSCSIVolumes",
          "storagegateway:DescribeStorediSCSIVolumes"
        ],
        "Effect": "Allow",
        "Resource": "arn:aws:storagegateway:*:*:gateway/*/volume/*"
      },
      {
        "Action": [
          "storagegateway:ListGateways"
        ],
        "Effect": "Allow",
        "Resource": "arn:aws:storagegateway:*:*:*"
      },
      {
        "Action": [
          "storagegateway:DescribeGatewayInformation",
          "storagegateway:ListVolumes",
          "storagegateway:ListLocalDisks"
        ],
        "Effect": "Allow",
        "Resource": "arn:aws:storagegateway:*:*:gateway/*"
      },
      {
        "Action": [
          "iam:ListRoles",
          "iam:GetRole",
          "iam:GetUser"
        ],
        "Effect": "Allow",
        "Resource": "*"
      },
      {
        "Action": [
          "iam:PassRole"
        ],
        "Condition": {
          "StringLike": {
            "iam:PassedToService": "backup.amazonaws.com"
          }
        },
        "Effect": "Allow",
        "Resource": [
          "arn:aws:iam::*:role/*AwsBackup*",
          "arn:aws:iam::*:role/*AWSBackup*"
        ]
      },
      {
        "Action": [
          "kms:ListKeys",
          "kms:DescribeKey",
          "kms:GenerateDataKey",
          "kms:RetireGrant",
          "kms:CreateGrant",
          "kms:ListAliases",
          "kms:Decrypt"
        ],
        "Effect": "Allow",
        "Resource": "*"
      }
    ],
    "Version": "2012-10-17"
  },
  "effective_actions": [
    {
      "access_level": "Write",
      "action": "backup:*",
      "condition": null,
      "credentials_exposure": false,
      "data_access": false,
      "effective_action": "backup:AssociateBackupVaultMpaApprovalTeam",
      "privesc": false,
      "resource_exposure": false
    },
    {
      "access_level": "Write",
      "action": "backup:*",
      "condition": null,
      "credentials_exposure": false,
      "data_access": false,
      "effective_action": "backup:CancelLegalHold",
      "privesc": false,
      "resource_exposure": false
    },
    {
      "access_level": "Write",
      "action": "backup:*",
      "condition": null,
      "credentials_exposure": false,
      "data_access": false,
      "effective_action": "backup:CopyFromBackupVault",
      "privesc": false,
      "resource_exposure": false
    },
    {
      "access_level": "Write",
      "action": "backup:*",
      "condition": null,
      "credentials_exposure": false,
      "data_access": false,
      "effective_action": "backup:CopyIntoBackupVault",
      "privesc": false,
      "resource_exposure": false
    },
    {
      "access_level": "Write",
      "action": "backup:*",
      "condition": null,
      "credentials_exposure": false,
      "data_access": false,
      "effective_action": "backup:CreateBackupPlan",
      "privesc": false,
      "resource_exposure": false
    },
    {
      "access_level": "Write",
      "action": "backup:*",
      "condition": null,
      "credentials_exposure": false,
      "data_access": false,
      "effective_action": "backup:CreateBackupSelection",
      "privesc": false,
      "resource_exposure": false
    },
    {
      "access_level": "Write",
      "action": "backup:*",
      "condition": null,
      "credentials_exposure": false,
      "data_access": false,
      "effective_action": "backup:CreateBackupVault",
      "privesc": false,
      "resource_exposure": false
    },
    {
      "access_level": "Write",
      "action": "backup:*",
      "condition": null,
      "credentials_exposure": false,
      "data_access": false,
      "effective_action": "backup:CreateFramework",
      "privesc": false,
      "resource_exposure": false
    },
    {
      "access_level": "Write",
      "action": "backup:*",
      "condition": null,
      "credentials_exposure": false,
      "data_access": false,
      "effective_action": "backup:CreateLegalHold",
      "privesc": false,
      "resource_exposure": false
    },
    {
      "access_level": "Write",
      "action": "backup:*",
      "condition": null,
      "credentials_exposure": false,
      "data_access": false,
      "effective_action": "backup:CreateLogicallyAirGappedBackupVault",
      "privesc": false,
      "resource_exposure": false
    },
    {
      "access_level": "Write",
      "action": "backup:*",
      "condition": null,
      "credentials_exposure": false,
      "data_access": false,
      "effective_action": "backup:CreateReportPlan",
      "privesc": false,
      "resource_exposure": false
    },
    {
      "access_level": "Write",
      "action": "backup:*",
      "condition": null,
      "credentials_exposure": false,
      "data_access": false,
      "effective_action": "backup:CreateRestoreAccessBackupVault",
      "privesc": false,
      "resource_exposure": false
    },
    {
      "access_level": "Write",
      "action": "backup:*",
      "condition": null,
      "credentials_exposure": false,
      "data_access": false,
      "effective_action": "backup:CreateRestoreTestingPlan",
      "privesc": false,
      "resource_exposure": false
    },
    {
      "access_level": "Write",
      "action": "backup:*",
      "condition": null,
      "credentials_exposure": false,
      "data_access": false,
      "effective_action": "backup:CreateRestoreTestingSelection",
      "privesc": false,
      "resource_exposure": false
    },
    {
      "access_level": "Write",
      "action": "backup:*",
      "condition": null,
      "credentials_exposure": false,
      "data_access": false,
      "effective_action": "backup:DeleteBackupPlan",
      "privesc": false,
      "resource_exposure": false
    },
    {
      "access_level": "Write",
      "action": "backup:*",
      "condition": null,
      "credentials_exposure": false,
      "data_access": false,
      "effective_action": "backup:DeleteBackupSelection",
      "privesc": false,
      "resource_exposure": false
    },
    {
      "access_level": "Write",
      "action": "backup:*",
      "condition": null,
      "credentials_exposure": false,
      "data_access": false,
      "effective_action": "backup:DeleteBackupVault",
      "privesc": false,
      "resource_exposure": false
    },
    {
      "access_level": "Permissions management",
      "action": "backup:*",
      "condition": null,
      "credentials_exposure": false,
      "data_access": false,
      "effective_action": "backup:DeleteBackupVaultAccessPolicy",
      "privesc": false,
      "resource_exposure": true
    },
    {
      "access_level": "Write",
      "action": "backup:*",
      "condition": null,
      "credentials_exposure": false,
      "data_access": false,
      "effective_action": "backup:DeleteBackupVaultLockConfiguration",
      "privesc": false,
      "resource_exposure": false
    },
    {
      "access_level": "Write",
      "action": "backup:*",
      "condition": null,
      "credentials_exposure": false,
      "data_access": false,
      "effective_action": "backup:DeleteBackupVaultNotifications",
      "privesc": false,
      "resource_exposure": false
    },
    {
      "access_level": "Permissions management",
      "action": "backup:*",
      "condition": null,
      "credentials_exposure": false,
      "data_access": false,
      "effective_action": "backup:DeleteBackupVaultSharingPolicy",
      "privesc": false,
      "resource_exposure": false
    },
    {
      "access_level": "Write",
      "action": "backup:*",
      "condition": null,
      "credentials_exposure": false,
      "data_access": false,
      "effective_action": "backup:DeleteFramework",
      "privesc": false,
      "resource_exposure": false
    },
    {
      "access_level": "Write",
      "action": "backup:*",
      "condition": null,
      "credentials_exposure": false,
      "data_access": false,
      "effective_action": "backup:DeleteRecoveryPoint",
      "privesc": false,
      "resource_exposure": false
    },
    {
      "access_level": "Write",
      "action": "backup:*",
      "condition": null,
      "credentials_exposure": false,
      "data_access": false,
      "effective_action": "backup:DeleteReportPlan",
      "privesc": false,
      "resource_exposure": false
    },
    {
      "access_level": "Write",
      "action": "backup:*",
      "condition": null,
      "credentials_exposure": false,
      "data_access": false,
      "effective_action": "backup:DeleteRestoreTestingPlan",
      "privesc": false,
      "resource_exposure": false
    },
    {
      "access_level": "Write",
      "action": "backup:*",
      "condition": null,
      "credentials_exposure": false,
      "data_access": false,
      "effective_action": "backup:DeleteRestoreTestingSelection",
      "privesc": false,
      "resource_exposure": false
    },
    {
      "access_level": "Read",
      "action": "backup:*",
      "condition": null,
      "credentials_exposure": false,
      "data_access": false,
      "effective_action": "backup:DescribeBackupJob",
      "privesc": false,
      "resource_exposure": false
    },
    {
      "access_level": "Read",
      "action": "backup:*",
      "condition": null,
      "credentials_exposure": false,
      "data_access": false,
      "effective_action": "backup:DescribeBackupVault",
      "privesc": false,
      "resource_exposure": false
    },
    {
      "access_level": "Read",
      "action": "backup:*",
      "condition": null,
      "credentials_exposure": false,
      "data_access": false,
      "effective_action": "backup:DescribeCopyJob",
      "privesc": false,
      "resource_exposure": false
    },
    {
      "access_level": "Read",
      "action": "backup:*",
      "condition": null,
      "credentials_exposure": false,
      "data_access": false,
      "effective_action": "backup:DescribeFramework",
      "privesc": false,
      "resource_exposure": false
    },
    {
      "access_level": "Read",
      "action": "backup:*",
      "condition": null,
      "credentials_exposure": false,
      "data_access": false,
      "effective_action": "backup:DescribeGlobalSettings",
      "privesc": false,
      "resource_exposure": false
    },
    {
      "access_level": "Read",
      "action": "backup:*",
      "condition": null,
      "credentials_exposure": false,
      "data_access": false,
      "effective_action": "backup:DescribeProtectedResource",
      "privesc": false,
      "resource_exposure": false
    },
    {
      "access_level": "Read",
      "action": "backup:*",
      "condition": null,
      "credentials_exposure": false,
      "data_access": false,
      "effective_action": "backup:DescribeRecoveryPoint",
      "privesc": false,
      "resource_exposure": false
    },
    {
      "access_level": "Read",
      "action": "backup:*",
      "condition": null,
      "credentials_exposure": false,
      "data_access": false,
      "effective_action": "backup:DescribeRegionSettings",
      "privesc": false,
      "resource_exposure": false
    },
    {
      "access_level": "Read",
      "action": "backup:*",
      "condition": null,
      "credentials_exposure": false,
      "data_access": false,
      "effective_action": "backup:DescribeReportJob",
      "privesc": false,
      "resource_exposure": false
    },
    {
      "access_level": "Read",
      "action": "backup:*",
      "condition": null,
      "credentials_exposure": false,
      "data_access": false,
      "effective_action": "backup:DescribeReportPlan",
      "privesc": false,
      "resource_exposure": false
    },
    {
      "access_level": "Read",
      "action": "backup:*",
      "condition": null,
      "credentials_exposure": false,
      "data_access": false,
      "effective_action": "backup:DescribeRestoreJob",
      "privesc": false,
      "resource_exposure": false
    },
    {
      "access_level": "Write",
      "action": "backup:*",
      "condition": null,
      "credentials_exposure": false,
      "data_access": false,
      "effective_action": "backup:DisassociateBackupVaultMpaApprovalTeam",
      "privesc": false,
      "resource_exposure": false
    },
    {
      "access_level": "Write",
      "action": "backup:*",
      "condition": null,
      "credentials_exposure": false,
      "data_access": false,
      "effective_action": "backup:DisassociateRecoveryPoint",
      "privesc": false,
      "resource_exposure": false
    },
    {
      "access_level": "Write",
      "action": "backup:*",
      "condition": null,
      "credentials_exposure": false,
      "data_access": false,
      "effective_action": "backup:DisassociateRecoveryPointFromParent",
      "privesc": false,
      "resource_exposure": false
    },
    {
      "access_level": "Read",
      "action": "backup:*",
      "condition": null,
      "credentials_exposure": false,
      "data_access": false,
      "effective_action": "backup:ExportBackupPlanTemplate",
      "privesc": false,
      "resource_exposure": false
    },
    {
      "access_level": "Read",
      "action": "backup:*",
      "condition": null,
      "credentials_exposure": false,
      "data_access": false,
      "effective_action": "backup:GetBackupPlan",
      "privesc": false,
      "resource_exposure": false
    },
    {
      "access_level": "Read",
      "action": "backup:*",
      "condition": null,
      "credentials_exposure": false,
      "data_access": false,
      "effective_action": "backup:GetBackupPlanFromJSON",
      "privesc": false,
      "resource_exposure": false
    },
    {
      "access_level": "Read",
      "action": "backup:*",
      "condition": null,
      "credentials_exposure": false,
      "data_access": false,
      "effective_action": "backup:GetBackupPlanFromTemplate",
      "privesc": false,
      "resource_exposure": false
    },
    {
      "access_level": "Read",
      "action": "backup:*",
      "condition": null,
      "credentials_exposure": false,
      "data_access": false,
      "effective_action": "backup:GetBackupSelection",
      "privesc": false,
      "resource_exposure": false
    },
    {
      "access_level": "Read",
      "action": "backup:*",
      "condition": null,
      "credentials_exposure": false,
      "data_access": false,
      "effective_action": "backup:GetBackupVaultAccessPolicy",
      "privesc": false,
      "resource_exposure": false
    },
    {
      "access_level": "Read",
      "action": "backup:*",
      "condition": null,
      "credentials_exposure": false,
      "data_access": false,
      "effective_action": "backup:GetBackupVaultNotifications",
      "privesc": false,
      "resource_exposure": false
    },
    {
      "access_level": "Read",
      "action": "backup:*",
      "condition": null,
      "credentials_exposure": false,
      "data_access": false,
      "effective_action": "backup:GetBackupVaultSharingPolicy",
      "privesc": false,
      "resource_exposure": false
    },
    {
      "access_level": "Read",
      "action": "backup:*",
      "condition": null,
      "credentials_exposure": false,
      "data_access": false,
      "effective_action": "backup:GetLegalHold",
      "privesc": false,
      "resource_exposure": false
    },
    {
      "access_level": "Read",
      "action": "backup:*",
      "condition": null,
      "credentials_exposure": false,
      "data_access": false,
      "effective_action": "backup:GetRecoveryPointIndexDetails",
      "privesc": false,
      "resource_exposure": false
    },
    {
      "access_level": "Read",
      "action": "backup:*",
      "condition": null,
      "credentials_exposure": false,
      "data_access": false,
      "effective_action": "backup:GetRecoveryPointRestoreMetadata",
      "privesc": false,
      "resource_exposure": false
    },
    {
      "access_level": "Read",
      "action": "backup:*",
      "condition": null,
      "credentials_exposure": false,
      "data_access": false,
      "effective_action": "backup:GetRestoreJobMetadata",
      "privesc": false,
      "resource_exposure": false
    },
    {
      "access_level": "Read",
      "action": "backup:*",
      "condition": null,
      "credentials_exposure": false,
      "data_access": false,
      "effective_action": "backup:GetRestoreTestingInferredMetadata",
      "privesc": false,
      "resource_exposure": false
    },
    {
      "access_level": "Read",
      "action": "backup:*",
      "condition": null,
      "credentials_exposure": false,
      "data_access": false,
      "effective_action": "backup:GetRestoreTestingPlan",
      "privesc": false,
      "resource_exposure": false
    },
    {
      "access_level": "Read",
      "action": "backup:*",
      "condition": null,
      "credentials_exposure": false,
      "data_access": false,
      "effective_action": "backup:GetRestoreTestingSelection",
      "privesc": false,
      "resource_exposure": false
    },
    {
      "access_level": "Read",
      "action": "backup:*",
      "condition": null,
      "credentials_exposure": false,
      "data_access": false,
      "effective_action": "backup:GetSupportedResourceTypes",
      "privesc": false,
      "resource_exposure": false
    },
    {
      "access_level": "List",
      "action": "backup:*",
      "condition": null,
      "credentials_exposure": false,
      "data_access": false,
      "effective_action": "backup:ListBackupJobSummaries",
      "privesc": false,
      "resource_exposure": false
    },
    {
      "access_level": "List",
      "action": "backup:*",
      "condition": null,
      "credentials_exposure": false,
      "data_access": false,
      "effective_action": "backup:ListBackupJobs",
      "privesc": false,
      "resource_exposure": false
    },
    {
      "access_level": "List",
      "action": "backup:*",
      "condition": null,
      "credentials_exposure": false,
      "data_access": false,
      "effective_action": "backup:ListBackupPlanTemplates",
      "privesc": false,
      "resource_exposure": false
    },
    {
      "access_level": "List",
      "action": "backup:*",
      "condition": null,
      "credentials_exposure": false,
      "data_access": false,
      "effective_action": "backup:ListBackupPlanVersions",
      "privesc": false,
      "resource_exposure": false
    },
    {
      "access_level": "List",
      "action": "backup:*",
      "condition": null,
      "credentials_exposure": false,
      "data_access": false,
      "effective_action": "backup:ListBackupPlans",
      "privesc": false,
      "resource_exposure": false
    },
    {
      "access_level": "List",
      "action": "backup:*",
      "condition": null,
      "credentials_exposure": false,
      "data_access": false,
      "effective_action": "backup:ListBackupSelections",
      "privesc": false,
      "resource_exposure": false
    },
    {
      "access_level": "List",
      "action": "backup:*",
      "condition": null,
      "credentials_exposure": false,
      "data_access": false,
      "effective_action": "backup:ListBackupVaults",
      "privesc": false,
      "resource_exposure": false
    },
    {
      "access_level": "List",
      "action": "backup:*",
      "condition": null,
      "credentials_exposure": false,
      "data_access": false,
      "effective_action": "backup:ListCopyJobSummaries",
      "privesc": false,
      "resource_exposure": false
    },
    {
      "access_level": "List",
      "action": "backup:*",
      "condition": null,
      "credentials_exposure": false,
      "data_access": false,
      "effective_action": "backup:ListCopyJobs",
      "privesc": false,
      "resource_exposure": false
    },
    {
      "access_level": "List",
      "action": "backup:*",
      "condition": null,
      "credentials_exposure": false,
      "data_access": false,
      "effective_action": "backup:ListFrameworks",
      "privesc": false,
      "resource_exposure": false
    },
    {
      "access_level": "List",
      "action": "backup:*",
      "condition": null,
      "credentials_exposure": false,
      "data_access": false,
      "effective_action": "backup:ListIndexedRecoveryPoints",
      "privesc": false,
      "resource_exposure": false
    },
    {
      "access_level": "Permissions management",
      "action": "backup:*",
      "condition": null,
      "credentials_exposure": false,
      "data_access": false,
      "effective_action": "backup:ListIndexedRecoveryPointsForSearch",
      "privesc": false,
      "resource_exposure": false
    },
    {
      "access_level": "List",
      "action": "backup:*",
      "condition": null,
      "credentials_exposure": false,
      "data_access": false,
      "effective_action": "backup:ListLegalHolds",
      "privesc": false,
      "resource_exposure": false
    },
    {
      "access_level": "List",
      "action": "backup:*",
      "condition": null,
      "credentials_exposure": false,
      "data_access": false,
      "effective_action": "backup:ListProtectedResources",
      "privesc": false,
      "resource_exposure": false
    },
    {
      "access_level": "List",
      "action": "backup:*",
      "condition": null,
      "credentials_exposure": false,
      "data_access": false,
      "effective_action": "backup:ListProtectedResourcesByBackupVault",
      "privesc": false,
      "resource_exposure": false
    },
    {
      "access_level": "List",
      "action": "backup:*",
      "condition": null,
      "credentials_exposure": false,
      "data_access": false,
      "effective_action": "backup:ListRecoveryPointsByBackupVault",
      "privesc": false,
      "resource_exposure": false
    },
    {
      "access_level": "List",
      "action": "backup:*",
      "condition": null,
      "credentials_exposure": false,
      "data_access": false,
      "effective_action": "backup:ListRecoveryPointsByLegalHold",
      "privesc": false,
      "resource_exposure": false
    },
    {
      "access_level": "List",
      "action": "backup:*",
      "condition": null,
      "credentials_exposure": false,
      "data_access": false,
      "effective_action": "backup:ListRecoveryPointsByResource",
      "privesc": false,
      "resource_exposure": false
    },
    {
      "access_level": "List",
      "action": "backup:*",
      "condition": null,
      "credentials_exposure": false,
      "data_access": false,
      "effective_action": "backup:ListReportJobs",
      "privesc": false,
      "resource_exposure": false
    },
    {
      "access_level": "List",
      "action": "backup:*",
      "condition": null,
      "credentials_exposure": false,
      "data_access": false,
      "effective_action": "backup:ListReportPlans",
      "privesc": false,
      "resource_exposure": false
    },
    {
      "access_level": "List",
      "action": "backup:*",
      "condition": null,
      "credentials_exposure": false,
      "data_access": false,
      "effective_action": "backup:ListRestoreAccessBackupVaults",
      "privesc": false,
      "resource_exposure": false
    },
    {
      "access_level": "List",
      "action": "backup:*",
      "condition": null,
      "credentials_exposure": false,
      "data_access": false,
      "effective_action": "backup:ListRestoreJobSummaries",
      "privesc": false,
      "resource_exposure": false
    },
    {
      "access_level": "List",
      "action": "backup:*",
      "condition": null,
      "credentials_exposure": false,
      "data_access": false,
      "effective_action": "backup:ListRestoreJobs",
      "privesc": false,
      "resource_exposure": false
    },
    {
      "access_level": "List",
      "action": "backup:*",
      "condition": null,
      "credentials_exposure": false,
      "data_access": false,
      "effective_action": "backup:ListRestoreJobsByProtectedResource",
      "privesc": false,
      "resource_exposure": false
    },
    {
      "access_level": "List",
      "action": "backup:*",
      "condition": null,
      "credentials_exposure": false,
      "data_access": false,
      "effective_action": "backup:ListRestoreTestingPlans",
      "privesc": false,
      "resource_exposure": false
    },
    {
      "access_level": "List",
      "action": "backup:*",
      "condition": null,
      "credentials_exposure": false,
      "data_access": false,
      "effective_action": "backup:ListRestoreTestingSelections",
      "privesc": false,
      "resource_exposure": false
    },
    {
      "access_level": "Read",
      "action": "backup:*",
      "condition": null,
      "credentials_exposure": false,
      "data_access": false,
      "effective_action": "backup:ListTags",
      "privesc": false,
      "resource_exposure": false
    },
    {
      "access_level": "Permissions management",
      "action": "backup:*",
      "condition": null,
      "credentials_exposure": false,
      "data_access": false,
      "effective_action": "backup:PutBackupVaultAccessPolicy",
      "privesc": false,
      "resource_exposure": true
    },
    {
      "access_level": "Write",
      "action": "backup:*",
      "condition": null,
      "credentials_exposure": false,
      "data_access": false,
      "effective_action": "backup:PutBackupVaultLockConfiguration",
      "privesc": false,
      "resource_exposure": false
    },
    {
      "access_level": "Write",
      "action": "backup:*",
      "condition": null,
      "credentials_exposure": false,
      "data_access": false,
      "effective_action": "backup:PutBackupVaultNotifications",
      "privesc": false,
      "resource_exposure": false
    },
    {
      "access_level": "Permissions management",
      "action": "backup:*",
      "condition": null,
      "credentials_exposure": false,
      "data_access": false,
      "effective_action": "backup:PutBackupVaultSharingPolicy",
      "privesc": false,
      "resource_exposure": false
    },
    {
      "access_level": "Write",
      "action": "backup:*",
      "condition": null,
      "credentials_exposure": false,
      "data_access": false,
      "effective_action": "backup:PutRestoreValidationResult",
      "privesc": false,
      "resource_exposure": false
    },
    {
      "access_level": "Write",
      "action": "backup:*",
      "condition": null,
      "credentials_exposure": false,
      "data_access": false,
      "effective_action": "backup:RevokeRestoreAccessBackupVault",
      "privesc": false,
      "resource_exposure": false
    },
    {
      "access_level": "Permissions management",
      "action": "backup:*",
      "condition": null,
      "credentials_exposure": false,
      "data_access": false,
      "effective_action": "backup:SearchRecoveryPoint",
      "privesc": false,
      "resource_exposure": false
    },
    {
      "access_level": "Write",
      "action": "backup:*",
      "condition": null,
      "credentials_exposure": false,
      "data_access": false,
      "effective_action": "backup:StartBackupJob",
      "privesc": false,
      "resource_exposure": false
    },
    {
      "access_level": "Write",
      "action": "backup:*",
      "condition": null,
      "credentials_exposure": false,
      "data_access": false,
      "effective_action": "backup:StartCopyJob",
      "privesc": false,
      "resource_exposure": false
    },
    {
      "access_level": "Write",
      "action": "backup:*",
      "condition": null,
      "credentials_exposure": false,
      "data_access": false,
      "effective_action": "backup:StartReportJob",
      "privesc": false,
      "resource_exposure": false
    },
    {
      "access_level": "Write",
      "action": "backup:*",
      "condition": null,
      "credentials_exposure": false,
      "data_access": false,
      "effective_action": "backup:StartRestoreJob",
      "privesc": false,
      "resource_exposure": false
    },
    {
      "access_level": "Write",
      "action": "backup:*",
      "condition": null,
      "credentials_exposure": false,
      "data_access": false,
      "effective_action": "backup:StopBackupJob",
      "privesc": false,
      "resource_exposure": false
    },
    {
      "access_level": "Tagging",
      "action": "backup:*",
      "condition": null,
      "credentials_exposure": false,
      "data_access": false,
      "effective_action": "backup:TagResource",
      "privesc": false,
      "resource_exposure": false
    },
    {
      "access_level": "Tagging",
      "action": "backup:*",
      "condition": null,
      "credentials_exposure": false,
      "data_access": false,
      "effective_action": "backup:UntagResource",
      "privesc": false,
      "resource_exposure": false
    },
    {
      "access_level": "Write",
      "action": "backup:*",
      "condition": null,
      "credentials_exposure": false,
      "data_access": false,
      "effective_action": "backup:UpdateBackupPlan",
      "privesc": false,
      "resource_exposure": false
    },
    {
      "access_level": "Write",
      "action": "backup:*",
      "condition": null,
      "credentials_exposure": false,
      "data_access": false,
      "effective_action": "backup:UpdateFramework",
      "privesc": false,
      "resource_exposure": false
    },
    {
      "access_level": "Write",
      "action": "backup:*",
      "condition": null,
      "credentials_exposure": false,
      "data_access": false,
      "effective_action": "backup:UpdateGlobalSettings",
      "privesc": false,
      "resource_exposure": false
    },
    {
      "access_level": "Write",
      "action": "backup:*",
      "condition": null,
      "credentials_exposure": false,
      "data_access": false,
      "effective_action": "backup:UpdateRecoveryPointIndexSettings",
      "privesc": false,
      "resource_exposure": false
    },
    {
      "access_level": "Write",
      "action": "backup:*",
      "condition": null,
      "credentials_exposure": false,
      "data_access": false,
      "effective_action": "backup:UpdateRecoveryPointLifecycle",
      "privesc": false,
      "resource_exposure": false
    },
    {
      "access_level": "Write",
      "action": "backup:*",
      "condition": null,
      "credentials_exposure": false,
      "data_access": false,
      "effective_action": "backup:UpdateRegionSettings",
      "privesc": false,
      "resource_exposure": false
    },
    {
      "access_level": "Write",
      "action": "backup:*",
      "condition": null,
      "credentials_exposure": false,
      "data_access": false,
      "effective_action": "backup:UpdateReportPlan",
      "privesc": false,
      "resource_exposure": false
    },
    {
      "access_level": "Write",
      "action": "backup:*",
      "condition": null,
      "credentials_exposure": false,
      "data_access": false,
      "effective_action": "backup:UpdateRestoreTestingPlan",
      "privesc": false,
      "resource_exposure": false
    },
    {
      "access_level": "Write",
      "action": "backup:*",
      "condition": null,
      "credentials_exposure": false,
      "data_access": false,
      "effective_action": "backup:UpdateRestoreTestingSelection",
      "privesc": false,
      "resource_exposure": false
    },
    {
      "access_level": "Write",
      "action": "backup-storage:*",
      "condition": null,
      "credentials_exposure": false,
      "data_access": false,
      "effective_action": "backup-storage:CommitBackupJob",
      "privesc": false,
      "resource_exposure": false
    },
    {
      "access_level": "Write",
      "action": "backup-storage:*",
      "condition": null,
      "credentials_exposure": false,
      "data_access": false,
      "effective_action": "backup-storage:DeleteObjects",
      "privesc": false,
      "resource_exposure": false
    },
    {
      "access_level": "Write",
      "action": "backup-storage:*",
      "condition": null,
      "credentials_exposure": false,
      "data_access": false,
      "effective_action": "backup-storage:DescribeBackupJob",
      "privesc": false,
      "resource_exposure": false
    },
    {
      "access_level": "Write",
      "action": "backup-storage:*",
      "condition": null,
      "credentials_exposure": false,
      "data_access": false,
      "effective_action": "backup-storage:GetBaseBackup",
      "privesc": false,
      "resource_exposure": false
    },
    {
      "access_level": "Write",
      "action": "backup-storage:*",
      "condition": null,
      "credentials_exposure": false,
      "data_access": false,
      "effective_action": "backup-storage:GetChunk",
      "privesc": false,
      "resource_exposure": false
    },
    {
      "access_level": "Write",
      "action": "backup-storage:*",
      "condition": null,
      "credentials_exposure": false,
      "data_access": false,
      "effective_action": "backup-storage:GetIncrementalBaseBackup",
      "privesc": false,
      "resource_exposure": false
    },
    {
      "access_level": "Write",
      "action": "backup-storage:*",
      "condition": null,
      "credentials_exposure": false,
      "data_access": false,
      "effective_action": "backup-storage:GetObjectMetadata",
      "privesc": false,
      "resource_exposure": false
    },
    {
      "access_level": "Write",
      "action": "backup-storage:*",
      "condition": null,
      "credentials_exposure": false,
      "data_access": false,
      "effective_action": "backup-storage:ListChunks",
      "privesc": false,
      "resource_exposure": false
    },
    {
      "access_level": "Write",
      "action": "backup-storage:*",
      "condition": null,
      "credentials_exposure": false,
      "data_access": false,
      "effective_action": "backup-storage:ListObjects",
      "privesc": false,
      "resource_exposure": false
    },
    {
      "access_level": "Write",
      "action": "backup-storage:*",
      "condition": null,
      "credentials_exposure": false,
      "data_access": false,
      "effective_action": "backup-storage:MountCapsule",
      "privesc": false,
      "resource_exposure": false
    },
    {
      "access_level": "Write",
      "action": "backup-storage:*",
      "condition": null,
      "credentials_exposure": false,
      "data_access": false,
      "effective_action": "backup-storage:NotifyObjectComplete",
      "privesc": false,
      "resource_exposure": false
    },
    {
      "access_level": "Write",
      "action": "backup-storage:*",
      "condition": null,
      "credentials_exposure": false,
      "data_access": false,
      "effective_action": "backup-storage:PutChunk",
      "privesc": false,
      "resource_exposure": false
    },
    {
      "access_level": "Write",
      "action": "backup-storage:*",
      "condition": null,
      "credentials_exposure": false,
      "data_access": false,
      "effective_action": "backup-storage:PutObject",
      "privesc": false,
      "resource_exposure": false
    },
    {
      "access_level": "Write",
      "action": "backup-storage:*",
      "condition": null,
      "credentials_exposure": false,
      "data_access": false,
      "effective_action": "backup-storage:StartObject",
      "privesc": false,
      "resource_exposure": false
    },
    {
      "access_level": "Write",
      "action": "backup-storage:*",
      "condition": null,
      "credentials_exposure": false,
      "data_access": false,
      "effective_action": "backup-storage:UpdateObjectComplete",
      "privesc": false,
      "resource_exposure": false
    },
    {
      "access_level": "List",
      "action": "rds:DescribeDBSnapshots",
      "condition": null,
      "credentials_exposure": false,
      "data_access": false,
      "effective_action": "rds:DescribeDBSnapshots",
      "privesc": false,
      "resource_exposure": false
    },
    {
      "access_level": "Read",
      "action": "rds:ListTagsForResource",
      "condition": null,
      "credentials_exposure": false,
      "data_access": false,
      "effective_action": "rds:ListTagsForResource",
      "privesc": false,
      "resource_exposure": false
    },
    {
      "access_level": "List",
      "action": "rds:DescribeDBInstances",
      "condition": null,
      "credentials_exposure": false,
      "data_access": false,
      "effective_action": "rds:DescribeDBInstances",
      "privesc": false,
      "resource_exposure": false
    },
    {
      "access_level": "List",
      "action": "rds:describeDBSnapshots",
      "condition": null,
      "credentials_exposure": false,
      "data_access": false,
      "effective_action": "rds:DescribeDBSnapshots",
      "privesc": false,
      "resource_exposure": false
    },
    {
      "access_level": "List",
      "action": "rds:describeDBEngineVersions",
      "condition": null,
      "credentials_exposure": false,
      "data_access": false,
      "effective_action": "rds:DescribeDBEngineVersions",
      "privesc": false,
      "resource_exposure": false
    },
    {
      "access_level": "List",
      "action": "rds:describeOptionGroups",
      "condition": null,
      "credentials_exposure": false,
      "data_access": false,
      "effective_action": "rds:DescribeOptionGroups",
      "privesc": false,
      "resource_exposure": false
    },
    {
      "access_level": "List",
      "action": "rds:describeOrderableDBInstanceOptions",
      "condition": null,
      "credentials_exposure": false,
      "data_access": false,
      "effective_action": "rds:DescribeOrderableDBInstanceOptions",
      "privesc": false,
      "resource_exposure": false
    },
    {
      "access_level": "List",
      "action": "rds:describeDBSubnetGroups",
      "condition": null,
      "credentials_exposure": false,
      "data_access": false,
      "effective_action": "rds:DescribeDBSubnetGroups",
      "privesc": false,
      "resource_exposure": false
    },
    {
      "access_level": "List",
      "action": "dynamodb:ListBackups",
      "condition": null,
      "credentials_exposure": false,
      "data_access": false,
      "effective_action": "dynamodb:ListBackups",
      "privesc": false,
      "resource_exposure": false
    },
    {
      "access_level": "List",
      "action": "dynamodb:ListTables",
      "condition": null,
      "credentials_exposure": false,
      "data_access": false,
      "effective_action": "dynamodb:ListTables",
      "privesc": false,
      "resource_exposure": false
    },
    {
      "access_level": "List",
      "action": "elasticfilesystem:DescribeFilesystems",
      "condition": null,
      "credentials_exposure": false,
      "data_access": false,
      "effective_action": "elasticfilesystem:DescribeFileSystems",
      "privesc": false,
      "resource_exposure": false
    },
    {
      "access_level": "List",
      "action": "ec2:DescribeSnapshots",
      "condition": null,
      "credentials_exposure": false,
      "data_access": false,
      "effective_action": "ec2:DescribeSnapshots",
      "privesc": false,
      "resource_exposure": false
    },
    {
      "access_level": "List",
      "action": "ec2:DescribeVolumes",
      "condition": null,
      "credentials_exposure": false,
      "data_access": false,
      "effective_action": "ec2:DescribeVolumes",
      "privesc": false,
      "resource_exposure": false
    },
    {
      "access_level": "List",
      "action": "ec2:describeAvailabilityZones",
      "condition": null,
      "credentials_exposure": false,
      "data_access": false,
      "effective_action": "ec2:DescribeAvailabilityZones",
      "privesc": false,
      "resource_exposure": false
    },
    {
      "access_level": "Read",
      "action": "tag:GetTagKeys",
      "condition": null,
      "credentials_exposure": false,
      "data_access": false,
      "effective_action": "tag:GetTagKeys",
      "privesc": false,
      "resource_exposure": false
    },
    {
      "access_level": "Read",
      "action": "tag:GetTagValues",
      "condition": null,
      "credentials_exposure": false,
      "data_access": false,
      "effective_action": "tag:GetTagValues",
      "privesc": false,
      "resource_exposure": false
    },
    {
      "access_level": "Read",
      "action": "tag:GetResources",
      "condition": null,
      "credentials_exposure": false,
      "data_access": false,
      "effective_action": "tag:GetResources",
      "privesc": false,
      "resource_exposure": false
    },
    {
      "access_level": "Read",
      "action": "storagegateway:DescribeCachediSCSIVolumes",
      "condition": null,
      "credentials_exposure": false,
      "data_access": false,
      "effective_action": "storagegateway:DescribeCachediSCSIVolumes",
      "privesc": false,
      "resource_exposure": false
    },
    {
      "access_level": "Read",
      "action": "storagegateway:DescribeStorediSCSIVolumes",
      "condition": null,
      "credentials_exposure": false,
      "data_access": false,
      "effective_action": "storagegateway:DescribeStorediSCSIVolumes",
      "privesc": false,
      "resource_exposure": false
    },
    {
      "access_level": "List",
      "action": "storagegateway:ListGateways",
      "condition": null,
      "credentials_exposure": false,
      "data_access": false,
      "effective_action": "storagegateway:ListGateways",
      "privesc": false,
      "resource_exposure": false
    },
    {
      "access_level": "Read",
      "action": "storagegateway:DescribeGatewayInformation",
      "condition": null,
      "credentials_exposure": false,
      "data_access": false,
      "effective_action": "storagegateway:DescribeGatewayInformation",
      "privesc": false,
      "resource_exposure": false
    },
    {
      "access_level": "List",
      "action": "storagegateway:ListVolumes",
      "condition": null,
      "credentials_exposure": false,
      "data_access": false,
      "effective_action": "storagegateway:ListVolumes",
      "privesc": false,
      "resource_exposure": false
    },
    {
      "access_level": "List",
      "action": "storagegateway:ListLocalDisks",
      "condition": null,
      "credentials_exposure": false,
      "data_access": false,
      "effective_action": "storagegateway:ListLocalDisks",
      "privesc": false,
      "resource_exposure": false
    },
    {
      "access_level": "List",
      "action": "iam:ListRoles",
      "condition": null,
      "credentials_exposure": false,
      "data_access": false,
      "effective_action": "iam:ListRoles",
      "privesc": false,
      "resource_exposure": false
    },
    {
      "access_level": "Read",
      "action": "iam:GetRole",
      "condition": null,
      "credentials_exposure": false,
      "data_access": false,
      "effective_action": "iam:GetRole",
      "privesc": false,
      "resource_exposure": false
    },
    {
      "access_level": "Read",
      "action": "iam:GetUser",
      "condition": null,
      "credentials_exposure": false,
      "data_access": false,
      "effective_action": "iam:GetUser",
      "privesc": false,
      "resource_exposure": false
    },
    {
      "access_level": "Permissions management",
      "action": "iam:PassRole",
      "condition": {
        "StringLike": {
          "iam:PassedToService": "backup.amazonaws.com"
        }
      },
      "credentials_exposure": false,
      "data_access": false,
      "effective_action": "iam:PassRole",
      "privesc": true,
      "resource_exposure": true
    },
    {
      "access_level": "List",
      "action": "kms:ListKeys",
      "condition": null,
      "credentials_exposure": false,
      "data_access": false,
      "effective_action": "kms:ListKeys",
      "privesc": false,
      "resource_exposure": false
    },
    {
      "access_level": "Read",
      "action": "kms:DescribeKey",
      "condition": null,
      "credentials_exposure": false,
      "data_access": false,
      "effective_action": "kms:DescribeKey",
      "privesc": false,
      "resource_exposure": false
    },
    {
      "access_level": "Write",
      "action": "kms:GenerateDataKey",
      "condition": null,
      "credentials_exposure": false,
      "data_access": false,
      "effective_action": "kms:GenerateDataKey",
      "privesc": false,
      "resource_exposure": false
    },
    {
      "access_level": "Permissions management",
      "action": "kms:RetireGrant",
      "condition": null,
      "credentials_exposure": false,
      "data_access": false,
      "effective_action": "kms:RetireGrant",
      "privesc": false,
      "resource_exposure": true
    },
    {
      "access_level": "Permissions management",
      "action": "kms:CreateGrant",
      "condition": null,
      "credentials_exposure": false,
      "data_access": true,
      "effective_action": "kms:CreateGrant",
      "privesc": true,
      "resource_exposure": true
    },
    {
      "access_level": "List",
      "action": "kms:ListAliases",
      "condition": null,
      "credentials_exposure": false,
      "data_access": false,
      "effective_action": "kms:ListAliases",
      "privesc": false,
      "resource_exposure": false
    },
    {
      "access_level": "Write",
      "action": "kms:Decrypt",
      "condition": null,
      "credentials_exposure": false,
      "data_access": false,
      "effective_action": "kms:Decrypt",
      "privesc": false,
      "resource_exposure": false
    }
  ],
  "grantless": false,
  "malformed": false,
  "name": "AWSBackupAdminPolicy",
  "privesc": true,
  "resource_exposure": true,
  "undocumented_actions": false,
  "unknown_actions": [],
  "updatedate": null,
  "version": "v2"
}