{
  "access_levels": [
    "List",
    "Read",
    "Tagging",
    "Write",
    "Permissions management"
  ],
  "arn": "arn:aws:iam::aws:policy/AWSBudgetsActionsWithAWSResourceControlAccess",
  "createdate": "2020-10-15T17:19:12Z",
  "credentials_exposure": false,
  "data_access": false,
  "deprecated": false,
  "document": {
    "Statement": [
      {
        "Action": [
          "budgets:*"
        ],
        "Effect": "Allow",
        "Resource": "*"
      },
      {
        "Action": [
          "aws-portal:ViewBilling"
        ],
        "Effect": "Allow",
        "Resource": "*"
      },
      {
        "Action": [
          "iam:PassRole"
        ],
        "Condition": {
          "StringEquals": {
            "iam:PassedToService": "budgets.amazonaws.com"
          }
        },
        "Effect": "Allow",
        "Resource": "*"
      },
      {
        "Action": [
          "aws-portal:ModifyBilling",
          "ec2:DescribeInstances",
          "iam:ListGroups",
          "iam:ListPolicies",
          "iam:ListRoles",
          "iam:ListUsers",
          "organizations:ListAccounts",
          "organizations:ListOrganizationalUnitsForParent",
          "organizations:ListPolicies",
          "organizations:ListRoots",
          "rds:DescribeDBInstances",
          "sns:ListTopics"
        ],
        "Effect": "Allow",
        "Resource": "*"
      }
    ],
    "Version": "2012-10-17"
  },
  "effective_actions": [
    {
      "access_level": "Write",
      "action": "budgets:*",
      "condition": null,
      "credentials_exposure": false,
      "data_access": false,
      "effective_action": "budgets:CreateBudgetAction",
      "privesc": false,
      "resource_exposure": false
    },
    {
      "access_level": "Write",
      "action": "budgets:*",
      "condition": null,
      "credentials_exposure": false,
      "data_access": false,
      "effective_action": "budgets:DeleteBudgetAction",
      "privesc": false,
      "resource_exposure": false
    },
    {
      "access_level": "Read",
      "action": "budgets:*",
      "condition": null,
      "credentials_exposure": false,
      "data_access": false,
      "effective_action": "budgets:DescribeBudgetAction",
      "privesc": false,
      "resource_exposure": false
    },
    {
      "access_level": "Read",
      "action": "budgets:*",
      "condition": null,
      "credentials_exposure": false,
      "data_access": false,
      "effective_action": "budgets:DescribeBudgetActionHistories",
      "privesc": false,
      "resource_exposure": false
    },
    {
      "access_level": "Read",
      "action": "budgets:*",
      "condition": null,
      "credentials_exposure": false,
      "data_access": false,
      "effective_action": "budgets:DescribeBudgetActionsForAccount",
      "privesc": false,
      "resource_exposure": false
    },
    {
      "access_level": "Read",
      "action": "budgets:*",
      "condition": null,
      "credentials_exposure": false,
      "data_access": false,
      "effective_action": "budgets:DescribeBudgetActionsForBudget",
      "privesc": false,
      "resource_exposure": false
    },
    {
      "access_level": "Write",
      "action": "budgets:*",
      "condition": null,
      "credentials_exposure": false,
      "data_access": false,
      "effective_action": "budgets:ExecuteBudgetAction",
      "privesc": false,
      "resource_exposure": false
    },
    {
      "access_level": "Read",
      "action": "budgets:*",
      "condition": null,
      "credentials_exposure": false,
      "data_access": false,
      "effective_action": "budgets:ListTagsForResource",
      "privesc": false,
      "resource_exposure": false
    },
    {
      "access_level": "Write",
      "action": "budgets:*",
      "condition": null,
      "credentials_exposure": false,
      "data_access": false,
      "effective_action": "budgets:ModifyBudget",
      "privesc": false,
      "resource_exposure": false
    },
    {
      "access_level": "Tagging",
      "action": "budgets:*",
      "condition": null,
      "credentials_exposure": false,
      "data_access": false,
      "effective_action": "budgets:TagResource",
      "privesc": false,
      "resource_exposure": false
    },
    {
      "access_level": "Tagging",
      "action": "budgets:*",
      "condition": null,
      "credentials_exposure": false,
      "data_access": false,
      "effective_action": "budgets:UntagResource",
      "privesc": false,
      "resource_exposure": false
    },
    {
      "access_level": "Write",
      "action": "budgets:*",
      "condition": null,
      "credentials_exposure": false,
      "data_access": false,
      "effective_action": "budgets:UpdateBudgetAction",
      "privesc": false,
      "resource_exposure": false
    },
    {
      "access_level": "Read",
      "action": "budgets:*",
      "condition": null,
      "credentials_exposure": false,
      "data_access": false,
      "effective_action": "budgets:ViewBudget",
      "privesc": false,
      "resource_exposure": false
    },
    {
      "access_level": "Read",
      "action": "aws-portal:ViewBilling",
      "condition": null,
      "credentials_exposure": false,
      "data_access": false,
      "effective_action": "aws-portal:ViewBilling",
      "privesc": false,
      "resource_exposure": false
    },
    {
      "access_level": "Permissions management",
      "action": "iam:PassRole",
      "condition": {
        "StringEquals": {
          "iam:PassedToService": "budgets.amazonaws.com"
        }
      },
      "credentials_exposure": false,
      "data_access": false,
      "effective_action": "iam:PassRole",
      "privesc": true,
      "resource_exposure": true
    },
    {
      "access_level": "Write",
      "action": "aws-portal:ModifyBilling",
      "condition": null,
      "credentials_exposure": false,
      "data_access": false,
      "effective_action": "aws-portal:ModifyBilling",
      "privesc": false,
      "resource_exposure": false
    },
    {
      "access_level": "List",
      "action": "ec2:DescribeInstances",
      "condition": null,
      "credentials_exposure": false,
      "data_access": false,
      "effective_action": "ec2:DescribeInstances",
      "privesc": false,
      "resource_exposure": false
    },
    {
      "access_level": "List",
      "action": "iam:ListGroups",
      "condition": null,
      "credentials_exposure": false,
      "data_access": false,
      "effective_action": "iam:ListGroups",
      "privesc": false,
      "resource_exposure": false
    },
    {
      "access_level": "List",
      "action": "iam:ListPolicies",
      "condition": null,
      "credentials_exposure": false,
      "data_access": false,
      "effective_action": "iam:ListPolicies",
      "privesc": false,
      "resource_exposure": false
    },
    {
      "access_level": "List",
      "action": "iam:ListRoles",
      "condition": null,
      "credentials_exposure": false,
      "data_access": false,
      "effective_action": "iam:ListRoles",
      "privesc": false,
      "resource_exposure": false
    },
    {
      "access_level": "List",
      "action": "iam:ListUsers",
      "condition": null,
      "credentials_exposure": false,
      "data_access": false,
      "effective_action": "iam:ListUsers",
      "privesc": false,
      "resource_exposure": false
    },
    {
      "access_level": "List",
      "action": "organizations:ListAccounts",
      "condition": null,
      "credentials_exposure": false,
      "data_access": false,
      "effective_action": "organizations:ListAccounts",
      "privesc": false,
      "resource_exposure": false
    },
    {
      "access_level": "List",
      "action": "organizations:ListOrganizationalUnitsForParent",
      "condition": null,
      "credentials_exposure": false,
      "data_access": false,
      "effective_action": "organizations:ListOrganizationalUnitsForParent",
      "privesc": false,
      "resource_exposure": false
    },
    {
      "access_level": "List",
      "action": "organizations:ListPolicies",
      "condition": null,
      "credentials_exposure": false,
      "data_access": false,
      "effective_action": "organizations:ListPolicies",
      "privesc": false,
      "resource_exposure": false
    },
    {
      "access_level": "List",
      "action": "organizations:ListRoots",
      "condition": null,
      "credentials_exposure": false,
      "data_access": false,
      "effective_action": "organizations:ListRoots",
      "privesc": false,
      "resource_exposure": false
    },
    {
      "access_level": "List",
      "action": "rds:DescribeDBInstances",
      "condition": null,
      "credentials_exposure": false,
      "data_access": false,
      "effective_action": "rds:DescribeDBInstances",
      "privesc": false,
      "resource_exposure": false
    },
    {
      "access_level": "List",
      "action": "sns:ListTopics",
      "condition": null,
      "credentials_exposure": false,
      "data_access": false,
      "effective_action": "sns:ListTopics",
      "privesc": false,
      "resource_exposure": false
    }
  ],
  "grantless": false,
  "malformed": false,
  "name": "AWSBudgetsActionsWithAWSResourceControlAccess",
  "privesc": true,
  "resource_exposure": true,
  "undocumented_actions": false,
  "unknown_actions": [],
  "updatedate": "2020-10-15T17:19:12+00:00",
  "version": "v1"
}