{
  "access_levels": [
    "List",
    "Read",
    "Tagging",
    "Write",
    "Permissions management"
  ],
  "arn": "arn:aws:iam::aws:policy/AWSBackupFullAccess",
  "createdate": "2025-05-22T00:37:07Z",
  "credentials_exposure": false,
  "data_access": true,
  "deprecated": false,
  "document": {
    "Statement": [
      {
        "Action": [
          "backup:*"
        ],
        "Effect": "Allow",
        "Resource": "*",
        "Sid": "AwsBackupAllAccessPermissions"
      },
      {
        "Action": [
          "backup-storage:*"
        ],
        "Effect": "Allow",
        "Resource": "*",
        "Sid": "AwsBackupStorageAllAccessPermissions"
      },
      {
        "Action": [
          "rds:DescribeDBSnapshots",
          "rds:ListTagsForResource",
          "rds:DescribeDBInstances",
          "rds:describeDBEngineVersions",
          "rds:describeOptionGroups",
          "rds:describeOrderableDBInstanceOptions",
          "rds:describeDBSubnetGroups",
          "rds:describeDBClusterSnapshots",
          "rds:describeDBClusters",
          "rds:describeDBParameterGroups",
          "rds:DescribeDBClusterParameterGroups",
          "rds:DescribeDBInstanceAutomatedBackups",
          "rds:DescribeDBClusterAutomatedBackups"
        ],
        "Effect": "Allow",
        "Resource": "*",
        "Sid": "RdsPermissions"
      },
      {
        "Action": [
          "rds:DeleteDBSnapshot",
          "rds:DeleteDBClusterSnapshot"
        ],
        "Condition": {
          "ForAnyValue:StringEquals": {
            "aws:CalledVia": [
              "backup.amazonaws.com"
            ]
          }
        },
        "Effect": "Allow",
        "Resource": "*",
        "Sid": "RdsDeletePermissions"
      },
      {
        "Action": [
          "dynamodb:ListBackups",
          "dynamodb:ListTables"
        ],
        "Effect": "Allow",
        "Resource": "*",
        "Sid": "DynamoDbPermissions"
      },
      {
        "Action": [
          "dynamodb:DeleteBackup"
        ],
        "Condition": {
          "ForAnyValue:StringEquals": {
            "aws:CalledVia": [
              "backup.amazonaws.com"
            ]
          }
        },
        "Effect": "Allow",
        "Resource": "*",
        "Sid": "DynamoDbDeleteBackupPermissions"
      },
      {
        "Action": [
          "elasticfilesystem:DescribeFilesystems"
        ],
        "Effect": "Allow",
        "Resource": "arn:aws:elasticfilesystem:*:*:file-system/*",
        "Sid": "EfsFileSystemPermissions"
      },
      {
        "Action": [
          "ec2:DescribeSnapshots",
          "ec2:DescribeVolumes",
          "ec2:describeAvailabilityZones",
          "ec2:DescribeVpcs",
          "ec2:DescribeAccountAttributes",
          "ec2:DescribeSecurityGroups",
          "ec2:DescribeImages",
          "ec2:DescribeSubnets",
          "ec2:DescribePlacementGroups",
          "ec2:DescribeInstances",
          "ec2:DescribeInstanceTypes",
          "ec2:DescribeVpcEndpoints",
          "ec2:DescribeAddresses"
        ],
        "Effect": "Allow",
        "Resource": "*",
        "Sid": "Ec2Permissions"
      },
      {
        "Action": [
          "ec2:DeleteSnapshot",
          "ec2:DeregisterImage"
        ],
        "Condition": {
          "ForAnyValue:StringEquals": {
            "aws:CalledVia": [
              "backup.amazonaws.com"
            ]
          }
        },
        "Effect": "Allow",
        "Resource": "*",
        "Sid": "Ec2DeletePermissions"
      },
      {
        "Action": [
          "tag:GetTagKeys",
          "tag:GetTagValues",
          "tag:GetResources"
        ],
        "Effect": "Allow",
        "Resource": "*",
        "Sid": "ResourceGroupTaggingPermissions"
      },
      {
        "Action": [
          "storagegateway:DescribeCachediSCSIVolumes",
          "storagegateway:DescribeStorediSCSIVolumes"
        ],
        "Effect": "Allow",
        "Resource": "arn:aws:storagegateway:*:*:gateway/*/volume/*",
        "Sid": "StorageGatewayVolumePermissions"
      },
      {
        "Action": [
          "storagegateway:ListGateways"
        ],
        "Effect": "Allow",
        "Resource": "arn:aws:storagegateway:*:*:*",
        "Sid": "StorageGatewayPermissions"
      },
      {
        "Action": [
          "storagegateway:DescribeGatewayInformation",
          "storagegateway:ListLocalDisks"
        ],
        "Effect": "Allow",
        "Resource": "arn:aws:storagegateway:*:*:gateway/*",
        "Sid": "StorageGatewayGatewayPermissions"
      },
      {
        "Action": [
          "storagegateway:ListVolumes"
        ],
        "Effect": "Allow",
        "Resource": "*",
        "Sid": "StorageGatewayGatewayStarPermissions"
      },
      {
        "Action": [
          "iam:ListRoles",
          "iam:GetRole"
        ],
        "Effect": "Allow",
        "Resource": "*",
        "Sid": "IamRolePermissions"
      },
      {
        "Action": [
          "iam:PassRole"
        ],
        "Condition": {
          "StringEquals": {
            "iam:PassedToService": [
              "backup.amazonaws.com",
              "restore-testing.backup.amazonaws.com"
            ]
          }
        },
        "Effect": "Allow",
        "Resource": [
          "arn:aws:iam::*:role/*AwsBackup*",
          "arn:aws:iam::*:role/*AWSBackup*"
        ],
        "Sid": "IamPassRolePermissions"
      },
      {
        "Action": [
          "organizations:DescribeOrganization"
        ],
        "Effect": "Allow",
        "Resource": "*",
        "Sid": "AwsOrganizationsPermissions"
      },
      {
        "Action": [
          "kms:ListKeys",
          "kms:DescribeKey",
          "kms:GenerateDataKey",
          "kms:ListAliases"
        ],
        "Effect": "Allow",
        "Resource": "*",
        "Sid": "KmsPermissions"
      },
      {
        "Action": [
          "kms:CreateGrant"
        ],
        "Condition": {
          "Bool": {
            "kms:GrantIsForAWSResource": true
          },
          "ForAnyValue:StringEquals": {
            "kms:EncryptionContextKeys": "aws:backup:backup-vault"
          },
          "StringLike": {
            "kms:ViaService": "backup.*.amazonaws.com"
          }
        },
        "Effect": "Allow",
        "Resource": "*",
        "Sid": "KmsCreateGrantPermissions"
      },
      {
        "Action": [
          "ssm:CancelCommand",
          "ssm:GetCommandInvocation"
        ],
        "Effect": "Allow",
        "Resource": "*",
        "Sid": "SystemManagerCommandPermissions"
      },
      {
        "Action": [
          "ssm:SendCommand"
        ],
        "Effect": "Allow",
        "Resource": [
          "arn:aws:ssm:*:*:document/AWSEC2-CreateVssSnapshot",
          "arn:aws:ec2:*:*:instance/*"
        ],
        "Sid": "SystemManagerSendCommandPermissions"
      },
      {
        "Action": [
          "fsx:DescribeFileSystems",
          "fsx:DescribeBackups",
          "fsx:DescribeVolumes",
          "fsx:DescribeStorageVirtualMachines"
        ],
        "Effect": "Allow",
        "Resource": "*",
        "Sid": "FsxPermissions"
      },
      {
        "Action": [
          "fsx:DeleteBackup"
        ],
        "Condition": {
          "ForAnyValue:StringEquals": {
            "aws:CalledVia": [
              "backup.amazonaws.com"
            ]
          }
        },
        "Effect": "Allow",
        "Resource": "arn:aws:fsx:*:*:backup/*",
        "Sid": "FsxDeletePermissions"
      },
      {
        "Action": [
          "ds:DescribeDirectories"
        ],
        "Effect": "Allow",
        "Resource": "*",
        "Sid": "DirectoryServicePermissions"
      },
      {
        "Action": [
          "iam:CreateServiceLinkedRole"
        ],
        "Condition": {
          "StringEquals": {
            "iam:AWSServiceName": [
              "backup.amazonaws.com",
              "restore-testing.backup.amazonaws.com"
            ]
          }
        },
        "Effect": "Allow",
        "Resource": "*",
        "Sid": "IamCreateServiceLinkedRolePermissions"
      },
      {
        "Action": [
          "backup-gateway:AssociateGatewayToServer",
          "backup-gateway:CreateGateway",
          "backup-gateway:DeleteGateway",
          "backup-gateway:DeleteHypervisor",
          "backup-gateway:DisassociateGatewayFromServer",
          "backup-gateway:ImportHypervisorConfiguration",
          "backup-gateway:ListGateways",
          "backup-gateway:ListHypervisors",
          "backup-gateway:ListTagsForResource",
          "backup-gateway:ListVirtualMachines",
          "backup-gateway:PutMaintenanceStartTime",
          "backup-gateway:TagResource",
          "backup-gateway:TestHypervisorConfiguration",
          "backup-gateway:UntagResource",
          "backup-gateway:UpdateGatewayInformation",
          "backup-gateway:UpdateHypervisor"
        ],
        "Effect": "Allow",
        "Resource": "*",
        "Sid": "BackupGatewayPermissions"
      },
      {
        "Action": [
          "backup-gateway:GetHypervisor",
          "backup-gateway:GetHypervisorPropertyMappings",
          "backup-gateway:PutHypervisorPropertyMappings",
          "backup-gateway:StartVirtualMachinesMetadataSync"
        ],
        "Effect": "Allow",
        "Resource": "arn:aws:backup-gateway:*:*:hypervisor/*",
        "Sid": "BackupGatewayHypervisorPermissions"
      },
      {
        "Action": [
          "backup-gateway:GetVirtualMachine"
        ],
        "Effect": "Allow",
        "Resource": "arn:aws:backup-gateway:*:*:vm/*",
        "Sid": "BackupGatewayVirtualMachinePermissions"
      },
      {
        "Action": [
          "backup-gateway:GetBandwidthRateLimitSchedule",
          "backup-gateway:GetGateway",
          "backup-gateway:PutBandwidthRateLimitSchedule"
        ],
        "Effect": "Allow",
        "Resource": "arn:aws:backup-gateway:*:*:gateway/*",
        "Sid": "BackupGatewayGatewayPermissions"
      },
      {
        "Action": [
          "cloudwatch:GetMetricData"
        ],
        "Effect": "Allow",
        "Resource": "*",
        "Sid": "CloudWatchPermissions"
      },
      {
        "Action": [
          "timestream:ListTables",
          "timestream:ListDatabases"
        ],
        "Effect": "Allow",
        "Resource": [
          "arn:aws:timestream:*:*:database/*"
        ],
        "Sid": "TimestreamDatabasePermissions"
      },
      {
        "Action": [
          "timestream:DescribeEndpoints"
        ],
        "Effect": "Allow",
        "Resource": "*",
        "Sid": "TimestreamPermissions"
      },
      {
        "Action": [
          "s3:ListAllMyBuckets"
        ],
        "Effect": "Allow",
        "Resource": "arn:aws:s3:::*",
        "Sid": "S3BucketPermissions"
      },
      {
        "Action": [
          "redshift:DescribeClusters",
          "redshift:DescribeClusterSubnetGroups",
          "redshift:DescribeClusterSnapshots",
          "redshift:DescribeSnapshotSchedules"
        ],
        "Effect": "Allow",
        "Resource": [
          "arn:aws:redshift:*:*:cluster:*",
          "arn:aws:redshift:*:*:subnetgroup:*",
          "arn:aws:redshift:*:*:snapshot:*/*",
          "arn:aws:redshift:*:*:snapshotschedule:*"
        ],
        "Sid": "RedshiftResourcesPermissions"
      },
      {
        "Action": [
          "redshift:DescribeNodeConfigurationOptions",
          "redshift:DescribeOrderableClusterOptions",
          "redshift:DescribeClusterParameterGroups",
          "redshift:DescribeClusterTracks"
        ],
        "Effect": "Allow",
        "Resource": "*",
        "Sid": "RedshiftPermissions"
      },
      {
        "Action": [
          "redshift-serverless:ListNamespaces",
          "redshift-serverless:ListSnapshots",
          "redshift-serverless:ListWorkgroups"
        ],
        "Effect": "Allow",
        "Resource": [
          "*"
        ],
        "Sid": "RedshiftServerlessListPermissions"
      },
      {
        "Action": [
          "redshift-serverless:GetNamespace",
          "redshift-serverless:GetSnapshot",
          "redshift-serverless:GetWorkgroup"
        ],
        "Effect": "Allow",
        "Resource": [
          "arn:aws:redshift-serverless:*:*:namespace/*",
          "arn:aws:redshift-serverless:*:*:workgroup/*",
          "arn:aws:redshift-serverless:*:*:snapshot/*"
        ],
        "Sid": "RedshiftServerlessGetPermissions"
      },
      {
        "Action": [
          "redshift-serverless:DeleteSnapshot"
        ],
        "Condition": {
          "ForAnyValue:StringEquals": {
            "aws:CalledVia": [
              "backup.amazonaws.com"
            ]
          },
          "Null": {
            "aws:ResourceTag/aws:backup:source-resource": "false"
          }
        },
        "Effect": "Allow",
        "Resource": [
          "arn:aws:redshift-serverless:*:*:snapshot/*"
        ],
        "Sid": "RedshiftServerlessDeletetPermissions"
      },
      {
        "Action": [
          "cloudformation:ListStacks"
        ],
        "Effect": "Allow",
        "Resource": [
          "arn:aws:cloudformation:*:*:stack/*"
        ],
        "Sid": "CloudFormationStackPermissions"
      },
      {
        "Action": [
          "ssm-sap:GetOperation",
          "ssm-sap:ListDatabases",
          "ssm-sap:GetDatabase",
          "ssm-sap:ListTagsForResource"
        ],
        "Effect": "Allow",
        "Resource": "*",
        "Sid": "SystemsManagerForSapPermissions"
      },
      {
        "Action": [
          "ram:GetResourceShareAssociations"
        ],
        "Effect": "Allow",
        "Resource": "*",
        "Sid": "ResourceAccessManagerPermissions"
      },
      {
        "Action": [
          "dsql:GetCluster",
          "dsql:ListClusters",
          "dsql:ListTagsForResource"
        ],
        "Effect": "Allow",
        "Resource": "*",
        "Sid": "DSQLDescribePermissions"
      }
    ],
    "Version": "2012-10-17"
  },
  "effective_actions": [
    {
      "access_level": "Write",
      "action": "backup:*",
      "condition": null,
      "credentials_exposure": false,
      "data_access": false,
      "effective_action": "backup:AssociateBackupVaultMpaApprovalTeam",
      "privesc": false,
      "resource_exposure": false
    },
    {
      "access_level": "Write",
      "action": "backup:*",
      "condition": null,
      "credentials_exposure": false,
      "data_access": false,
      "effective_action": "backup:CancelLegalHold",
      "privesc": false,
      "resource_exposure": false
    },
    {
      "access_level": "Write",
      "action": "backup:*",
      "condition": null,
      "credentials_exposure": false,
      "data_access": false,
      "effective_action": "backup:CopyFromBackupVault",
      "privesc": false,
      "resource_exposure": false
    },
    {
      "access_level": "Write",
      "action": "backup:*",
      "condition": null,
      "credentials_exposure": false,
      "data_access": false,
      "effective_action": "backup:CopyIntoBackupVault",
      "privesc": false,
      "resource_exposure": false
    },
    {
      "access_level": "Write",
      "action": "backup:*",
      "condition": null,
      "credentials_exposure": false,
      "data_access": false,
      "effective_action": "backup:CreateBackupPlan",
      "privesc": false,
      "resource_exposure": false
    },
    {
      "access_level": "Write",
      "action": "backup:*",
      "condition": null,
      "credentials_exposure": false,
      "data_access": false,
      "effective_action": "backup:CreateBackupSelection",
      "privesc": false,
      "resource_exposure": false
    },
    {
      "access_level": "Write",
      "action": "backup:*",
      "condition": null,
      "credentials_exposure": false,
      "data_access": false,
      "effective_action": "backup:CreateBackupVault",
      "privesc": false,
      "resource_exposure": false
    },
    {
      "access_level": "Write",
      "action": "backup:*",
      "condition": null,
      "credentials_exposure": false,
      "data_access": false,
      "effective_action": "backup:CreateFramework",
      "privesc": false,
      "resource_exposure": false
    },
    {
      "access_level": "Write",
      "action": "backup:*",
      "condition": null,
      "credentials_exposure": false,
      "data_access": false,
      "effective_action": "backup:CreateLegalHold",
      "privesc": false,
      "resource_exposure": false
    },
    {
      "access_level": "Write",
      "action": "backup:*",
      "condition": null,
      "credentials_exposure": false,
      "data_access": false,
      "effective_action": "backup:CreateLogicallyAirGappedBackupVault",
      "privesc": false,
      "resource_exposure": false
    },
    {
      "access_level": "Write",
      "action": "backup:*",
      "condition": null,
      "credentials_exposure": false,
      "data_access": false,
      "effective_action": "backup:CreateReportPlan",
      "privesc": false,
      "resource_exposure": false
    },
    {
      "access_level": "Write",
      "action": "backup:*",
      "condition": null,
      "credentials_exposure": false,
      "data_access": false,
      "effective_action": "backup:CreateRestoreAccessBackupVault",
      "privesc": false,
      "resource_exposure": false
    },
    {
      "access_level": "Write",
      "action": "backup:*",
      "condition": null,
      "credentials_exposure": false,
      "data_access": false,
      "effective_action": "backup:CreateRestoreTestingPlan",
      "privesc": false,
      "resource_exposure": false
    },
    {
      "access_level": "Write",
      "action": "backup:*",
      "condition": null,
      "credentials_exposure": false,
      "data_access": false,
      "effective_action": "backup:CreateRestoreTestingSelection",
      "privesc": false,
      "resource_exposure": false
    },
    {
      "access_level": "Write",
      "action": "backup:*",
      "condition": null,
      "credentials_exposure": false,
      "data_access": false,
      "effective_action": "backup:DeleteBackupPlan",
      "privesc": false,
      "resource_exposure": false
    },
    {
      "access_level": "Write",
      "action": "backup:*",
      "condition": null,
      "credentials_exposure": false,
      "data_access": false,
      "effective_action": "backup:DeleteBackupSelection",
      "privesc": false,
      "resource_exposure": false
    },
    {
      "access_level": "Write",
      "action": "backup:*",
      "condition": null,
      "credentials_exposure": false,
      "data_access": false,
      "effective_action": "backup:DeleteBackupVault",
      "privesc": false,
      "resource_exposure": false
    },
    {
      "access_level": "Permissions management",
      "action": "backup:*",
      "condition": null,
      "credentials_exposure": false,
      "data_access": false,
      "effective_action": "backup:DeleteBackupVaultAccessPolicy",
      "privesc": false,
      "resource_exposure": true
    },
    {
      "access_level": "Write",
      "action": "backup:*",
      "condition": null,
      "credentials_exposure": false,
      "data_access": false,
      "effective_action": "backup:DeleteBackupVaultLockConfiguration",
      "privesc": false,
      "resource_exposure": false
    },
    {
      "access_level": "Write",
      "action": "backup:*",
      "condition": null,
      "credentials_exposure": false,
      "data_access": false,
      "effective_action": "backup:DeleteBackupVaultNotifications",
      "privesc": false,
      "resource_exposure": false
    },
    {
      "access_level": "Permissions management",
      "action": "backup:*",
      "condition": null,
      "credentials_exposure": false,
      "data_access": false,
      "effective_action": "backup:DeleteBackupVaultSharingPolicy",
      "privesc": false,
      "resource_exposure": false
    },
    {
      "access_level": "Write",
      "action": "backup:*",
      "condition": null,
      "credentials_exposure": false,
      "data_access": false,
      "effective_action": "backup:DeleteFramework",
      "privesc": false,
      "resource_exposure": false
    },
    {
      "access_level": "Write",
      "action": "backup:*",
      "condition": null,
      "credentials_exposure": false,
      "data_access": false,
      "effective_action": "backup:DeleteRecoveryPoint",
      "privesc": false,
      "resource_exposure": false
    },
    {
      "access_level": "Write",
      "action": "backup:*",
      "condition": null,
      "credentials_exposure": false,
      "data_access": false,
      "effective_action": "backup:DeleteReportPlan",
      "privesc": false,
      "resource_exposure": false
    },
    {
      "access_level": "Write",
      "action": "backup:*",
      "condition": null,
      "credentials_exposure": false,
      "data_access": false,
      "effective_action": "backup:DeleteRestoreTestingPlan",
      "privesc": false,
      "resource_exposure": false
    },
    {
      "access_level": "Write",
      "action": "backup:*",
      "condition": null,
      "credentials_exposure": false,
      "data_access": false,
      "effective_action": "backup:DeleteRestoreTestingSelection",
      "privesc": false,
      "resource_exposure": false
    },
    {
      "access_level": "Read",
      "action": "backup:*",
      "condition": null,
      "credentials_exposure": false,
      "data_access": false,
      "effective_action": "backup:DescribeBackupJob",
      "privesc": false,
      "resource_exposure": false
    },
    {
      "access_level": "Read",
      "action": "backup:*",
      "condition": null,
      "credentials_exposure": false,
      "data_access": false,
      "effective_action": "backup:DescribeBackupVault",
      "privesc": false,
      "resource_exposure": false
    },
    {
      "access_level": "Read",
      "action": "backup:*",
      "condition": null,
      "credentials_exposure": false,
      "data_access": false,
      "effective_action": "backup:DescribeCopyJob",
      "privesc": false,
      "resource_exposure": false
    },
    {
      "access_level": "Read",
      "action": "backup:*",
      "condition": null,
      "credentials_exposure": false,
      "data_access": false,
      "effective_action": "backup:DescribeFramework",
      "privesc": false,
      "resource_exposure": false
    },
    {
      "access_level": "Read",
      "action": "backup:*",
      "condition": null,
      "credentials_exposure": false,
      "data_access": false,
      "effective_action": "backup:DescribeGlobalSettings",
      "privesc": false,
      "resource_exposure": false
    },
    {
      "access_level": "Read",
      "action": "backup:*",
      "condition": null,
      "credentials_exposure": false,
      "data_access": false,
      "effective_action": "backup:DescribeProtectedResource",
      "privesc": false,
      "resource_exposure": false
    },
    {
      "access_level": "Read",
      "action": "backup:*",
      "condition": null,
      "credentials_exposure": false,
      "data_access": false,
      "effective_action": "backup:DescribeRecoveryPoint",
      "privesc": false,
      "resource_exposure": false
    },
    {
      "access_level": "Read",
      "action": "backup:*",
      "condition": null,
      "credentials_exposure": false,
      "data_access": false,
      "effective_action": "backup:DescribeRegionSettings",
      "privesc": false,
      "resource_exposure": false
    },
    {
      "access_level": "Read",
      "action": "backup:*",
      "condition": null,
      "credentials_exposure": false,
      "data_access": false,
      "effective_action": "backup:DescribeReportJob",
      "privesc": false,
      "resource_exposure": false
    },
    {
      "access_level": "Read",
      "action": "backup:*",
      "condition": null,
      "credentials_exposure": false,
      "data_access": false,
      "effective_action": "backup:DescribeReportPlan",
      "privesc": false,
      "resource_exposure": false
    },
    {
      "access_level": "Read",
      "action": "backup:*",
      "condition": null,
      "credentials_exposure": false,
      "data_access": false,
      "effective_action": "backup:DescribeRestoreJob",
      "privesc": false,
      "resource_exposure": false
    },
    {
      "access_level": "Write",
      "action": "backup:*",
      "condition": null,
      "credentials_exposure": false,
      "data_access": false,
      "effective_action": "backup:DisassociateBackupVaultMpaApprovalTeam",
      "privesc": false,
      "resource_exposure": false
    },
    {
      "access_level": "Write",
      "action": "backup:*",
      "condition": null,
      "credentials_exposure": false,
      "data_access": false,
      "effective_action": "backup:DisassociateRecoveryPoint",
      "privesc": false,
      "resource_exposure": false
    },
    {
      "access_level": "Write",
      "action": "backup:*",
      "condition": null,
      "credentials_exposure": false,
      "data_access": false,
      "effective_action": "backup:DisassociateRecoveryPointFromParent",
      "privesc": false,
      "resource_exposure": false
    },
    {
      "access_level": "Read",
      "action": "backup:*",
      "condition": null,
      "credentials_exposure": false,
      "data_access": false,
      "effective_action": "backup:ExportBackupPlanTemplate",
      "privesc": false,
      "resource_exposure": false
    },
    {
      "access_level": "Read",
      "action": "backup:*",
      "condition": null,
      "credentials_exposure": false,
      "data_access": false,
      "effective_action": "backup:GetBackupPlan",
      "privesc": false,
      "resource_exposure": false
    },
    {
      "access_level": "Read",
      "action": "backup:*",
      "condition": null,
      "credentials_exposure": false,
      "data_access": false,
      "effective_action": "backup:GetBackupPlanFromJSON",
      "privesc": false,
      "resource_exposure": false
    },
    {
      "access_level": "Read",
      "action": "backup:*",
      "condition": null,
      "credentials_exposure": false,
      "data_access": false,
      "effective_action": "backup:GetBackupPlanFromTemplate",
      "privesc": false,
      "resource_exposure": false
    },
    {
      "access_level": "Read",
      "action": "backup:*",
      "condition": null,
      "credentials_exposure": false,
      "data_access": false,
      "effective_action": "backup:GetBackupSelection",
      "privesc": false,
      "resource_exposure": false
    },
    {
      "access_level": "Read",
      "action": "backup:*",
      "condition": null,
      "credentials_exposure": false,
      "data_access": false,
      "effective_action": "backup:GetBackupVaultAccessPolicy",
      "privesc": false,
      "resource_exposure": false
    },
    {
      "access_level": "Read",
      "action": "backup:*",
      "condition": null,
      "credentials_exposure": false,
      "data_access": false,
      "effective_action": "backup:GetBackupVaultNotifications",
      "privesc": false,
      "resource_exposure": false
    },
    {
      "access_level": "Read",
      "action": "backup:*",
      "condition": null,
      "credentials_exposure": false,
      "data_access": false,
      "effective_action": "backup:GetBackupVaultSharingPolicy",
      "privesc": false,
      "resource_exposure": false
    },
    {
      "access_level": "Read",
      "action": "backup:*",
      "condition": null,
      "credentials_exposure": false,
      "data_access": false,
      "effective_action": "backup:GetLegalHold",
      "privesc": false,
      "resource_exposure": false
    },
    {
      "access_level": "Read",
      "action": "backup:*",
      "condition": null,
      "credentials_exposure": false,
      "data_access": false,
      "effective_action": "backup:GetRecoveryPointIndexDetails",
      "privesc": false,
      "resource_exposure": false
    },
    {
      "access_level": "Read",
      "action": "backup:*",
      "condition": null,
      "credentials_exposure": false,
      "data_access": false,
      "effective_action": "backup:GetRecoveryPointRestoreMetadata",
      "privesc": false,
      "resource_exposure": false
    },
    {
      "access_level": "Read",
      "action": "backup:*",
      "condition": null,
      "credentials_exposure": false,
      "data_access": false,
      "effective_action": "backup:GetRestoreJobMetadata",
      "privesc": false,
      "resource_exposure": false
    },
    {
      "access_level": "Read",
      "action": "backup:*",
      "condition": null,
      "credentials_exposure": false,
      "data_access": false,
      "effective_action": "backup:GetRestoreTestingInferredMetadata",
      "privesc": false,
      "resource_exposure": false
    },
    {
      "access_level": "Read",
      "action": "backup:*",
      "condition": null,
      "credentials_exposure": false,
      "data_access": false,
      "effective_action": "backup:GetRestoreTestingPlan",
      "privesc": false,
      "resource_exposure": false
    },
    {
      "access_level": "Read",
      "action": "backup:*",
      "condition": null,
      "credentials_exposure": false,
      "data_access": false,
      "effective_action": "backup:GetRestoreTestingSelection",
      "privesc": false,
      "resource_exposure": false
    },
    {
      "access_level": "Read",
      "action": "backup:*",
      "condition": null,
      "credentials_exposure": false,
      "data_access": false,
      "effective_action": "backup:GetSupportedResourceTypes",
      "privesc": false,
      "resource_exposure": false
    },
    {
      "access_level": "List",
      "action": "backup:*",
      "condition": null,
      "credentials_exposure": false,
      "data_access": false,
      "effective_action": "backup:ListBackupJobSummaries",
      "privesc": false,
      "resource_exposure": false
    },
    {
      "access_level": "List",
      "action": "backup:*",
      "condition": null,
      "credentials_exposure": false,
      "data_access": false,
      "effective_action": "backup:ListBackupJobs",
      "privesc": false,
      "resource_exposure": false
    },
    {
      "access_level": "List",
      "action": "backup:*",
      "condition": null,
      "credentials_exposure": false,
      "data_access": false,
      "effective_action": "backup:ListBackupPlanTemplates",
      "privesc": false,
      "resource_exposure": false
    },
    {
      "access_level": "List",
      "action": "backup:*",
      "condition": null,
      "credentials_exposure": false,
      "data_access": false,
      "effective_action": "backup:ListBackupPlanVersions",
      "privesc": false,
      "resource_exposure": false
    },
    {
      "access_level": "List",
      "action": "backup:*",
      "condition": null,
      "credentials_exposure": false,
      "data_access": false,
      "effective_action": "backup:ListBackupPlans",
      "privesc": false,
      "resource_exposure": false
    },
    {
      "access_level": "List",
      "action": "backup:*",
      "condition": null,
      "credentials_exposure": false,
      "data_access": false,
      "effective_action": "backup:ListBackupSelections",
      "privesc": false,
      "resource_exposure": false
    },
    {
      "access_level": "List",
      "action": "backup:*",
      "condition": null,
      "credentials_exposure": false,
      "data_access": false,
      "effective_action": "backup:ListBackupVaults",
      "privesc": false,
      "resource_exposure": false
    },
    {
      "access_level": "List",
      "action": "backup:*",
      "condition": null,
      "credentials_exposure": false,
      "data_access": false,
      "effective_action": "backup:ListCopyJobSummaries",
      "privesc": false,
      "resource_exposure": false
    },
    {
      "access_level": "List",
      "action": "backup:*",
      "condition": null,
      "credentials_exposure": false,
      "data_access": false,
      "effective_action": "backup:ListCopyJobs",
      "privesc": false,
      "resource_exposure": false
    },
    {
      "access_level": "List",
      "action": "backup:*",
      "condition": null,
      "credentials_exposure": false,
      "data_access": false,
      "effective_action": "backup:ListFrameworks",
      "privesc": false,
      "resource_exposure": false
    },
    {
      "access_level": "List",
      "action": "backup:*",
      "condition": null,
      "credentials_exposure": false,
      "data_access": false,
      "effective_action": "backup:ListIndexedRecoveryPoints",
      "privesc": false,
      "resource_exposure": false
    },
    {
      "access_level": "Permissions management",
      "action": "backup:*",
      "condition": null,
      "credentials_exposure": false,
      "data_access": false,
      "effective_action": "backup:ListIndexedRecoveryPointsForSearch",
      "privesc": false,
      "resource_exposure": false
    },
    {
      "access_level": "List",
      "action": "backup:*",
      "condition": null,
      "credentials_exposure": false,
      "data_access": false,
      "effective_action": "backup:ListLegalHolds",
      "privesc": false,
      "resource_exposure": false
    },
    {
      "access_level": "List",
      "action": "backup:*",
      "condition": null,
      "credentials_exposure": false,
      "data_access": false,
      "effective_action": "backup:ListProtectedResources",
      "privesc": false,
      "resource_exposure": false
    },
    {
      "access_level": "List",
      "action": "backup:*",
      "condition": null,
      "credentials_exposure": false,
      "data_access": false,
      "effective_action": "backup:ListProtectedResourcesByBackupVault",
      "privesc": false,
      "resource_exposure": false
    },
    {
      "access_level": "List",
      "action": "backup:*",
      "condition": null,
      "credentials_exposure": false,
      "data_access": false,
      "effective_action": "backup:ListRecoveryPointsByBackupVault",
      "privesc": false,
      "resource_exposure": false
    },
    {
      "access_level": "List",
      "action": "backup:*",
      "condition": null,
      "credentials_exposure": false,
      "data_access": false,
      "effective_action": "backup:ListRecoveryPointsByLegalHold",
      "privesc": false,
      "resource_exposure": false
    },
    {
      "access_level": "List",
      "action": "backup:*",
      "condition": null,
      "credentials_exposure": false,
      "data_access": false,
      "effective_action": "backup:ListRecoveryPointsByResource",
      "privesc": false,
      "resource_exposure": false
    },
    {
      "access_level": "List",
      "action": "backup:*",
      "condition": null,
      "credentials_exposure": false,
      "data_access": false,
      "effective_action": "backup:ListReportJobs",
      "privesc": false,
      "resource_exposure": false
    },
    {
      "access_level": "List",
      "action": "backup:*",
      "condition": null,
      "credentials_exposure": false,
      "data_access": false,
      "effective_action": "backup:ListReportPlans",
      "privesc": false,
      "resource_exposure": false
    },
    {
      "access_level": "List",
      "action": "backup:*",
      "condition": null,
      "credentials_exposure": false,
      "data_access": false,
      "effective_action": "backup:ListRestoreAccessBackupVaults",
      "privesc": false,
      "resource_exposure": false
    },
    {
      "access_level": "List",
      "action": "backup:*",
      "condition": null,
      "credentials_exposure": false,
      "data_access": false,
      "effective_action": "backup:ListRestoreJobSummaries",
      "privesc": false,
      "resource_exposure": false
    },
    {
      "access_level": "List",
      "action": "backup:*",
      "condition": null,
      "credentials_exposure": false,
      "data_access": false,
      "effective_action": "backup:ListRestoreJobs",
      "privesc": false,
      "resource_exposure": false
    },
    {
      "access_level": "List",
      "action": "backup:*",
      "condition": null,
      "credentials_exposure": false,
      "data_access": false,
      "effective_action": "backup:ListRestoreJobsByProtectedResource",
      "privesc": false,
      "resource_exposure": false
    },
    {
      "access_level": "List",
      "action": "backup:*",
      "condition": null,
      "credentials_exposure": false,
      "data_access": false,
      "effective_action": "backup:ListRestoreTestingPlans",
      "privesc": false,
      "resource_exposure": false
    },
    {
      "access_level": "List",
      "action": "backup:*",
      "condition": null,
      "credentials_exposure": false,
      "data_access": false,
      "effective_action": "backup:ListRestoreTestingSelections",
      "privesc": false,
      "resource_exposure": false
    },
    {
      "access_level": "Read",
      "action": "backup:*",
      "condition": null,
      "credentials_exposure": false,
      "data_access": false,
      "effective_action": "backup:ListTags",
      "privesc": false,
      "resource_exposure": false
    },
    {
      "access_level": "Permissions management",
      "action": "backup:*",
      "condition": null,
      "credentials_exposure": false,
      "data_access": false,
      "effective_action": "backup:PutBackupVaultAccessPolicy",
      "privesc": false,
      "resource_exposure": true
    },
    {
      "access_level": "Write",
      "action": "backup:*",
      "condition": null,
      "credentials_exposure": false,
      "data_access": false,
      "effective_action": "backup:PutBackupVaultLockConfiguration",
      "privesc": false,
      "resource_exposure": false
    },
    {
      "access_level": "Write",
      "action": "backup:*",
      "condition": null,
      "credentials_exposure": false,
      "data_access": false,
      "effective_action": "backup:PutBackupVaultNotifications",
      "privesc": false,
      "resource_exposure": false
    },
    {
      "access_level": "Permissions management",
      "action": "backup:*",
      "condition": null,
      "credentials_exposure": false,
      "data_access": false,
      "effective_action": "backup:PutBackupVaultSharingPolicy",
      "privesc": false,
      "resource_exposure": false
    },
    {
      "access_level": "Write",
      "action": "backup:*",
      "condition": null,
      "credentials_exposure": false,
      "data_access": false,
      "effective_action": "backup:PutRestoreValidationResult",
      "privesc": false,
      "resource_exposure": false
    },
    {
      "access_level": "Write",
      "action": "backup:*",
      "condition": null,
      "credentials_exposure": false,
      "data_access": false,
      "effective_action": "backup:RevokeRestoreAccessBackupVault",
      "privesc": false,
      "resource_exposure": false
    },
    {
      "access_level": "Permissions management",
      "action": "backup:*",
      "condition": null,
      "credentials_exposure": false,
      "data_access": false,
      "effective_action": "backup:SearchRecoveryPoint",
      "privesc": false,
      "resource_exposure": false
    },
    {
      "access_level": "Write",
      "action": "backup:*",
      "condition": null,
      "credentials_exposure": false,
      "data_access": false,
      "effective_action": "backup:StartBackupJob",
      "privesc": false,
      "resource_exposure": false
    },
    {
      "access_level": "Write",
      "action": "backup:*",
      "condition": null,
      "credentials_exposure": false,
      "data_access": false,
      "effective_action": "backup:StartCopyJob",
      "privesc": false,
      "resource_exposure": false
    },
    {
      "access_level": "Write",
      "action": "backup:*",
      "condition": null,
      "credentials_exposure": false,
      "data_access": false,
      "effective_action": "backup:StartReportJob",
      "privesc": false,
      "resource_exposure": false
    },
    {
      "access_level": "Write",
      "action": "backup:*",
      "condition": null,
      "credentials_exposure": false,
      "data_access": false,
      "effective_action": "backup:StartRestoreJob",
      "privesc": false,
      "resource_exposure": false
    },
    {
      "access_level": "Write",
      "action": "backup:*",
      "condition": null,
      "credentials_exposure": false,
      "data_access": false,
      "effective_action": "backup:StopBackupJob",
      "privesc": false,
      "resource_exposure": false
    },
    {
      "access_level": "Tagging",
      "action": "backup:*",
      "condition": null,
      "credentials_exposure": false,
      "data_access": false,
      "effective_action": "backup:TagResource",
      "privesc": false,
      "resource_exposure": false
    },
    {
      "access_level": "Tagging",
      "action": "backup:*",
      "condition": null,
      "credentials_exposure": false,
      "data_access": false,
      "effective_action": "backup:UntagResource",
      "privesc": false,
      "resource_exposure": false
    },
    {
      "access_level": "Write",
      "action": "backup:*",
      "condition": null,
      "credentials_exposure": false,
      "data_access": false,
      "effective_action": "backup:UpdateBackupPlan",
      "privesc": false,
      "resource_exposure": false
    },
    {
      "access_level": "Write",
      "action": "backup:*",
      "condition": null,
      "credentials_exposure": false,
      "data_access": false,
      "effective_action": "backup:UpdateFramework",
      "privesc": false,
      "resource_exposure": false
    },
    {
      "access_level": "Write",
      "action": "backup:*",
      "condition": null,
      "credentials_exposure": false,
      "data_access": false,
      "effective_action": "backup:UpdateGlobalSettings",
      "privesc": false,
      "resource_exposure": false
    },
    {
      "access_level": "Write",
      "action": "backup:*",
      "condition": null,
      "credentials_exposure": false,
      "data_access": false,
      "effective_action": "backup:UpdateRecoveryPointIndexSettings",
      "privesc": false,
      "resource_exposure": false
    },
    {
      "access_level": "Write",
      "action": "backup:*",
      "condition": null,
      "credentials_exposure": false,
      "data_access": false,
      "effective_action": "backup:UpdateRecoveryPointLifecycle",
      "privesc": false,
      "resource_exposure": false
    },
    {
      "access_level": "Write",
      "action": "backup:*",
      "condition": null,
      "credentials_exposure": false,
      "data_access": false,
      "effective_action": "backup:UpdateRegionSettings",
      "privesc": false,
      "resource_exposure": false
    },
    {
      "access_level": "Write",
      "action": "backup:*",
      "condition": null,
      "credentials_exposure": false,
      "data_access": false,
      "effective_action": "backup:UpdateReportPlan",
      "privesc": false,
      "resource_exposure": false
    },
    {
      "access_level": "Write",
      "action": "backup:*",
      "condition": null,
      "credentials_exposure": false,
      "data_access": false,
      "effective_action": "backup:UpdateRestoreTestingPlan",
      "privesc": false,
      "resource_exposure": false
    },
    {
      "access_level": "Write",
      "action": "backup:*",
      "condition": null,
      "credentials_exposure": false,
      "data_access": false,
      "effective_action": "backup:UpdateRestoreTestingSelection",
      "privesc": false,
      "resource_exposure": false
    },
    {
      "access_level": "Write",
      "action": "backup-storage:*",
      "condition": null,
      "credentials_exposure": false,
      "data_access": false,
      "effective_action": "backup-storage:CommitBackupJob",
      "privesc": false,
      "resource_exposure": false
    },
    {
      "access_level": "Write",
      "action": "backup-storage:*",
      "condition": null,
      "credentials_exposure": false,
      "data_access": false,
      "effective_action": "backup-storage:DeleteObjects",
      "privesc": false,
      "resource_exposure": false
    },
    {
      "access_level": "Write",
      "action": "backup-storage:*",
      "condition": null,
      "credentials_exposure": false,
      "data_access": false,
      "effective_action": "backup-storage:DescribeBackupJob",
      "privesc": false,
      "resource_exposure": false
    },
    {
      "access_level": "Write",
      "action": "backup-storage:*",
      "condition": null,
      "credentials_exposure": false,
      "data_access": false,
      "effective_action": "backup-storage:GetBaseBackup",
      "privesc": false,
      "resource_exposure": false
    },
    {
      "access_level": "Write",
      "action": "backup-storage:*",
      "condition": null,
      "credentials_exposure": false,
      "data_access": false,
      "effective_action": "backup-storage:GetChunk",
      "privesc": false,
      "resource_exposure": false
    },
    {
      "access_level": "Write",
      "action": "backup-storage:*",
      "condition": null,
      "credentials_exposure": false,
      "data_access": false,
      "effective_action": "backup-storage:GetIncrementalBaseBackup",
      "privesc": false,
      "resource_exposure": false
    },
    {
      "access_level": "Write",
      "action": "backup-storage:*",
      "condition": null,
      "credentials_exposure": false,
      "data_access": false,
      "effective_action": "backup-storage:GetObjectMetadata",
      "privesc": false,
      "resource_exposure": false
    },
    {
      "access_level": "Write",
      "action": "backup-storage:*",
      "condition": null,
      "credentials_exposure": false,
      "data_access": false,
      "effective_action": "backup-storage:ListChunks",
      "privesc": false,
      "resource_exposure": false
    },
    {
      "access_level": "Write",
      "action": "backup-storage:*",
      "condition": null,
      "credentials_exposure": false,
      "data_access": false,
      "effective_action": "backup-storage:ListObjects",
      "privesc": false,
      "resource_exposure": false
    },
    {
      "access_level": "Write",
      "action": "backup-storage:*",
      "condition": null,
      "credentials_exposure": false,
      "data_access": false,
      "effective_action": "backup-storage:MountCapsule",
      "privesc": false,
      "resource_exposure": false
    },
    {
      "access_level": "Write",
      "action": "backup-storage:*",
      "condition": null,
      "credentials_exposure": false,
      "data_access": false,
      "effective_action": "backup-storage:NotifyObjectComplete",
      "privesc": false,
      "resource_exposure": false
    },
    {
      "access_level": "Write",
      "action": "backup-storage:*",
      "condition": null,
      "credentials_exposure": false,
      "data_access": false,
      "effective_action": "backup-storage:PutChunk",
      "privesc": false,
      "resource_exposure": false
    },
    {
      "access_level": "Write",
      "action": "backup-storage:*",
      "condition": null,
      "credentials_exposure": false,
      "data_access": false,
      "effective_action": "backup-storage:PutObject",
      "privesc": false,
      "resource_exposure": false
    },
    {
      "access_level": "Write",
      "action": "backup-storage:*",
      "condition": null,
      "credentials_exposure": false,
      "data_access": false,
      "effective_action": "backup-storage:StartObject",
      "privesc": false,
      "resource_exposure": false
    },
    {
      "access_level": "Write",
      "action": "backup-storage:*",
      "condition": null,
      "credentials_exposure": false,
      "data_access": false,
      "effective_action": "backup-storage:UpdateObjectComplete",
      "privesc": false,
      "resource_exposure": false
    },
    {
      "access_level": "List",
      "action": "rds:DescribeDBSnapshots",
      "condition": null,
      "credentials_exposure": false,
      "data_access": false,
      "effective_action": "rds:DescribeDBSnapshots",
      "privesc": false,
      "resource_exposure": false
    },
    {
      "access_level": "Read",
      "action": "rds:ListTagsForResource",
      "condition": null,
      "credentials_exposure": false,
      "data_access": false,
      "effective_action": "rds:ListTagsForResource",
      "privesc": false,
      "resource_exposure": false
    },
    {
      "access_level": "List",
      "action": "rds:DescribeDBInstances",
      "condition": null,
      "credentials_exposure": false,
      "data_access": false,
      "effective_action": "rds:DescribeDBInstances",
      "privesc": false,
      "resource_exposure": false
    },
    {
      "access_level": "List",
      "action": "rds:describeDBEngineVersions",
      "condition": null,
      "credentials_exposure": false,
      "data_access": false,
      "effective_action": "rds:DescribeDBEngineVersions",
      "privesc": false,
      "resource_exposure": false
    },
    {
      "access_level": "List",
      "action": "rds:describeOptionGroups",
      "condition": null,
      "credentials_exposure": false,
      "data_access": false,
      "effective_action": "rds:DescribeOptionGroups",
      "privesc": false,
      "resource_exposure": false
    },
    {
      "access_level": "List",
      "action": "rds:describeOrderableDBInstanceOptions",
      "condition": null,
      "credentials_exposure": false,
      "data_access": false,
      "effective_action": "rds:DescribeOrderableDBInstanceOptions",
      "privesc": false,
      "resource_exposure": false
    },
    {
      "access_level": "List",
      "action": "rds:describeDBSubnetGroups",
      "condition": null,
      "credentials_exposure": false,
      "data_access": false,
      "effective_action": "rds:DescribeDBSubnetGroups",
      "privesc": false,
      "resource_exposure": false
    },
    {
      "access_level": "List",
      "action": "rds:describeDBClusterSnapshots",
      "condition": null,
      "credentials_exposure": false,
      "data_access": false,
      "effective_action": "rds:DescribeDBClusterSnapshots",
      "privesc": false,
      "resource_exposure": false
    },
    {
      "access_level": "List",
      "action": "rds:describeDBClusters",
      "condition": null,
      "credentials_exposure": false,
      "data_access": false,
      "effective_action": "rds:DescribeDBClusters",
      "privesc": false,
      "resource_exposure": false
    },
    {
      "access_level": "List",
      "action": "rds:describeDBParameterGroups",
      "condition": null,
      "credentials_exposure": false,
      "data_access": false,
      "effective_action": "rds:DescribeDBParameterGroups",
      "privesc": false,
      "resource_exposure": false
    },
    {
      "access_level": "List",
      "action": "rds:DescribeDBClusterParameterGroups",
      "condition": null,
      "credentials_exposure": false,
      "data_access": false,
      "effective_action": "rds:DescribeDBClusterParameterGroups",
      "privesc": false,
      "resource_exposure": false
    },
    {
      "access_level": "List",
      "action": "rds:DescribeDBInstanceAutomatedBackups",
      "condition": null,
      "credentials_exposure": false,
      "data_access": false,
      "effective_action": "rds:DescribeDBInstanceAutomatedBackups",
      "privesc": false,
      "resource_exposure": false
    },
    {
      "access_level": "List",
      "action": "rds:DescribeDBClusterAutomatedBackups",
      "condition": null,
      "credentials_exposure": false,
      "data_access": false,
      "effective_action": "rds:DescribeDBClusterAutomatedBackups",
      "privesc": false,
      "resource_exposure": false
    },
    {
      "access_level": "Write",
      "action": "rds:DeleteDBSnapshot",
      "condition": {
        "ForAnyValue:StringEquals": {
          "aws:CalledVia": [
            "backup.amazonaws.com"
          ]
        }
      },
      "credentials_exposure": false,
      "data_access": false,
      "effective_action": "rds:DeleteDBSnapshot",
      "privesc": false,
      "resource_exposure": false
    },
    {
      "access_level": "Write",
      "action": "rds:DeleteDBClusterSnapshot",
      "condition": {
        "ForAnyValue:StringEquals": {
          "aws:CalledVia": [
            "backup.amazonaws.com"
          ]
        }
      },
      "credentials_exposure": false,
      "data_access": false,
      "effective_action": "rds:DeleteDBClusterSnapshot",
      "privesc": false,
      "resource_exposure": false
    },
    {
      "access_level": "List",
      "action": "dynamodb:ListBackups",
      "condition": null,
      "credentials_exposure": false,
      "data_access": false,
      "effective_action": "dynamodb:ListBackups",
      "privesc": false,
      "resource_exposure": false
    },
    {
      "access_level": "List",
      "action": "dynamodb:ListTables",
      "condition": null,
      "credentials_exposure": false,
      "data_access": false,
      "effective_action": "dynamodb:ListTables",
      "privesc": false,
      "resource_exposure": false
    },
    {
      "access_level": "Write",
      "action": "dynamodb:DeleteBackup",
      "condition": {
        "ForAnyValue:StringEquals": {
          "aws:CalledVia": [
            "backup.amazonaws.com"
          ]
        }
      },
      "credentials_exposure": false,
      "data_access": false,
      "effective_action": "dynamodb:DeleteBackup",
      "privesc": false,
      "resource_exposure": false
    },
    {
      "access_level": "List",
      "action": "elasticfilesystem:DescribeFilesystems",
      "condition": null,
      "credentials_exposure": false,
      "data_access": false,
      "effective_action": "elasticfilesystem:DescribeFileSystems",
      "privesc": false,
      "resource_exposure": false
    },
    {
      "access_level": "List",
      "action": "ec2:DescribeSnapshots",
      "condition": null,
      "credentials_exposure": false,
      "data_access": false,
      "effective_action": "ec2:DescribeSnapshots",
      "privesc": false,
      "resource_exposure": false
    },
    {
      "access_level": "List",
      "action": "ec2:DescribeVolumes",
      "condition": null,
      "credentials_exposure": false,
      "data_access": false,
      "effective_action": "ec2:DescribeVolumes",
      "privesc": false,
      "resource_exposure": false
    },
    {
      "access_level": "List",
      "action": "ec2:describeAvailabilityZones",
      "condition": null,
      "credentials_exposure": false,
      "data_access": false,
      "effective_action": "ec2:DescribeAvailabilityZones",
      "privesc": false,
      "resource_exposure": false
    },
    {
      "access_level": "List",
      "action": "ec2:DescribeVpcs",
      "condition": null,
      "credentials_exposure": false,
      "data_access": false,
      "effective_action": "ec2:DescribeVpcs",
      "privesc": false,
      "resource_exposure": false
    },
    {
      "access_level": "List",
      "action": "ec2:DescribeAccountAttributes",
      "condition": null,
      "credentials_exposure": false,
      "data_access": false,
      "effective_action": "ec2:DescribeAccountAttributes",
      "privesc": false,
      "resource_exposure": false
    },
    {
      "access_level": "List",
      "action": "ec2:DescribeSecurityGroups",
      "condition": null,
      "credentials_exposure": false,
      "data_access": false,
      "effective_action": "ec2:DescribeSecurityGroups",
      "privesc": false,
      "resource_exposure": false
    },
    {
      "access_level": "List",
      "action": "ec2:DescribeImages",
      "condition": null,
      "credentials_exposure": false,
      "data_access": false,
      "effective_action": "ec2:DescribeImages",
      "privesc": false,
      "resource_exposure": false
    },
    {
      "access_level": "List",
      "action": "ec2:DescribeSubnets",
      "condition": null,
      "credentials_exposure": false,
      "data_access": false,
      "effective_action": "ec2:DescribeSubnets",
      "privesc": false,
      "resource_exposure": false
    },
    {
      "access_level": "List",
      "action": "ec2:DescribePlacementGroups",
      "condition": null,
      "credentials_exposure": false,
      "data_access": false,
      "effective_action": "ec2:DescribePlacementGroups",
      "privesc": false,
      "resource_exposure": false
    },
    {
      "access_level": "List",
      "action": "ec2:DescribeInstances",
      "condition": null,
      "credentials_exposure": false,
      "data_access": false,
      "effective_action": "ec2:DescribeInstances",
      "privesc": false,
      "resource_exposure": false
    },
    {
      "access_level": "List",
      "action": "ec2:DescribeInstanceTypes",
      "condition": null,
      "credentials_exposure": false,
      "data_access": false,
      "effective_action": "ec2:DescribeInstanceTypes",
      "privesc": false,
      "resource_exposure": false
    },
    {
      "access_level": "List",
      "action": "ec2:DescribeVpcEndpoints",
      "condition": null,
      "credentials_exposure": false,
      "data_access": false,
      "effective_action": "ec2:DescribeVpcEndpoints",
      "privesc": false,
      "resource_exposure": false
    },
    {
      "access_level": "List",
      "action": "ec2:DescribeAddresses",
      "condition": null,
      "credentials_exposure": false,
      "data_access": false,
      "effective_action": "ec2:DescribeAddresses",
      "privesc": false,
      "resource_exposure": false
    },
    {
      "access_level": "Write",
      "action": "ec2:DeleteSnapshot",
      "condition": {
        "ForAnyValue:StringEquals": {
          "aws:CalledVia": [
            "backup.amazonaws.com"
          ]
        }
      },
      "credentials_exposure": false,
      "data_access": false,
      "effective_action": "ec2:DeleteSnapshot",
      "privesc": false,
      "resource_exposure": false
    },
    {
      "access_level": "Write",
      "action": "ec2:DeregisterImage",
      "condition": {
        "ForAnyValue:StringEquals": {
          "aws:CalledVia": [
            "backup.amazonaws.com"
          ]
        }
      },
      "credentials_exposure": false,
      "data_access": false,
      "effective_action": "ec2:DeregisterImage",
      "privesc": false,
      "resource_exposure": false
    },
    {
      "access_level": "Read",
      "action": "tag:GetTagKeys",
      "condition": null,
      "credentials_exposure": false,
      "data_access": false,
      "effective_action": "tag:GetTagKeys",
      "privesc": false,
      "resource_exposure": false
    },
    {
      "access_level": "Read",
      "action": "tag:GetTagValues",
      "condition": null,
      "credentials_exposure": false,
      "data_access": false,
      "effective_action": "tag:GetTagValues",
      "privesc": false,
      "resource_exposure": false
    },
    {
      "access_level": "Read",
      "action": "tag:GetResources",
      "condition": null,
      "credentials_exposure": false,
      "data_access": false,
      "effective_action": "tag:GetResources",
      "privesc": false,
      "resource_exposure": false
    },
    {
      "access_level": "Read",
      "action": "storagegateway:DescribeCachediSCSIVolumes",
      "condition": null,
      "credentials_exposure": false,
      "data_access": false,
      "effective_action": "storagegateway:DescribeCachediSCSIVolumes",
      "privesc": false,
      "resource_exposure": false
    },
    {
      "access_level": "Read",
      "action": "storagegateway:DescribeStorediSCSIVolumes",
      "condition": null,
      "credentials_exposure": false,
      "data_access": false,
      "effective_action": "storagegateway:DescribeStorediSCSIVolumes",
      "privesc": false,
      "resource_exposure": false
    },
    {
      "access_level": "List",
      "action": "storagegateway:ListGateways",
      "condition": null,
      "credentials_exposure": false,
      "data_access": false,
      "effective_action": "storagegateway:ListGateways",
      "privesc": false,
      "resource_exposure": false
    },
    {
      "access_level": "Read",
      "action": "storagegateway:DescribeGatewayInformation",
      "condition": null,
      "credentials_exposure": false,
      "data_access": false,
      "effective_action": "storagegateway:DescribeGatewayInformation",
      "privesc": false,
      "resource_exposure": false
    },
    {
      "access_level": "List",
      "action": "storagegateway:ListLocalDisks",
      "condition": null,
      "credentials_exposure": false,
      "data_access": false,
      "effective_action": "storagegateway:ListLocalDisks",
      "privesc": false,
      "resource_exposure": false
    },
    {
      "access_level": "List",
      "action": "storagegateway:ListVolumes",
      "condition": null,
      "credentials_exposure": false,
      "data_access": false,
      "effective_action": "storagegateway:ListVolumes",
      "privesc": false,
      "resource_exposure": false
    },
    {
      "access_level": "List",
      "action": "iam:ListRoles",
      "condition": null,
      "credentials_exposure": false,
      "data_access": false,
      "effective_action": "iam:ListRoles",
      "privesc": false,
      "resource_exposure": false
    },
    {
      "access_level": "Read",
      "action": "iam:GetRole",
      "condition": null,
      "credentials_exposure": false,
      "data_access": false,
      "effective_action": "iam:GetRole",
      "privesc": false,
      "resource_exposure": false
    },
    {
      "access_level": "Permissions management",
      "action": "iam:PassRole",
      "condition": {
        "StringEquals": {
          "iam:PassedToService": [
            "backup.amazonaws.com",
            "restore-testing.backup.amazonaws.com"
          ]
        }
      },
      "credentials_exposure": false,
      "data_access": false,
      "effective_action": "iam:PassRole",
      "privesc": true,
      "resource_exposure": true
    },
    {
      "access_level": "Read",
      "action": "organizations:DescribeOrganization",
      "condition": null,
      "credentials_exposure": false,
      "data_access": false,
      "effective_action": "organizations:DescribeOrganization",
      "privesc": false,
      "resource_exposure": false
    },
    {
      "access_level": "List",
      "action": "kms:ListKeys",
      "condition": null,
      "credentials_exposure": false,
      "data_access": false,
      "effective_action": "kms:ListKeys",
      "privesc": false,
      "resource_exposure": false
    },
    {
      "access_level": "Read",
      "action": "kms:DescribeKey",
      "condition": null,
      "credentials_exposure": false,
      "data_access": false,
      "effective_action": "kms:DescribeKey",
      "privesc": false,
      "resource_exposure": false
    },
    {
      "access_level": "Write",
      "action": "kms:GenerateDataKey",
      "condition": null,
      "credentials_exposure": false,
      "data_access": false,
      "effective_action": "kms:GenerateDataKey",
      "privesc": false,
      "resource_exposure": false
    },
    {
      "access_level": "List",
      "action": "kms:ListAliases",
      "condition": null,
      "credentials_exposure": false,
      "data_access": false,
      "effective_action": "kms:ListAliases",
      "privesc": false,
      "resource_exposure": false
    },
    {
      "access_level": "Permissions management",
      "action": "kms:CreateGrant",
      "condition": {
        "Bool": {
          "kms:GrantIsForAWSResource": true
        },
        "ForAnyValue:StringEquals": {
          "kms:EncryptionContextKeys": "aws:backup:backup-vault"
        },
        "StringLike": {
          "kms:ViaService": "backup.*.amazonaws.com"
        }
      },
      "credentials_exposure": false,
      "data_access": true,
      "effective_action": "kms:CreateGrant",
      "privesc": true,
      "resource_exposure": true
    },
    {
      "access_level": "Write",
      "action": "ssm:CancelCommand",
      "condition": null,
      "credentials_exposure": false,
      "data_access": false,
      "effective_action": "ssm:CancelCommand",
      "privesc": false,
      "resource_exposure": false
    },
    {
      "access_level": "Read",
      "action": "ssm:GetCommandInvocation",
      "condition": null,
      "credentials_exposure": false,
      "data_access": false,
      "effective_action": "ssm:GetCommandInvocation",
      "privesc": false,
      "resource_exposure": false
    },
    {
      "access_level": "Write",
      "action": "ssm:SendCommand",
      "condition": null,
      "credentials_exposure": false,
      "data_access": false,
      "effective_action": "ssm:SendCommand",
      "privesc": false,
      "resource_exposure": false
    },
    {
      "access_level": "Read",
      "action": "fsx:DescribeFileSystems",
      "condition": null,
      "credentials_exposure": false,
      "data_access": false,
      "effective_action": "fsx:DescribeFileSystems",
      "privesc": false,
      "resource_exposure": false
    },
    {
      "access_level": "Read",
      "action": "fsx:DescribeBackups",
      "condition": null,
      "credentials_exposure": false,
      "data_access": false,
      "effective_action": "fsx:DescribeBackups",
      "privesc": false,
      "resource_exposure": false
    },
    {
      "access_level": "Read",
      "action": "fsx:DescribeVolumes",
      "condition": null,
      "credentials_exposure": false,
      "data_access": false,
      "effective_action": "fsx:DescribeVolumes",
      "privesc": false,
      "resource_exposure": false
    },
    {
      "access_level": "Read",
      "action": "fsx:DescribeStorageVirtualMachines",
      "condition": null,
      "credentials_exposure": false,
      "data_access": false,
      "effective_action": "fsx:DescribeStorageVirtualMachines",
      "privesc": false,
      "resource_exposure": false
    },
    {
      "access_level": "Write",
      "action": "fsx:DeleteBackup",
      "condition": {
        "ForAnyValue:StringEquals": {
          "aws:CalledVia": [
            "backup.amazonaws.com"
          ]
        }
      },
      "credentials_exposure": false,
      "data_access": false,
      "effective_action": "fsx:DeleteBackup",
      "privesc": false,
      "resource_exposure": false
    },
    {
      "access_level": "List",
      "action": "ds:DescribeDirectories",
      "condition": null,
      "credentials_exposure": false,
      "data_access": false,
      "effective_action": "ds:DescribeDirectories",
      "privesc": false,
      "resource_exposure": false
    },
    {
      "access_level": "Permissions management",
      "action": "iam:CreateServiceLinkedRole",
      "condition": {
        "StringEquals": {
          "iam:AWSServiceName": [
            "backup.amazonaws.com",
            "restore-testing.backup.amazonaws.com"
          ]
        }
      },
      "credentials_exposure": false,
      "data_access": false,
      "effective_action": "iam:CreateServiceLinkedRole",
      "privesc": true,
      "resource_exposure": true
    },
    {
      "access_level": "Write",
      "action": "backup-gateway:AssociateGatewayToServer",
      "condition": null,
      "credentials_exposure": false,
      "data_access": false,
      "effective_action": "backup-gateway:AssociateGatewayToServer",
      "privesc": false,
      "resource_exposure": false
    },
    {
      "access_level": "Write",
      "action": "backup-gateway:CreateGateway",
      "condition": null,
      "credentials_exposure": false,
      "data_access": false,
      "effective_action": "backup-gateway:CreateGateway",
      "privesc": false,
      "resource_exposure": false
    },
    {
      "access_level": "Write",
      "action": "backup-gateway:DeleteGateway",
      "condition": null,
      "credentials_exposure": false,
      "data_access": false,
      "effective_action": "backup-gateway:DeleteGateway",
      "privesc": false,
      "resource_exposure": false
    },
    {
      "access_level": "Write",
      "action": "backup-gateway:DeleteHypervisor",
      "condition": null,
      "credentials_exposure": false,
      "data_access": false,
      "effective_action": "backup-gateway:DeleteHypervisor",
      "privesc": false,
      "resource_exposure": false
    },
    {
      "access_level": "Write",
      "action": "backup-gateway:DisassociateGatewayFromServer",
      "condition": null,
      "credentials_exposure": false,
      "data_access": false,
      "effective_action": "backup-gateway:DisassociateGatewayFromServer",
      "privesc": false,
      "resource_exposure": false
    },
    {
      "access_level": "Write",
      "action": "backup-gateway:ImportHypervisorConfiguration",
      "condition": null,
      "credentials_exposure": false,
      "data_access": false,
      "effective_action": "backup-gateway:ImportHypervisorConfiguration",
      "privesc": false,
      "resource_exposure": false
    },
    {
      "access_level": "Read",
      "action": "backup-gateway:ListGateways",
      "condition": null,
      "credentials_exposure": false,
      "data_access": false,
      "effective_action": "backup-gateway:ListGateways",
      "privesc": false,
      "resource_exposure": false
    },
    {
      "access_level": "Read",
      "action": "backup-gateway:ListHypervisors",
      "condition": null,
      "credentials_exposure": false,
      "data_access": false,
      "effective_action": "backup-gateway:ListHypervisors",
      "privesc": false,
      "resource_exposure": false
    },
    {
      "access_level": "Read",
      "action": "backup-gateway:ListTagsForResource",
      "condition": null,
      "credentials_exposure": false,
      "data_access": false,
      "effective_action": "backup-gateway:ListTagsForResource",
      "privesc": false,
      "resource_exposure": false
    },
    {
      "access_level": "Read",
      "action": "backup-gateway:ListVirtualMachines",
      "condition": null,
      "credentials_exposure": false,
      "data_access": false,
      "effective_action": "backup-gateway:ListVirtualMachines",
      "privesc": false,
      "resource_exposure": false
    },
    {
      "access_level": "Write",
      "action": "backup-gateway:PutMaintenanceStartTime",
      "condition": null,
      "credentials_exposure": false,
      "data_access": false,
      "effective_action": "backup-gateway:PutMaintenanceStartTime",
      "privesc": false,
      "resource_exposure": false
    },
    {
      "access_level": "Tagging",
      "action": "backup-gateway:TagResource",
      "condition": null,
      "credentials_exposure": false,
      "data_access": false,
      "effective_action": "backup-gateway:TagResource",
      "privesc": false,
      "resource_exposure": false
    },
    {
      "access_level": "Write",
      "action": "backup-gateway:TestHypervisorConfiguration",
      "condition": null,
      "credentials_exposure": false,
      "data_access": false,
      "effective_action": "backup-gateway:TestHypervisorConfiguration",
      "privesc": false,
      "resource_exposure": false
    },
    {
      "access_level": "Tagging",
      "action": "backup-gateway:UntagResource",
      "condition": null,
      "credentials_exposure": false,
      "data_access": false,
      "effective_action": "backup-gateway:UntagResource",
      "privesc": false,
      "resource_exposure": false
    },
    {
      "access_level": "Write",
      "action": "backup-gateway:UpdateGatewayInformation",
      "condition": null,
      "credentials_exposure": false,
      "data_access": false,
      "effective_action": "backup-gateway:UpdateGatewayInformation",
      "privesc": false,
      "resource_exposure": false
    },
    {
      "access_level": "Write",
      "action": "backup-gateway:UpdateHypervisor",
      "condition": null,
      "credentials_exposure": false,
      "data_access": false,
      "effective_action": "backup-gateway:UpdateHypervisor",
      "privesc": false,
      "resource_exposure": false
    },
    {
      "access_level": "Read",
      "action": "backup-gateway:GetHypervisor",
      "condition": null,
      "credentials_exposure": false,
      "data_access": false,
      "effective_action": "backup-gateway:GetHypervisor",
      "privesc": false,
      "resource_exposure": false
    },
    {
      "access_level": "Read",
      "action": "backup-gateway:GetHypervisorPropertyMappings",
      "condition": null,
      "credentials_exposure": false,
      "data_access": false,
      "effective_action": "backup-gateway:GetHypervisorPropertyMappings",
      "privesc": false,
      "resource_exposure": false
    },
    {
      "access_level": "Write",
      "action": "backup-gateway:PutHypervisorPropertyMappings",
      "condition": null,
      "credentials_exposure": false,
      "data_access": false,
      "effective_action": "backup-gateway:PutHypervisorPropertyMappings",
      "privesc": false,
      "resource_exposure": false
    },
    {
      "access_level": "Write",
      "action": "backup-gateway:StartVirtualMachinesMetadataSync",
      "condition": null,
      "credentials_exposure": false,
      "data_access": false,
      "effective_action": "backup-gateway:StartVirtualMachinesMetadataSync",
      "privesc": false,
      "resource_exposure": false
    },
    {
      "access_level": "Read",
      "action": "backup-gateway:GetVirtualMachine",
      "condition": null,
      "credentials_exposure": false,
      "data_access": false,
      "effective_action": "backup-gateway:GetVirtualMachine",
      "privesc": false,
      "resource_exposure": false
    },
    {
      "access_level": "Read",
      "action": "backup-gateway:GetBandwidthRateLimitSchedule",
      "condition": null,
      "credentials_exposure": false,
      "data_access": false,
      "effective_action": "backup-gateway:GetBandwidthRateLimitSchedule",
      "privesc": false,
      "resource_exposure": false
    },
    {
      "access_level": "Read",
      "action": "backup-gateway:GetGateway",
      "condition": null,
      "credentials_exposure": false,
      "data_access": false,
      "effective_action": "backup-gateway:GetGateway",
      "privesc": false,
      "resource_exposure": false
    },
    {
      "access_level": "Write",
      "action": "backup-gateway:PutBandwidthRateLimitSchedule",
      "condition": null,
      "credentials_exposure": false,
      "data_access": false,
      "effective_action": "backup-gateway:PutBandwidthRateLimitSchedule",
      "privesc": false,
      "resource_exposure": false
    },
    {
      "access_level": "Read",
      "action": "cloudwatch:GetMetricData",
      "condition": null,
      "credentials_exposure": false,
      "data_access": false,
      "effective_action": "cloudwatch:GetMetricData",
      "privesc": false,
      "resource_exposure": false
    },
    {
      "access_level": "List",
      "action": "timestream:ListTables",
      "condition": null,
      "credentials_exposure": false,
      "data_access": false,
      "effective_action": "timestream:ListTables",
      "privesc": false,
      "resource_exposure": false
    },
    {
      "access_level": "List",
      "action": "timestream:ListDatabases",
      "condition": null,
      "credentials_exposure": false,
      "data_access": false,
      "effective_action": "timestream:ListDatabases",
      "privesc": false,
      "resource_exposure": false
    },
    {
      "access_level": "List",
      "action": "timestream:DescribeEndpoints",
      "condition": null,
      "credentials_exposure": false,
      "data_access": false,
      "effective_action": "timestream:DescribeEndpoints",
      "privesc": false,
      "resource_exposure": false
    },
    {
      "access_level": "List",
      "action": "s3:ListAllMyBuckets",
      "condition": null,
      "credentials_exposure": false,
      "data_access": false,
      "effective_action": "s3:ListAllMyBuckets",
      "privesc": false,
      "resource_exposure": false
    },
    {
      "access_level": "List",
      "action": "redshift:DescribeClusters",
      "condition": null,
      "credentials_exposure": false,
      "data_access": false,
      "effective_action": "redshift:DescribeClusters",
      "privesc": false,
      "resource_exposure": false
    },
    {
      "access_level": "Read",
      "action": "redshift:DescribeClusterSubnetGroups",
      "condition": null,
      "credentials_exposure": false,
      "data_access": false,
      "effective_action": "redshift:DescribeClusterSubnetGroups",
      "privesc": false,
      "resource_exposure": false
    },
    {
      "access_level": "Read",
      "action": "redshift:DescribeClusterSnapshots",
      "condition": null,
      "credentials_exposure": false,
      "data_access": false,
      "effective_action": "redshift:DescribeClusterSnapshots",
      "privesc": false,
      "resource_exposure": false
    },
    {
      "access_level": "Read",
      "action": "redshift:DescribeSnapshotSchedules",
      "condition": null,
      "credentials_exposure": false,
      "data_access": false,
      "effective_action": "redshift:DescribeSnapshotSchedules",
      "privesc": false,
      "resource_exposure": false
    },
    {
      "access_level": "List",
      "action": "redshift:DescribeNodeConfigurationOptions",
      "condition": null,
      "credentials_exposure": false,
      "data_access": false,
      "effective_action": "redshift:DescribeNodeConfigurationOptions",
      "privesc": false,
      "resource_exposure": false
    },
    {
      "access_level": "Read",
      "action": "redshift:DescribeOrderableClusterOptions",
      "condition": null,
      "credentials_exposure": false,
      "data_access": false,
      "effective_action": "redshift:DescribeOrderableClusterOptions",
      "privesc": false,
      "resource_exposure": false
    },
    {
      "access_level": "Read",
      "action": "redshift:DescribeClusterParameterGroups",
      "condition": null,
      "credentials_exposure": false,
      "data_access": false,
      "effective_action": "redshift:DescribeClusterParameterGroups",
      "privesc": false,
      "resource_exposure": false
    },
    {
      "access_level": "List",
      "action": "redshift:DescribeClusterTracks",
      "condition": null,
      "credentials_exposure": false,
      "data_access": false,
      "effective_action": "redshift:DescribeClusterTracks",
      "privesc": false,
      "resource_exposure": false
    },
    {
      "access_level": "List",
      "action": "redshift-serverless:ListNamespaces",
      "condition": null,
      "credentials_exposure": false,
      "data_access": false,
      "effective_action": "redshift-serverless:ListNamespaces",
      "privesc": false,
      "resource_exposure": false
    },
    {
      "access_level": "List",
      "action": "redshift-serverless:ListSnapshots",
      "condition": null,
      "credentials_exposure": false,
      "data_access": false,
      "effective_action": "redshift-serverless:ListSnapshots",
      "privesc": false,
      "resource_exposure": false
    },
    {
      "access_level": "List",
      "action": "redshift-serverless:ListWorkgroups",
      "condition": null,
      "credentials_exposure": false,
      "data_access": false,
      "effective_action": "redshift-serverless:ListWorkgroups",
      "privesc": false,
      "resource_exposure": false
    },
    {
      "access_level": "Read",
      "action": "redshift-serverless:GetNamespace",
      "condition": null,
      "credentials_exposure": false,
      "data_access": false,
      "effective_action": "redshift-serverless:GetNamespace",
      "privesc": false,
      "resource_exposure": false
    },
    {
      "access_level": "Read",
      "action": "redshift-serverless:GetSnapshot",
      "condition": null,
      "credentials_exposure": false,
      "data_access": false,
      "effective_action": "redshift-serverless:GetSnapshot",
      "privesc": false,
      "resource_exposure": false
    },
    {
      "access_level": "Read",
      "action": "redshift-serverless:GetWorkgroup",
      "condition": null,
      "credentials_exposure": false,
      "data_access": false,
      "effective_action": "redshift-serverless:GetWorkgroup",
      "privesc": false,
      "resource_exposure": false
    },
    {
      "access_level": "Write",
      "action": "redshift-serverless:DeleteSnapshot",
      "condition": {
        "ForAnyValue:StringEquals": {
          "aws:CalledVia": [
            "backup.amazonaws.com"
          ]
        },
        "Null": {
          "aws:ResourceTag/aws:backup:source-resource": "false"
        }
      },
      "credentials_exposure": false,
      "data_access": false,
      "effective_action": "redshift-serverless:DeleteSnapshot",
      "privesc": false,
      "resource_exposure": false
    },
    {
      "access_level": "List",
      "action": "cloudformation:ListStacks",
      "condition": null,
      "credentials_exposure": false,
      "data_access": false,
      "effective_action": "cloudformation:ListStacks",
      "privesc": false,
      "resource_exposure": false
    },
    {
      "access_level": "Read",
      "action": "ssm-sap:GetOperation",
      "condition": null,
      "credentials_exposure": false,
      "data_access": false,
      "effective_action": "ssm-sap:GetOperation",
      "privesc": false,
      "resource_exposure": false
    },
    {
      "access_level": "List",
      "action": "ssm-sap:ListDatabases",
      "condition": null,
      "credentials_exposure": false,
      "data_access": false,
      "effective_action": "ssm-sap:ListDatabases",
      "privesc": false,
      "resource_exposure": false
    },
    {
      "access_level": "Read",
      "action": "ssm-sap:GetDatabase",
      "condition": null,
      "credentials_exposure": false,
      "data_access": false,
      "effective_action": "ssm-sap:GetDatabase",
      "privesc": false,
      "resource_exposure": false
    },
    {
      "access_level": "Read",
      "action": "ssm-sap:ListTagsForResource",
      "condition": null,
      "credentials_exposure": false,
      "data_access": false,
      "effective_action": "ssm-sap:ListTagsForResource",
      "privesc": false,
      "resource_exposure": false
    },
    {
      "access_level": "Read",
      "action": "ram:GetResourceShareAssociations",
      "condition": null,
      "credentials_exposure": false,
      "data_access": false,
      "effective_action": "ram:GetResourceShareAssociations",
      "privesc": false,
      "resource_exposure": false
    },
    {
      "access_level": "Read",
      "action": "dsql:GetCluster",
      "condition": null,
      "credentials_exposure": false,
      "data_access": false,
      "effective_action": "dsql:GetCluster",
      "privesc": false,
      "resource_exposure": false
    },
    {
      "access_level": "List",
      "action": "dsql:ListClusters",
      "condition": null,
      "credentials_exposure": false,
      "data_access": false,
      "effective_action": "dsql:ListClusters",
      "privesc": false,
      "resource_exposure": false
    },
    {
      "access_level": "Read",
      "action": "dsql:ListTagsForResource",
      "condition": null,
      "credentials_exposure": false,
      "data_access": false,
      "effective_action": "dsql:ListTagsForResource",
      "privesc": false,
      "resource_exposure": false
    }
  ],
  "grantless": false,
  "malformed": false,
  "name": "AWSBackupFullAccess",
  "privesc": true,
  "resource_exposure": true,
  "undocumented_actions": false,
  "unknown_actions": [],
  "updatedate": "2025-05-22T00:37:07+00:00",
  "version": "v20"
}