{
  "access_levels": [
    "List",
    "Read"
  ],
  "arn": "arn:aws:iam::aws:policy/AWSBillingConductorReadOnlyAccess",
  "createdate": "2025-09-18T00:34:07Z",
  "credentials_exposure": false,
  "data_access": false,
  "deprecated": false,
  "document": {
    "Statement": [
      {
        "Action": [
          "billingconductor:List*",
          "billingconductor:GetBillingGroupCostReport",
          "organizations:ListAccounts",
          "pricing:DescribeServices",
          "pricing:GetAttributeValues",
          "pricing:GetProducts",
          "organizations:ListRoots",
          "organizations:ListOrganizationalUnitsForParent",
          "organizations:ListChildren",
          "organizations:DescribeAccount"
        ],
        "Effect": "Allow",
        "Resource": "*"
      }
    ],
    "Version": "2012-10-17"
  },
  "effective_actions": [
    {
      "access_level": "List",
      "action": "billingconductor:List*",
      "condition": null,
      "credentials_exposure": false,
      "data_access": false,
      "effective_action": "billingconductor:ListAccountAssociations",
      "privesc": false,
      "resource_exposure": false
    },
    {
      "access_level": "Read",
      "action": "billingconductor:List*",
      "condition": null,
      "credentials_exposure": false,
      "data_access": false,
      "effective_action": "billingconductor:ListBillingGroupCostReports",
      "privesc": false,
      "resource_exposure": false
    },
    {
      "access_level": "Read",
      "action": "billingconductor:List*",
      "condition": null,
      "credentials_exposure": false,
      "data_access": false,
      "effective_action": "billingconductor:ListBillingGroups",
      "privesc": false,
      "resource_exposure": false
    },
    {
      "access_level": "Read",
      "action": "billingconductor:List*",
      "condition": null,
      "credentials_exposure": false,
      "data_access": false,
      "effective_action": "billingconductor:ListCustomLineItemVersions",
      "privesc": false,
      "resource_exposure": false
    },
    {
      "access_level": "Read",
      "action": "billingconductor:List*",
      "condition": null,
      "credentials_exposure": false,
      "data_access": false,
      "effective_action": "billingconductor:ListCustomLineItems",
      "privesc": false,
      "resource_exposure": false
    },
    {
      "access_level": "Read",
      "action": "billingconductor:List*",
      "condition": null,
      "credentials_exposure": false,
      "data_access": false,
      "effective_action": "billingconductor:ListPricingPlans",
      "privesc": false,
      "resource_exposure": false
    },
    {
      "access_level": "List",
      "action": "billingconductor:List*",
      "condition": null,
      "credentials_exposure": false,
      "data_access": false,
      "effective_action": "billingconductor:ListPricingPlansAssociatedWithPricingRule",
      "privesc": false,
      "resource_exposure": false
    },
    {
      "access_level": "Read",
      "action": "billingconductor:List*",
      "condition": null,
      "credentials_exposure": false,
      "data_access": false,
      "effective_action": "billingconductor:ListPricingRules",
      "privesc": false,
      "resource_exposure": false
    },
    {
      "access_level": "List",
      "action": "billingconductor:List*",
      "condition": null,
      "credentials_exposure": false,
      "data_access": false,
      "effective_action": "billingconductor:ListPricingRulesAssociatedToPricingPlan",
      "privesc": false,
      "resource_exposure": false
    },
    {
      "access_level": "List",
      "action": "billingconductor:List*",
      "condition": null,
      "credentials_exposure": false,
      "data_access": false,
      "effective_action": "billingconductor:ListResourcesAssociatedToCustomLineItem",
      "privesc": false,
      "resource_exposure": false
    },
    {
      "access_level": "Read",
      "action": "billingconductor:List*",
      "condition": null,
      "credentials_exposure": false,
      "data_access": false,
      "effective_action": "billingconductor:ListTagsForResource",
      "privesc": false,
      "resource_exposure": false
    },
    {
      "access_level": "Read",
      "action": "billingconductor:GetBillingGroupCostReport",
      "condition": null,
      "credentials_exposure": false,
      "data_access": false,
      "effective_action": "billingconductor:GetBillingGroupCostReport",
      "privesc": false,
      "resource_exposure": false
    },
    {
      "access_level": "List",
      "action": "organizations:ListAccounts",
      "condition": null,
      "credentials_exposure": false,
      "data_access": false,
      "effective_action": "organizations:ListAccounts",
      "privesc": false,
      "resource_exposure": false
    },
    {
      "access_level": "Read",
      "action": "pricing:DescribeServices",
      "condition": null,
      "credentials_exposure": false,
      "data_access": false,
      "effective_action": "pricing:DescribeServices",
      "privesc": false,
      "resource_exposure": false
    },
    {
      "access_level": "Read",
      "action": "pricing:GetAttributeValues",
      "condition": null,
      "credentials_exposure": false,
      "data_access": false,
      "effective_action": "pricing:GetAttributeValues",
      "privesc": false,
      "resource_exposure": false
    },
    {
      "access_level": "Read",
      "action": "pricing:GetProducts",
      "condition": null,
      "credentials_exposure": false,
      "data_access": false,
      "effective_action": "pricing:GetProducts",
      "privesc": false,
      "resource_exposure": false
    },
    {
      "access_level": "List",
      "action": "organizations:ListRoots",
      "condition": null,
      "credentials_exposure": false,
      "data_access": false,
      "effective_action": "organizations:ListRoots",
      "privesc": false,
      "resource_exposure": false
    },
    {
      "access_level": "List",
      "action": "organizations:ListOrganizationalUnitsForParent",
      "condition": null,
      "credentials_exposure": false,
      "data_access": false,
      "effective_action": "organizations:ListOrganizationalUnitsForParent",
      "privesc": false,
      "resource_exposure": false
    },
    {
      "access_level": "List",
      "action": "organizations:ListChildren",
      "condition": null,
      "credentials_exposure": false,
      "data_access": false,
      "effective_action": "organizations:ListChildren",
      "privesc": false,
      "resource_exposure": false
    },
    {
      "access_level": "Read",
      "action": "organizations:DescribeAccount",
      "condition": null,
      "credentials_exposure": false,
      "data_access": false,
      "effective_action": "organizations:DescribeAccount",
      "privesc": false,
      "resource_exposure": false
    }
  ],
  "grantless": false,
  "malformed": false,
  "name": "AWSBillingConductorReadOnlyAccess",
  "privesc": false,
  "resource_exposure": false,
  "undocumented_actions": false,
  "unknown_actions": [],
  "updatedate": "2025-09-18T00:34:07+00:00",
  "version": "v2"
}