{
  "access_levels": [
    "List",
    "Read",
    "Tagging",
    "Write",
    "Permissions management"
  ],
  "arn": "arn:aws:iam::aws:policy/service-role/AWSBackupServiceRolePolicyForBackup",
  "createdate": "2025-05-22T00:37:06Z",
  "credentials_exposure": false,
  "data_access": true,
  "deprecated": false,
  "document": {
    "Statement": [
      {
        "Action": [
          "dynamodb:DescribeTable",
          "dynamodb:CreateBackup"
        ],
        "Effect": "Allow",
        "Resource": "arn:aws:dynamodb:*:*:table/*",
        "Sid": "DynamoDBPermissions"
      },
      {
        "Action": [
          "dynamodb:DescribeBackup",
          "dynamodb:DeleteBackup"
        ],
        "Effect": "Allow",
        "Resource": "arn:aws:dynamodb:*:*:table/*/backup/*",
        "Sid": "DynamoDBBackupResourcePermissions"
      },
      {
        "Action": [
          "rds:AddTagsToResource",
          "rds:ListTagsForResource",
          "rds:DescribeDBSnapshots",
          "rds:CreateDBSnapshot",
          "rds:CopyDBSnapshot",
          "rds:DescribeDBInstances",
          "rds:CreateDBClusterSnapshot",
          "rds:DescribeDBClusters",
          "rds:DescribeDBClusterSnapshots",
          "rds:CopyDBClusterSnapshot",
          "rds:DescribeDBClusterAutomatedBackups"
        ],
        "Effect": "Allow",
        "Resource": "*",
        "Sid": "DynamoDBBackupPermissions"
      },
      {
        "Action": [
          "rds:DeleteDBInstanceAutomatedBackup"
        ],
        "Effect": "Allow",
        "Resource": "arn:aws:rds:*:*:auto-backup:*",
        "Sid": "RDSInstanceAutomatedBackupPermissions"
      },
      {
        "Action": [
          "rds:ModifyDBCluster"
        ],
        "Effect": "Allow",
        "Resource": [
          "arn:aws:rds:*:*:cluster:*"
        ],
        "Sid": "RDSClusterPermissions"
      },
      {
        "Action": [
          "rds:DeleteDBClusterAutomatedBackup"
        ],
        "Effect": "Allow",
        "Resource": "arn:aws:rds:*:*:cluster-auto-backup:*",
        "Sid": "RDSClusterBackupPermissions"
      },
      {
        "Action": [
          "rds:ModifyDBInstance"
        ],
        "Effect": "Allow",
        "Resource": [
          "arn:aws:rds:*:*:db:*"
        ],
        "Sid": "RDSModifyPermissions"
      },
      {
        "Action": [
          "rds:DeleteDBSnapshot",
          "rds:ModifyDBSnapshotAttribute"
        ],
        "Effect": "Allow",
        "Resource": [
          "arn:aws:rds:*:*:snapshot:awsbackup:*"
        ],
        "Sid": "RDSBackupPermissions"
      },
      {
        "Action": [
          "rds:DeleteDBClusterSnapshot",
          "rds:ModifyDBClusterSnapshotAttribute"
        ],
        "Effect": "Allow",
        "Resource": [
          "arn:aws:rds:*:*:cluster-snapshot:awsbackup:*"
        ],
        "Sid": "RDSClusterModifyPermissions"
      },
      {
        "Action": [
          "storagegateway:CreateSnapshot",
          "storagegateway:ListTagsForResource"
        ],
        "Effect": "Allow",
        "Resource": "arn:aws:storagegateway:*:*:gateway/*/volume/*",
        "Sid": "StorageGatewayPermissions"
      },
      {
        "Action": [
          "ec2:CopySnapshot"
        ],
        "Effect": "Allow",
        "Resource": "arn:aws:ec2:*::snapshot/*",
        "Sid": "EBSCopyPermissions"
      },
      {
        "Action": [
          "ec2:CopyImage"
        ],
        "Effect": "Allow",
        "Resource": "*",
        "Sid": "EC2CopyPermissions"
      },
      {
        "Action": [
          "ec2:CreateTags",
          "ec2:DeleteSnapshot"
        ],
        "Effect": "Allow",
        "Resource": "arn:aws:ec2:*::snapshot/*",
        "Sid": "EBSTagAndDeletePermissions"
      },
      {
        "Action": [
          "ec2:CreateImage",
          "ec2:DeregisterImage",
          "ec2:DescribeSnapshots",
          "ec2:DescribeTags",
          "ec2:DescribeImages",
          "ec2:DescribeInstances",
          "ec2:DescribeInstanceAttribute",
          "ec2:DescribeInstanceCreditSpecifications",
          "ec2:DescribeNetworkInterfaces",
          "ec2:DescribeElasticGpus",
          "ec2:DescribeSpotInstanceRequests",
          "ec2:DescribeSnapshotTierStatus"
        ],
        "Effect": "Allow",
        "Resource": "*",
        "Sid": "EC2Permissions"
      },
      {
        "Action": [
          "ec2:CreateTags"
        ],
        "Effect": "Allow",
        "Resource": "arn:aws:ec2:*:*:image/*",
        "Sid": "EC2TagPermissions"
      },
      {
        "Action": [
          "ec2:ModifySnapshotAttribute",
          "ec2:ModifyImageAttribute"
        ],
        "Condition": {
          "Null": {
            "aws:ResourceTag/aws:backup:source-resource": "false"
          }
        },
        "Effect": "Allow",
        "Resource": "*",
        "Sid": "EC2ModifyPermissions"
      },
      {
        "Action": [
          "ec2:ModifySnapshotTier"
        ],
        "Condition": {
          "Null": {
            "aws:ResourceTag/aws:backup:source-resource": "false"
          }
        },
        "Effect": "Allow",
        "Resource": "arn:aws:ec2:*::snapshot/*",
        "Sid": "EBSSnapshotTierPermissions"
      },
      {
        "Action": [
          "backup:DescribeBackupVault",
          "backup:CopyIntoBackupVault"
        ],
        "Effect": "Allow",
        "Resource": "arn:aws:backup:*:*:backup-vault:*",
        "Sid": "BackupVaultPermissions"
      },
      {
        "Action": [
          "backup:CopyFromBackupVault"
        ],
        "Effect": "Allow",
        "Resource": "*",
        "Sid": "BackupVaultCopyPermissions"
      },
      {
        "Action": [
          "elasticfilesystem:Backup",
          "elasticfilesystem:DescribeTags"
        ],
        "Effect": "Allow",
        "Resource": "arn:aws:elasticfilesystem:*:*:file-system/*",
        "Sid": "EFSPermissions"
      },
      {
        "Action": [
          "ec2:CreateSnapshot",
          "ec2:DeleteSnapshot",
          "ec2:DescribeVolumes",
          "ec2:DescribeSnapshots"
        ],
        "Effect": "Allow",
        "Resource": [
          "arn:aws:ec2:*::snapshot/*",
          "arn:aws:ec2:*:*:volume/*"
        ],
        "Sid": "EBSResourcePermissions"
      },
      {
        "Action": [
          "kms:Decrypt",
          "kms:GenerateDataKey"
        ],
        "Condition": {
          "StringLike": {
            "kms:ViaService": [
              "dynamodb.*.amazonaws.com"
            ]
          }
        },
        "Effect": "Allow",
        "Resource": "*",
        "Sid": "KMSDynamoDBPermissions"
      },
      {
        "Action": [
          "kms:DescribeKey"
        ],
        "Effect": "Allow",
        "Resource": "*",
        "Sid": "KMSPermissions"
      },
      {
        "Action": [
          "kms:CreateGrant"
        ],
        "Condition": {
          "Bool": {
            "kms:GrantIsForAWSResource": "true"
          }
        },
        "Effect": "Allow",
        "Resource": "*",
        "Sid": "KMSCreateGrantPermissions"
      },
      {
        "Action": [
          "kms:GenerateDataKeyWithoutPlaintext",
          "kms:ReEncryptTo",
          "kms:ReEncryptFrom"
        ],
        "Condition": {
          "ForAnyValue:StringEquals": {
            "kms:EncryptionContextKeys": "aws:ebs:id"
          },
          "StringLike": {
            "kms:ViaService": [
              "ec2.*.amazonaws.com"
            ]
          }
        },
        "Effect": "Allow",
        "Resource": "arn:aws:kms:*:*:key/*",
        "Sid": "KMSEC2Permissions"
      },
      {
        "Action": [
          "tag:GetResources"
        ],
        "Effect": "Allow",
        "Resource": "*",
        "Sid": "GetResourcesPermissions"
      },
      {
        "Action": [
          "ssm:CancelCommand",
          "ssm:GetCommandInvocation"
        ],
        "Effect": "Allow",
        "Resource": "*",
        "Sid": "SSMPermissions"
      },
      {
        "Action": [
          "ssm:SendCommand"
        ],
        "Effect": "Allow",
        "Resource": [
          "arn:aws:ssm:*:*:document/AWSEC2-CreateVssSnapshot",
          "arn:aws:ec2:*:*:instance/*"
        ],
        "Sid": "SSMSendPermissions"
      },
      {
        "Action": [
          "fsx:DescribeBackups"
        ],
        "Effect": "Allow",
        "Resource": "arn:aws:fsx:*:*:backup/*",
        "Sid": "FsxBackupPermissions"
      },
      {
        "Action": [
          "fsx:CreateBackup"
        ],
        "Effect": "Allow",
        "Resource": [
          "arn:aws:fsx:*:*:file-system/*",
          "arn:aws:fsx:*:*:backup/*",
          "arn:aws:fsx:*:*:volume/*"
        ],
        "Sid": "FsxCreateBackupPermissions"
      },
      {
        "Action": [
          "fsx:DescribeFileSystems"
        ],
        "Effect": "Allow",
        "Resource": "arn:aws:fsx:*:*:file-system/*",
        "Sid": "FsxPermissions"
      },
      {
        "Action": [
          "fsx:DescribeVolumes"
        ],
        "Effect": "Allow",
        "Resource": "arn:aws:fsx:*:*:volume/*",
        "Sid": "FsxVolumePermissions"
      },
      {
        "Action": [
          "fsx:ListTagsForResource"
        ],
        "Effect": "Allow",
        "Resource": [
          "arn:aws:fsx:*:*:file-system/*",
          "arn:aws:fsx:*:*:volume/*"
        ],
        "Sid": "FsxListTagsPermissions"
      },
      {
        "Action": [
          "fsx:DeleteBackup"
        ],
        "Effect": "Allow",
        "Resource": "arn:aws:fsx:*:*:backup/*",
        "Sid": "FsxDeletePermissions"
      },
      {
        "Action": [
          "fsx:ListTagsForResource",
          "fsx:ManageBackupPrincipalAssociations",
          "fsx:CopyBackup",
          "fsx:TagResource"
        ],
        "Effect": "Allow",
        "Resource": "arn:aws:fsx:*:*:backup/*",
        "Sid": "FsxResourcePermissions"
      },
      {
        "Action": [
          "dynamodb:StartAwsBackupJob",
          "dynamodb:ListTagsOfResource"
        ],
        "Effect": "Allow",
        "Resource": "arn:aws:dynamodb:*:*:table/*",
        "Sid": "DynamodbBackupPermissions"
      },
      {
        "Action": [
          "backup-gateway:Backup",
          "backup-gateway:ListTagsForResource"
        ],
        "Effect": "Allow",
        "Resource": "arn:aws:backup-gateway:*:*:vm/*",
        "Sid": "BackupGatewayBackupPermissions"
      },
      {
        "Action": [
          "cloudformation:ListStacks",
          "cloudformation:GetTemplate",
          "cloudformation:DescribeStacks",
          "cloudformation:ListStackResources"
        ],
        "Effect": "Allow",
        "Resource": "arn:aws:cloudformation:*:*:stack/*/*",
        "Sid": "CloudformationStackPermissions"
      },
      {
        "Action": [
          "redshift:CreateClusterSnapshot",
          "redshift:DescribeClusterSnapshots",
          "redshift:DescribeTags"
        ],
        "Effect": "Allow",
        "Resource": [
          "arn:aws:redshift:*:*:snapshot:*/*",
          "arn:aws:redshift:*:*:cluster:*"
        ],
        "Sid": "RedshiftCreatePermissions"
      },
      {
        "Action": [
          "redshift:DeleteClusterSnapshot"
        ],
        "Effect": "Allow",
        "Resource": [
          "arn:aws:redshift:*:*:snapshot:*/*"
        ],
        "Sid": "RedshiftSnapshotPermissions"
      },
      {
        "Action": [
          "redshift:DescribeClusters"
        ],
        "Effect": "Allow",
        "Resource": [
          "arn:aws:redshift:*:*:cluster:*"
        ],
        "Sid": "RedshiftPermissions"
      },
      {
        "Action": [
          "redshift:CreateTags"
        ],
        "Effect": "Allow",
        "Resource": [
          "arn:aws:redshift:*:*:snapshot:*/*"
        ],
        "Sid": "RedshiftResourcePermissions"
      },
      {
        "Action": [
          "redshift-serverless:CreateSnapshot"
        ],
        "Effect": "Allow",
        "Resource": [
          "arn:aws:redshift-serverless:*:*:snapshot/*",
          "arn:aws:redshift-serverless:*:*:namespace/*"
        ],
        "Sid": "RedshiftServerlessCreatePermissions"
      },
      {
        "Action": [
          "redshift-serverless:DeleteSnapshot"
        ],
        "Condition": {
          "Null": {
            "aws:ResourceTag/aws:backup:source-resource": "false"
          }
        },
        "Effect": "Allow",
        "Resource": [
          "arn:aws:redshift-serverless:*:*:snapshot/*"
        ],
        "Sid": "RedshiftServerlessSnapshotPermissions"
      },
      {
        "Action": [
          "redshift-serverless:GetNamespace"
        ],
        "Effect": "Allow",
        "Resource": [
          "arn:aws:redshift-serverless:*:*:namespace/*"
        ],
        "Sid": "RedshiftServerlessGetPermissions"
      },
      {
        "Action": [
          "redshift-serverless:GetSnapshot",
          "redshift-serverless:TagResource"
        ],
        "Effect": "Allow",
        "Resource": [
          "arn:aws:redshift-serverless:*:*:snapshot/*"
        ],
        "Sid": "RedshiftServerlessResourcePermissions"
      },
      {
        "Action": [
          "redshift-serverless:ListNamespaces",
          "redshift-serverless:ListSnapshots",
          "redshift-serverless:ListTagsForResource"
        ],
        "Effect": "Allow",
        "Resource": [
          "*"
        ],
        "Sid": "RedshiftServerlessListPermissions"
      },
      {
        "Action": [
          "timestream:StartAwsBackupJob",
          "timestream:GetAwsBackupStatus",
          "timestream:ListTables",
          "timestream:ListDatabases",
          "timestream:ListTagsForResource",
          "timestream:DescribeTable",
          "timestream:DescribeDatabase"
        ],
        "Effect": "Allow",
        "Resource": [
          "arn:aws:timestream:*:*:database/*"
        ],
        "Sid": "TimestreamResourcePermissions"
      },
      {
        "Action": [
          "timestream:DescribeEndpoints"
        ],
        "Effect": "Allow",
        "Resource": "*",
        "Sid": "TimestreamEndpointPermissions"
      },
      {
        "Action": [
          "ssm-sap:GetOperation",
          "ssm-sap:ListDatabases"
        ],
        "Effect": "Allow",
        "Resource": "*",
        "Sid": "SSMSAPPermissions"
      },
      {
        "Action": [
          "ssm-sap:BackupDatabase",
          "ssm-sap:UpdateHanaBackupSettings",
          "ssm-sap:GetDatabase",
          "ssm-sap:ListTagsForResource"
        ],
        "Effect": "Allow",
        "Resource": "arn:aws:ssm-sap:*:*:*",
        "Sid": "SSMSAPResourcePermissions"
      },
      {
        "Action": [
          "backup:TagResource"
        ],
        "Condition": {
          "StringEquals": {
            "aws:PrincipalAccount": "${aws:ResourceAccount}"
          }
        },
        "Effect": "Allow",
        "Resource": "arn:aws:backup:*:*:recovery-point:*",
        "Sid": "RecoveryPointTaggingPermissions"
      },
      {
        "Action": [
          "dsql:StartBackupJob",
          "dsql:GetBackupJob",
          "dsql:StopBackupJob",
          "dsql:GetCluster",
          "dsql:ListClusters",
          "dsql:ListTagsForResource"
        ],
        "Effect": "Allow",
        "Resource": [
          "*"
        ],
        "Sid": "DSQLResourcePermissionsForBackup"
      },
      {
        "Action": [
          "kms:Decrypt"
        ],
        "Condition": {
          "ForAnyValue:StringEquals": {
            "kms:EncryptionContextKeys": "aws:dsql:ClusterId"
          },
          "StringLike": {
            "kms:ViaService": [
              "dsql.*.amazonaws.com"
            ]
          }
        },
        "Effect": "Allow",
        "Resource": "*",
        "Sid": "KMSDSQLPermissions"
      }
    ],
    "Version": "2012-10-17"
  },
  "effective_actions": [
    {
      "access_level": "Read",
      "action": "dynamodb:DescribeTable",
      "condition": null,
      "credentials_exposure": false,
      "data_access": false,
      "effective_action": "dynamodb:DescribeTable",
      "privesc": false,
      "resource_exposure": false
    },
    {
      "access_level": "Write",
      "action": "dynamodb:CreateBackup",
      "condition": null,
      "credentials_exposure": false,
      "data_access": false,
      "effective_action": "dynamodb:CreateBackup",
      "privesc": false,
      "resource_exposure": false
    },
    {
      "access_level": "Read",
      "action": "dynamodb:DescribeBackup",
      "condition": null,
      "credentials_exposure": false,
      "data_access": false,
      "effective_action": "dynamodb:DescribeBackup",
      "privesc": false,
      "resource_exposure": false
    },
    {
      "access_level": "Write",
      "action": "dynamodb:DeleteBackup",
      "condition": null,
      "credentials_exposure": false,
      "data_access": false,
      "effective_action": "dynamodb:DeleteBackup",
      "privesc": false,
      "resource_exposure": false
    },
    {
      "access_level": "Tagging",
      "action": "rds:AddTagsToResource",
      "condition": null,
      "credentials_exposure": false,
      "data_access": false,
      "effective_action": "rds:AddTagsToResource",
      "privesc": false,
      "resource_exposure": false
    },
    {
      "access_level": "Read",
      "action": "rds:ListTagsForResource",
      "condition": null,
      "credentials_exposure": false,
      "data_access": false,
      "effective_action": "rds:ListTagsForResource",
      "privesc": false,
      "resource_exposure": false
    },
    {
      "access_level": "List",
      "action": "rds:DescribeDBSnapshots",
      "condition": null,
      "credentials_exposure": false,
      "data_access": false,
      "effective_action": "rds:DescribeDBSnapshots",
      "privesc": false,
      "resource_exposure": false
    },
    {
      "access_level": "Write",
      "action": "rds:CreateDBSnapshot",
      "condition": null,
      "credentials_exposure": false,
      "data_access": false,
      "effective_action": "rds:CreateDBSnapshot",
      "privesc": false,
      "resource_exposure": false
    },
    {
      "access_level": "Write",
      "action": "rds:CopyDBSnapshot",
      "condition": null,
      "credentials_exposure": false,
      "data_access": false,
      "effective_action": "rds:CopyDBSnapshot",
      "privesc": false,
      "resource_exposure": false
    },
    {
      "access_level": "List",
      "action": "rds:DescribeDBInstances",
      "condition": null,
      "credentials_exposure": false,
      "data_access": false,
      "effective_action": "rds:DescribeDBInstances",
      "privesc": false,
      "resource_exposure": false
    },
    {
      "access_level": "Write",
      "action": "rds:CreateDBClusterSnapshot",
      "condition": null,
      "credentials_exposure": false,
      "data_access": false,
      "effective_action": "rds:CreateDBClusterSnapshot",
      "privesc": false,
      "resource_exposure": false
    },
    {
      "access_level": "List",
      "action": "rds:DescribeDBClusters",
      "condition": null,
      "credentials_exposure": false,
      "data_access": false,
      "effective_action": "rds:DescribeDBClusters",
      "privesc": false,
      "resource_exposure": false
    },
    {
      "access_level": "List",
      "action": "rds:DescribeDBClusterSnapshots",
      "condition": null,
      "credentials_exposure": false,
      "data_access": false,
      "effective_action": "rds:DescribeDBClusterSnapshots",
      "privesc": false,
      "resource_exposure": false
    },
    {
      "access_level": "Write",
      "action": "rds:CopyDBClusterSnapshot",
      "condition": null,
      "credentials_exposure": false,
      "data_access": false,
      "effective_action": "rds:CopyDBClusterSnapshot",
      "privesc": false,
      "resource_exposure": false
    },
    {
      "access_level": "List",
      "action": "rds:DescribeDBClusterAutomatedBackups",
      "condition": null,
      "credentials_exposure": false,
      "data_access": false,
      "effective_action": "rds:DescribeDBClusterAutomatedBackups",
      "privesc": false,
      "resource_exposure": false
    },
    {
      "access_level": "Write",
      "action": "rds:DeleteDBInstanceAutomatedBackup",
      "condition": null,
      "credentials_exposure": false,
      "data_access": false,
      "effective_action": "rds:DeleteDBInstanceAutomatedBackup",
      "privesc": false,
      "resource_exposure": false
    },
    {
      "access_level": "Write",
      "action": "rds:ModifyDBCluster",
      "condition": null,
      "credentials_exposure": false,
      "data_access": false,
      "effective_action": "rds:ModifyDBCluster",
      "privesc": false,
      "resource_exposure": false
    },
    {
      "access_level": "Write",
      "action": "rds:DeleteDBClusterAutomatedBackup",
      "condition": null,
      "credentials_exposure": false,
      "data_access": false,
      "effective_action": "rds:DeleteDBClusterAutomatedBackup",
      "privesc": false,
      "resource_exposure": false
    },
    {
      "access_level": "Write",
      "action": "rds:ModifyDBInstance",
      "condition": null,
      "credentials_exposure": false,
      "data_access": false,
      "effective_action": "rds:ModifyDBInstance",
      "privesc": false,
      "resource_exposure": false
    },
    {
      "access_level": "Write",
      "action": "rds:DeleteDBSnapshot",
      "condition": null,
      "credentials_exposure": false,
      "data_access": false,
      "effective_action": "rds:DeleteDBSnapshot",
      "privesc": false,
      "resource_exposure": false
    },
    {
      "access_level": "Permissions management",
      "action": "rds:ModifyDBSnapshotAttribute",
      "condition": null,
      "credentials_exposure": false,
      "data_access": false,
      "effective_action": "rds:ModifyDBSnapshotAttribute",
      "privesc": false,
      "resource_exposure": false
    },
    {
      "access_level": "Write",
      "action": "rds:DeleteDBClusterSnapshot",
      "condition": null,
      "credentials_exposure": false,
      "data_access": false,
      "effective_action": "rds:DeleteDBClusterSnapshot",
      "privesc": false,
      "resource_exposure": false
    },
    {
      "access_level": "Permissions management",
      "action": "rds:ModifyDBClusterSnapshotAttribute",
      "condition": null,
      "credentials_exposure": false,
      "data_access": false,
      "effective_action": "rds:ModifyDBClusterSnapshotAttribute",
      "privesc": false,
      "resource_exposure": false
    },
    {
      "access_level": "Write",
      "action": "storagegateway:CreateSnapshot",
      "condition": null,
      "credentials_exposure": false,
      "data_access": false,
      "effective_action": "storagegateway:CreateSnapshot",
      "privesc": false,
      "resource_exposure": false
    },
    {
      "access_level": "List",
      "action": "storagegateway:ListTagsForResource",
      "condition": null,
      "credentials_exposure": false,
      "data_access": false,
      "effective_action": "storagegateway:ListTagsForResource",
      "privesc": false,
      "resource_exposure": false
    },
    {
      "access_level": "Write",
      "action": "ec2:CopySnapshot",
      "condition": null,
      "credentials_exposure": false,
      "data_access": false,
      "effective_action": "ec2:CopySnapshot",
      "privesc": false,
      "resource_exposure": false
    },
    {
      "access_level": "Write",
      "action": "ec2:CopyImage",
      "condition": null,
      "credentials_exposure": false,
      "data_access": false,
      "effective_action": "ec2:CopyImage",
      "privesc": false,
      "resource_exposure": false
    },
    {
      "access_level": "Tagging",
      "action": "ec2:CreateTags",
      "condition": null,
      "credentials_exposure": false,
      "data_access": false,
      "effective_action": "ec2:CreateTags",
      "privesc": false,
      "resource_exposure": false
    },
    {
      "access_level": "Write",
      "action": "ec2:DeleteSnapshot",
      "condition": null,
      "credentials_exposure": false,
      "data_access": false,
      "effective_action": "ec2:DeleteSnapshot",
      "privesc": false,
      "resource_exposure": false
    },
    {
      "access_level": "Write",
      "action": "ec2:CreateImage",
      "condition": null,
      "credentials_exposure": false,
      "data_access": false,
      "effective_action": "ec2:CreateImage",
      "privesc": false,
      "resource_exposure": false
    },
    {
      "access_level": "Write",
      "action": "ec2:DeregisterImage",
      "condition": null,
      "credentials_exposure": false,
      "data_access": false,
      "effective_action": "ec2:DeregisterImage",
      "privesc": false,
      "resource_exposure": false
    },
    {
      "access_level": "List",
      "action": "ec2:DescribeSnapshots",
      "condition": null,
      "credentials_exposure": false,
      "data_access": false,
      "effective_action": "ec2:DescribeSnapshots",
      "privesc": false,
      "resource_exposure": false
    },
    {
      "access_level": "List",
      "action": "ec2:DescribeTags",
      "condition": null,
      "credentials_exposure": false,
      "data_access": false,
      "effective_action": "ec2:DescribeTags",
      "privesc": false,
      "resource_exposure": false
    },
    {
      "access_level": "List",
      "action": "ec2:DescribeImages",
      "condition": null,
      "credentials_exposure": false,
      "data_access": false,
      "effective_action": "ec2:DescribeImages",
      "privesc": false,
      "resource_exposure": false
    },
    {
      "access_level": "List",
      "action": "ec2:DescribeInstances",
      "condition": null,
      "credentials_exposure": false,
      "data_access": false,
      "effective_action": "ec2:DescribeInstances",
      "privesc": false,
      "resource_exposure": false
    },
    {
      "access_level": "List",
      "action": "ec2:DescribeInstanceAttribute",
      "condition": null,
      "credentials_exposure": false,
      "data_access": false,
      "effective_action": "ec2:DescribeInstanceAttribute",
      "privesc": false,
      "resource_exposure": false
    },
    {
      "access_level": "List",
      "action": "ec2:DescribeInstanceCreditSpecifications",
      "condition": null,
      "credentials_exposure": false,
      "data_access": false,
      "effective_action": "ec2:DescribeInstanceCreditSpecifications",
      "privesc": false,
      "resource_exposure": false
    },
    {
      "access_level": "List",
      "action": "ec2:DescribeNetworkInterfaces",
      "condition": null,
      "credentials_exposure": false,
      "data_access": false,
      "effective_action": "ec2:DescribeNetworkInterfaces",
      "privesc": false,
      "resource_exposure": false
    },
    {
      "access_level": "List",
      "action": "ec2:DescribeElasticGpus",
      "condition": null,
      "credentials_exposure": false,
      "data_access": false,
      "effective_action": "ec2:DescribeElasticGpus",
      "privesc": false,
      "resource_exposure": false
    },
    {
      "access_level": "List",
      "action": "ec2:DescribeSpotInstanceRequests",
      "condition": null,
      "credentials_exposure": false,
      "data_access": false,
      "effective_action": "ec2:DescribeSpotInstanceRequests",
      "privesc": false,
      "resource_exposure": false
    },
    {
      "access_level": "List",
      "action": "ec2:DescribeSnapshotTierStatus",
      "condition": null,
      "credentials_exposure": false,
      "data_access": false,
      "effective_action": "ec2:DescribeSnapshotTierStatus",
      "privesc": false,
      "resource_exposure": false
    },
    {
      "access_level": "Tagging",
      "action": "ec2:CreateTags",
      "condition": null,
      "credentials_exposure": false,
      "data_access": false,
      "effective_action": "ec2:CreateTags",
      "privesc": false,
      "resource_exposure": false
    },
    {
      "access_level": "Permissions management",
      "action": "ec2:ModifySnapshotAttribute",
      "condition": {
        "Null": {
          "aws:ResourceTag/aws:backup:source-resource": "false"
        }
      },
      "credentials_exposure": false,
      "data_access": false,
      "effective_action": "ec2:ModifySnapshotAttribute",
      "privesc": false,
      "resource_exposure": true
    },
    {
      "access_level": "Write",
      "action": "ec2:ModifyImageAttribute",
      "condition": {
        "Null": {
          "aws:ResourceTag/aws:backup:source-resource": "false"
        }
      },
      "credentials_exposure": false,
      "data_access": false,
      "effective_action": "ec2:ModifyImageAttribute",
      "privesc": false,
      "resource_exposure": false
    },
    {
      "access_level": "Write",
      "action": "ec2:ModifySnapshotTier",
      "condition": {
        "Null": {
          "aws:ResourceTag/aws:backup:source-resource": "false"
        }
      },
      "credentials_exposure": false,
      "data_access": false,
      "effective_action": "ec2:ModifySnapshotTier",
      "privesc": false,
      "resource_exposure": false
    },
    {
      "access_level": "Read",
      "action": "backup:DescribeBackupVault",
      "condition": null,
      "credentials_exposure": false,
      "data_access": false,
      "effective_action": "backup:DescribeBackupVault",
      "privesc": false,
      "resource_exposure": false
    },
    {
      "access_level": "Write",
      "action": "backup:CopyIntoBackupVault",
      "condition": null,
      "credentials_exposure": false,
      "data_access": false,
      "effective_action": "backup:CopyIntoBackupVault",
      "privesc": false,
      "resource_exposure": false
    },
    {
      "access_level": "Write",
      "action": "backup:CopyFromBackupVault",
      "condition": null,
      "credentials_exposure": false,
      "data_access": false,
      "effective_action": "backup:CopyFromBackupVault",
      "privesc": false,
      "resource_exposure": false
    },
    {
      "access_level": "Write",
      "action": "elasticfilesystem:Backup",
      "condition": null,
      "credentials_exposure": false,
      "data_access": false,
      "effective_action": "elasticfilesystem:Backup",
      "privesc": false,
      "resource_exposure": false
    },
    {
      "access_level": "Read",
      "action": "elasticfilesystem:DescribeTags",
      "condition": null,
      "credentials_exposure": false,
      "data_access": false,
      "effective_action": "elasticfilesystem:DescribeTags",
      "privesc": false,
      "resource_exposure": false
    },
    {
      "access_level": "Write",
      "action": "ec2:CreateSnapshot",
      "condition": null,
      "credentials_exposure": false,
      "data_access": false,
      "effective_action": "ec2:CreateSnapshot",
      "privesc": false,
      "resource_exposure": false
    },
    {
      "access_level": "Write",
      "action": "ec2:DeleteSnapshot",
      "condition": null,
      "credentials_exposure": false,
      "data_access": false,
      "effective_action": "ec2:DeleteSnapshot",
      "privesc": false,
      "resource_exposure": false
    },
    {
      "access_level": "List",
      "action": "ec2:DescribeVolumes",
      "condition": null,
      "credentials_exposure": false,
      "data_access": false,
      "effective_action": "ec2:DescribeVolumes",
      "privesc": false,
      "resource_exposure": false
    },
    {
      "access_level": "List",
      "action": "ec2:DescribeSnapshots",
      "condition": null,
      "credentials_exposure": false,
      "data_access": false,
      "effective_action": "ec2:DescribeSnapshots",
      "privesc": false,
      "resource_exposure": false
    },
    {
      "access_level": "Write",
      "action": "kms:Decrypt",
      "condition": {
        "StringLike": {
          "kms:ViaService": [
            "dynamodb.*.amazonaws.com"
          ]
        }
      },
      "credentials_exposure": false,
      "data_access": false,
      "effective_action": "kms:Decrypt",
      "privesc": false,
      "resource_exposure": false
    },
    {
      "access_level": "Write",
      "action": "kms:GenerateDataKey",
      "condition": {
        "StringLike": {
          "kms:ViaService": [
            "dynamodb.*.amazonaws.com"
          ]
        }
      },
      "credentials_exposure": false,
      "data_access": false,
      "effective_action": "kms:GenerateDataKey",
      "privesc": false,
      "resource_exposure": false
    },
    {
      "access_level": "Read",
      "action": "kms:DescribeKey",
      "condition": null,
      "credentials_exposure": false,
      "data_access": false,
      "effective_action": "kms:DescribeKey",
      "privesc": false,
      "resource_exposure": false
    },
    {
      "access_level": "Permissions management",
      "action": "kms:CreateGrant",
      "condition": {
        "Bool": {
          "kms:GrantIsForAWSResource": "true"
        }
      },
      "credentials_exposure": false,
      "data_access": true,
      "effective_action": "kms:CreateGrant",
      "privesc": true,
      "resource_exposure": true
    },
    {
      "access_level": "Write",
      "action": "kms:GenerateDataKeyWithoutPlaintext",
      "condition": {
        "ForAnyValue:StringEquals": {
          "kms:EncryptionContextKeys": "aws:ebs:id"
        },
        "StringLike": {
          "kms:ViaService": [
            "ec2.*.amazonaws.com"
          ]
        }
      },
      "credentials_exposure": false,
      "data_access": false,
      "effective_action": "kms:GenerateDataKeyWithoutPlaintext",
      "privesc": false,
      "resource_exposure": false
    },
    {
      "access_level": "Write",
      "action": "kms:ReEncryptTo",
      "condition": {
        "ForAnyValue:StringEquals": {
          "kms:EncryptionContextKeys": "aws:ebs:id"
        },
        "StringLike": {
          "kms:ViaService": [
            "ec2.*.amazonaws.com"
          ]
        }
      },
      "credentials_exposure": false,
      "data_access": false,
      "effective_action": "kms:ReEncryptTo",
      "privesc": false,
      "resource_exposure": false
    },
    {
      "access_level": "Write",
      "action": "kms:ReEncryptFrom",
      "condition": {
        "ForAnyValue:StringEquals": {
          "kms:EncryptionContextKeys": "aws:ebs:id"
        },
        "StringLike": {
          "kms:ViaService": [
            "ec2.*.amazonaws.com"
          ]
        }
      },
      "credentials_exposure": false,
      "data_access": false,
      "effective_action": "kms:ReEncryptFrom",
      "privesc": false,
      "resource_exposure": false
    },
    {
      "access_level": "Read",
      "action": "tag:GetResources",
      "condition": null,
      "credentials_exposure": false,
      "data_access": false,
      "effective_action": "tag:GetResources",
      "privesc": false,
      "resource_exposure": false
    },
    {
      "access_level": "Write",
      "action": "ssm:CancelCommand",
      "condition": null,
      "credentials_exposure": false,
      "data_access": false,
      "effective_action": "ssm:CancelCommand",
      "privesc": false,
      "resource_exposure": false
    },
    {
      "access_level": "Read",
      "action": "ssm:GetCommandInvocation",
      "condition": null,
      "credentials_exposure": false,
      "data_access": false,
      "effective_action": "ssm:GetCommandInvocation",
      "privesc": false,
      "resource_exposure": false
    },
    {
      "access_level": "Write",
      "action": "ssm:SendCommand",
      "condition": null,
      "credentials_exposure": false,
      "data_access": false,
      "effective_action": "ssm:SendCommand",
      "privesc": false,
      "resource_exposure": false
    },
    {
      "access_level": "Read",
      "action": "fsx:DescribeBackups",
      "condition": null,
      "credentials_exposure": false,
      "data_access": false,
      "effective_action": "fsx:DescribeBackups",
      "privesc": false,
      "resource_exposure": false
    },
    {
      "access_level": "Write",
      "action": "fsx:CreateBackup",
      "condition": null,
      "credentials_exposure": false,
      "data_access": false,
      "effective_action": "fsx:CreateBackup",
      "privesc": false,
      "resource_exposure": false
    },
    {
      "access_level": "Read",
      "action": "fsx:DescribeFileSystems",
      "condition": null,
      "credentials_exposure": false,
      "data_access": false,
      "effective_action": "fsx:DescribeFileSystems",
      "privesc": false,
      "resource_exposure": false
    },
    {
      "access_level": "Read",
      "action": "fsx:DescribeVolumes",
      "condition": null,
      "credentials_exposure": false,
      "data_access": false,
      "effective_action": "fsx:DescribeVolumes",
      "privesc": false,
      "resource_exposure": false
    },
    {
      "access_level": "Read",
      "action": "fsx:ListTagsForResource",
      "condition": null,
      "credentials_exposure": false,
      "data_access": false,
      "effective_action": "fsx:ListTagsForResource",
      "privesc": false,
      "resource_exposure": false
    },
    {
      "access_level": "Write",
      "action": "fsx:DeleteBackup",
      "condition": null,
      "credentials_exposure": false,
      "data_access": false,
      "effective_action": "fsx:DeleteBackup",
      "privesc": false,
      "resource_exposure": false
    },
    {
      "access_level": "Read",
      "action": "fsx:ListTagsForResource",
      "condition": null,
      "credentials_exposure": false,
      "data_access": false,
      "effective_action": "fsx:ListTagsForResource",
      "privesc": false,
      "resource_exposure": false
    },
    {
      "access_level": "Permissions management",
      "action": "fsx:ManageBackupPrincipalAssociations",
      "condition": null,
      "credentials_exposure": false,
      "data_access": false,
      "effective_action": "fsx:ManageBackupPrincipalAssociations",
      "privesc": false,
      "resource_exposure": false
    },
    {
      "access_level": "Write",
      "action": "fsx:CopyBackup",
      "condition": null,
      "credentials_exposure": false,
      "data_access": false,
      "effective_action": "fsx:CopyBackup",
      "privesc": false,
      "resource_exposure": false
    },
    {
      "access_level": "Tagging",
      "action": "fsx:TagResource",
      "condition": null,
      "credentials_exposure": false,
      "data_access": false,
      "effective_action": "fsx:TagResource",
      "privesc": false,
      "resource_exposure": false
    },
    {
      "access_level": "Write",
      "action": "dynamodb:StartAwsBackupJob",
      "condition": null,
      "credentials_exposure": false,
      "data_access": false,
      "effective_action": "dynamodb:StartAwsBackupJob",
      "privesc": false,
      "resource_exposure": false
    },
    {
      "access_level": "Read",
      "action": "dynamodb:ListTagsOfResource",
      "condition": null,
      "credentials_exposure": false,
      "data_access": false,
      "effective_action": "dynamodb:ListTagsOfResource",
      "privesc": false,
      "resource_exposure": false
    },
    {
      "access_level": "Write",
      "action": "backup-gateway:Backup",
      "condition": null,
      "credentials_exposure": false,
      "data_access": false,
      "effective_action": "backup-gateway:Backup",
      "privesc": false,
      "resource_exposure": false
    },
    {
      "access_level": "Read",
      "action": "backup-gateway:ListTagsForResource",
      "condition": null,
      "credentials_exposure": false,
      "data_access": false,
      "effective_action": "backup-gateway:ListTagsForResource",
      "privesc": false,
      "resource_exposure": false
    },
    {
      "access_level": "List",
      "action": "cloudformation:ListStacks",
      "condition": null,
      "credentials_exposure": false,
      "data_access": false,
      "effective_action": "cloudformation:ListStacks",
      "privesc": false,
      "resource_exposure": false
    },
    {
      "access_level": "Read",
      "action": "cloudformation:GetTemplate",
      "condition": null,
      "credentials_exposure": false,
      "data_access": true,
      "effective_action": "cloudformation:GetTemplate",
      "privesc": false,
      "resource_exposure": false
    },
    {
      "access_level": "List",
      "action": "cloudformation:DescribeStacks",
      "condition": null,
      "credentials_exposure": false,
      "data_access": false,
      "effective_action": "cloudformation:DescribeStacks",
      "privesc": false,
      "resource_exposure": false
    },
    {
      "access_level": "List",
      "action": "cloudformation:ListStackResources",
      "condition": null,
      "credentials_exposure": false,
      "data_access": false,
      "effective_action": "cloudformation:ListStackResources",
      "privesc": false,
      "resource_exposure": false
    },
    {
      "access_level": "Write",
      "action": "redshift:CreateClusterSnapshot",
      "condition": null,
      "credentials_exposure": false,
      "data_access": false,
      "effective_action": "redshift:CreateClusterSnapshot",
      "privesc": false,
      "resource_exposure": false
    },
    {
      "access_level": "Read",
      "action": "redshift:DescribeClusterSnapshots",
      "condition": null,
      "credentials_exposure": false,
      "data_access": false,
      "effective_action": "redshift:DescribeClusterSnapshots",
      "privesc": false,
      "resource_exposure": false
    },
    {
      "access_level": "Read",
      "action": "redshift:DescribeTags",
      "condition": null,
      "credentials_exposure": false,
      "data_access": false,
      "effective_action": "redshift:DescribeTags",
      "privesc": false,
      "resource_exposure": false
    },
    {
      "access_level": "Write",
      "action": "redshift:DeleteClusterSnapshot",
      "condition": null,
      "credentials_exposure": false,
      "data_access": false,
      "effective_action": "redshift:DeleteClusterSnapshot",
      "privesc": false,
      "resource_exposure": false
    },
    {
      "access_level": "List",
      "action": "redshift:DescribeClusters",
      "condition": null,
      "credentials_exposure": false,
      "data_access": false,
      "effective_action": "redshift:DescribeClusters",
      "privesc": false,
      "resource_exposure": false
    },
    {
      "access_level": "Tagging",
      "action": "redshift:CreateTags",
      "condition": null,
      "credentials_exposure": false,
      "data_access": false,
      "effective_action": "redshift:CreateTags",
      "privesc": false,
      "resource_exposure": false
    },
    {
      "access_level": "Write",
      "action": "redshift-serverless:CreateSnapshot",
      "condition": null,
      "credentials_exposure": false,
      "data_access": false,
      "effective_action": "redshift-serverless:CreateSnapshot",
      "privesc": false,
      "resource_exposure": false
    },
    {
      "access_level": "Write",
      "action": "redshift-serverless:DeleteSnapshot",
      "condition": {
        "Null": {
          "aws:ResourceTag/aws:backup:source-resource": "false"
        }
      },
      "credentials_exposure": false,
      "data_access": false,
      "effective_action": "redshift-serverless:DeleteSnapshot",
      "privesc": false,
      "resource_exposure": false
    },
    {
      "access_level": "Read",
      "action": "redshift-serverless:GetNamespace",
      "condition": null,
      "credentials_exposure": false,
      "data_access": false,
      "effective_action": "redshift-serverless:GetNamespace",
      "privesc": false,
      "resource_exposure": false
    },
    {
      "access_level": "Read",
      "action": "redshift-serverless:GetSnapshot",
      "condition": null,
      "credentials_exposure": false,
      "data_access": false,
      "effective_action": "redshift-serverless:GetSnapshot",
      "privesc": false,
      "resource_exposure": false
    },
    {
      "access_level": "Tagging",
      "action": "redshift-serverless:TagResource",
      "condition": null,
      "credentials_exposure": false,
      "data_access": false,
      "effective_action": "redshift-serverless:TagResource",
      "privesc": false,
      "resource_exposure": false
    },
    {
      "access_level": "List",
      "action": "redshift-serverless:ListNamespaces",
      "condition": null,
      "credentials_exposure": false,
      "data_access": false,
      "effective_action": "redshift-serverless:ListNamespaces",
      "privesc": false,
      "resource_exposure": false
    },
    {
      "access_level": "List",
      "action": "redshift-serverless:ListSnapshots",
      "condition": null,
      "credentials_exposure": false,
      "data_access": false,
      "effective_action": "redshift-serverless:ListSnapshots",
      "privesc": false,
      "resource_exposure": false
    },
    {
      "access_level": "List",
      "action": "redshift-serverless:ListTagsForResource",
      "condition": null,
      "credentials_exposure": false,
      "data_access": false,
      "effective_action": "redshift-serverless:ListTagsForResource",
      "privesc": false,
      "resource_exposure": false
    },
    {
      "access_level": "Write",
      "action": "timestream:StartAwsBackupJob",
      "condition": null,
      "credentials_exposure": false,
      "data_access": false,
      "effective_action": "timestream:StartAwsBackupJob",
      "privesc": false,
      "resource_exposure": false
    },
    {
      "access_level": "Read",
      "action": "timestream:GetAwsBackupStatus",
      "condition": null,
      "credentials_exposure": false,
      "data_access": false,
      "effective_action": "timestream:GetAwsBackupStatus",
      "privesc": false,
      "resource_exposure": false
    },
    {
      "access_level": "List",
      "action": "timestream:ListTables",
      "condition": null,
      "credentials_exposure": false,
      "data_access": false,
      "effective_action": "timestream:ListTables",
      "privesc": false,
      "resource_exposure": false
    },
    {
      "access_level": "List",
      "action": "timestream:ListDatabases",
      "condition": null,
      "credentials_exposure": false,
      "data_access": false,
      "effective_action": "timestream:ListDatabases",
      "privesc": false,
      "resource_exposure": false
    },
    {
      "access_level": "Read",
      "action": "timestream:ListTagsForResource",
      "condition": null,
      "credentials_exposure": false,
      "data_access": false,
      "effective_action": "timestream:ListTagsForResource",
      "privesc": false,
      "resource_exposure": false
    },
    {
      "access_level": "Read",
      "action": "timestream:DescribeTable",
      "condition": null,
      "credentials_exposure": false,
      "data_access": false,
      "effective_action": "timestream:DescribeTable",
      "privesc": false,
      "resource_exposure": false
    },
    {
      "access_level": "Read",
      "action": "timestream:DescribeDatabase",
      "condition": null,
      "credentials_exposure": false,
      "data_access": false,
      "effective_action": "timestream:DescribeDatabase",
      "privesc": false,
      "resource_exposure": false
    },
    {
      "access_level": "List",
      "action": "timestream:DescribeEndpoints",
      "condition": null,
      "credentials_exposure": false,
      "data_access": false,
      "effective_action": "timestream:DescribeEndpoints",
      "privesc": false,
      "resource_exposure": false
    },
    {
      "access_level": "Read",
      "action": "ssm-sap:GetOperation",
      "condition": null,
      "credentials_exposure": false,
      "data_access": false,
      "effective_action": "ssm-sap:GetOperation",
      "privesc": false,
      "resource_exposure": false
    },
    {
      "access_level": "List",
      "action": "ssm-sap:ListDatabases",
      "condition": null,
      "credentials_exposure": false,
      "data_access": false,
      "effective_action": "ssm-sap:ListDatabases",
      "privesc": false,
      "resource_exposure": false
    },
    {
      "access_level": "Write",
      "action": "ssm-sap:BackupDatabase",
      "condition": null,
      "credentials_exposure": false,
      "data_access": false,
      "effective_action": "ssm-sap:BackupDatabase",
      "privesc": false,
      "resource_exposure": false
    },
    {
      "access_level": "Write",
      "action": "ssm-sap:UpdateHanaBackupSettings",
      "condition": null,
      "credentials_exposure": false,
      "data_access": false,
      "effective_action": "ssm-sap:UpdateHANABackupSettings",
      "privesc": false,
      "resource_exposure": false
    },
    {
      "access_level": "Read",
      "action": "ssm-sap:GetDatabase",
      "condition": null,
      "credentials_exposure": false,
      "data_access": false,
      "effective_action": "ssm-sap:GetDatabase",
      "privesc": false,
      "resource_exposure": false
    },
    {
      "access_level": "Read",
      "action": "ssm-sap:ListTagsForResource",
      "condition": null,
      "credentials_exposure": false,
      "data_access": false,
      "effective_action": "ssm-sap:ListTagsForResource",
      "privesc": false,
      "resource_exposure": false
    },
    {
      "access_level": "Tagging",
      "action": "backup:TagResource",
      "condition": {
        "StringEquals": {
          "aws:PrincipalAccount": "${aws:ResourceAccount}"
        }
      },
      "credentials_exposure": false,
      "data_access": false,
      "effective_action": "backup:TagResource",
      "privesc": false,
      "resource_exposure": false
    },
    {
      "access_level": "Write",
      "action": "dsql:StartBackupJob",
      "condition": null,
      "credentials_exposure": false,
      "data_access": false,
      "effective_action": "dsql:StartBackupJob",
      "privesc": false,
      "resource_exposure": false
    },
    {
      "access_level": "Read",
      "action": "dsql:GetBackupJob",
      "condition": null,
      "credentials_exposure": false,
      "data_access": false,
      "effective_action": "dsql:GetBackupJob",
      "privesc": false,
      "resource_exposure": false
    },
    {
      "access_level": "Write",
      "action": "dsql:StopBackupJob",
      "condition": null,
      "credentials_exposure": false,
      "data_access": false,
      "effective_action": "dsql:StopBackupJob",
      "privesc": false,
      "resource_exposure": false
    },
    {
      "access_level": "Read",
      "action": "dsql:GetCluster",
      "condition": null,
      "credentials_exposure": false,
      "data_access": false,
      "effective_action": "dsql:GetCluster",
      "privesc": false,
      "resource_exposure": false
    },
    {
      "access_level": "List",
      "action": "dsql:ListClusters",
      "condition": null,
      "credentials_exposure": false,
      "data_access": false,
      "effective_action": "dsql:ListClusters",
      "privesc": false,
      "resource_exposure": false
    },
    {
      "access_level": "Read",
      "action": "dsql:ListTagsForResource",
      "condition": null,
      "credentials_exposure": false,
      "data_access": false,
      "effective_action": "dsql:ListTagsForResource",
      "privesc": false,
      "resource_exposure": false
    },
    {
      "access_level": "Write",
      "action": "kms:Decrypt",
      "condition": {
        "ForAnyValue:StringEquals": {
          "kms:EncryptionContextKeys": "aws:dsql:ClusterId"
        },
        "StringLike": {
          "kms:ViaService": [
            "dsql.*.amazonaws.com"
          ]
        }
      },
      "credentials_exposure": false,
      "data_access": false,
      "effective_action": "kms:Decrypt",
      "privesc": false,
      "resource_exposure": false
    }
  ],
  "grantless": false,
  "malformed": false,
  "name": "AWSBackupServiceRolePolicyForBackup",
  "privesc": true,
  "resource_exposure": true,
  "undocumented_actions": false,
  "unknown_actions": [],
  "updatedate": "2025-05-22T00:37:06+00:00",
  "version": "v22"
}