{
  "access_levels": [
    "Write"
  ],
  "arn": "arn:aws:iam::aws:policy/AWSBackupDataTransferAccess",
  "createdate": "2022-11-10T22:48:05Z",
  "credentials_exposure": false,
  "data_access": false,
  "deprecated": false,
  "document": {
    "Statement": [
      {
        "Action": [
          "backup-storage:StartObject",
          "backup-storage:PutChunk",
          "backup-storage:GetChunk",
          "backup-storage:ListChunks",
          "backup-storage:ListObjects",
          "backup-storage:GetObjectMetadata",
          "backup-storage:NotifyObjectComplete"
        ],
        "Effect": "Allow",
        "Resource": "*"
      }
    ],
    "Version": "2012-10-17"
  },
  "effective_actions": [
    {
      "access_level": "Write",
      "action": "backup-storage:StartObject",
      "condition": null,
      "credentials_exposure": false,
      "data_access": false,
      "effective_action": "backup-storage:StartObject",
      "privesc": false,
      "resource_exposure": false
    },
    {
      "access_level": "Write",
      "action": "backup-storage:PutChunk",
      "condition": null,
      "credentials_exposure": false,
      "data_access": false,
      "effective_action": "backup-storage:PutChunk",
      "privesc": false,
      "resource_exposure": false
    },
    {
      "access_level": "Write",
      "action": "backup-storage:GetChunk",
      "condition": null,
      "credentials_exposure": false,
      "data_access": false,
      "effective_action": "backup-storage:GetChunk",
      "privesc": false,
      "resource_exposure": false
    },
    {
      "access_level": "Write",
      "action": "backup-storage:ListChunks",
      "condition": null,
      "credentials_exposure": false,
      "data_access": false,
      "effective_action": "backup-storage:ListChunks",
      "privesc": false,
      "resource_exposure": false
    },
    {
      "access_level": "Write",
      "action": "backup-storage:ListObjects",
      "condition": null,
      "credentials_exposure": false,
      "data_access": false,
      "effective_action": "backup-storage:ListObjects",
      "privesc": false,
      "resource_exposure": false
    },
    {
      "access_level": "Write",
      "action": "backup-storage:GetObjectMetadata",
      "condition": null,
      "credentials_exposure": false,
      "data_access": false,
      "effective_action": "backup-storage:GetObjectMetadata",
      "privesc": false,
      "resource_exposure": false
    },
    {
      "access_level": "Write",
      "action": "backup-storage:NotifyObjectComplete",
      "condition": null,
      "credentials_exposure": false,
      "data_access": false,
      "effective_action": "backup-storage:NotifyObjectComplete",
      "privesc": false,
      "resource_exposure": false
    }
  ],
  "grantless": false,
  "malformed": false,
  "name": "AWSBackupDataTransferAccess",
  "privesc": false,
  "resource_exposure": false,
  "undocumented_actions": false,
  "unknown_actions": [],
  "updatedate": "2022-11-10T22:48:05+00:00",
  "version": "v1"
}