{
  "access_levels": [
    "List",
    "Read",
    "Tagging",
    "Write",
    "Permissions management"
  ],
  "arn": "arn:aws:iam::aws:policy/service-role/AWSBatchServiceRole",
  "createdate": "2023-12-05T18:49:44Z",
  "credentials_exposure": false,
  "data_access": false,
  "deprecated": false,
  "document": {
    "Statement": [
      {
        "Action": [
          "ec2:DescribeAccountAttributes",
          "ec2:DescribeInstances",
          "ec2:DescribeInstanceStatus",
          "ec2:DescribeInstanceAttribute",
          "ec2:DescribeSubnets",
          "ec2:DescribeSecurityGroups",
          "ec2:DescribeKeyPairs",
          "ec2:DescribeImages",
          "ec2:DescribeImageAttribute",
          "ec2:DescribeSpotInstanceRequests",
          "ec2:DescribeSpotFleetInstances",
          "ec2:DescribeSpotFleetRequests",
          "ec2:DescribeSpotPriceHistory",
          "ec2:DescribeSpotFleetRequestHistory",
          "ec2:DescribeVpcClassicLink",
          "ec2:DescribeLaunchTemplateVersions",
          "ec2:CreateLaunchTemplate",
          "ec2:DeleteLaunchTemplate",
          "ec2:RequestSpotFleet",
          "ec2:CancelSpotFleetRequests",
          "ec2:ModifySpotFleetRequest",
          "ec2:TerminateInstances",
          "ec2:RunInstances",
          "autoscaling:DescribeAccountLimits",
          "autoscaling:DescribeAutoScalingGroups",
          "autoscaling:DescribeLaunchConfigurations",
          "autoscaling:DescribeAutoScalingInstances",
          "autoscaling:DescribeScalingActivities",
          "autoscaling:CreateLaunchConfiguration",
          "autoscaling:CreateAutoScalingGroup",
          "autoscaling:UpdateAutoScalingGroup",
          "autoscaling:SetDesiredCapacity",
          "autoscaling:DeleteLaunchConfiguration",
          "autoscaling:DeleteAutoScalingGroup",
          "autoscaling:CreateOrUpdateTags",
          "autoscaling:SuspendProcesses",
          "autoscaling:PutNotificationConfiguration",
          "autoscaling:TerminateInstanceInAutoScalingGroup",
          "ecs:DescribeClusters",
          "ecs:DescribeContainerInstances",
          "ecs:DescribeTaskDefinition",
          "ecs:DescribeTasks",
          "ecs:ListAccountSettings",
          "ecs:ListClusters",
          "ecs:ListContainerInstances",
          "ecs:ListTaskDefinitionFamilies",
          "ecs:ListTaskDefinitions",
          "ecs:ListTasks",
          "ecs:CreateCluster",
          "ecs:DeleteCluster",
          "ecs:RegisterTaskDefinition",
          "ecs:DeregisterTaskDefinition",
          "ecs:RunTask",
          "ecs:StartTask",
          "ecs:StopTask",
          "ecs:UpdateContainerAgent",
          "ecs:DeregisterContainerInstance",
          "logs:CreateLogGroup",
          "logs:CreateLogStream",
          "logs:PutLogEvents",
          "logs:DescribeLogGroups",
          "iam:GetInstanceProfile",
          "iam:GetRole"
        ],
        "Effect": "Allow",
        "Resource": "*",
        "Sid": "AWSBatchPolicyStatement1"
      },
      {
        "Action": [
          "ecs:TagResource"
        ],
        "Effect": "Allow",
        "Resource": [
          "arn:aws:ecs:*:*:task/*_Batch_*"
        ],
        "Sid": "AWSBatchPolicyStatement2"
      },
      {
        "Action": [
          "iam:PassRole"
        ],
        "Condition": {
          "StringEquals": {
            "iam:PassedToService": [
              "ec2.amazonaws.com",
              "ec2.amazonaws.com.cn",
              "ecs-tasks.amazonaws.com"
            ]
          }
        },
        "Effect": "Allow",
        "Resource": [
          "*"
        ],
        "Sid": "AWSBatchPolicyStatement3"
      },
      {
        "Action": [
          "iam:CreateServiceLinkedRole"
        ],
        "Condition": {
          "StringEquals": {
            "iam:AWSServiceName": [
              "spot.amazonaws.com",
              "spotfleet.amazonaws.com",
              "autoscaling.amazonaws.com",
              "ecs.amazonaws.com"
            ]
          }
        },
        "Effect": "Allow",
        "Resource": "*",
        "Sid": "AWSBatchPolicyStatement4"
      },
      {
        "Action": [
          "ec2:CreateTags"
        ],
        "Condition": {
          "StringEquals": {
            "ec2:CreateAction": "RunInstances"
          }
        },
        "Effect": "Allow",
        "Resource": [
          "*"
        ],
        "Sid": "AWSBatchPolicyStatement5"
      }
    ],
    "Version": "2012-10-17"
  },
  "effective_actions": [
    {
      "access_level": "List",
      "action": "ec2:DescribeAccountAttributes",
      "condition": null,
      "credentials_exposure": false,
      "data_access": false,
      "effective_action": "ec2:DescribeAccountAttributes",
      "privesc": false,
      "resource_exposure": false
    },
    {
      "access_level": "List",
      "action": "ec2:DescribeInstances",
      "condition": null,
      "credentials_exposure": false,
      "data_access": false,
      "effective_action": "ec2:DescribeInstances",
      "privesc": false,
      "resource_exposure": false
    },
    {
      "access_level": "List",
      "action": "ec2:DescribeInstanceStatus",
      "condition": null,
      "credentials_exposure": false,
      "data_access": false,
      "effective_action": "ec2:DescribeInstanceStatus",
      "privesc": false,
      "resource_exposure": false
    },
    {
      "access_level": "List",
      "action": "ec2:DescribeInstanceAttribute",
      "condition": null,
      "credentials_exposure": false,
      "data_access": false,
      "effective_action": "ec2:DescribeInstanceAttribute",
      "privesc": false,
      "resource_exposure": false
    },
    {
      "access_level": "List",
      "action": "ec2:DescribeSubnets",
      "condition": null,
      "credentials_exposure": false,
      "data_access": false,
      "effective_action": "ec2:DescribeSubnets",
      "privesc": false,
      "resource_exposure": false
    },
    {
      "access_level": "List",
      "action": "ec2:DescribeSecurityGroups",
      "condition": null,
      "credentials_exposure": false,
      "data_access": false,
      "effective_action": "ec2:DescribeSecurityGroups",
      "privesc": false,
      "resource_exposure": false
    },
    {
      "access_level": "List",
      "action": "ec2:DescribeKeyPairs",
      "condition": null,
      "credentials_exposure": false,
      "data_access": false,
      "effective_action": "ec2:DescribeKeyPairs",
      "privesc": false,
      "resource_exposure": false
    },
    {
      "access_level": "List",
      "action": "ec2:DescribeImages",
      "condition": null,
      "credentials_exposure": false,
      "data_access": false,
      "effective_action": "ec2:DescribeImages",
      "privesc": false,
      "resource_exposure": false
    },
    {
      "access_level": "List",
      "action": "ec2:DescribeImageAttribute",
      "condition": null,
      "credentials_exposure": false,
      "data_access": false,
      "effective_action": "ec2:DescribeImageAttribute",
      "privesc": false,
      "resource_exposure": false
    },
    {
      "access_level": "List",
      "action": "ec2:DescribeSpotInstanceRequests",
      "condition": null,
      "credentials_exposure": false,
      "data_access": false,
      "effective_action": "ec2:DescribeSpotInstanceRequests",
      "privesc": false,
      "resource_exposure": false
    },
    {
      "access_level": "List",
      "action": "ec2:DescribeSpotFleetInstances",
      "condition": null,
      "credentials_exposure": false,
      "data_access": false,
      "effective_action": "ec2:DescribeSpotFleetInstances",
      "privesc": false,
      "resource_exposure": false
    },
    {
      "access_level": "List",
      "action": "ec2:DescribeSpotFleetRequests",
      "condition": null,
      "credentials_exposure": false,
      "data_access": false,
      "effective_action": "ec2:DescribeSpotFleetRequests",
      "privesc": false,
      "resource_exposure": false
    },
    {
      "access_level": "List",
      "action": "ec2:DescribeSpotPriceHistory",
      "condition": null,
      "credentials_exposure": false,
      "data_access": false,
      "effective_action": "ec2:DescribeSpotPriceHistory",
      "privesc": false,
      "resource_exposure": false
    },
    {
      "access_level": "List",
      "action": "ec2:DescribeSpotFleetRequestHistory",
      "condition": null,
      "credentials_exposure": false,
      "data_access": false,
      "effective_action": "ec2:DescribeSpotFleetRequestHistory",
      "privesc": false,
      "resource_exposure": false
    },
    {
      "access_level": "List",
      "action": "ec2:DescribeVpcClassicLink",
      "condition": null,
      "credentials_exposure": false,
      "data_access": false,
      "effective_action": "ec2:DescribeVpcClassicLink",
      "privesc": false,
      "resource_exposure": false
    },
    {
      "access_level": "List",
      "action": "ec2:DescribeLaunchTemplateVersions",
      "condition": null,
      "credentials_exposure": false,
      "data_access": false,
      "effective_action": "ec2:DescribeLaunchTemplateVersions",
      "privesc": false,
      "resource_exposure": false
    },
    {
      "access_level": "Write",
      "action": "ec2:CreateLaunchTemplate",
      "condition": null,
      "credentials_exposure": false,
      "data_access": false,
      "effective_action": "ec2:CreateLaunchTemplate",
      "privesc": false,
      "resource_exposure": false
    },
    {
      "access_level": "Write",
      "action": "ec2:DeleteLaunchTemplate",
      "condition": null,
      "credentials_exposure": false,
      "data_access": false,
      "effective_action": "ec2:DeleteLaunchTemplate",
      "privesc": false,
      "resource_exposure": false
    },
    {
      "access_level": "Write",
      "action": "ec2:RequestSpotFleet",
      "condition": null,
      "credentials_exposure": false,
      "data_access": false,
      "effective_action": "ec2:RequestSpotFleet",
      "privesc": false,
      "resource_exposure": false
    },
    {
      "access_level": "Write",
      "action": "ec2:CancelSpotFleetRequests",
      "condition": null,
      "credentials_exposure": false,
      "data_access": false,
      "effective_action": "ec2:CancelSpotFleetRequests",
      "privesc": false,
      "resource_exposure": false
    },
    {
      "access_level": "Write",
      "action": "ec2:ModifySpotFleetRequest",
      "condition": null,
      "credentials_exposure": false,
      "data_access": false,
      "effective_action": "ec2:ModifySpotFleetRequest",
      "privesc": false,
      "resource_exposure": false
    },
    {
      "access_level": "Write",
      "action": "ec2:TerminateInstances",
      "condition": null,
      "credentials_exposure": false,
      "data_access": false,
      "effective_action": "ec2:TerminateInstances",
      "privesc": false,
      "resource_exposure": false
    },
    {
      "access_level": "Write",
      "action": "ec2:RunInstances",
      "condition": null,
      "credentials_exposure": false,
      "data_access": false,
      "effective_action": "ec2:RunInstances",
      "privesc": false,
      "resource_exposure": false
    },
    {
      "access_level": "List",
      "action": "autoscaling:DescribeAccountLimits",
      "condition": null,
      "credentials_exposure": false,
      "data_access": false,
      "effective_action": "autoscaling:DescribeAccountLimits",
      "privesc": false,
      "resource_exposure": false
    },
    {
      "access_level": "List",
      "action": "autoscaling:DescribeAutoScalingGroups",
      "condition": null,
      "credentials_exposure": false,
      "data_access": false,
      "effective_action": "autoscaling:DescribeAutoScalingGroups",
      "privesc": false,
      "resource_exposure": false
    },
    {
      "access_level": "List",
      "action": "autoscaling:DescribeLaunchConfigurations",
      "condition": null,
      "credentials_exposure": false,
      "data_access": false,
      "effective_action": "autoscaling:DescribeLaunchConfigurations",
      "privesc": false,
      "resource_exposure": false
    },
    {
      "access_level": "List",
      "action": "autoscaling:DescribeAutoScalingInstances",
      "condition": null,
      "credentials_exposure": false,
      "data_access": false,
      "effective_action": "autoscaling:DescribeAutoScalingInstances",
      "privesc": false,
      "resource_exposure": false
    },
    {
      "access_level": "List",
      "action": "autoscaling:DescribeScalingActivities",
      "condition": null,
      "credentials_exposure": false,
      "data_access": false,
      "effective_action": "autoscaling:DescribeScalingActivities",
      "privesc": false,
      "resource_exposure": false
    },
    {
      "access_level": "Write",
      "action": "autoscaling:CreateLaunchConfiguration",
      "condition": null,
      "credentials_exposure": false,
      "data_access": false,
      "effective_action": "autoscaling:CreateLaunchConfiguration",
      "privesc": false,
      "resource_exposure": false
    },
    {
      "access_level": "Write",
      "action": "autoscaling:CreateAutoScalingGroup",
      "condition": null,
      "credentials_exposure": false,
      "data_access": false,
      "effective_action": "autoscaling:CreateAutoScalingGroup",
      "privesc": false,
      "resource_exposure": false
    },
    {
      "access_level": "Write",
      "action": "autoscaling:UpdateAutoScalingGroup",
      "condition": null,
      "credentials_exposure": false,
      "data_access": false,
      "effective_action": "autoscaling:UpdateAutoScalingGroup",
      "privesc": false,
      "resource_exposure": false
    },
    {
      "access_level": "Write",
      "action": "autoscaling:SetDesiredCapacity",
      "condition": null,
      "credentials_exposure": false,
      "data_access": false,
      "effective_action": "autoscaling:SetDesiredCapacity",
      "privesc": false,
      "resource_exposure": false
    },
    {
      "access_level": "Write",
      "action": "autoscaling:DeleteLaunchConfiguration",
      "condition": null,
      "credentials_exposure": false,
      "data_access": false,
      "effective_action": "autoscaling:DeleteLaunchConfiguration",
      "privesc": false,
      "resource_exposure": false
    },
    {
      "access_level": "Write",
      "action": "autoscaling:DeleteAutoScalingGroup",
      "condition": null,
      "credentials_exposure": false,
      "data_access": false,
      "effective_action": "autoscaling:DeleteAutoScalingGroup",
      "privesc": false,
      "resource_exposure": false
    },
    {
      "access_level": "Tagging",
      "action": "autoscaling:CreateOrUpdateTags",
      "condition": null,
      "credentials_exposure": false,
      "data_access": false,
      "effective_action": "autoscaling:CreateOrUpdateTags",
      "privesc": false,
      "resource_exposure": false
    },
    {
      "access_level": "Write",
      "action": "autoscaling:SuspendProcesses",
      "condition": null,
      "credentials_exposure": false,
      "data_access": false,
      "effective_action": "autoscaling:SuspendProcesses",
      "privesc": false,
      "resource_exposure": false
    },
    {
      "access_level": "Write",
      "action": "autoscaling:PutNotificationConfiguration",
      "condition": null,
      "credentials_exposure": false,
      "data_access": false,
      "effective_action": "autoscaling:PutNotificationConfiguration",
      "privesc": false,
      "resource_exposure": false
    },
    {
      "access_level": "Write",
      "action": "autoscaling:TerminateInstanceInAutoScalingGroup",
      "condition": null,
      "credentials_exposure": false,
      "data_access": false,
      "effective_action": "autoscaling:TerminateInstanceInAutoScalingGroup",
      "privesc": false,
      "resource_exposure": false
    },
    {
      "access_level": "Read",
      "action": "ecs:DescribeClusters",
      "condition": null,
      "credentials_exposure": false,
      "data_access": false,
      "effective_action": "ecs:DescribeClusters",
      "privesc": false,
      "resource_exposure": false
    },
    {
      "access_level": "Read",
      "action": "ecs:DescribeContainerInstances",
      "condition": null,
      "credentials_exposure": false,
      "data_access": false,
      "effective_action": "ecs:DescribeContainerInstances",
      "privesc": false,
      "resource_exposure": false
    },
    {
      "access_level": "Read",
      "action": "ecs:DescribeTaskDefinition",
      "condition": null,
      "credentials_exposure": false,
      "data_access": false,
      "effective_action": "ecs:DescribeTaskDefinition",
      "privesc": false,
      "resource_exposure": false
    },
    {
      "access_level": "Read",
      "action": "ecs:DescribeTasks",
      "condition": null,
      "credentials_exposure": false,
      "data_access": false,
      "effective_action": "ecs:DescribeTasks",
      "privesc": false,
      "resource_exposure": false
    },
    {
      "access_level": "Read",
      "action": "ecs:ListAccountSettings",
      "condition": null,
      "credentials_exposure": false,
      "data_access": false,
      "effective_action": "ecs:ListAccountSettings",
      "privesc": false,
      "resource_exposure": false
    },
    {
      "access_level": "List",
      "action": "ecs:ListClusters",
      "condition": null,
      "credentials_exposure": false,
      "data_access": false,
      "effective_action": "ecs:ListClusters",
      "privesc": false,
      "resource_exposure": false
    },
    {
      "access_level": "List",
      "action": "ecs:ListContainerInstances",
      "condition": null,
      "credentials_exposure": false,
      "data_access": false,
      "effective_action": "ecs:ListContainerInstances",
      "privesc": false,
      "resource_exposure": false
    },
    {
      "access_level": "List",
      "action": "ecs:ListTaskDefinitionFamilies",
      "condition": null,
      "credentials_exposure": false,
      "data_access": false,
      "effective_action": "ecs:ListTaskDefinitionFamilies",
      "privesc": false,
      "resource_exposure": false
    },
    {
      "access_level": "List",
      "action": "ecs:ListTaskDefinitions",
      "condition": null,
      "credentials_exposure": false,
      "data_access": false,
      "effective_action": "ecs:ListTaskDefinitions",
      "privesc": false,
      "resource_exposure": false
    },
    {
      "access_level": "List",
      "action": "ecs:ListTasks",
      "condition": null,
      "credentials_exposure": false,
      "data_access": false,
      "effective_action": "ecs:ListTasks",
      "privesc": false,
      "resource_exposure": false
    },
    {
      "access_level": "Write",
      "action": "ecs:CreateCluster",
      "condition": null,
      "credentials_exposure": false,
      "data_access": false,
      "effective_action": "ecs:CreateCluster",
      "privesc": false,
      "resource_exposure": false
    },
    {
      "access_level": "Write",
      "action": "ecs:DeleteCluster",
      "condition": null,
      "credentials_exposure": false,
      "data_access": false,
      "effective_action": "ecs:DeleteCluster",
      "privesc": false,
      "resource_exposure": false
    },
    {
      "access_level": "Write",
      "action": "ecs:RegisterTaskDefinition",
      "condition": null,
      "credentials_exposure": false,
      "data_access": false,
      "effective_action": "ecs:RegisterTaskDefinition",
      "privesc": false,
      "resource_exposure": false
    },
    {
      "access_level": "Write",
      "action": "ecs:DeregisterTaskDefinition",
      "condition": null,
      "credentials_exposure": false,
      "data_access": false,
      "effective_action": "ecs:DeregisterTaskDefinition",
      "privesc": false,
      "resource_exposure": false
    },
    {
      "access_level": "Write",
      "action": "ecs:RunTask",
      "condition": null,
      "credentials_exposure": false,
      "data_access": false,
      "effective_action": "ecs:RunTask",
      "privesc": false,
      "resource_exposure": false
    },
    {
      "access_level": "Write",
      "action": "ecs:StartTask",
      "condition": null,
      "credentials_exposure": false,
      "data_access": false,
      "effective_action": "ecs:StartTask",
      "privesc": false,
      "resource_exposure": false
    },
    {
      "access_level": "Write",
      "action": "ecs:StopTask",
      "condition": null,
      "credentials_exposure": false,
      "data_access": false,
      "effective_action": "ecs:StopTask",
      "privesc": false,
      "resource_exposure": false
    },
    {
      "access_level": "Write",
      "action": "ecs:UpdateContainerAgent",
      "condition": null,
      "credentials_exposure": false,
      "data_access": false,
      "effective_action": "ecs:UpdateContainerAgent",
      "privesc": false,
      "resource_exposure": false
    },
    {
      "access_level": "Write",
      "action": "ecs:DeregisterContainerInstance",
      "condition": null,
      "credentials_exposure": false,
      "data_access": false,
      "effective_action": "ecs:DeregisterContainerInstance",
      "privesc": false,
      "resource_exposure": false
    },
    {
      "access_level": "Write",
      "action": "logs:CreateLogGroup",
      "condition": null,
      "credentials_exposure": false,
      "data_access": false,
      "effective_action": "logs:CreateLogGroup",
      "privesc": false,
      "resource_exposure": false
    },
    {
      "access_level": "Write",
      "action": "logs:CreateLogStream",
      "condition": null,
      "credentials_exposure": false,
      "data_access": false,
      "effective_action": "logs:CreateLogStream",
      "privesc": false,
      "resource_exposure": false
    },
    {
      "access_level": "Write",
      "action": "logs:PutLogEvents",
      "condition": null,
      "credentials_exposure": false,
      "data_access": false,
      "effective_action": "logs:PutLogEvents",
      "privesc": false,
      "resource_exposure": false
    },
    {
      "access_level": "List",
      "action": "logs:DescribeLogGroups",
      "condition": null,
      "credentials_exposure": false,
      "data_access": false,
      "effective_action": "logs:DescribeLogGroups",
      "privesc": false,
      "resource_exposure": false
    },
    {
      "access_level": "Read",
      "action": "iam:GetInstanceProfile",
      "condition": null,
      "credentials_exposure": false,
      "data_access": false,
      "effective_action": "iam:GetInstanceProfile",
      "privesc": false,
      "resource_exposure": false
    },
    {
      "access_level": "Read",
      "action": "iam:GetRole",
      "condition": null,
      "credentials_exposure": false,
      "data_access": false,
      "effective_action": "iam:GetRole",
      "privesc": false,
      "resource_exposure": false
    },
    {
      "access_level": "Tagging",
      "action": "ecs:TagResource",
      "condition": null,
      "credentials_exposure": false,
      "data_access": false,
      "effective_action": "ecs:TagResource",
      "privesc": false,
      "resource_exposure": false
    },
    {
      "access_level": "Permissions management",
      "action": "iam:PassRole",
      "condition": {
        "StringEquals": {
          "iam:PassedToService": [
            "ec2.amazonaws.com",
            "ec2.amazonaws.com.cn",
            "ecs-tasks.amazonaws.com"
          ]
        }
      },
      "credentials_exposure": false,
      "data_access": false,
      "effective_action": "iam:PassRole",
      "privesc": true,
      "resource_exposure": true
    },
    {
      "access_level": "Permissions management",
      "action": "iam:CreateServiceLinkedRole",
      "condition": {
        "StringEquals": {
          "iam:AWSServiceName": [
            "spot.amazonaws.com",
            "spotfleet.amazonaws.com",
            "autoscaling.amazonaws.com",
            "ecs.amazonaws.com"
          ]
        }
      },
      "credentials_exposure": false,
      "data_access": false,
      "effective_action": "iam:CreateServiceLinkedRole",
      "privesc": true,
      "resource_exposure": true
    },
    {
      "access_level": "Tagging",
      "action": "ec2:CreateTags",
      "condition": {
        "StringEquals": {
          "ec2:CreateAction": "RunInstances"
        }
      },
      "credentials_exposure": false,
      "data_access": false,
      "effective_action": "ec2:CreateTags",
      "privesc": false,
      "resource_exposure": false
    }
  ],
  "grantless": false,
  "malformed": false,
  "name": "AWSBatchServiceRole",
  "privesc": true,
  "resource_exposure": true,
  "undocumented_actions": false,
  "unknown_actions": [],
  "updatedate": "2023-12-05T18:49:44+00:00",
  "version": "v13"
}