{
  "access_levels": [
    "List",
    "Write"
  ],
  "arn": "arn:aws:iam::aws:policy/AWSBudgetsActions_RolePolicyForResourceAdministrationWithSSM",
  "createdate": "2022-05-25T19:03:30Z",
  "credentials_exposure": false,
  "data_access": false,
  "deprecated": false,
  "document": {
    "Statement": [
      {
        "Action": [
          "ec2:DescribeInstanceStatus",
          "ec2:StartInstances",
          "ec2:StopInstances",
          "rds:DescribeDBInstances",
          "rds:StartDBInstance",
          "rds:StopDBInstance"
        ],
        "Condition": {
          "ForAnyValue:StringEquals": {
            "aws:CalledVia": [
              "ssm.amazonaws.com"
            ]
          }
        },
        "Effect": "Allow",
        "Resource": "*"
      },
      {
        "Action": [
          "ssm:StartAutomationExecution"
        ],
        "Effect": "Allow",
        "Resource": [
          "arn:aws:ssm:*:*:automation-definition/AWS-StartEC2Instance:*",
          "arn:aws:ssm:*:*:automation-definition/AWS-StopEC2Instance:*",
          "arn:aws:ssm:*:*:automation-definition/AWS-StartRdsInstance:*",
          "arn:aws:ssm:*:*:automation-definition/AWS-StopRdsInstance:*"
        ]
      }
    ],
    "Version": "2012-10-17"
  },
  "effective_actions": [
    {
      "access_level": "List",
      "action": "ec2:DescribeInstanceStatus",
      "condition": {
        "ForAnyValue:StringEquals": {
          "aws:CalledVia": [
            "ssm.amazonaws.com"
          ]
        }
      },
      "credentials_exposure": false,
      "data_access": false,
      "effective_action": "ec2:DescribeInstanceStatus",
      "privesc": false,
      "resource_exposure": false
    },
    {
      "access_level": "Write",
      "action": "ec2:StartInstances",
      "condition": {
        "ForAnyValue:StringEquals": {
          "aws:CalledVia": [
            "ssm.amazonaws.com"
          ]
        }
      },
      "credentials_exposure": false,
      "data_access": false,
      "effective_action": "ec2:StartInstances",
      "privesc": false,
      "resource_exposure": false
    },
    {
      "access_level": "Write",
      "action": "ec2:StopInstances",
      "condition": {
        "ForAnyValue:StringEquals": {
          "aws:CalledVia": [
            "ssm.amazonaws.com"
          ]
        }
      },
      "credentials_exposure": false,
      "data_access": false,
      "effective_action": "ec2:StopInstances",
      "privesc": false,
      "resource_exposure": false
    },
    {
      "access_level": "List",
      "action": "rds:DescribeDBInstances",
      "condition": {
        "ForAnyValue:StringEquals": {
          "aws:CalledVia": [
            "ssm.amazonaws.com"
          ]
        }
      },
      "credentials_exposure": false,
      "data_access": false,
      "effective_action": "rds:DescribeDBInstances",
      "privesc": false,
      "resource_exposure": false
    },
    {
      "access_level": "Write",
      "action": "rds:StartDBInstance",
      "condition": {
        "ForAnyValue:StringEquals": {
          "aws:CalledVia": [
            "ssm.amazonaws.com"
          ]
        }
      },
      "credentials_exposure": false,
      "data_access": false,
      "effective_action": "rds:StartDBInstance",
      "privesc": false,
      "resource_exposure": false
    },
    {
      "access_level": "Write",
      "action": "rds:StopDBInstance",
      "condition": {
        "ForAnyValue:StringEquals": {
          "aws:CalledVia": [
            "ssm.amazonaws.com"
          ]
        }
      },
      "credentials_exposure": false,
      "data_access": false,
      "effective_action": "rds:StopDBInstance",
      "privesc": false,
      "resource_exposure": false
    },
    {
      "access_level": "Write",
      "action": "ssm:StartAutomationExecution",
      "condition": null,
      "credentials_exposure": false,
      "data_access": false,
      "effective_action": "ssm:StartAutomationExecution",
      "privesc": false,
      "resource_exposure": false
    }
  ],
  "grantless": false,
  "malformed": false,
  "name": "AWSBudgetsActions_RolePolicyForResourceAdministrationWithSSM",
  "privesc": false,
  "resource_exposure": false,
  "undocumented_actions": false,
  "unknown_actions": [],
  "updatedate": "2022-05-25T19:03:30+00:00",
  "version": "v1"
}