{
  "access_levels": [
    "List",
    "Read",
    "Write",
    "Permissions management"
  ],
  "arn": "arn:aws:iam::aws:policy/AWSBackupSearchOperatorAccess",
  "createdate": "2025-03-25T19:52:05Z",
  "credentials_exposure": false,
  "data_access": false,
  "deprecated": false,
  "document": {
    "Statement": [
      {
        "Action": [
          "backup-search:StartSearchJob",
          "backup-search:ListSearchJobs",
          "backup-search:ListSearchResultExportJobs",
          "backup:ListIndexedRecoveryPointsForSearch"
        ],
        "Effect": "Allow",
        "Resource": "*",
        "Sid": "StartSearchAndListPermissions"
      },
      {
        "Action": [
          "backup:SearchRecoveryPoint"
        ],
        "Effect": "Allow",
        "Resource": [
          "arn:aws:ec2:*::snapshot/*",
          "arn:aws:backup:*:*:recovery-point:*"
        ],
        "Sid": "BackupSearchRecoveryPointPermissions"
      },
      {
        "Action": [
          "backup-search:StartSearchResultExportJob",
          "backup-search:StopSearchJob",
          "backup-search:GetSearchJob",
          "backup-search:GetSearchResultExportJob",
          "backup-search:ListSearchJobResults",
          "backup-search:ListSearchJobBackups"
        ],
        "Effect": "Allow",
        "Resource": [
          "arn:aws:backup-search:*:*:search-job/*",
          "arn:aws:backup-search:*:*:search-export-job/*"
        ],
        "Sid": "SearchAndExportPermissions"
      },
      {
        "Action": [
          "kms:Decrypt",
          "kms:GenerateDataKey"
        ],
        "Condition": {
          "ForAllValues:StringEquals": {
            "kms:EncryptionContextKeys": [
              "aws:backup-search:search-job"
            ]
          },
          "StringLike": {
            "kms:ViaService": [
              "backup.*.amazonaws.com"
            ]
          }
        },
        "Effect": "Allow",
        "Resource": "arn:aws:kms:*:*:key/*",
        "Sid": "KMSDataKeyForSearchAndExportPermissions"
      }
    ],
    "Version": "2012-10-17"
  },
  "effective_actions": [
    {
      "access_level": "Write",
      "action": "backup-search:StartSearchJob",
      "condition": null,
      "credentials_exposure": false,
      "data_access": false,
      "effective_action": "backup-search:StartSearchJob",
      "privesc": false,
      "resource_exposure": false
    },
    {
      "access_level": "List",
      "action": "backup-search:ListSearchJobs",
      "condition": null,
      "credentials_exposure": false,
      "data_access": false,
      "effective_action": "backup-search:ListSearchJobs",
      "privesc": false,
      "resource_exposure": false
    },
    {
      "access_level": "List",
      "action": "backup-search:ListSearchResultExportJobs",
      "condition": null,
      "credentials_exposure": false,
      "data_access": false,
      "effective_action": "backup-search:ListSearchResultExportJobs",
      "privesc": false,
      "resource_exposure": false
    },
    {
      "access_level": "Permissions management",
      "action": "backup:ListIndexedRecoveryPointsForSearch",
      "condition": null,
      "credentials_exposure": false,
      "data_access": false,
      "effective_action": "backup:ListIndexedRecoveryPointsForSearch",
      "privesc": false,
      "resource_exposure": false
    },
    {
      "access_level": "Permissions management",
      "action": "backup:SearchRecoveryPoint",
      "condition": null,
      "credentials_exposure": false,
      "data_access": false,
      "effective_action": "backup:SearchRecoveryPoint",
      "privesc": false,
      "resource_exposure": false
    },
    {
      "access_level": "Write",
      "action": "backup-search:StartSearchResultExportJob",
      "condition": null,
      "credentials_exposure": false,
      "data_access": false,
      "effective_action": "backup-search:StartSearchResultExportJob",
      "privesc": false,
      "resource_exposure": false
    },
    {
      "access_level": "Write",
      "action": "backup-search:StopSearchJob",
      "condition": null,
      "credentials_exposure": false,
      "data_access": false,
      "effective_action": "backup-search:StopSearchJob",
      "privesc": false,
      "resource_exposure": false
    },
    {
      "access_level": "Read",
      "action": "backup-search:GetSearchJob",
      "condition": null,
      "credentials_exposure": false,
      "data_access": false,
      "effective_action": "backup-search:GetSearchJob",
      "privesc": false,
      "resource_exposure": false
    },
    {
      "access_level": "Read",
      "action": "backup-search:GetSearchResultExportJob",
      "condition": null,
      "credentials_exposure": false,
      "data_access": false,
      "effective_action": "backup-search:GetSearchResultExportJob",
      "privesc": false,
      "resource_exposure": false
    },
    {
      "access_level": "Read",
      "action": "backup-search:ListSearchJobResults",
      "condition": null,
      "credentials_exposure": false,
      "data_access": false,
      "effective_action": "backup-search:ListSearchJobResults",
      "privesc": false,
      "resource_exposure": false
    },
    {
      "access_level": "Read",
      "action": "backup-search:ListSearchJobBackups",
      "condition": null,
      "credentials_exposure": false,
      "data_access": false,
      "effective_action": "backup-search:ListSearchJobBackups",
      "privesc": false,
      "resource_exposure": false
    },
    {
      "access_level": "Write",
      "action": "kms:Decrypt",
      "condition": {
        "ForAllValues:StringEquals": {
          "kms:EncryptionContextKeys": [
            "aws:backup-search:search-job"
          ]
        },
        "StringLike": {
          "kms:ViaService": [
            "backup.*.amazonaws.com"
          ]
        }
      },
      "credentials_exposure": false,
      "data_access": false,
      "effective_action": "kms:Decrypt",
      "privesc": false,
      "resource_exposure": false
    },
    {
      "access_level": "Write",
      "action": "kms:GenerateDataKey",
      "condition": {
        "ForAllValues:StringEquals": {
          "kms:EncryptionContextKeys": [
            "aws:backup-search:search-job"
          ]
        },
        "StringLike": {
          "kms:ViaService": [
            "backup.*.amazonaws.com"
          ]
        }
      },
      "credentials_exposure": false,
      "data_access": false,
      "effective_action": "kms:GenerateDataKey",
      "privesc": false,
      "resource_exposure": false
    }
  ],
  "grantless": false,
  "malformed": false,
  "name": "AWSBackupSearchOperatorAccess",
  "privesc": false,
  "resource_exposure": false,
  "undocumented_actions": false,
  "unknown_actions": [],
  "updatedate": "2025-03-25T19:52:05+00:00",
  "version": "v2"
}