{
  "access_levels": [
    "List",
    "Read",
    "Tagging",
    "Write",
    "Permissions management"
  ],
  "arn": "arn:aws:iam::aws:policy/aws-service-role/AWSBatchServiceRolePolicyForSageMaker",
  "createdate": "2025-07-15T21:37:06Z",
  "credentials_exposure": false,
  "data_access": true,
  "deprecated": false,
  "document": {
    "Statement": [
      {
        "Action": [
          "sagemaker:CreateTrainingJob",
          "sagemaker:DescribeTrainingJob",
          "sagemaker:StopTrainingJob",
          "sagemaker:ListTags"
        ],
        "Effect": "Allow",
        "Resource": "arn:aws:sagemaker:*:*:training-job/AWSBatch*"
      },
      {
        "Action": [
          "sagemaker:CreateTrainingJob"
        ],
        "Effect": "Allow",
        "Resource": [
          "arn:aws:sagemaker:*:*:training-plan/*",
          "arn:aws:sagemaker:*:*:reserved-capacity/*"
        ]
      },
      {
        "Action": [
          "sagemaker:AddTags"
        ],
        "Condition": {
          "StringEquals": {
            "sagemaker:TaggingAction": "CreateTrainingJob"
          }
        },
        "Effect": "Allow",
        "Resource": "arn:aws:sagemaker:*:*:training-job/AWSBatch*"
      },
      {
        "Action": [
          "sagemaker:ListTrainingJobs",
          "sagemaker:Search"
        ],
        "Effect": "Allow",
        "Resource": "*"
      },
      {
        "Action": [
          "iam:PassRole"
        ],
        "Condition": {
          "StringEquals": {
            "iam:PassedToService": [
              "sagemaker.amazonaws.com"
            ]
          }
        },
        "Effect": "Allow",
        "Resource": "*"
      }
    ],
    "Version": "2012-10-17"
  },
  "effective_actions": [
    {
      "access_level": "Write",
      "action": "sagemaker:CreateTrainingJob",
      "condition": null,
      "credentials_exposure": false,
      "data_access": false,
      "effective_action": "sagemaker:CreateTrainingJob",
      "privesc": false,
      "resource_exposure": false
    },
    {
      "access_level": "Read",
      "action": "sagemaker:DescribeTrainingJob",
      "condition": null,
      "credentials_exposure": false,
      "data_access": false,
      "effective_action": "sagemaker:DescribeTrainingJob",
      "privesc": false,
      "resource_exposure": false
    },
    {
      "access_level": "Write",
      "action": "sagemaker:StopTrainingJob",
      "condition": null,
      "credentials_exposure": false,
      "data_access": false,
      "effective_action": "sagemaker:StopTrainingJob",
      "privesc": false,
      "resource_exposure": false
    },
    {
      "access_level": "List",
      "action": "sagemaker:ListTags",
      "condition": null,
      "credentials_exposure": false,
      "data_access": false,
      "effective_action": "sagemaker:ListTags",
      "privesc": false,
      "resource_exposure": false
    },
    {
      "access_level": "Write",
      "action": "sagemaker:CreateTrainingJob",
      "condition": null,
      "credentials_exposure": false,
      "data_access": false,
      "effective_action": "sagemaker:CreateTrainingJob",
      "privesc": false,
      "resource_exposure": false
    },
    {
      "access_level": "Tagging",
      "action": "sagemaker:AddTags",
      "condition": {
        "StringEquals": {
          "sagemaker:TaggingAction": "CreateTrainingJob"
        }
      },
      "credentials_exposure": false,
      "data_access": false,
      "effective_action": "sagemaker:AddTags",
      "privesc": false,
      "resource_exposure": false
    },
    {
      "access_level": "List",
      "action": "sagemaker:ListTrainingJobs",
      "condition": null,
      "credentials_exposure": false,
      "data_access": false,
      "effective_action": "sagemaker:ListTrainingJobs",
      "privesc": false,
      "resource_exposure": false
    },
    {
      "access_level": "Read",
      "action": "sagemaker:Search",
      "condition": null,
      "credentials_exposure": false,
      "data_access": true,
      "effective_action": "sagemaker:Search",
      "privesc": false,
      "resource_exposure": false
    },
    {
      "access_level": "Permissions management",
      "action": "iam:PassRole",
      "condition": {
        "StringEquals": {
          "iam:PassedToService": [
            "sagemaker.amazonaws.com"
          ]
        }
      },
      "credentials_exposure": false,
      "data_access": false,
      "effective_action": "iam:PassRole",
      "privesc": true,
      "resource_exposure": true
    }
  ],
  "grantless": false,
  "malformed": false,
  "name": "AWSBatchServiceRolePolicyForSageMaker",
  "privesc": true,
  "resource_exposure": true,
  "undocumented_actions": false,
  "unknown_actions": [],
  "updatedate": "2025-07-15T21:37:06+00:00",
  "version": "v1"
}