{
  "access_levels": [
    "List",
    "Read",
    "Tagging"
  ],
  "arn": "arn:aws:iam::aws:policy/aws-service-role/AWSBugBustServiceRolePolicy",
  "createdate": "2021-06-24T06:59:05Z",
  "credentials_exposure": false,
  "data_access": true,
  "deprecated": false,
  "document": {
    "Statement": [
      {
        "Action": [
          "codeguru-reviewer:ListRecommendations",
          "codeguru-reviewer:UntagResource",
          "codeguru-reviewer:DescribeCodeReview"
        ],
        "Condition": {
          "StringLike": {
            "aws:ResourceTag/bugbust": "enabled"
          }
        },
        "Effect": "Allow",
        "Resource": "*"
      }
    ],
    "Version": "2012-10-17"
  },
  "effective_actions": [
    {
      "access_level": "List",
      "action": "codeguru-reviewer:ListRecommendations",
      "condition": {
        "StringLike": {
          "aws:ResourceTag/bugbust": "enabled"
        }
      },
      "credentials_exposure": false,
      "data_access": false,
      "effective_action": "codeguru-reviewer:ListRecommendations",
      "privesc": false,
      "resource_exposure": false
    },
    {
      "access_level": "Tagging",
      "action": "codeguru-reviewer:UntagResource",
      "condition": {
        "StringLike": {
          "aws:ResourceTag/bugbust": "enabled"
        }
      },
      "credentials_exposure": false,
      "data_access": false,
      "effective_action": "codeguru-reviewer:UnTagResource",
      "privesc": false,
      "resource_exposure": false
    },
    {
      "access_level": "Read",
      "action": "codeguru-reviewer:DescribeCodeReview",
      "condition": {
        "StringLike": {
          "aws:ResourceTag/bugbust": "enabled"
        }
      },
      "credentials_exposure": false,
      "data_access": true,
      "effective_action": "codeguru-reviewer:DescribeCodeReview",
      "privesc": false,
      "resource_exposure": false
    }
  ],
  "grantless": false,
  "malformed": false,
  "name": "AWSBugBustServiceRolePolicy",
  "privesc": false,
  "resource_exposure": false,
  "undocumented_actions": false,
  "unknown_actions": [],
  "updatedate": "2021-06-24T06:59:05+00:00",
  "version": "v1"
}