{
  "access_levels": [
    "List",
    "Read",
    "Write"
  ],
  "arn": "arn:aws:iam::aws:policy/AWSBackupServiceRolePolicyForItemRestores",
  "createdate": "2024-12-17T18:37:06Z",
  "credentials_exposure": false,
  "data_access": false,
  "deprecated": false,
  "document": {
    "Statement": [
      {
        "Action": [
          "ec2:DescribeSnapshots"
        ],
        "Effect": "Allow",
        "Resource": "*",
        "Sid": "EBSReadOnlyPermissions"
      },
      {
        "Action": [
          "kms:DescribeKey"
        ],
        "Effect": "Allow",
        "Resource": "arn:aws:kms:*:*:key/*",
        "Sid": "KMSReadOnlyPermissions"
      },
      {
        "Action": [
          "ebs:ListSnapshotBlocks",
          "ebs:GetSnapshotBlock"
        ],
        "Effect": "Allow",
        "Resource": "arn:aws:ec2:*::snapshot/*",
        "Sid": "EBSDirectReadAPIPermissions"
      },
      {
        "Action": [
          "s3:GetBucketLocation",
          "s3:ListBucket"
        ],
        "Condition": {
          "StringEquals": {
            "aws:ResourceAccount": "${aws:PrincipalAccount}"
          }
        },
        "Effect": "Allow",
        "Resource": "arn:aws:s3:::*",
        "Sid": "S3ReadonlyPermissions"
      },
      {
        "Action": [
          "s3:PutObject",
          "s3:AbortMultipartUpload",
          "s3:ListMultipartUploadParts"
        ],
        "Condition": {
          "StringEquals": {
            "aws:ResourceAccount": "${aws:PrincipalAccount}"
          }
        },
        "Effect": "Allow",
        "Resource": "arn:aws:s3:::*/*",
        "Sid": "S3PermissionsForFileLevelRestore"
      },
      {
        "Action": [
          "kms:Decrypt",
          "kms:GenerateDataKey"
        ],
        "Condition": {
          "StringLike": {
            "kms:ViaService": [
              "ec2.*.amazonaws.com",
              "s3.*.amazonaws.com"
            ]
          }
        },
        "Effect": "Allow",
        "Resource": "arn:aws:kms:*:*:key/*",
        "Sid": "KMSDataKeyForS3AndEC2Permissions"
      }
    ],
    "Version": "2012-10-17"
  },
  "effective_actions": [
    {
      "access_level": "List",
      "action": "ec2:DescribeSnapshots",
      "condition": null,
      "credentials_exposure": false,
      "data_access": false,
      "effective_action": "ec2:DescribeSnapshots",
      "privesc": false,
      "resource_exposure": false
    },
    {
      "access_level": "Read",
      "action": "kms:DescribeKey",
      "condition": null,
      "credentials_exposure": false,
      "data_access": false,
      "effective_action": "kms:DescribeKey",
      "privesc": false,
      "resource_exposure": false
    },
    {
      "access_level": "Read",
      "action": "ebs:ListSnapshotBlocks",
      "condition": null,
      "credentials_exposure": false,
      "data_access": false,
      "effective_action": "ebs:ListSnapshotBlocks",
      "privesc": false,
      "resource_exposure": false
    },
    {
      "access_level": "Read",
      "action": "ebs:GetSnapshotBlock",
      "condition": null,
      "credentials_exposure": false,
      "data_access": false,
      "effective_action": "ebs:GetSnapshotBlock",
      "privesc": false,
      "resource_exposure": false
    },
    {
      "access_level": "Read",
      "action": "s3:GetBucketLocation",
      "condition": {
        "StringEquals": {
          "aws:ResourceAccount": "${aws:PrincipalAccount}"
        }
      },
      "credentials_exposure": false,
      "data_access": false,
      "effective_action": "s3:GetBucketLocation",
      "privesc": false,
      "resource_exposure": false
    },
    {
      "access_level": "List",
      "action": "s3:ListBucket",
      "condition": {
        "StringEquals": {
          "aws:ResourceAccount": "${aws:PrincipalAccount}"
        }
      },
      "credentials_exposure": false,
      "data_access": false,
      "effective_action": "s3:ListBucket",
      "privesc": false,
      "resource_exposure": false
    },
    {
      "access_level": "Write",
      "action": "s3:PutObject",
      "condition": {
        "StringEquals": {
          "aws:ResourceAccount": "${aws:PrincipalAccount}"
        }
      },
      "credentials_exposure": false,
      "data_access": false,
      "effective_action": "s3:PutObject",
      "privesc": false,
      "resource_exposure": false
    },
    {
      "access_level": "Write",
      "action": "s3:AbortMultipartUpload",
      "condition": {
        "StringEquals": {
          "aws:ResourceAccount": "${aws:PrincipalAccount}"
        }
      },
      "credentials_exposure": false,
      "data_access": false,
      "effective_action": "s3:AbortMultipartUpload",
      "privesc": false,
      "resource_exposure": false
    },
    {
      "access_level": "List",
      "action": "s3:ListMultipartUploadParts",
      "condition": {
        "StringEquals": {
          "aws:ResourceAccount": "${aws:PrincipalAccount}"
        }
      },
      "credentials_exposure": false,
      "data_access": false,
      "effective_action": "s3:ListMultipartUploadParts",
      "privesc": false,
      "resource_exposure": false
    },
    {
      "access_level": "Write",
      "action": "kms:Decrypt",
      "condition": {
        "StringLike": {
          "kms:ViaService": [
            "ec2.*.amazonaws.com",
            "s3.*.amazonaws.com"
          ]
        }
      },
      "credentials_exposure": false,
      "data_access": false,
      "effective_action": "kms:Decrypt",
      "privesc": false,
      "resource_exposure": false
    },
    {
      "access_level": "Write",
      "action": "kms:GenerateDataKey",
      "condition": {
        "StringLike": {
          "kms:ViaService": [
            "ec2.*.amazonaws.com",
            "s3.*.amazonaws.com"
          ]
        }
      },
      "credentials_exposure": false,
      "data_access": false,
      "effective_action": "kms:GenerateDataKey",
      "privesc": false,
      "resource_exposure": false
    }
  ],
  "grantless": false,
  "malformed": false,
  "name": "AWSBackupServiceRolePolicyForItemRestores",
  "privesc": false,
  "resource_exposure": false,
  "undocumented_actions": false,
  "unknown_actions": [],
  "updatedate": "2024-12-17T18:37:06+00:00",
  "version": "v1"
}