{
  "access_levels": [
    "Read",
    "Tagging"
  ],
  "arn": "arn:aws:iam::aws:policy/service-role/AWSBackupGatewayServiceRolePolicyForVirtualMachineMetadataSync",
  "createdate": "2022-12-15T19:43:11Z",
  "credentials_exposure": false,
  "data_access": false,
  "deprecated": false,
  "document": {
    "Statement": [
      {
        "Action": [
          "backup-gateway:ListTagsForResource"
        ],
        "Effect": "Allow",
        "Resource": "arn:aws:backup-gateway:*:*:vm/*",
        "Sid": "ListVmTags"
      },
      {
        "Action": [
          "backup-gateway:TagResource",
          "backup-gateway:UntagResource"
        ],
        "Effect": "Allow",
        "Resource": "arn:aws:backup-gateway:*:*:vm/*",
        "Sid": "VMTagPermissions"
      }
    ],
    "Version": "2012-10-17"
  },
  "effective_actions": [
    {
      "access_level": "Read",
      "action": "backup-gateway:ListTagsForResource",
      "condition": null,
      "credentials_exposure": false,
      "data_access": false,
      "effective_action": "backup-gateway:ListTagsForResource",
      "privesc": false,
      "resource_exposure": false
    },
    {
      "access_level": "Tagging",
      "action": "backup-gateway:TagResource",
      "condition": null,
      "credentials_exposure": false,
      "data_access": false,
      "effective_action": "backup-gateway:TagResource",
      "privesc": false,
      "resource_exposure": false
    },
    {
      "access_level": "Tagging",
      "action": "backup-gateway:UntagResource",
      "condition": null,
      "credentials_exposure": false,
      "data_access": false,
      "effective_action": "backup-gateway:UntagResource",
      "privesc": false,
      "resource_exposure": false
    }
  ],
  "grantless": false,
  "malformed": false,
  "name": "AWSBackupGatewayServiceRolePolicyForVirtualMachineMetadataSync",
  "privesc": false,
  "resource_exposure": false,
  "undocumented_actions": false,
  "unknown_actions": [],
  "updatedate": "2022-12-15T19:43:11+00:00",
  "version": "v1"
}