{
  "access_levels": [
    "Read"
  ],
  "arn": "arn:aws:iam::aws:policy/AWSCloudHSMReadOnlyAccess",
  "createdate": "2015-02-06T18:39:52Z",
  "credentials_exposure": false,
  "data_access": false,
  "deprecated": false,
  "document": {
    "Statement": [
      {
        "Action": [
          "cloudhsm:Get*",
          "cloudhsm:List*",
          "cloudhsm:Describe*"
        ],
        "Effect": "Allow",
        "Resource": "*"
      }
    ],
    "Version": "2012-10-17"
  },
  "effective_actions": [
    {
      "access_level": "Read",
      "action": "cloudhsm:Get*",
      "condition": null,
      "credentials_exposure": false,
      "data_access": false,
      "effective_action": "cloudhsm:GetResourcePolicy",
      "privesc": false,
      "resource_exposure": false
    },
    {
      "access_level": "Read",
      "action": "cloudhsm:List*",
      "condition": null,
      "credentials_exposure": false,
      "data_access": false,
      "effective_action": "cloudhsm:ListTags",
      "privesc": false,
      "resource_exposure": false
    },
    {
      "access_level": "Read",
      "action": "cloudhsm:Describe*",
      "condition": null,
      "credentials_exposure": false,
      "data_access": false,
      "effective_action": "cloudhsm:DescribeBackups",
      "privesc": false,
      "resource_exposure": false
    },
    {
      "access_level": "Read",
      "action": "cloudhsm:Describe*",
      "condition": null,
      "credentials_exposure": false,
      "data_access": false,
      "effective_action": "cloudhsm:DescribeClusters",
      "privesc": false,
      "resource_exposure": false
    }
  ],
  "grantless": false,
  "malformed": false,
  "name": "AWSCloudHSMReadOnlyAccess",
  "privesc": false,
  "resource_exposure": false,
  "undocumented_actions": false,
  "unknown_actions": [],
  "updatedate": "2015-02-06T18:39:52+00:00",
  "version": "v1"
}