{
  "access_levels": [
    "List",
    "Read"
  ],
  "arn": "arn:aws:iam::aws:policy/AWSCloudMapReadOnlyAccess",
  "createdate": "2023-09-20T21:47:45Z",
  "credentials_exposure": false,
  "data_access": false,
  "deprecated": false,
  "document": {
    "Statement": [
      {
        "Action": [
          "servicediscovery:Get*",
          "servicediscovery:List*",
          "servicediscovery:DiscoverInstances",
          "servicediscovery:DiscoverInstancesRevision"
        ],
        "Effect": "Allow",
        "Resource": [
          "*"
        ]
      }
    ],
    "Version": "2012-10-17"
  },
  "effective_actions": [
    {
      "access_level": "Read",
      "action": "servicediscovery:Get*",
      "condition": null,
      "credentials_exposure": false,
      "data_access": false,
      "effective_action": "servicediscovery:GetInstance",
      "privesc": false,
      "resource_exposure": false
    },
    {
      "access_level": "Read",
      "action": "servicediscovery:Get*",
      "condition": null,
      "credentials_exposure": false,
      "data_access": false,
      "effective_action": "servicediscovery:GetInstancesHealthStatus",
      "privesc": false,
      "resource_exposure": false
    },
    {
      "access_level": "Read",
      "action": "servicediscovery:Get*",
      "condition": null,
      "credentials_exposure": false,
      "data_access": false,
      "effective_action": "servicediscovery:GetNamespace",
      "privesc": false,
      "resource_exposure": false
    },
    {
      "access_level": "Read",
      "action": "servicediscovery:Get*",
      "condition": null,
      "credentials_exposure": false,
      "data_access": false,
      "effective_action": "servicediscovery:GetOperation",
      "privesc": false,
      "resource_exposure": false
    },
    {
      "access_level": "Read",
      "action": "servicediscovery:Get*",
      "condition": null,
      "credentials_exposure": false,
      "data_access": false,
      "effective_action": "servicediscovery:GetResourcePolicy",
      "privesc": false,
      "resource_exposure": false
    },
    {
      "access_level": "Read",
      "action": "servicediscovery:Get*",
      "condition": null,
      "credentials_exposure": false,
      "data_access": false,
      "effective_action": "servicediscovery:GetService",
      "privesc": false,
      "resource_exposure": false
    },
    {
      "access_level": "Read",
      "action": "servicediscovery:Get*",
      "condition": null,
      "credentials_exposure": false,
      "data_access": false,
      "effective_action": "servicediscovery:GetServiceAttributes",
      "privesc": false,
      "resource_exposure": false
    },
    {
      "access_level": "Read",
      "action": "servicediscovery:List*",
      "condition": null,
      "credentials_exposure": false,
      "data_access": false,
      "effective_action": "servicediscovery:ListInstances",
      "privesc": false,
      "resource_exposure": false
    },
    {
      "access_level": "Read",
      "action": "servicediscovery:List*",
      "condition": null,
      "credentials_exposure": false,
      "data_access": false,
      "effective_action": "servicediscovery:ListNamespaces",
      "privesc": false,
      "resource_exposure": false
    },
    {
      "access_level": "List",
      "action": "servicediscovery:List*",
      "condition": null,
      "credentials_exposure": false,
      "data_access": false,
      "effective_action": "servicediscovery:ListOperations",
      "privesc": false,
      "resource_exposure": false
    },
    {
      "access_level": "Read",
      "action": "servicediscovery:List*",
      "condition": null,
      "credentials_exposure": false,
      "data_access": false,
      "effective_action": "servicediscovery:ListServices",
      "privesc": false,
      "resource_exposure": false
    },
    {
      "access_level": "Read",
      "action": "servicediscovery:List*",
      "condition": null,
      "credentials_exposure": false,
      "data_access": false,
      "effective_action": "servicediscovery:ListTagsForResource",
      "privesc": false,
      "resource_exposure": false
    },
    {
      "access_level": "Read",
      "action": "servicediscovery:DiscoverInstances",
      "condition": null,
      "credentials_exposure": false,
      "data_access": false,
      "effective_action": "servicediscovery:DiscoverInstances",
      "privesc": false,
      "resource_exposure": false
    },
    {
      "access_level": "Read",
      "action": "servicediscovery:DiscoverInstancesRevision",
      "condition": null,
      "credentials_exposure": false,
      "data_access": false,
      "effective_action": "servicediscovery:DiscoverInstancesRevision",
      "privesc": false,
      "resource_exposure": false
    }
  ],
  "grantless": false,
  "malformed": false,
  "name": "AWSCloudMapReadOnlyAccess",
  "privesc": false,
  "resource_exposure": false,
  "undocumented_actions": false,
  "unknown_actions": [],
  "updatedate": "2023-09-20T21:47:45+00:00",
  "version": "v2"
}