{
  "access_levels": [
    "Read",
    "Write"
  ],
  "arn": "arn:aws:iam::aws:policy/service-role/AWSCodeDeployRoleForLambdaLimited",
  "createdate": "2020-08-17T17:14:14Z",
  "credentials_exposure": false,
  "data_access": true,
  "deprecated": false,
  "document": {
    "Statement": [
      {
        "Action": [
          "cloudwatch:DescribeAlarms",
          "lambda:UpdateAlias",
          "lambda:GetAlias",
          "lambda:GetProvisionedConcurrencyConfig"
        ],
        "Effect": "Allow",
        "Resource": "*"
      },
      {
        "Action": [
          "s3:GetObject",
          "s3:GetObjectVersion"
        ],
        "Effect": "Allow",
        "Resource": "arn:aws:s3:::*/CodeDeploy/*"
      },
      {
        "Action": [
          "s3:GetObject",
          "s3:GetObjectVersion"
        ],
        "Condition": {
          "StringEquals": {
            "s3:ExistingObjectTag/UseWithCodeDeploy": "true"
          }
        },
        "Effect": "Allow",
        "Resource": "*"
      },
      {
        "Action": [
          "lambda:InvokeFunction"
        ],
        "Effect": "Allow",
        "Resource": "arn:aws:lambda:*:*:function:CodeDeployHook_*"
      }
    ],
    "Version": "2012-10-17"
  },
  "effective_actions": [
    {
      "access_level": "Read",
      "action": "cloudwatch:DescribeAlarms",
      "condition": null,
      "credentials_exposure": false,
      "data_access": false,
      "effective_action": "cloudwatch:DescribeAlarms",
      "privesc": false,
      "resource_exposure": false
    },
    {
      "access_level": "Write",
      "action": "lambda:UpdateAlias",
      "condition": null,
      "credentials_exposure": false,
      "data_access": false,
      "effective_action": "lambda:UpdateAlias",
      "privesc": false,
      "resource_exposure": false
    },
    {
      "access_level": "Read",
      "action": "lambda:GetAlias",
      "condition": null,
      "credentials_exposure": false,
      "data_access": false,
      "effective_action": "lambda:GetAlias",
      "privesc": false,
      "resource_exposure": false
    },
    {
      "access_level": "Read",
      "action": "lambda:GetProvisionedConcurrencyConfig",
      "condition": null,
      "credentials_exposure": false,
      "data_access": false,
      "effective_action": "lambda:GetProvisionedConcurrencyConfig",
      "privesc": false,
      "resource_exposure": false
    },
    {
      "access_level": "Read",
      "action": "s3:GetObject",
      "condition": null,
      "credentials_exposure": false,
      "data_access": true,
      "effective_action": "s3:GetObject",
      "privesc": false,
      "resource_exposure": false
    },
    {
      "access_level": "Read",
      "action": "s3:GetObjectVersion",
      "condition": null,
      "credentials_exposure": false,
      "data_access": true,
      "effective_action": "s3:GetObjectVersion",
      "privesc": false,
      "resource_exposure": false
    },
    {
      "access_level": "Read",
      "action": "s3:GetObject",
      "condition": {
        "StringEquals": {
          "s3:ExistingObjectTag/UseWithCodeDeploy": "true"
        }
      },
      "credentials_exposure": false,
      "data_access": true,
      "effective_action": "s3:GetObject",
      "privesc": false,
      "resource_exposure": false
    },
    {
      "access_level": "Read",
      "action": "s3:GetObjectVersion",
      "condition": {
        "StringEquals": {
          "s3:ExistingObjectTag/UseWithCodeDeploy": "true"
        }
      },
      "credentials_exposure": false,
      "data_access": true,
      "effective_action": "s3:GetObjectVersion",
      "privesc": false,
      "resource_exposure": false
    },
    {
      "access_level": "Write",
      "action": "lambda:InvokeFunction",
      "condition": null,
      "credentials_exposure": false,
      "data_access": false,
      "effective_action": "lambda:InvokeFunction",
      "privesc": false,
      "resource_exposure": false
    }
  ],
  "grantless": false,
  "malformed": false,
  "name": "AWSCodeDeployRoleForLambdaLimited",
  "privesc": false,
  "resource_exposure": false,
  "undocumented_actions": false,
  "unknown_actions": [],
  "updatedate": "2020-08-17T17:14:14+00:00",
  "version": "v1"
}