{
  "access_levels": [
    "List",
    "Read"
  ],
  "arn": "arn:aws:iam::aws:policy/AWSCodePipeline_ReadOnlyAccess",
  "createdate": "2020-08-03T22:25:17Z",
  "credentials_exposure": false,
  "data_access": true,
  "deprecated": false,
  "document": {
    "Statement": [
      {
        "Action": [
          "codepipeline:GetPipeline",
          "codepipeline:GetPipelineState",
          "codepipeline:GetPipelineExecution",
          "codepipeline:ListPipelineExecutions",
          "codepipeline:ListActionExecutions",
          "codepipeline:ListActionTypes",
          "codepipeline:ListPipelines",
          "codepipeline:ListTagsForResource",
          "s3:ListAllMyBuckets",
          "codestar-notifications:ListNotificationRules",
          "codestar-notifications:ListEventTypes",
          "codestar-notifications:ListTargets"
        ],
        "Effect": "Allow",
        "Resource": "*"
      },
      {
        "Action": [
          "s3:GetObject",
          "s3:ListBucket",
          "s3:GetBucketPolicy"
        ],
        "Effect": "Allow",
        "Resource": "arn:aws:s3::*:codepipeline-*"
      },
      {
        "Action": [
          "codestar-notifications:DescribeNotificationRule"
        ],
        "Condition": {
          "StringLike": {
            "codestar-notifications:NotificationsForResource": "arn:aws:codepipeline:*"
          }
        },
        "Effect": "Allow",
        "Resource": "*",
        "Sid": "CodeStarNotificationsReadOnlyAccess"
      }
    ],
    "Version": "2012-10-17"
  },
  "effective_actions": [
    {
      "access_level": "Read",
      "action": "codepipeline:GetPipeline",
      "condition": null,
      "credentials_exposure": false,
      "data_access": false,
      "effective_action": "codepipeline:GetPipeline",
      "privesc": false,
      "resource_exposure": false
    },
    {
      "access_level": "Read",
      "action": "codepipeline:GetPipelineState",
      "condition": null,
      "credentials_exposure": false,
      "data_access": false,
      "effective_action": "codepipeline:GetPipelineState",
      "privesc": false,
      "resource_exposure": false
    },
    {
      "access_level": "Read",
      "action": "codepipeline:GetPipelineExecution",
      "condition": null,
      "credentials_exposure": false,
      "data_access": true,
      "effective_action": "codepipeline:GetPipelineExecution",
      "privesc": false,
      "resource_exposure": false
    },
    {
      "access_level": "List",
      "action": "codepipeline:ListPipelineExecutions",
      "condition": null,
      "credentials_exposure": false,
      "data_access": false,
      "effective_action": "codepipeline:ListPipelineExecutions",
      "privesc": false,
      "resource_exposure": false
    },
    {
      "access_level": "Read",
      "action": "codepipeline:ListActionExecutions",
      "condition": null,
      "credentials_exposure": false,
      "data_access": false,
      "effective_action": "codepipeline:ListActionExecutions",
      "privesc": false,
      "resource_exposure": false
    },
    {
      "access_level": "Read",
      "action": "codepipeline:ListActionTypes",
      "condition": null,
      "credentials_exposure": false,
      "data_access": false,
      "effective_action": "codepipeline:ListActionTypes",
      "privesc": false,
      "resource_exposure": false
    },
    {
      "access_level": "List",
      "action": "codepipeline:ListPipelines",
      "condition": null,
      "credentials_exposure": false,
      "data_access": false,
      "effective_action": "codepipeline:ListPipelines",
      "privesc": false,
      "resource_exposure": false
    },
    {
      "access_level": "Read",
      "action": "codepipeline:ListTagsForResource",
      "condition": null,
      "credentials_exposure": false,
      "data_access": false,
      "effective_action": "codepipeline:ListTagsForResource",
      "privesc": false,
      "resource_exposure": false
    },
    {
      "access_level": "List",
      "action": "s3:ListAllMyBuckets",
      "condition": null,
      "credentials_exposure": false,
      "data_access": false,
      "effective_action": "s3:ListAllMyBuckets",
      "privesc": false,
      "resource_exposure": false
    },
    {
      "access_level": "List",
      "action": "codestar-notifications:ListNotificationRules",
      "condition": null,
      "credentials_exposure": false,
      "data_access": false,
      "effective_action": "codestar-notifications:ListNotificationRules",
      "privesc": false,
      "resource_exposure": false
    },
    {
      "access_level": "List",
      "action": "codestar-notifications:ListEventTypes",
      "condition": null,
      "credentials_exposure": false,
      "data_access": false,
      "effective_action": "codestar-notifications:ListEventTypes",
      "privesc": false,
      "resource_exposure": false
    },
    {
      "access_level": "List",
      "action": "codestar-notifications:ListTargets",
      "condition": null,
      "credentials_exposure": false,
      "data_access": false,
      "effective_action": "codestar-notifications:ListTargets",
      "privesc": false,
      "resource_exposure": false
    },
    {
      "access_level": "Read",
      "action": "s3:GetObject",
      "condition": null,
      "credentials_exposure": false,
      "data_access": true,
      "effective_action": "s3:GetObject",
      "privesc": false,
      "resource_exposure": false
    },
    {
      "access_level": "List",
      "action": "s3:ListBucket",
      "condition": null,
      "credentials_exposure": false,
      "data_access": false,
      "effective_action": "s3:ListBucket",
      "privesc": false,
      "resource_exposure": false
    },
    {
      "access_level": "Read",
      "action": "s3:GetBucketPolicy",
      "condition": null,
      "credentials_exposure": false,
      "data_access": false,
      "effective_action": "s3:GetBucketPolicy",
      "privesc": false,
      "resource_exposure": false
    },
    {
      "access_level": "Read",
      "action": "codestar-notifications:DescribeNotificationRule",
      "condition": {
        "StringLike": {
          "codestar-notifications:NotificationsForResource": "arn:aws:codepipeline:*"
        }
      },
      "credentials_exposure": false,
      "data_access": false,
      "effective_action": "codestar-notifications:DescribeNotificationRule",
      "privesc": false,
      "resource_exposure": false
    }
  ],
  "grantless": false,
  "malformed": false,
  "name": "AWSCodePipeline_ReadOnlyAccess",
  "privesc": false,
  "resource_exposure": false,
  "undocumented_actions": false,
  "unknown_actions": [],
  "updatedate": "2020-08-03T22:25:17+00:00",
  "version": "v1"
}