{
  "access_levels": [
    "Read"
  ],
  "arn": "arn:aws:iam::aws:policy/AWSCloudMapDiscoverInstanceAccess",
  "createdate": "2023-09-20T21:48:09Z",
  "credentials_exposure": false,
  "data_access": false,
  "deprecated": false,
  "document": {
    "Statement": [
      {
        "Action": [
          "servicediscovery:DiscoverInstances",
          "servicediscovery:DiscoverInstancesRevision"
        ],
        "Effect": "Allow",
        "Resource": [
          "*"
        ]
      }
    ],
    "Version": "2012-10-17"
  },
  "effective_actions": [
    {
      "access_level": "Read",
      "action": "servicediscovery:DiscoverInstances",
      "condition": null,
      "credentials_exposure": false,
      "data_access": false,
      "effective_action": "servicediscovery:DiscoverInstances",
      "privesc": false,
      "resource_exposure": false
    },
    {
      "access_level": "Read",
      "action": "servicediscovery:DiscoverInstancesRevision",
      "condition": null,
      "credentials_exposure": false,
      "data_access": false,
      "effective_action": "servicediscovery:DiscoverInstancesRevision",
      "privesc": false,
      "resource_exposure": false
    }
  ],
  "grantless": false,
  "malformed": false,
  "name": "AWSCloudMapDiscoverInstanceAccess",
  "privesc": false,
  "resource_exposure": false,
  "undocumented_actions": false,
  "unknown_actions": [],
  "updatedate": "2023-09-20T21:48:09+00:00",
  "version": "v2"
}