{
  "access_levels": [
    "List",
    "Read",
    "Write"
  ],
  "arn": "arn:aws:iam::aws:policy/AWSCloudMapRegisterInstanceAccess",
  "createdate": "2023-09-20T21:47:06Z",
  "credentials_exposure": false,
  "data_access": false,
  "deprecated": false,
  "document": {
    "Statement": [
      {
        "Action": [
          "route53:GetHostedZone",
          "route53:ListHostedZonesByName",
          "route53:ChangeResourceRecordSets",
          "route53:CreateHealthCheck",
          "route53:GetHealthCheck",
          "route53:DeleteHealthCheck",
          "route53:UpdateHealthCheck",
          "servicediscovery:Get*",
          "servicediscovery:List*",
          "servicediscovery:RegisterInstance",
          "servicediscovery:DeregisterInstance",
          "servicediscovery:DiscoverInstances",
          "servicediscovery:DiscoverInstancesRevision",
          "ec2:DescribeInstances"
        ],
        "Effect": "Allow",
        "Resource": [
          "*"
        ]
      }
    ],
    "Version": "2012-10-17"
  },
  "effective_actions": [
    {
      "access_level": "List",
      "action": "route53:GetHostedZone",
      "condition": null,
      "credentials_exposure": false,
      "data_access": false,
      "effective_action": "route53:GetHostedZone",
      "privesc": false,
      "resource_exposure": false
    },
    {
      "access_level": "List",
      "action": "route53:ListHostedZonesByName",
      "condition": null,
      "credentials_exposure": false,
      "data_access": false,
      "effective_action": "route53:ListHostedZonesByName",
      "privesc": false,
      "resource_exposure": false
    },
    {
      "access_level": "Write",
      "action": "route53:ChangeResourceRecordSets",
      "condition": null,
      "credentials_exposure": false,
      "data_access": false,
      "effective_action": "route53:ChangeResourceRecordSets",
      "privesc": false,
      "resource_exposure": false
    },
    {
      "access_level": "Write",
      "action": "route53:CreateHealthCheck",
      "condition": null,
      "credentials_exposure": false,
      "data_access": false,
      "effective_action": "route53:CreateHealthCheck",
      "privesc": false,
      "resource_exposure": false
    },
    {
      "access_level": "Read",
      "action": "route53:GetHealthCheck",
      "condition": null,
      "credentials_exposure": false,
      "data_access": false,
      "effective_action": "route53:GetHealthCheck",
      "privesc": false,
      "resource_exposure": false
    },
    {
      "access_level": "Write",
      "action": "route53:DeleteHealthCheck",
      "condition": null,
      "credentials_exposure": false,
      "data_access": false,
      "effective_action": "route53:DeleteHealthCheck",
      "privesc": false,
      "resource_exposure": false
    },
    {
      "access_level": "Write",
      "action": "route53:UpdateHealthCheck",
      "condition": null,
      "credentials_exposure": false,
      "data_access": false,
      "effective_action": "route53:UpdateHealthCheck",
      "privesc": false,
      "resource_exposure": false
    },
    {
      "access_level": "Read",
      "action": "servicediscovery:Get*",
      "condition": null,
      "credentials_exposure": false,
      "data_access": false,
      "effective_action": "servicediscovery:GetInstance",
      "privesc": false,
      "resource_exposure": false
    },
    {
      "access_level": "Read",
      "action": "servicediscovery:Get*",
      "condition": null,
      "credentials_exposure": false,
      "data_access": false,
      "effective_action": "servicediscovery:GetInstancesHealthStatus",
      "privesc": false,
      "resource_exposure": false
    },
    {
      "access_level": "Read",
      "action": "servicediscovery:Get*",
      "condition": null,
      "credentials_exposure": false,
      "data_access": false,
      "effective_action": "servicediscovery:GetNamespace",
      "privesc": false,
      "resource_exposure": false
    },
    {
      "access_level": "Read",
      "action": "servicediscovery:Get*",
      "condition": null,
      "credentials_exposure": false,
      "data_access": false,
      "effective_action": "servicediscovery:GetOperation",
      "privesc": false,
      "resource_exposure": false
    },
    {
      "access_level": "Read",
      "action": "servicediscovery:Get*",
      "condition": null,
      "credentials_exposure": false,
      "data_access": false,
      "effective_action": "servicediscovery:GetResourcePolicy",
      "privesc": false,
      "resource_exposure": false
    },
    {
      "access_level": "Read",
      "action": "servicediscovery:Get*",
      "condition": null,
      "credentials_exposure": false,
      "data_access": false,
      "effective_action": "servicediscovery:GetService",
      "privesc": false,
      "resource_exposure": false
    },
    {
      "access_level": "Read",
      "action": "servicediscovery:Get*",
      "condition": null,
      "credentials_exposure": false,
      "data_access": false,
      "effective_action": "servicediscovery:GetServiceAttributes",
      "privesc": false,
      "resource_exposure": false
    },
    {
      "access_level": "Read",
      "action": "servicediscovery:List*",
      "condition": null,
      "credentials_exposure": false,
      "data_access": false,
      "effective_action": "servicediscovery:ListInstances",
      "privesc": false,
      "resource_exposure": false
    },
    {
      "access_level": "Read",
      "action": "servicediscovery:List*",
      "condition": null,
      "credentials_exposure": false,
      "data_access": false,
      "effective_action": "servicediscovery:ListNamespaces",
      "privesc": false,
      "resource_exposure": false
    },
    {
      "access_level": "List",
      "action": "servicediscovery:List*",
      "condition": null,
      "credentials_exposure": false,
      "data_access": false,
      "effective_action": "servicediscovery:ListOperations",
      "privesc": false,
      "resource_exposure": false
    },
    {
      "access_level": "Read",
      "action": "servicediscovery:List*",
      "condition": null,
      "credentials_exposure": false,
      "data_access": false,
      "effective_action": "servicediscovery:ListServices",
      "privesc": false,
      "resource_exposure": false
    },
    {
      "access_level": "Read",
      "action": "servicediscovery:List*",
      "condition": null,
      "credentials_exposure": false,
      "data_access": false,
      "effective_action": "servicediscovery:ListTagsForResource",
      "privesc": false,
      "resource_exposure": false
    },
    {
      "access_level": "Write",
      "action": "servicediscovery:RegisterInstance",
      "condition": null,
      "credentials_exposure": false,
      "data_access": false,
      "effective_action": "servicediscovery:RegisterInstance",
      "privesc": false,
      "resource_exposure": false
    },
    {
      "access_level": "Write",
      "action": "servicediscovery:DeregisterInstance",
      "condition": null,
      "credentials_exposure": false,
      "data_access": false,
      "effective_action": "servicediscovery:DeregisterInstance",
      "privesc": false,
      "resource_exposure": false
    },
    {
      "access_level": "Read",
      "action": "servicediscovery:DiscoverInstances",
      "condition": null,
      "credentials_exposure": false,
      "data_access": false,
      "effective_action": "servicediscovery:DiscoverInstances",
      "privesc": false,
      "resource_exposure": false
    },
    {
      "access_level": "Read",
      "action": "servicediscovery:DiscoverInstancesRevision",
      "condition": null,
      "credentials_exposure": false,
      "data_access": false,
      "effective_action": "servicediscovery:DiscoverInstancesRevision",
      "privesc": false,
      "resource_exposure": false
    },
    {
      "access_level": "List",
      "action": "ec2:DescribeInstances",
      "condition": null,
      "credentials_exposure": false,
      "data_access": false,
      "effective_action": "ec2:DescribeInstances",
      "privesc": false,
      "resource_exposure": false
    }
  ],
  "grantless": false,
  "malformed": false,
  "name": "AWSCloudMapRegisterInstanceAccess",
  "privesc": false,
  "resource_exposure": false,
  "undocumented_actions": false,
  "unknown_actions": [],
  "updatedate": "2023-09-20T21:47:06+00:00",
  "version": "v3"
}