{
  "access_levels": [
    "List",
    "Read",
    "Write"
  ],
  "arn": "arn:aws:iam::aws:policy/AWSCertificateManagerPrivateCAAuditor",
  "createdate": "2020-08-17T22:54:12Z",
  "credentials_exposure": false,
  "data_access": false,
  "deprecated": false,
  "document": {
    "Statement": [
      {
        "Action": [
          "acm-pca:CreateCertificateAuthorityAuditReport",
          "acm-pca:DescribeCertificateAuthority",
          "acm-pca:DescribeCertificateAuthorityAuditReport",
          "acm-pca:GetCertificateAuthorityCsr",
          "acm-pca:GetCertificateAuthorityCertificate",
          "acm-pca:GetCertificate",
          "acm-pca:GetPolicy",
          "acm-pca:ListPermissions",
          "acm-pca:ListTags"
        ],
        "Effect": "Allow",
        "Resource": "arn:aws:acm-pca:*:*:certificate-authority/*"
      },
      {
        "Action": [
          "acm-pca:ListCertificateAuthorities"
        ],
        "Effect": "Allow",
        "Resource": "*"
      }
    ],
    "Version": "2012-10-17"
  },
  "effective_actions": [
    {
      "access_level": "Write",
      "action": "acm-pca:CreateCertificateAuthorityAuditReport",
      "condition": null,
      "credentials_exposure": false,
      "data_access": false,
      "effective_action": "acm-pca:CreateCertificateAuthorityAuditReport",
      "privesc": false,
      "resource_exposure": false
    },
    {
      "access_level": "Read",
      "action": "acm-pca:DescribeCertificateAuthority",
      "condition": null,
      "credentials_exposure": false,
      "data_access": false,
      "effective_action": "acm-pca:DescribeCertificateAuthority",
      "privesc": false,
      "resource_exposure": false
    },
    {
      "access_level": "Read",
      "action": "acm-pca:DescribeCertificateAuthorityAuditReport",
      "condition": null,
      "credentials_exposure": false,
      "data_access": false,
      "effective_action": "acm-pca:DescribeCertificateAuthorityAuditReport",
      "privesc": false,
      "resource_exposure": false
    },
    {
      "access_level": "Read",
      "action": "acm-pca:GetCertificateAuthorityCsr",
      "condition": null,
      "credentials_exposure": false,
      "data_access": false,
      "effective_action": "acm-pca:GetCertificateAuthorityCsr",
      "privesc": false,
      "resource_exposure": false
    },
    {
      "access_level": "Read",
      "action": "acm-pca:GetCertificateAuthorityCertificate",
      "condition": null,
      "credentials_exposure": false,
      "data_access": false,
      "effective_action": "acm-pca:GetCertificateAuthorityCertificate",
      "privesc": false,
      "resource_exposure": false
    },
    {
      "access_level": "Read",
      "action": "acm-pca:GetCertificate",
      "condition": null,
      "credentials_exposure": false,
      "data_access": false,
      "effective_action": "acm-pca:GetCertificate",
      "privesc": false,
      "resource_exposure": false
    },
    {
      "access_level": "Read",
      "action": "acm-pca:GetPolicy",
      "condition": null,
      "credentials_exposure": false,
      "data_access": false,
      "effective_action": "acm-pca:GetPolicy",
      "privesc": false,
      "resource_exposure": false
    },
    {
      "access_level": "Read",
      "action": "acm-pca:ListPermissions",
      "condition": null,
      "credentials_exposure": false,
      "data_access": false,
      "effective_action": "acm-pca:ListPermissions",
      "privesc": false,
      "resource_exposure": false
    },
    {
      "access_level": "Read",
      "action": "acm-pca:ListTags",
      "condition": null,
      "credentials_exposure": false,
      "data_access": false,
      "effective_action": "acm-pca:ListTags",
      "privesc": false,
      "resource_exposure": false
    },
    {
      "access_level": "List",
      "action": "acm-pca:ListCertificateAuthorities",
      "condition": null,
      "credentials_exposure": false,
      "data_access": false,
      "effective_action": "acm-pca:ListCertificateAuthorities",
      "privesc": false,
      "resource_exposure": false
    }
  ],
  "grantless": false,
  "malformed": false,
  "name": "AWSCertificateManagerPrivateCAAuditor",
  "privesc": false,
  "resource_exposure": false,
  "undocumented_actions": false,
  "unknown_actions": [],
  "updatedate": "2020-08-17T22:54:12+00:00",
  "version": "v4"
}