{
  "access_levels": [
    "List",
    "Read"
  ],
  "arn": "arn:aws:iam::aws:policy/AWSCleanRoomsMLReadOnlyAccess",
  "createdate": "2025-01-10T20:52:06Z",
  "credentials_exposure": false,
  "data_access": false,
  "deprecated": false,
  "document": {
    "Statement": [
      {
        "Action": [
          "cleanrooms:GetCollaboration",
          "cleanrooms:GetConfiguredAudienceModelAssociation",
          "cleanrooms:GetMembership",
          "cleanrooms:ListAnalysisTemplates",
          "cleanrooms:ListCollaborationAnalysisTemplates",
          "cleanrooms:ListCollaborationConfiguredAudienceModelAssociations",
          "cleanrooms:ListCollaborations",
          "cleanrooms:ListConfiguredTableAssociations",
          "cleanrooms:ListConfiguredTables",
          "cleanrooms:ListMembers",
          "cleanrooms:ListMemberships",
          "cleanrooms:ListProtectedQueries",
          "cleanrooms:ListSchemas",
          "cleanrooms:ListTagsForResource"
        ],
        "Effect": "Allow",
        "Resource": "*",
        "Sid": "CleanRoomsConsoleNavigation"
      },
      {
        "Action": [
          "cleanrooms-ml:Get*",
          "cleanrooms-ml:List*"
        ],
        "Effect": "Allow",
        "Resource": "*",
        "Sid": "CleanRoomsMLRead"
      },
      {
        "Action": [
          "cleanrooms:PassMembership",
          "cleanrooms:PassCollaboration"
        ],
        "Effect": "Allow",
        "Resource": "*",
        "Sid": "PassCleanRoomsResources"
      }
    ],
    "Version": "2012-10-17"
  },
  "effective_actions": [
    {
      "access_level": "Read",
      "action": "cleanrooms:GetCollaboration",
      "condition": null,
      "credentials_exposure": false,
      "data_access": false,
      "effective_action": "cleanrooms:GetCollaboration",
      "privesc": false,
      "resource_exposure": false
    },
    {
      "access_level": "Read",
      "action": "cleanrooms:GetConfiguredAudienceModelAssociation",
      "condition": null,
      "credentials_exposure": false,
      "data_access": false,
      "effective_action": "cleanrooms:GetConfiguredAudienceModelAssociation",
      "privesc": false,
      "resource_exposure": false
    },
    {
      "access_level": "Read",
      "action": "cleanrooms:GetMembership",
      "condition": null,
      "credentials_exposure": false,
      "data_access": false,
      "effective_action": "cleanrooms:GetMembership",
      "privesc": false,
      "resource_exposure": false
    },
    {
      "access_level": "List",
      "action": "cleanrooms:ListAnalysisTemplates",
      "condition": null,
      "credentials_exposure": false,
      "data_access": false,
      "effective_action": "cleanrooms:ListAnalysisTemplates",
      "privesc": false,
      "resource_exposure": false
    },
    {
      "access_level": "List",
      "action": "cleanrooms:ListCollaborationAnalysisTemplates",
      "condition": null,
      "credentials_exposure": false,
      "data_access": false,
      "effective_action": "cleanrooms:ListCollaborationAnalysisTemplates",
      "privesc": false,
      "resource_exposure": false
    },
    {
      "access_level": "List",
      "action": "cleanrooms:ListCollaborationConfiguredAudienceModelAssociations",
      "condition": null,
      "credentials_exposure": false,
      "data_access": false,
      "effective_action": "cleanrooms:ListCollaborationConfiguredAudienceModelAssociations",
      "privesc": false,
      "resource_exposure": false
    },
    {
      "access_level": "List",
      "action": "cleanrooms:ListCollaborations",
      "condition": null,
      "credentials_exposure": false,
      "data_access": false,
      "effective_action": "cleanrooms:ListCollaborations",
      "privesc": false,
      "resource_exposure": false
    },
    {
      "access_level": "List",
      "action": "cleanrooms:ListConfiguredTableAssociations",
      "condition": null,
      "credentials_exposure": false,
      "data_access": false,
      "effective_action": "cleanrooms:ListConfiguredTableAssociations",
      "privesc": false,
      "resource_exposure": false
    },
    {
      "access_level": "List",
      "action": "cleanrooms:ListConfiguredTables",
      "condition": null,
      "credentials_exposure": false,
      "data_access": false,
      "effective_action": "cleanrooms:ListConfiguredTables",
      "privesc": false,
      "resource_exposure": false
    },
    {
      "access_level": "List",
      "action": "cleanrooms:ListMembers",
      "condition": null,
      "credentials_exposure": false,
      "data_access": false,
      "effective_action": "cleanrooms:ListMembers",
      "privesc": false,
      "resource_exposure": false
    },
    {
      "access_level": "List",
      "action": "cleanrooms:ListMemberships",
      "condition": null,
      "credentials_exposure": false,
      "data_access": false,
      "effective_action": "cleanrooms:ListMemberships",
      "privesc": false,
      "resource_exposure": false
    },
    {
      "access_level": "List",
      "action": "cleanrooms:ListProtectedQueries",
      "condition": null,
      "credentials_exposure": false,
      "data_access": false,
      "effective_action": "cleanrooms:ListProtectedQueries",
      "privesc": false,
      "resource_exposure": false
    },
    {
      "access_level": "List",
      "action": "cleanrooms:ListSchemas",
      "condition": null,
      "credentials_exposure": false,
      "data_access": false,
      "effective_action": "cleanrooms:ListSchemas",
      "privesc": false,
      "resource_exposure": false
    },
    {
      "access_level": "List",
      "action": "cleanrooms:ListTagsForResource",
      "condition": null,
      "credentials_exposure": false,
      "data_access": false,
      "effective_action": "cleanrooms:ListTagsForResource",
      "privesc": false,
      "resource_exposure": false
    },
    {
      "access_level": "Read",
      "action": "cleanrooms-ml:Get*",
      "condition": null,
      "credentials_exposure": false,
      "data_access": false,
      "effective_action": "cleanrooms-ml:GetAudienceGenerationJob",
      "privesc": false,
      "resource_exposure": false
    },
    {
      "access_level": "Read",
      "action": "cleanrooms-ml:Get*",
      "condition": null,
      "credentials_exposure": false,
      "data_access": false,
      "effective_action": "cleanrooms-ml:GetAudienceModel",
      "privesc": false,
      "resource_exposure": false
    },
    {
      "access_level": "Read",
      "action": "cleanrooms-ml:Get*",
      "condition": null,
      "credentials_exposure": false,
      "data_access": false,
      "effective_action": "cleanrooms-ml:GetCollaborationConfiguredModelAlgorithmAssociation",
      "privesc": false,
      "resource_exposure": false
    },
    {
      "access_level": "Read",
      "action": "cleanrooms-ml:Get*",
      "condition": null,
      "credentials_exposure": false,
      "data_access": false,
      "effective_action": "cleanrooms-ml:GetCollaborationMLInputChannel",
      "privesc": false,
      "resource_exposure": false
    },
    {
      "access_level": "Read",
      "action": "cleanrooms-ml:Get*",
      "condition": null,
      "credentials_exposure": false,
      "data_access": false,
      "effective_action": "cleanrooms-ml:GetCollaborationTrainedModel",
      "privesc": false,
      "resource_exposure": false
    },
    {
      "access_level": "Read",
      "action": "cleanrooms-ml:Get*",
      "condition": null,
      "credentials_exposure": false,
      "data_access": false,
      "effective_action": "cleanrooms-ml:GetConfiguredAudienceModel",
      "privesc": false,
      "resource_exposure": false
    },
    {
      "access_level": "Read",
      "action": "cleanrooms-ml:Get*",
      "condition": null,
      "credentials_exposure": false,
      "data_access": false,
      "effective_action": "cleanrooms-ml:GetConfiguredAudienceModelPolicy",
      "privesc": false,
      "resource_exposure": false
    },
    {
      "access_level": "Read",
      "action": "cleanrooms-ml:Get*",
      "condition": null,
      "credentials_exposure": false,
      "data_access": false,
      "effective_action": "cleanrooms-ml:GetConfiguredModelAlgorithm",
      "privesc": false,
      "resource_exposure": false
    },
    {
      "access_level": "Read",
      "action": "cleanrooms-ml:Get*",
      "condition": null,
      "credentials_exposure": false,
      "data_access": false,
      "effective_action": "cleanrooms-ml:GetConfiguredModelAlgorithmAssociation",
      "privesc": false,
      "resource_exposure": false
    },
    {
      "access_level": "Read",
      "action": "cleanrooms-ml:Get*",
      "condition": null,
      "credentials_exposure": false,
      "data_access": false,
      "effective_action": "cleanrooms-ml:GetMLConfiguration",
      "privesc": false,
      "resource_exposure": false
    },
    {
      "access_level": "Read",
      "action": "cleanrooms-ml:Get*",
      "condition": null,
      "credentials_exposure": false,
      "data_access": false,
      "effective_action": "cleanrooms-ml:GetMLInputChannel",
      "privesc": false,
      "resource_exposure": false
    },
    {
      "access_level": "Read",
      "action": "cleanrooms-ml:Get*",
      "condition": null,
      "credentials_exposure": false,
      "data_access": false,
      "effective_action": "cleanrooms-ml:GetTrainedModel",
      "privesc": false,
      "resource_exposure": false
    },
    {
      "access_level": "Read",
      "action": "cleanrooms-ml:Get*",
      "condition": null,
      "credentials_exposure": false,
      "data_access": false,
      "effective_action": "cleanrooms-ml:GetTrainedModelInferenceJob",
      "privesc": false,
      "resource_exposure": false
    },
    {
      "access_level": "Read",
      "action": "cleanrooms-ml:Get*",
      "condition": null,
      "credentials_exposure": false,
      "data_access": false,
      "effective_action": "cleanrooms-ml:GetTrainingDataset",
      "privesc": false,
      "resource_exposure": false
    },
    {
      "access_level": "List",
      "action": "cleanrooms-ml:List*",
      "condition": null,
      "credentials_exposure": false,
      "data_access": false,
      "effective_action": "cleanrooms-ml:ListAudienceExportJobs",
      "privesc": false,
      "resource_exposure": false
    },
    {
      "access_level": "List",
      "action": "cleanrooms-ml:List*",
      "condition": null,
      "credentials_exposure": false,
      "data_access": false,
      "effective_action": "cleanrooms-ml:ListAudienceGenerationJobs",
      "privesc": false,
      "resource_exposure": false
    },
    {
      "access_level": "List",
      "action": "cleanrooms-ml:List*",
      "condition": null,
      "credentials_exposure": false,
      "data_access": false,
      "effective_action": "cleanrooms-ml:ListAudienceModels",
      "privesc": false,
      "resource_exposure": false
    },
    {
      "access_level": "List",
      "action": "cleanrooms-ml:List*",
      "condition": null,
      "credentials_exposure": false,
      "data_access": false,
      "effective_action": "cleanrooms-ml:ListCollaborationConfiguredModelAlgorithmAssociations",
      "privesc": false,
      "resource_exposure": false
    },
    {
      "access_level": "List",
      "action": "cleanrooms-ml:List*",
      "condition": null,
      "credentials_exposure": false,
      "data_access": false,
      "effective_action": "cleanrooms-ml:ListCollaborationMLInputChannels",
      "privesc": false,
      "resource_exposure": false
    },
    {
      "access_level": "List",
      "action": "cleanrooms-ml:List*",
      "condition": null,
      "credentials_exposure": false,
      "data_access": false,
      "effective_action": "cleanrooms-ml:ListCollaborationTrainedModelExportJobs",
      "privesc": false,
      "resource_exposure": false
    },
    {
      "access_level": "List",
      "action": "cleanrooms-ml:List*",
      "condition": null,
      "credentials_exposure": false,
      "data_access": false,
      "effective_action": "cleanrooms-ml:ListCollaborationTrainedModelInferenceJobs",
      "privesc": false,
      "resource_exposure": false
    },
    {
      "access_level": "List",
      "action": "cleanrooms-ml:List*",
      "condition": null,
      "credentials_exposure": false,
      "data_access": false,
      "effective_action": "cleanrooms-ml:ListCollaborationTrainedModels",
      "privesc": false,
      "resource_exposure": false
    },
    {
      "access_level": "List",
      "action": "cleanrooms-ml:List*",
      "condition": null,
      "credentials_exposure": false,
      "data_access": false,
      "effective_action": "cleanrooms-ml:ListConfiguredAudienceModels",
      "privesc": false,
      "resource_exposure": false
    },
    {
      "access_level": "List",
      "action": "cleanrooms-ml:List*",
      "condition": null,
      "credentials_exposure": false,
      "data_access": false,
      "effective_action": "cleanrooms-ml:ListConfiguredModelAlgorithmAssociations",
      "privesc": false,
      "resource_exposure": false
    },
    {
      "access_level": "List",
      "action": "cleanrooms-ml:List*",
      "condition": null,
      "credentials_exposure": false,
      "data_access": false,
      "effective_action": "cleanrooms-ml:ListConfiguredModelAlgorithms",
      "privesc": false,
      "resource_exposure": false
    },
    {
      "access_level": "List",
      "action": "cleanrooms-ml:List*",
      "condition": null,
      "credentials_exposure": false,
      "data_access": false,
      "effective_action": "cleanrooms-ml:ListMLInputChannels",
      "privesc": false,
      "resource_exposure": false
    },
    {
      "access_level": "List",
      "action": "cleanrooms-ml:List*",
      "condition": null,
      "credentials_exposure": false,
      "data_access": false,
      "effective_action": "cleanrooms-ml:ListTagsForResource",
      "privesc": false,
      "resource_exposure": false
    },
    {
      "access_level": "List",
      "action": "cleanrooms-ml:List*",
      "condition": null,
      "credentials_exposure": false,
      "data_access": false,
      "effective_action": "cleanrooms-ml:ListTrainedModelInferenceJobs",
      "privesc": false,
      "resource_exposure": false
    },
    {
      "access_level": "List",
      "action": "cleanrooms-ml:List*",
      "condition": null,
      "credentials_exposure": false,
      "data_access": false,
      "effective_action": "cleanrooms-ml:ListTrainedModelVersions",
      "privesc": false,
      "resource_exposure": false
    },
    {
      "access_level": "List",
      "action": "cleanrooms-ml:List*",
      "condition": null,
      "credentials_exposure": false,
      "data_access": false,
      "effective_action": "cleanrooms-ml:ListTrainedModels",
      "privesc": false,
      "resource_exposure": false
    },
    {
      "access_level": "List",
      "action": "cleanrooms-ml:List*",
      "condition": null,
      "credentials_exposure": false,
      "data_access": false,
      "effective_action": "cleanrooms-ml:ListTrainingDatasets",
      "privesc": false,
      "resource_exposure": false
    },
    {
      "access_level": "Read",
      "action": "cleanrooms:PassMembership",
      "condition": null,
      "credentials_exposure": false,
      "data_access": false,
      "effective_action": "cleanrooms:PassMembership",
      "privesc": false,
      "resource_exposure": false
    },
    {
      "access_level": "Read",
      "action": "cleanrooms:PassCollaboration",
      "condition": null,
      "credentials_exposure": false,
      "data_access": false,
      "effective_action": "cleanrooms:PassCollaboration",
      "privesc": false,
      "resource_exposure": false
    }
  ],
  "grantless": false,
  "malformed": false,
  "name": "AWSCleanRoomsMLReadOnlyAccess",
  "privesc": false,
  "resource_exposure": false,
  "undocumented_actions": false,
  "unknown_actions": [],
  "updatedate": "2025-01-10T20:52:06+00:00",
  "version": "v2"
}