{
  "access_levels": [
    "List",
    "Read",
    "Write"
  ],
  "arn": "arn:aws:iam::aws:policy/service-role/AWSConfigRulesExecutionRole",
  "createdate": "2019-05-13T21:33:30Z",
  "credentials_exposure": false,
  "data_access": true,
  "deprecated": false,
  "document": {
    "Statement": [
      {
        "Action": [
          "s3:GetObject"
        ],
        "Effect": "Allow",
        "Resource": "arn:aws:s3:::*/AWSLogs/*/Config/*"
      },
      {
        "Action": [
          "config:Put*",
          "config:Get*",
          "config:List*",
          "config:Describe*",
          "config:BatchGet*",
          "config:Select*"
        ],
        "Effect": "Allow",
        "Resource": "*"
      }
    ],
    "Version": "2012-10-17"
  },
  "effective_actions": [
    {
      "access_level": "Read",
      "action": "s3:GetObject",
      "condition": null,
      "credentials_exposure": false,
      "data_access": true,
      "effective_action": "s3:GetObject",
      "privesc": false,
      "resource_exposure": false
    },
    {
      "access_level": "Write",
      "action": "config:Put*",
      "condition": null,
      "credentials_exposure": false,
      "data_access": false,
      "effective_action": "config:PutAggregationAuthorization",
      "privesc": false,
      "resource_exposure": false
    },
    {
      "access_level": "Write",
      "action": "config:Put*",
      "condition": null,
      "credentials_exposure": false,
      "data_access": false,
      "effective_action": "config:PutConfigRule",
      "privesc": false,
      "resource_exposure": false
    },
    {
      "access_level": "Write",
      "action": "config:Put*",
      "condition": null,
      "credentials_exposure": false,
      "data_access": false,
      "effective_action": "config:PutConfigurationAggregator",
      "privesc": false,
      "resource_exposure": false
    },
    {
      "access_level": "Write",
      "action": "config:Put*",
      "condition": null,
      "credentials_exposure": false,
      "data_access": false,
      "effective_action": "config:PutConfigurationRecorder",
      "privesc": false,
      "resource_exposure": false
    },
    {
      "access_level": "Write",
      "action": "config:Put*",
      "condition": null,
      "credentials_exposure": false,
      "data_access": false,
      "effective_action": "config:PutConformancePack",
      "privesc": false,
      "resource_exposure": false
    },
    {
      "access_level": "Write",
      "action": "config:Put*",
      "condition": null,
      "credentials_exposure": false,
      "data_access": false,
      "effective_action": "config:PutDeliveryChannel",
      "privesc": false,
      "resource_exposure": false
    },
    {
      "access_level": "Write",
      "action": "config:Put*",
      "condition": null,
      "credentials_exposure": false,
      "data_access": false,
      "effective_action": "config:PutEvaluations",
      "privesc": false,
      "resource_exposure": false
    },
    {
      "access_level": "Write",
      "action": "config:Put*",
      "condition": null,
      "credentials_exposure": false,
      "data_access": false,
      "effective_action": "config:PutExternalEvaluation",
      "privesc": false,
      "resource_exposure": false
    },
    {
      "access_level": "Write",
      "action": "config:Put*",
      "condition": null,
      "credentials_exposure": false,
      "data_access": false,
      "effective_action": "config:PutOrganizationConfigRule",
      "privesc": false,
      "resource_exposure": false
    },
    {
      "access_level": "Write",
      "action": "config:Put*",
      "condition": null,
      "credentials_exposure": false,
      "data_access": false,
      "effective_action": "config:PutOrganizationConformancePack",
      "privesc": false,
      "resource_exposure": false
    },
    {
      "access_level": "Write",
      "action": "config:Put*",
      "condition": null,
      "credentials_exposure": false,
      "data_access": false,
      "effective_action": "config:PutRemediationConfigurations",
      "privesc": false,
      "resource_exposure": false
    },
    {
      "access_level": "Write",
      "action": "config:Put*",
      "condition": null,
      "credentials_exposure": false,
      "data_access": false,
      "effective_action": "config:PutRemediationExceptions",
      "privesc": false,
      "resource_exposure": false
    },
    {
      "access_level": "Write",
      "action": "config:Put*",
      "condition": null,
      "credentials_exposure": false,
      "data_access": false,
      "effective_action": "config:PutResourceConfig",
      "privesc": false,
      "resource_exposure": false
    },
    {
      "access_level": "Write",
      "action": "config:Put*",
      "condition": null,
      "credentials_exposure": false,
      "data_access": false,
      "effective_action": "config:PutRetentionConfiguration",
      "privesc": false,
      "resource_exposure": false
    },
    {
      "access_level": "Write",
      "action": "config:Put*",
      "condition": null,
      "credentials_exposure": false,
      "data_access": false,
      "effective_action": "config:PutServiceLinkedConfigurationRecorder",
      "privesc": false,
      "resource_exposure": false
    },
    {
      "access_level": "Write",
      "action": "config:Put*",
      "condition": null,
      "credentials_exposure": false,
      "data_access": false,
      "effective_action": "config:PutStoredQuery",
      "privesc": false,
      "resource_exposure": false
    },
    {
      "access_level": "Read",
      "action": "config:Get*",
      "condition": null,
      "credentials_exposure": false,
      "data_access": false,
      "effective_action": "config:GetAggregateComplianceDetailsByConfigRule",
      "privesc": false,
      "resource_exposure": false
    },
    {
      "access_level": "Read",
      "action": "config:Get*",
      "condition": null,
      "credentials_exposure": false,
      "data_access": false,
      "effective_action": "config:GetAggregateConfigRuleComplianceSummary",
      "privesc": false,
      "resource_exposure": false
    },
    {
      "access_level": "Read",
      "action": "config:Get*",
      "condition": null,
      "credentials_exposure": false,
      "data_access": false,
      "effective_action": "config:GetAggregateConformancePackComplianceSummary",
      "privesc": false,
      "resource_exposure": false
    },
    {
      "access_level": "Read",
      "action": "config:Get*",
      "condition": null,
      "credentials_exposure": false,
      "data_access": false,
      "effective_action": "config:GetAggregateDiscoveredResourceCounts",
      "privesc": false,
      "resource_exposure": false
    },
    {
      "access_level": "Read",
      "action": "config:Get*",
      "condition": null,
      "credentials_exposure": false,
      "data_access": false,
      "effective_action": "config:GetAggregateResourceConfig",
      "privesc": false,
      "resource_exposure": false
    },
    {
      "access_level": "Read",
      "action": "config:Get*",
      "condition": null,
      "credentials_exposure": false,
      "data_access": false,
      "effective_action": "config:GetComplianceDetailsByConfigRule",
      "privesc": false,
      "resource_exposure": false
    },
    {
      "access_level": "Read",
      "action": "config:Get*",
      "condition": null,
      "credentials_exposure": false,
      "data_access": false,
      "effective_action": "config:GetComplianceDetailsByResource",
      "privesc": false,
      "resource_exposure": false
    },
    {
      "access_level": "Read",
      "action": "config:Get*",
      "condition": null,
      "credentials_exposure": false,
      "data_access": false,
      "effective_action": "config:GetComplianceSummaryByConfigRule",
      "privesc": false,
      "resource_exposure": false
    },
    {
      "access_level": "Read",
      "action": "config:Get*",
      "condition": null,
      "credentials_exposure": false,
      "data_access": false,
      "effective_action": "config:GetComplianceSummaryByResourceType",
      "privesc": false,
      "resource_exposure": false
    },
    {
      "access_level": "Read",
      "action": "config:Get*",
      "condition": null,
      "credentials_exposure": false,
      "data_access": false,
      "effective_action": "config:GetConformancePackComplianceDetails",
      "privesc": false,
      "resource_exposure": false
    },
    {
      "access_level": "Read",
      "action": "config:Get*",
      "condition": null,
      "credentials_exposure": false,
      "data_access": false,
      "effective_action": "config:GetConformancePackComplianceSummary",
      "privesc": false,
      "resource_exposure": false
    },
    {
      "access_level": "Read",
      "action": "config:Get*",
      "condition": null,
      "credentials_exposure": false,
      "data_access": false,
      "effective_action": "config:GetCustomRulePolicy",
      "privesc": false,
      "resource_exposure": false
    },
    {
      "access_level": "Read",
      "action": "config:Get*",
      "condition": null,
      "credentials_exposure": false,
      "data_access": false,
      "effective_action": "config:GetDiscoveredResourceCounts",
      "privesc": false,
      "resource_exposure": false
    },
    {
      "access_level": "Read",
      "action": "config:Get*",
      "condition": null,
      "credentials_exposure": false,
      "data_access": false,
      "effective_action": "config:GetOrganizationConfigRuleDetailedStatus",
      "privesc": false,
      "resource_exposure": false
    },
    {
      "access_level": "Read",
      "action": "config:Get*",
      "condition": null,
      "credentials_exposure": false,
      "data_access": false,
      "effective_action": "config:GetOrganizationConformancePackDetailedStatus",
      "privesc": false,
      "resource_exposure": false
    },
    {
      "access_level": "Read",
      "action": "config:Get*",
      "condition": null,
      "credentials_exposure": false,
      "data_access": false,
      "effective_action": "config:GetOrganizationCustomRulePolicy",
      "privesc": false,
      "resource_exposure": false
    },
    {
      "access_level": "Read",
      "action": "config:Get*",
      "condition": null,
      "credentials_exposure": false,
      "data_access": false,
      "effective_action": "config:GetResourceConfigHistory",
      "privesc": false,
      "resource_exposure": false
    },
    {
      "access_level": "Read",
      "action": "config:Get*",
      "condition": null,
      "credentials_exposure": false,
      "data_access": false,
      "effective_action": "config:GetResourceEvaluationSummary",
      "privesc": false,
      "resource_exposure": false
    },
    {
      "access_level": "Read",
      "action": "config:Get*",
      "condition": null,
      "credentials_exposure": false,
      "data_access": false,
      "effective_action": "config:GetStoredQuery",
      "privesc": false,
      "resource_exposure": false
    },
    {
      "access_level": "List",
      "action": "config:List*",
      "condition": null,
      "credentials_exposure": false,
      "data_access": false,
      "effective_action": "config:ListAggregateDiscoveredResources",
      "privesc": false,
      "resource_exposure": false
    },
    {
      "access_level": "List",
      "action": "config:List*",
      "condition": null,
      "credentials_exposure": false,
      "data_access": false,
      "effective_action": "config:ListConfigurationRecorders",
      "privesc": false,
      "resource_exposure": false
    },
    {
      "access_level": "List",
      "action": "config:List*",
      "condition": null,
      "credentials_exposure": false,
      "data_access": false,
      "effective_action": "config:ListConformancePackComplianceScores",
      "privesc": false,
      "resource_exposure": false
    },
    {
      "access_level": "List",
      "action": "config:List*",
      "condition": null,
      "credentials_exposure": false,
      "data_access": false,
      "effective_action": "config:ListDiscoveredResources",
      "privesc": false,
      "resource_exposure": false
    },
    {
      "access_level": "List",
      "action": "config:List*",
      "condition": null,
      "credentials_exposure": false,
      "data_access": false,
      "effective_action": "config:ListResourceEvaluations",
      "privesc": false,
      "resource_exposure": false
    },
    {
      "access_level": "List",
      "action": "config:List*",
      "condition": null,
      "credentials_exposure": false,
      "data_access": false,
      "effective_action": "config:ListStoredQueries",
      "privesc": false,
      "resource_exposure": false
    },
    {
      "access_level": "Read",
      "action": "config:List*",
      "condition": null,
      "credentials_exposure": false,
      "data_access": false,
      "effective_action": "config:ListTagsForResource",
      "privesc": false,
      "resource_exposure": false
    },
    {
      "access_level": "Read",
      "action": "config:Describe*",
      "condition": null,
      "credentials_exposure": false,
      "data_access": false,
      "effective_action": "config:DescribeAggregateComplianceByConfigRules",
      "privesc": false,
      "resource_exposure": false
    },
    {
      "access_level": "Read",
      "action": "config:Describe*",
      "condition": null,
      "credentials_exposure": false,
      "data_access": false,
      "effective_action": "config:DescribeAggregateComplianceByConformancePacks",
      "privesc": false,
      "resource_exposure": false
    },
    {
      "access_level": "List",
      "action": "config:Describe*",
      "condition": null,
      "credentials_exposure": false,
      "data_access": false,
      "effective_action": "config:DescribeAggregationAuthorizations",
      "privesc": false,
      "resource_exposure": false
    },
    {
      "access_level": "Read",
      "action": "config:Describe*",
      "condition": null,
      "credentials_exposure": false,
      "data_access": false,
      "effective_action": "config:DescribeComplianceByConfigRule",
      "privesc": false,
      "resource_exposure": false
    },
    {
      "access_level": "Read",
      "action": "config:Describe*",
      "condition": null,
      "credentials_exposure": false,
      "data_access": false,
      "effective_action": "config:DescribeComplianceByResource",
      "privesc": false,
      "resource_exposure": false
    },
    {
      "access_level": "Read",
      "action": "config:Describe*",
      "condition": null,
      "credentials_exposure": false,
      "data_access": false,
      "effective_action": "config:DescribeConfigRuleEvaluationStatus",
      "privesc": false,
      "resource_exposure": false
    },
    {
      "access_level": "List",
      "action": "config:Describe*",
      "condition": null,
      "credentials_exposure": false,
      "data_access": false,
      "effective_action": "config:DescribeConfigRules",
      "privesc": false,
      "resource_exposure": false
    },
    {
      "access_level": "Read",
      "action": "config:Describe*",
      "condition": null,
      "credentials_exposure": false,
      "data_access": false,
      "effective_action": "config:DescribeConfigurationAggregatorSourcesStatus",
      "privesc": false,
      "resource_exposure": false
    },
    {
      "access_level": "List",
      "action": "config:Describe*",
      "condition": null,
      "credentials_exposure": false,
      "data_access": false,
      "effective_action": "config:DescribeConfigurationAggregators",
      "privesc": false,
      "resource_exposure": false
    },
    {
      "access_level": "Read",
      "action": "config:Describe*",
      "condition": null,
      "credentials_exposure": false,
      "data_access": false,
      "effective_action": "config:DescribeConfigurationRecorderStatus",
      "privesc": false,
      "resource_exposure": false
    },
    {
      "access_level": "Read",
      "action": "config:Describe*",
      "condition": null,
      "credentials_exposure": false,
      "data_access": false,
      "effective_action": "config:DescribeConfigurationRecorders",
      "privesc": false,
      "resource_exposure": false
    },
    {
      "access_level": "Read",
      "action": "config:Describe*",
      "condition": null,
      "credentials_exposure": false,
      "data_access": false,
      "effective_action": "config:DescribeConformancePackCompliance",
      "privesc": false,
      "resource_exposure": false
    },
    {
      "access_level": "Read",
      "action": "config:Describe*",
      "condition": null,
      "credentials_exposure": false,
      "data_access": false,
      "effective_action": "config:DescribeConformancePackStatus",
      "privesc": false,
      "resource_exposure": false
    },
    {
      "access_level": "List",
      "action": "config:Describe*",
      "condition": null,
      "credentials_exposure": false,
      "data_access": false,
      "effective_action": "config:DescribeConformancePacks",
      "privesc": false,
      "resource_exposure": false
    },
    {
      "access_level": "Read",
      "action": "config:Describe*",
      "condition": null,
      "credentials_exposure": false,
      "data_access": false,
      "effective_action": "config:DescribeDeliveryChannelStatus",
      "privesc": false,
      "resource_exposure": false
    },
    {
      "access_level": "List",
      "action": "config:Describe*",
      "condition": null,
      "credentials_exposure": false,
      "data_access": false,
      "effective_action": "config:DescribeDeliveryChannels",
      "privesc": false,
      "resource_exposure": false
    },
    {
      "access_level": "Read",
      "action": "config:Describe*",
      "condition": null,
      "credentials_exposure": false,
      "data_access": false,
      "effective_action": "config:DescribeOrganizationConfigRuleStatuses",
      "privesc": false,
      "resource_exposure": false
    },
    {
      "access_level": "List",
      "action": "config:Describe*",
      "condition": null,
      "credentials_exposure": false,
      "data_access": false,
      "effective_action": "config:DescribeOrganizationConfigRules",
      "privesc": false,
      "resource_exposure": false
    },
    {
      "access_level": "Read",
      "action": "config:Describe*",
      "condition": null,
      "credentials_exposure": false,
      "data_access": false,
      "effective_action": "config:DescribeOrganizationConformancePackStatuses",
      "privesc": false,
      "resource_exposure": false
    },
    {
      "access_level": "List",
      "action": "config:Describe*",
      "condition": null,
      "credentials_exposure": false,
      "data_access": false,
      "effective_action": "config:DescribeOrganizationConformancePacks",
      "privesc": false,
      "resource_exposure": false
    },
    {
      "access_level": "List",
      "action": "config:Describe*",
      "condition": null,
      "credentials_exposure": false,
      "data_access": false,
      "effective_action": "config:DescribePendingAggregationRequests",
      "privesc": false,
      "resource_exposure": false
    },
    {
      "access_level": "List",
      "action": "config:Describe*",
      "condition": null,
      "credentials_exposure": false,
      "data_access": false,
      "effective_action": "config:DescribeRemediationConfigurations",
      "privesc": false,
      "resource_exposure": false
    },
    {
      "access_level": "List",
      "action": "config:Describe*",
      "condition": null,
      "credentials_exposure": false,
      "data_access": false,
      "effective_action": "config:DescribeRemediationExceptions",
      "privesc": false,
      "resource_exposure": false
    },
    {
      "access_level": "Read",
      "action": "config:Describe*",
      "condition": null,
      "credentials_exposure": false,
      "data_access": false,
      "effective_action": "config:DescribeRemediationExecutionStatus",
      "privesc": false,
      "resource_exposure": false
    },
    {
      "access_level": "List",
      "action": "config:Describe*",
      "condition": null,
      "credentials_exposure": false,
      "data_access": false,
      "effective_action": "config:DescribeRetentionConfigurations",
      "privesc": false,
      "resource_exposure": false
    },
    {
      "access_level": "Read",
      "action": "config:BatchGet*",
      "condition": null,
      "credentials_exposure": false,
      "data_access": false,
      "effective_action": "config:BatchGetAggregateResourceConfig",
      "privesc": false,
      "resource_exposure": false
    },
    {
      "access_level": "Read",
      "action": "config:BatchGet*",
      "condition": null,
      "credentials_exposure": false,
      "data_access": false,
      "effective_action": "config:BatchGetResourceConfig",
      "privesc": false,
      "resource_exposure": false
    },
    {
      "access_level": "Read",
      "action": "config:Select*",
      "condition": null,
      "credentials_exposure": false,
      "data_access": false,
      "effective_action": "config:SelectAggregateResourceConfig",
      "privesc": false,
      "resource_exposure": false
    },
    {
      "access_level": "Read",
      "action": "config:Select*",
      "condition": null,
      "credentials_exposure": false,
      "data_access": false,
      "effective_action": "config:SelectResourceConfig",
      "privesc": false,
      "resource_exposure": false
    }
  ],
  "grantless": false,
  "malformed": false,
  "name": "AWSConfigRulesExecutionRole",
  "privesc": false,
  "resource_exposure": false,
  "undocumented_actions": false,
  "unknown_actions": [],
  "updatedate": "2019-05-13T21:33:30+00:00",
  "version": "v3"
}