{
  "access_levels": [
    "Read",
    "Write",
    "Permissions management"
  ],
  "arn": "arn:aws:iam::aws:policy/AWSCodeDeployRoleForECSLimited",
  "createdate": "2019-09-23T22:10:29Z",
  "credentials_exposure": false,
  "data_access": true,
  "deprecated": false,
  "document": {
    "Statement": [
      {
        "Action": [
          "ecs:DescribeServices",
          "ecs:CreateTaskSet",
          "ecs:UpdateServicePrimaryTaskSet",
          "ecs:DeleteTaskSet",
          "cloudwatch:DescribeAlarms"
        ],
        "Effect": "Allow",
        "Resource": "*"
      },
      {
        "Action": [
          "sns:Publish"
        ],
        "Effect": "Allow",
        "Resource": "arn:aws:sns:*:*:CodeDeployTopic_*"
      },
      {
        "Action": [
          "elasticloadbalancing:DescribeTargetGroups",
          "elasticloadbalancing:DescribeListeners",
          "elasticloadbalancing:ModifyListener",
          "elasticloadbalancing:DescribeRules",
          "elasticloadbalancing:ModifyRule"
        ],
        "Effect": "Allow",
        "Resource": "*"
      },
      {
        "Action": [
          "lambda:InvokeFunction"
        ],
        "Effect": "Allow",
        "Resource": "arn:aws:lambda:*:*:function:CodeDeployHook_*"
      },
      {
        "Action": [
          "s3:GetObject",
          "s3:GetObjectVersion"
        ],
        "Condition": {
          "StringEquals": {
            "s3:ExistingObjectTag/UseWithCodeDeploy": "true"
          }
        },
        "Effect": "Allow",
        "Resource": "*"
      },
      {
        "Action": [
          "iam:PassRole"
        ],
        "Condition": {
          "StringLike": {
            "iam:PassedToService": [
              "ecs-tasks.amazonaws.com"
            ]
          }
        },
        "Effect": "Allow",
        "Resource": [
          "arn:aws:iam::*:role/ecsTaskExecutionRole",
          "arn:aws:iam::*:role/ECSTaskExecution*"
        ]
      }
    ],
    "Version": "2012-10-17"
  },
  "effective_actions": [
    {
      "access_level": "Read",
      "action": "ecs:DescribeServices",
      "condition": null,
      "credentials_exposure": false,
      "data_access": false,
      "effective_action": "ecs:DescribeServices",
      "privesc": false,
      "resource_exposure": false
    },
    {
      "access_level": "Write",
      "action": "ecs:CreateTaskSet",
      "condition": null,
      "credentials_exposure": false,
      "data_access": false,
      "effective_action": "ecs:CreateTaskSet",
      "privesc": false,
      "resource_exposure": false
    },
    {
      "access_level": "Write",
      "action": "ecs:UpdateServicePrimaryTaskSet",
      "condition": null,
      "credentials_exposure": false,
      "data_access": false,
      "effective_action": "ecs:UpdateServicePrimaryTaskSet",
      "privesc": false,
      "resource_exposure": false
    },
    {
      "access_level": "Write",
      "action": "ecs:DeleteTaskSet",
      "condition": null,
      "credentials_exposure": false,
      "data_access": false,
      "effective_action": "ecs:DeleteTaskSet",
      "privesc": false,
      "resource_exposure": false
    },
    {
      "access_level": "Read",
      "action": "cloudwatch:DescribeAlarms",
      "condition": null,
      "credentials_exposure": false,
      "data_access": false,
      "effective_action": "cloudwatch:DescribeAlarms",
      "privesc": false,
      "resource_exposure": false
    },
    {
      "access_level": "Write",
      "action": "sns:Publish",
      "condition": null,
      "credentials_exposure": false,
      "data_access": false,
      "effective_action": "sns:Publish",
      "privesc": false,
      "resource_exposure": false
    },
    {
      "access_level": "Read",
      "action": "elasticloadbalancing:DescribeTargetGroups",
      "condition": null,
      "credentials_exposure": false,
      "data_access": false,
      "effective_action": "elasticloadbalancing:DescribeTargetGroups",
      "privesc": false,
      "resource_exposure": false
    },
    {
      "access_level": "Read",
      "action": "elasticloadbalancing:DescribeListeners",
      "condition": null,
      "credentials_exposure": false,
      "data_access": false,
      "effective_action": "elasticloadbalancing:DescribeListeners",
      "privesc": false,
      "resource_exposure": false
    },
    {
      "access_level": "Write",
      "action": "elasticloadbalancing:ModifyListener",
      "condition": null,
      "credentials_exposure": false,
      "data_access": false,
      "effective_action": "elasticloadbalancing:ModifyListener",
      "privesc": false,
      "resource_exposure": false
    },
    {
      "access_level": "Read",
      "action": "elasticloadbalancing:DescribeRules",
      "condition": null,
      "credentials_exposure": false,
      "data_access": false,
      "effective_action": "elasticloadbalancing:DescribeRules",
      "privesc": false,
      "resource_exposure": false
    },
    {
      "access_level": "Write",
      "action": "elasticloadbalancing:ModifyRule",
      "condition": null,
      "credentials_exposure": false,
      "data_access": false,
      "effective_action": "elasticloadbalancing:ModifyRule",
      "privesc": false,
      "resource_exposure": false
    },
    {
      "access_level": "Write",
      "action": "lambda:InvokeFunction",
      "condition": null,
      "credentials_exposure": false,
      "data_access": false,
      "effective_action": "lambda:InvokeFunction",
      "privesc": false,
      "resource_exposure": false
    },
    {
      "access_level": "Read",
      "action": "s3:GetObject",
      "condition": {
        "StringEquals": {
          "s3:ExistingObjectTag/UseWithCodeDeploy": "true"
        }
      },
      "credentials_exposure": false,
      "data_access": true,
      "effective_action": "s3:GetObject",
      "privesc": false,
      "resource_exposure": false
    },
    {
      "access_level": "Read",
      "action": "s3:GetObjectVersion",
      "condition": {
        "StringEquals": {
          "s3:ExistingObjectTag/UseWithCodeDeploy": "true"
        }
      },
      "credentials_exposure": false,
      "data_access": true,
      "effective_action": "s3:GetObjectVersion",
      "privesc": false,
      "resource_exposure": false
    },
    {
      "access_level": "Permissions management",
      "action": "iam:PassRole",
      "condition": {
        "StringLike": {
          "iam:PassedToService": [
            "ecs-tasks.amazonaws.com"
          ]
        }
      },
      "credentials_exposure": false,
      "data_access": false,
      "effective_action": "iam:PassRole",
      "privesc": true,
      "resource_exposure": true
    }
  ],
  "grantless": false,
  "malformed": false,
  "name": "AWSCodeDeployRoleForECSLimited",
  "privesc": true,
  "resource_exposure": true,
  "undocumented_actions": false,
  "unknown_actions": [],
  "updatedate": "2019-09-23T22:10:29+00:00",
  "version": "v3"
}