{
  "access_levels": [
    "List",
    "Read"
  ],
  "arn": null,
  "createdate": "2019-11-20T21:06:49Z",
  "credentials_exposure": false,
  "data_access": true,
  "deprecated": true,
  "document": {
    "Statement": [
      {
        "Action": [
          "s3:GetObject",
          "s3:GetBucketLocation"
        ],
        "Effect": "Allow",
        "Resource": "*"
      },
      {
        "Action": [
          "cloudtrail:GetTrail",
          "cloudtrail:GetTrailStatus",
          "cloudtrail:DescribeTrails",
          "cloudtrail:ListTrails",
          "cloudtrail:LookupEvents",
          "cloudtrail:ListTags",
          "cloudtrail:ListPublicKeys",
          "cloudtrail:GetEventSelectors",
          "cloudtrail:GetInsightSelectors",
          "s3:ListAllMyBuckets",
          "kms:ListAliases",
          "lambda:ListFunctions"
        ],
        "Effect": "Allow",
        "Resource": "*"
      }
    ],
    "Version": "2012-10-17"
  },
  "effective_actions": [
    {
      "access_level": "Read",
      "action": "s3:GetObject",
      "condition": null,
      "credentials_exposure": false,
      "data_access": true,
      "effective_action": "s3:GetObject",
      "privesc": false,
      "resource_exposure": false
    },
    {
      "access_level": "Read",
      "action": "s3:GetBucketLocation",
      "condition": null,
      "credentials_exposure": false,
      "data_access": false,
      "effective_action": "s3:GetBucketLocation",
      "privesc": false,
      "resource_exposure": false
    },
    {
      "access_level": "Read",
      "action": "cloudtrail:GetTrail",
      "condition": null,
      "credentials_exposure": false,
      "data_access": false,
      "effective_action": "cloudtrail:GetTrail",
      "privesc": false,
      "resource_exposure": false
    },
    {
      "access_level": "Read",
      "action": "cloudtrail:GetTrailStatus",
      "condition": null,
      "credentials_exposure": false,
      "data_access": false,
      "effective_action": "cloudtrail:GetTrailStatus",
      "privesc": false,
      "resource_exposure": false
    },
    {
      "access_level": "Read",
      "action": "cloudtrail:DescribeTrails",
      "condition": null,
      "credentials_exposure": false,
      "data_access": false,
      "effective_action": "cloudtrail:DescribeTrails",
      "privesc": false,
      "resource_exposure": false
    },
    {
      "access_level": "List",
      "action": "cloudtrail:ListTrails",
      "condition": null,
      "credentials_exposure": false,
      "data_access": false,
      "effective_action": "cloudtrail:ListTrails",
      "privesc": false,
      "resource_exposure": false
    },
    {
      "access_level": "Read",
      "action": "cloudtrail:LookupEvents",
      "condition": null,
      "credentials_exposure": false,
      "data_access": true,
      "effective_action": "cloudtrail:LookupEvents",
      "privesc": false,
      "resource_exposure": false
    },
    {
      "access_level": "Read",
      "action": "cloudtrail:ListTags",
      "condition": null,
      "credentials_exposure": false,
      "data_access": false,
      "effective_action": "cloudtrail:ListTags",
      "privesc": false,
      "resource_exposure": false
    },
    {
      "access_level": "Read",
      "action": "cloudtrail:ListPublicKeys",
      "condition": null,
      "credentials_exposure": false,
      "data_access": false,
      "effective_action": "cloudtrail:ListPublicKeys",
      "privesc": false,
      "resource_exposure": false
    },
    {
      "access_level": "Read",
      "action": "cloudtrail:GetEventSelectors",
      "condition": null,
      "credentials_exposure": false,
      "data_access": false,
      "effective_action": "cloudtrail:GetEventSelectors",
      "privesc": false,
      "resource_exposure": false
    },
    {
      "access_level": "Read",
      "action": "cloudtrail:GetInsightSelectors",
      "condition": null,
      "credentials_exposure": false,
      "data_access": false,
      "effective_action": "cloudtrail:GetInsightSelectors",
      "privesc": false,
      "resource_exposure": false
    },
    {
      "access_level": "List",
      "action": "s3:ListAllMyBuckets",
      "condition": null,
      "credentials_exposure": false,
      "data_access": false,
      "effective_action": "s3:ListAllMyBuckets",
      "privesc": false,
      "resource_exposure": false
    },
    {
      "access_level": "List",
      "action": "kms:ListAliases",
      "condition": null,
      "credentials_exposure": false,
      "data_access": false,
      "effective_action": "kms:ListAliases",
      "privesc": false,
      "resource_exposure": false
    },
    {
      "access_level": "List",
      "action": "lambda:ListFunctions",
      "condition": null,
      "credentials_exposure": false,
      "data_access": false,
      "effective_action": "lambda:ListFunctions",
      "privesc": false,
      "resource_exposure": false
    }
  ],
  "grantless": false,
  "malformed": false,
  "name": "AWSCloudTrailReadOnlyAccess",
  "privesc": false,
  "resource_exposure": false,
  "undocumented_actions": false,
  "unknown_actions": [],
  "updatedate": null,
  "version": "v9"
}