{
  "access_levels": [
    "List",
    "Read"
  ],
  "arn": null,
  "createdate": "2020-06-18T00:38:49Z",
  "credentials_exposure": true,
  "data_access": true,
  "deprecated": true,
  "document": {
    "Statement": [
      {
        "Action": [
          "codeartifact:Describe*",
          "codeartifact:Get*",
          "codeartifact:List*",
          "codeartifact:ReadFromRepository"
        ],
        "Effect": "Allow",
        "Resource": "*"
      },
      {
        "Action": [
          "sts:GetServiceBearerToken"
        ],
        "Condition": {
          "StringEquals": {
            "sts:AWSServiceName": "codeartifact.amazonaws.com"
          }
        },
        "Effect": "Allow",
        "Resource": "*"
      }
    ],
    "Version": "2012-10-17"
  },
  "effective_actions": [
    {
      "access_level": "Read",
      "action": "codeartifact:Describe*",
      "condition": null,
      "credentials_exposure": false,
      "data_access": false,
      "effective_action": "codeartifact:DescribeDomain",
      "privesc": false,
      "resource_exposure": false
    },
    {
      "access_level": "Read",
      "action": "codeartifact:Describe*",
      "condition": null,
      "credentials_exposure": false,
      "data_access": false,
      "effective_action": "codeartifact:DescribePackage",
      "privesc": false,
      "resource_exposure": false
    },
    {
      "access_level": "Read",
      "action": "codeartifact:Describe*",
      "condition": null,
      "credentials_exposure": false,
      "data_access": false,
      "effective_action": "codeartifact:DescribePackageGroup",
      "privesc": false,
      "resource_exposure": false
    },
    {
      "access_level": "Read",
      "action": "codeartifact:Describe*",
      "condition": null,
      "credentials_exposure": false,
      "data_access": false,
      "effective_action": "codeartifact:DescribePackageVersion",
      "privesc": false,
      "resource_exposure": false
    },
    {
      "access_level": "Read",
      "action": "codeartifact:Describe*",
      "condition": null,
      "credentials_exposure": false,
      "data_access": false,
      "effective_action": "codeartifact:DescribeRepository",
      "privesc": false,
      "resource_exposure": false
    },
    {
      "access_level": "Read",
      "action": "codeartifact:Get*",
      "condition": null,
      "credentials_exposure": false,
      "data_access": false,
      "effective_action": "codeartifact:GetAssociatedPackageGroup",
      "privesc": false,
      "resource_exposure": false
    },
    {
      "access_level": "Read",
      "action": "codeartifact:Get*",
      "condition": null,
      "credentials_exposure": true,
      "data_access": false,
      "effective_action": "codeartifact:GetAuthorizationToken",
      "privesc": false,
      "resource_exposure": false
    },
    {
      "access_level": "Read",
      "action": "codeartifact:Get*",
      "condition": null,
      "credentials_exposure": false,
      "data_access": false,
      "effective_action": "codeartifact:GetDomainPermissionsPolicy",
      "privesc": false,
      "resource_exposure": false
    },
    {
      "access_level": "Read",
      "action": "codeartifact:Get*",
      "condition": null,
      "credentials_exposure": false,
      "data_access": true,
      "effective_action": "codeartifact:GetPackageVersionAsset",
      "privesc": false,
      "resource_exposure": false
    },
    {
      "access_level": "Read",
      "action": "codeartifact:Get*",
      "condition": null,
      "credentials_exposure": false,
      "data_access": true,
      "effective_action": "codeartifact:GetPackageVersionReadme",
      "privesc": false,
      "resource_exposure": false
    },
    {
      "access_level": "Read",
      "action": "codeartifact:Get*",
      "condition": null,
      "credentials_exposure": false,
      "data_access": false,
      "effective_action": "codeartifact:GetRepositoryEndpoint",
      "privesc": false,
      "resource_exposure": false
    },
    {
      "access_level": "Read",
      "action": "codeartifact:Get*",
      "condition": null,
      "credentials_exposure": false,
      "data_access": false,
      "effective_action": "codeartifact:GetRepositoryPermissionsPolicy",
      "privesc": false,
      "resource_exposure": false
    },
    {
      "access_level": "List",
      "action": "codeartifact:List*",
      "condition": null,
      "credentials_exposure": false,
      "data_access": false,
      "effective_action": "codeartifact:ListAllowedRepositoriesForGroup",
      "privesc": false,
      "resource_exposure": false
    },
    {
      "access_level": "List",
      "action": "codeartifact:List*",
      "condition": null,
      "credentials_exposure": false,
      "data_access": false,
      "effective_action": "codeartifact:ListAssociatedPackages",
      "privesc": false,
      "resource_exposure": false
    },
    {
      "access_level": "List",
      "action": "codeartifact:List*",
      "condition": null,
      "credentials_exposure": false,
      "data_access": false,
      "effective_action": "codeartifact:ListDomains",
      "privesc": false,
      "resource_exposure": false
    },
    {
      "access_level": "List",
      "action": "codeartifact:List*",
      "condition": null,
      "credentials_exposure": false,
      "data_access": false,
      "effective_action": "codeartifact:ListPackageGroups",
      "privesc": false,
      "resource_exposure": false
    },
    {
      "access_level": "List",
      "action": "codeartifact:List*",
      "condition": null,
      "credentials_exposure": false,
      "data_access": false,
      "effective_action": "codeartifact:ListPackageVersionAssets",
      "privesc": false,
      "resource_exposure": false
    },
    {
      "access_level": "List",
      "action": "codeartifact:List*",
      "condition": null,
      "credentials_exposure": false,
      "data_access": false,
      "effective_action": "codeartifact:ListPackageVersionDependencies",
      "privesc": false,
      "resource_exposure": false
    },
    {
      "access_level": "List",
      "action": "codeartifact:List*",
      "condition": null,
      "credentials_exposure": false,
      "data_access": false,
      "effective_action": "codeartifact:ListPackageVersions",
      "privesc": false,
      "resource_exposure": false
    },
    {
      "access_level": "List",
      "action": "codeartifact:List*",
      "condition": null,
      "credentials_exposure": false,
      "data_access": false,
      "effective_action": "codeartifact:ListPackages",
      "privesc": false,
      "resource_exposure": false
    },
    {
      "access_level": "List",
      "action": "codeartifact:List*",
      "condition": null,
      "credentials_exposure": false,
      "data_access": false,
      "effective_action": "codeartifact:ListRepositories",
      "privesc": false,
      "resource_exposure": false
    },
    {
      "access_level": "List",
      "action": "codeartifact:List*",
      "condition": null,
      "credentials_exposure": false,
      "data_access": false,
      "effective_action": "codeartifact:ListRepositoriesInDomain",
      "privesc": false,
      "resource_exposure": false
    },
    {
      "access_level": "List",
      "action": "codeartifact:List*",
      "condition": null,
      "credentials_exposure": false,
      "data_access": false,
      "effective_action": "codeartifact:ListSubPackageGroups",
      "privesc": false,
      "resource_exposure": false
    },
    {
      "access_level": "List",
      "action": "codeartifact:List*",
      "condition": null,
      "credentials_exposure": false,
      "data_access": false,
      "effective_action": "codeartifact:ListTagsForResource",
      "privesc": false,
      "resource_exposure": false
    },
    {
      "access_level": "Read",
      "action": "codeartifact:ReadFromRepository",
      "condition": null,
      "credentials_exposure": false,
      "data_access": true,
      "effective_action": "codeartifact:ReadFromRepository",
      "privesc": false,
      "resource_exposure": false
    },
    {
      "access_level": "Read",
      "action": "sts:GetServiceBearerToken",
      "condition": {
        "StringEquals": {
          "sts:AWSServiceName": "codeartifact.amazonaws.com"
        }
      },
      "credentials_exposure": false,
      "data_access": false,
      "effective_action": "sts:GetServiceBearerToken",
      "privesc": false,
      "resource_exposure": false
    }
  ],
  "grantless": false,
  "malformed": false,
  "name": "AWSCodeArtifactReadOnlyAccess.json",
  "privesc": false,
  "resource_exposure": false,
  "undocumented_actions": false,
  "unknown_actions": [],
  "updatedate": null,
  "version": "v1"
}