{
  "access_levels": [
    "List",
    "Read",
    "Write"
  ],
  "arn": "arn:aws:iam::aws:policy/AWSCloudShellFullAccess",
  "createdate": "2020-12-15T18:07:44Z",
  "credentials_exposure": false,
  "data_access": false,
  "deprecated": false,
  "document": {
    "Statement": [
      {
        "Action": [
          "cloudshell:*"
        ],
        "Effect": "Allow",
        "Resource": "*"
      }
    ],
    "Version": "2012-10-17"
  },
  "effective_actions": [
    {
      "access_level": "Read",
      "action": "cloudshell:*",
      "condition": null,
      "credentials_exposure": false,
      "data_access": false,
      "effective_action": "cloudshell:ApproveCommand",
      "privesc": false,
      "resource_exposure": false
    },
    {
      "access_level": "Write",
      "action": "cloudshell:*",
      "condition": null,
      "credentials_exposure": false,
      "data_access": false,
      "effective_action": "cloudshell:CreateEnvironment",
      "privesc": false,
      "resource_exposure": false
    },
    {
      "access_level": "Write",
      "action": "cloudshell:*",
      "condition": null,
      "credentials_exposure": false,
      "data_access": false,
      "effective_action": "cloudshell:CreateSession",
      "privesc": false,
      "resource_exposure": false
    },
    {
      "access_level": "Write",
      "action": "cloudshell:*",
      "condition": null,
      "credentials_exposure": false,
      "data_access": false,
      "effective_action": "cloudshell:DeleteEnvironment",
      "privesc": false,
      "resource_exposure": false
    },
    {
      "access_level": "List",
      "action": "cloudshell:*",
      "condition": null,
      "credentials_exposure": false,
      "data_access": false,
      "effective_action": "cloudshell:DescribeEnvironments",
      "privesc": false,
      "resource_exposure": false
    },
    {
      "access_level": "Read",
      "action": "cloudshell:*",
      "condition": null,
      "credentials_exposure": false,
      "data_access": false,
      "effective_action": "cloudshell:GetEnvironmentStatus",
      "privesc": false,
      "resource_exposure": false
    },
    {
      "access_level": "Write",
      "action": "cloudshell:*",
      "condition": null,
      "credentials_exposure": false,
      "data_access": false,
      "effective_action": "cloudshell:GetFileDownloadUrls",
      "privesc": false,
      "resource_exposure": false
    },
    {
      "access_level": "Write",
      "action": "cloudshell:*",
      "condition": null,
      "credentials_exposure": false,
      "data_access": false,
      "effective_action": "cloudshell:GetFileUploadUrls",
      "privesc": false,
      "resource_exposure": false
    },
    {
      "access_level": "Write",
      "action": "cloudshell:*",
      "condition": null,
      "credentials_exposure": false,
      "data_access": false,
      "effective_action": "cloudshell:PutCredentials",
      "privesc": false,
      "resource_exposure": false
    },
    {
      "access_level": "Write",
      "action": "cloudshell:*",
      "condition": null,
      "credentials_exposure": false,
      "data_access": false,
      "effective_action": "cloudshell:StartEnvironment",
      "privesc": false,
      "resource_exposure": false
    },
    {
      "access_level": "Write",
      "action": "cloudshell:*",
      "condition": null,
      "credentials_exposure": false,
      "data_access": false,
      "effective_action": "cloudshell:StopEnvironment",
      "privesc": false,
      "resource_exposure": false
    }
  ],
  "grantless": false,
  "malformed": false,
  "name": "AWSCloudShellFullAccess",
  "privesc": false,
  "resource_exposure": false,
  "undocumented_actions": false,
  "unknown_actions": [],
  "updatedate": "2020-12-15T18:07:44+00:00",
  "version": "v1"
}