{
  "access_levels": [
    "List",
    "Read",
    "Write"
  ],
  "arn": "arn:aws:iam::aws:policy/AWSCodeBuildDeveloperAccess",
  "createdate": "2024-12-16T20:07:06Z",
  "credentials_exposure": false,
  "data_access": true,
  "deprecated": false,
  "document": {
    "Statement": [
      {
        "Action": [
          "codebuild:StartBuild",
          "codebuild:StopBuild",
          "codebuild:StartBuildBatch",
          "codebuild:StopBuildBatch",
          "codebuild:RetryBuild",
          "codebuild:RetryBuildBatch",
          "codebuild:BatchGet*",
          "codebuild:GetResourcePolicy",
          "codebuild:DescribeTestCases",
          "codebuild:DescribeCodeCoverages",
          "codebuild:List*",
          "codecommit:GetBranch",
          "codecommit:GetCommit",
          "codecommit:GetRepository",
          "codecommit:ListBranches",
          "cloudwatch:GetMetricStatistics",
          "events:DescribeRule",
          "events:ListTargetsByRule",
          "events:ListRuleNamesByTarget",
          "logs:GetLogEvents",
          "s3:GetBucketLocation",
          "s3:ListAllMyBuckets"
        ],
        "Effect": "Allow",
        "Resource": "*",
        "Sid": "AWSServicesAccess"
      },
      {
        "Action": [
          "ssm:PutParameter"
        ],
        "Effect": "Allow",
        "Resource": "arn:aws:ssm:*:*:parameter/CodeBuild/*",
        "Sid": "SSMParameterWriteAccess"
      },
      {
        "Action": [
          "ssm:StartSession"
        ],
        "Effect": "Allow",
        "Resource": "arn:aws:ecs:*:*:task/*/*",
        "Sid": "SSMStartSessionAccess"
      },
      {
        "Action": [
          "codestar-connections:ListConnections",
          "codestar-connections:GetConnection"
        ],
        "Effect": "Allow",
        "Resource": [
          "arn:aws:codestar-connections:*:*:connection/*",
          "arn:aws:codeconnections:*:*:connection/*"
        ],
        "Sid": "CodeStarConnectionsUserAccess"
      },
      {
        "Action": [
          "codestar-notifications:CreateNotificationRule",
          "codestar-notifications:DescribeNotificationRule",
          "codestar-notifications:UpdateNotificationRule",
          "codestar-notifications:Subscribe",
          "codestar-notifications:Unsubscribe"
        ],
        "Condition": {
          "ArnLike": {
            "codestar-notifications:NotificationsForResource": "arn:aws:codebuild:*:*:project/*"
          }
        },
        "Effect": "Allow",
        "Resource": "*",
        "Sid": "CodeStarNotificationsReadWriteAccess"
      },
      {
        "Action": [
          "codestar-notifications:ListNotificationRules",
          "codestar-notifications:ListEventTypes",
          "codestar-notifications:ListTargets",
          "codestar-notifications:ListTagsforResource"
        ],
        "Effect": "Allow",
        "Resource": "*",
        "Sid": "CodeStarNotificationsListAccess"
      },
      {
        "Action": [
          "sns:ListTopics",
          "sns:GetTopicAttributes"
        ],
        "Effect": "Allow",
        "Resource": "*",
        "Sid": "SNSTopicListAccess"
      },
      {
        "Action": [
          "chatbot:DescribeSlackChannelConfigurations",
          "chatbot:ListMicrosoftTeamsChannelConfigurations"
        ],
        "Effect": "Allow",
        "Resource": "*",
        "Sid": "CodeStarNotificationsChatbotAccess"
      }
    ],
    "Version": "2012-10-17"
  },
  "effective_actions": [
    {
      "access_level": "Write",
      "action": "codebuild:StartBuild",
      "condition": null,
      "credentials_exposure": false,
      "data_access": false,
      "effective_action": "codebuild:StartBuild",
      "privesc": false,
      "resource_exposure": false
    },
    {
      "access_level": "Write",
      "action": "codebuild:StopBuild",
      "condition": null,
      "credentials_exposure": false,
      "data_access": false,
      "effective_action": "codebuild:StopBuild",
      "privesc": false,
      "resource_exposure": false
    },
    {
      "access_level": "Write",
      "action": "codebuild:StartBuildBatch",
      "condition": null,
      "credentials_exposure": false,
      "data_access": false,
      "effective_action": "codebuild:StartBuildBatch",
      "privesc": false,
      "resource_exposure": false
    },
    {
      "access_level": "Write",
      "action": "codebuild:StopBuildBatch",
      "condition": null,
      "credentials_exposure": false,
      "data_access": false,
      "effective_action": "codebuild:StopBuildBatch",
      "privesc": false,
      "resource_exposure": false
    },
    {
      "access_level": "Write",
      "action": "codebuild:RetryBuild",
      "condition": null,
      "credentials_exposure": false,
      "data_access": false,
      "effective_action": "codebuild:RetryBuild",
      "privesc": false,
      "resource_exposure": false
    },
    {
      "access_level": "Write",
      "action": "codebuild:RetryBuildBatch",
      "condition": null,
      "credentials_exposure": false,
      "data_access": false,
      "effective_action": "codebuild:RetryBuildBatch",
      "privesc": false,
      "resource_exposure": false
    },
    {
      "access_level": "Read",
      "action": "codebuild:BatchGet*",
      "condition": null,
      "credentials_exposure": false,
      "data_access": false,
      "effective_action": "codebuild:BatchGetBuildBatches",
      "privesc": false,
      "resource_exposure": false
    },
    {
      "access_level": "Read",
      "action": "codebuild:BatchGet*",
      "condition": null,
      "credentials_exposure": false,
      "data_access": false,
      "effective_action": "codebuild:BatchGetBuilds",
      "privesc": false,
      "resource_exposure": false
    },
    {
      "access_level": "Read",
      "action": "codebuild:BatchGet*",
      "condition": null,
      "credentials_exposure": false,
      "data_access": false,
      "effective_action": "codebuild:BatchGetCommandExecutions",
      "privesc": false,
      "resource_exposure": false
    },
    {
      "access_level": "Read",
      "action": "codebuild:BatchGet*",
      "condition": null,
      "credentials_exposure": false,
      "data_access": false,
      "effective_action": "codebuild:BatchGetFleets",
      "privesc": false,
      "resource_exposure": false
    },
    {
      "access_level": "Read",
      "action": "codebuild:BatchGet*",
      "condition": null,
      "credentials_exposure": false,
      "data_access": false,
      "effective_action": "codebuild:BatchGetProjects",
      "privesc": false,
      "resource_exposure": false
    },
    {
      "access_level": "Read",
      "action": "codebuild:BatchGet*",
      "condition": null,
      "credentials_exposure": false,
      "data_access": true,
      "effective_action": "codebuild:BatchGetReportGroups",
      "privesc": false,
      "resource_exposure": false
    },
    {
      "access_level": "Read",
      "action": "codebuild:BatchGet*",
      "condition": null,
      "credentials_exposure": false,
      "data_access": true,
      "effective_action": "codebuild:BatchGetReports",
      "privesc": false,
      "resource_exposure": false
    },
    {
      "access_level": "Read",
      "action": "codebuild:BatchGet*",
      "condition": null,
      "credentials_exposure": false,
      "data_access": false,
      "effective_action": "codebuild:BatchGetSandboxes",
      "privesc": false,
      "resource_exposure": false
    },
    {
      "access_level": "Read",
      "action": "codebuild:GetResourcePolicy",
      "condition": null,
      "credentials_exposure": false,
      "data_access": false,
      "effective_action": "codebuild:GetResourcePolicy",
      "privesc": false,
      "resource_exposure": false
    },
    {
      "access_level": "Read",
      "action": "codebuild:DescribeTestCases",
      "condition": null,
      "credentials_exposure": false,
      "data_access": false,
      "effective_action": "codebuild:DescribeTestCases",
      "privesc": false,
      "resource_exposure": false
    },
    {
      "access_level": "Read",
      "action": "codebuild:DescribeCodeCoverages",
      "condition": null,
      "credentials_exposure": false,
      "data_access": false,
      "effective_action": "codebuild:DescribeCodeCoverages",
      "privesc": false,
      "resource_exposure": false
    },
    {
      "access_level": "List",
      "action": "codebuild:List*",
      "condition": null,
      "credentials_exposure": false,
      "data_access": false,
      "effective_action": "codebuild:ListBuildBatches",
      "privesc": false,
      "resource_exposure": false
    },
    {
      "access_level": "List",
      "action": "codebuild:List*",
      "condition": null,
      "credentials_exposure": false,
      "data_access": false,
      "effective_action": "codebuild:ListBuildBatchesForProject",
      "privesc": false,
      "resource_exposure": false
    },
    {
      "access_level": "List",
      "action": "codebuild:List*",
      "condition": null,
      "credentials_exposure": false,
      "data_access": false,
      "effective_action": "codebuild:ListBuilds",
      "privesc": false,
      "resource_exposure": false
    },
    {
      "access_level": "List",
      "action": "codebuild:List*",
      "condition": null,
      "credentials_exposure": false,
      "data_access": false,
      "effective_action": "codebuild:ListBuildsForProject",
      "privesc": false,
      "resource_exposure": false
    },
    {
      "access_level": "List",
      "action": "codebuild:List*",
      "condition": null,
      "credentials_exposure": false,
      "data_access": false,
      "effective_action": "codebuild:ListCommandExecutionsForSandbox",
      "privesc": false,
      "resource_exposure": false
    },
    {
      "access_level": "List",
      "action": "codebuild:List*",
      "condition": null,
      "credentials_exposure": false,
      "data_access": false,
      "effective_action": "codebuild:ListConnectedOAuthAccounts",
      "privesc": false,
      "resource_exposure": false
    },
    {
      "access_level": "List",
      "action": "codebuild:List*",
      "condition": null,
      "credentials_exposure": false,
      "data_access": false,
      "effective_action": "codebuild:ListCuratedEnvironmentImages",
      "privesc": false,
      "resource_exposure": false
    },
    {
      "access_level": "List",
      "action": "codebuild:List*",
      "condition": null,
      "credentials_exposure": false,
      "data_access": false,
      "effective_action": "codebuild:ListFleets",
      "privesc": false,
      "resource_exposure": false
    },
    {
      "access_level": "List",
      "action": "codebuild:List*",
      "condition": null,
      "credentials_exposure": false,
      "data_access": false,
      "effective_action": "codebuild:ListProjects",
      "privesc": false,
      "resource_exposure": false
    },
    {
      "access_level": "List",
      "action": "codebuild:List*",
      "condition": null,
      "credentials_exposure": false,
      "data_access": false,
      "effective_action": "codebuild:ListReportGroups",
      "privesc": false,
      "resource_exposure": false
    },
    {
      "access_level": "List",
      "action": "codebuild:List*",
      "condition": null,
      "credentials_exposure": false,
      "data_access": false,
      "effective_action": "codebuild:ListReports",
      "privesc": false,
      "resource_exposure": false
    },
    {
      "access_level": "List",
      "action": "codebuild:List*",
      "condition": null,
      "credentials_exposure": false,
      "data_access": false,
      "effective_action": "codebuild:ListReportsForReportGroup",
      "privesc": false,
      "resource_exposure": false
    },
    {
      "access_level": "List",
      "action": "codebuild:List*",
      "condition": null,
      "credentials_exposure": false,
      "data_access": false,
      "effective_action": "codebuild:ListRepositories",
      "privesc": false,
      "resource_exposure": false
    },
    {
      "access_level": "List",
      "action": "codebuild:List*",
      "condition": null,
      "credentials_exposure": false,
      "data_access": false,
      "effective_action": "codebuild:ListSandboxes",
      "privesc": false,
      "resource_exposure": false
    },
    {
      "access_level": "List",
      "action": "codebuild:List*",
      "condition": null,
      "credentials_exposure": false,
      "data_access": false,
      "effective_action": "codebuild:ListSandboxesForProject",
      "privesc": false,
      "resource_exposure": false
    },
    {
      "access_level": "List",
      "action": "codebuild:List*",
      "condition": null,
      "credentials_exposure": false,
      "data_access": false,
      "effective_action": "codebuild:ListSharedProjects",
      "privesc": false,
      "resource_exposure": false
    },
    {
      "access_level": "List",
      "action": "codebuild:List*",
      "condition": null,
      "credentials_exposure": false,
      "data_access": false,
      "effective_action": "codebuild:ListSharedReportGroups",
      "privesc": false,
      "resource_exposure": false
    },
    {
      "access_level": "List",
      "action": "codebuild:List*",
      "condition": null,
      "credentials_exposure": false,
      "data_access": false,
      "effective_action": "codebuild:ListSourceCredentials",
      "privesc": false,
      "resource_exposure": false
    },
    {
      "access_level": "Read",
      "action": "codecommit:GetBranch",
      "condition": null,
      "credentials_exposure": false,
      "data_access": true,
      "effective_action": "codecommit:GetBranch",
      "privesc": false,
      "resource_exposure": false
    },
    {
      "access_level": "Read",
      "action": "codecommit:GetCommit",
      "condition": null,
      "credentials_exposure": false,
      "data_access": true,
      "effective_action": "codecommit:GetCommit",
      "privesc": false,
      "resource_exposure": false
    },
    {
      "access_level": "Read",
      "action": "codecommit:GetRepository",
      "condition": null,
      "credentials_exposure": false,
      "data_access": false,
      "effective_action": "codecommit:GetRepository",
      "privesc": false,
      "resource_exposure": false
    },
    {
      "access_level": "List",
      "action": "codecommit:ListBranches",
      "condition": null,
      "credentials_exposure": false,
      "data_access": false,
      "effective_action": "codecommit:ListBranches",
      "privesc": false,
      "resource_exposure": false
    },
    {
      "access_level": "Read",
      "action": "cloudwatch:GetMetricStatistics",
      "condition": null,
      "credentials_exposure": false,
      "data_access": false,
      "effective_action": "cloudwatch:GetMetricStatistics",
      "privesc": false,
      "resource_exposure": false
    },
    {
      "access_level": "Read",
      "action": "events:DescribeRule",
      "condition": null,
      "credentials_exposure": false,
      "data_access": false,
      "effective_action": "events:DescribeRule",
      "privesc": false,
      "resource_exposure": false
    },
    {
      "access_level": "List",
      "action": "events:ListTargetsByRule",
      "condition": null,
      "credentials_exposure": false,
      "data_access": false,
      "effective_action": "events:ListTargetsByRule",
      "privesc": false,
      "resource_exposure": false
    },
    {
      "access_level": "List",
      "action": "events:ListRuleNamesByTarget",
      "condition": null,
      "credentials_exposure": false,
      "data_access": false,
      "effective_action": "events:ListRuleNamesByTarget",
      "privesc": false,
      "resource_exposure": false
    },
    {
      "access_level": "Read",
      "action": "logs:GetLogEvents",
      "condition": null,
      "credentials_exposure": false,
      "data_access": true,
      "effective_action": "logs:GetLogEvents",
      "privesc": false,
      "resource_exposure": false
    },
    {
      "access_level": "Read",
      "action": "s3:GetBucketLocation",
      "condition": null,
      "credentials_exposure": false,
      "data_access": false,
      "effective_action": "s3:GetBucketLocation",
      "privesc": false,
      "resource_exposure": false
    },
    {
      "access_level": "List",
      "action": "s3:ListAllMyBuckets",
      "condition": null,
      "credentials_exposure": false,
      "data_access": false,
      "effective_action": "s3:ListAllMyBuckets",
      "privesc": false,
      "resource_exposure": false
    },
    {
      "access_level": "Write",
      "action": "ssm:PutParameter",
      "condition": null,
      "credentials_exposure": false,
      "data_access": false,
      "effective_action": "ssm:PutParameter",
      "privesc": false,
      "resource_exposure": false
    },
    {
      "access_level": "Write",
      "action": "ssm:StartSession",
      "condition": null,
      "credentials_exposure": false,
      "data_access": false,
      "effective_action": "ssm:StartSession",
      "privesc": false,
      "resource_exposure": false
    },
    {
      "access_level": "List",
      "action": "codestar-connections:ListConnections",
      "condition": null,
      "credentials_exposure": false,
      "data_access": false,
      "effective_action": "codestar-connections:ListConnections",
      "privesc": false,
      "resource_exposure": false
    },
    {
      "access_level": "Read",
      "action": "codestar-connections:GetConnection",
      "condition": null,
      "credentials_exposure": false,
      "data_access": false,
      "effective_action": "codestar-connections:GetConnection",
      "privesc": false,
      "resource_exposure": false
    },
    {
      "access_level": "Write",
      "action": "codestar-notifications:CreateNotificationRule",
      "condition": {
        "ArnLike": {
          "codestar-notifications:NotificationsForResource": "arn:aws:codebuild:*:*:project/*"
        }
      },
      "credentials_exposure": false,
      "data_access": false,
      "effective_action": "codestar-notifications:CreateNotificationRule",
      "privesc": false,
      "resource_exposure": false
    },
    {
      "access_level": "Read",
      "action": "codestar-notifications:DescribeNotificationRule",
      "condition": {
        "ArnLike": {
          "codestar-notifications:NotificationsForResource": "arn:aws:codebuild:*:*:project/*"
        }
      },
      "credentials_exposure": false,
      "data_access": false,
      "effective_action": "codestar-notifications:DescribeNotificationRule",
      "privesc": false,
      "resource_exposure": false
    },
    {
      "access_level": "Write",
      "action": "codestar-notifications:UpdateNotificationRule",
      "condition": {
        "ArnLike": {
          "codestar-notifications:NotificationsForResource": "arn:aws:codebuild:*:*:project/*"
        }
      },
      "credentials_exposure": false,
      "data_access": false,
      "effective_action": "codestar-notifications:UpdateNotificationRule",
      "privesc": false,
      "resource_exposure": false
    },
    {
      "access_level": "Write",
      "action": "codestar-notifications:Subscribe",
      "condition": {
        "ArnLike": {
          "codestar-notifications:NotificationsForResource": "arn:aws:codebuild:*:*:project/*"
        }
      },
      "credentials_exposure": false,
      "data_access": false,
      "effective_action": "codestar-notifications:Subscribe",
      "privesc": false,
      "resource_exposure": false
    },
    {
      "access_level": "Write",
      "action": "codestar-notifications:Unsubscribe",
      "condition": {
        "ArnLike": {
          "codestar-notifications:NotificationsForResource": "arn:aws:codebuild:*:*:project/*"
        }
      },
      "credentials_exposure": false,
      "data_access": false,
      "effective_action": "codestar-notifications:Unsubscribe",
      "privesc": false,
      "resource_exposure": false
    },
    {
      "access_level": "List",
      "action": "codestar-notifications:ListNotificationRules",
      "condition": null,
      "credentials_exposure": false,
      "data_access": false,
      "effective_action": "codestar-notifications:ListNotificationRules",
      "privesc": false,
      "resource_exposure": false
    },
    {
      "access_level": "List",
      "action": "codestar-notifications:ListEventTypes",
      "condition": null,
      "credentials_exposure": false,
      "data_access": false,
      "effective_action": "codestar-notifications:ListEventTypes",
      "privesc": false,
      "resource_exposure": false
    },
    {
      "access_level": "List",
      "action": "codestar-notifications:ListTargets",
      "condition": null,
      "credentials_exposure": false,
      "data_access": false,
      "effective_action": "codestar-notifications:ListTargets",
      "privesc": false,
      "resource_exposure": false
    },
    {
      "access_level": "List",
      "action": "codestar-notifications:ListTagsforResource",
      "condition": null,
      "credentials_exposure": false,
      "data_access": false,
      "effective_action": "codestar-notifications:ListTagsForResource",
      "privesc": false,
      "resource_exposure": false
    },
    {
      "access_level": "List",
      "action": "sns:ListTopics",
      "condition": null,
      "credentials_exposure": false,
      "data_access": false,
      "effective_action": "sns:ListTopics",
      "privesc": false,
      "resource_exposure": false
    },
    {
      "access_level": "Read",
      "action": "sns:GetTopicAttributes",
      "condition": null,
      "credentials_exposure": false,
      "data_access": false,
      "effective_action": "sns:GetTopicAttributes",
      "privesc": false,
      "resource_exposure": false
    },
    {
      "access_level": "Read",
      "action": "chatbot:DescribeSlackChannelConfigurations",
      "condition": null,
      "credentials_exposure": false,
      "data_access": false,
      "effective_action": "chatbot:DescribeSlackChannelConfigurations",
      "privesc": false,
      "resource_exposure": false
    },
    {
      "access_level": "Read",
      "action": "chatbot:ListMicrosoftTeamsChannelConfigurations",
      "condition": null,
      "credentials_exposure": false,
      "data_access": false,
      "effective_action": "chatbot:ListMicrosoftTeamsChannelConfigurations",
      "privesc": false,
      "resource_exposure": false
    }
  ],
  "grantless": false,
  "malformed": false,
  "name": "AWSCodeBuildDeveloperAccess",
  "privesc": false,
  "resource_exposure": false,
  "undocumented_actions": false,
  "unknown_actions": [],
  "updatedate": "2024-12-16T20:07:06+00:00",
  "version": "v16"
}