{
  "access_levels": [
    "List",
    "Read",
    "Tagging",
    "Write",
    "Permissions management"
  ],
  "arn": "arn:aws:iam::aws:policy/AWSCodeArtifactAdminAccess",
  "createdate": "2020-06-16T23:53:23Z",
  "credentials_exposure": true,
  "data_access": true,
  "deprecated": false,
  "document": {
    "Statement": [
      {
        "Action": [
          "codeartifact:*"
        ],
        "Effect": "Allow",
        "Resource": "*"
      },
      {
        "Action": [
          "sts:GetServiceBearerToken"
        ],
        "Condition": {
          "StringEquals": {
            "sts:AWSServiceName": "codeartifact.amazonaws.com"
          }
        },
        "Effect": "Allow",
        "Resource": "*"
      }
    ],
    "Version": "2012-10-17"
  },
  "effective_actions": [
    {
      "access_level": "Write",
      "action": "codeartifact:*",
      "condition": null,
      "credentials_exposure": false,
      "data_access": false,
      "effective_action": "codeartifact:AssociateExternalConnection",
      "privesc": false,
      "resource_exposure": false
    },
    {
      "access_level": "Write",
      "action": "codeartifact:*",
      "condition": null,
      "credentials_exposure": false,
      "data_access": false,
      "effective_action": "codeartifact:AssociateWithDownstreamRepository",
      "privesc": false,
      "resource_exposure": false
    },
    {
      "access_level": "Write",
      "action": "codeartifact:*",
      "condition": null,
      "credentials_exposure": false,
      "data_access": false,
      "effective_action": "codeartifact:CopyPackageVersions",
      "privesc": false,
      "resource_exposure": false
    },
    {
      "access_level": "Write",
      "action": "codeartifact:*",
      "condition": null,
      "credentials_exposure": false,
      "data_access": false,
      "effective_action": "codeartifact:CreateDomain",
      "privesc": false,
      "resource_exposure": false
    },
    {
      "access_level": "Write",
      "action": "codeartifact:*",
      "condition": null,
      "credentials_exposure": false,
      "data_access": false,
      "effective_action": "codeartifact:CreatePackageGroup",
      "privesc": false,
      "resource_exposure": false
    },
    {
      "access_level": "Write",
      "action": "codeartifact:*",
      "condition": null,
      "credentials_exposure": false,
      "data_access": false,
      "effective_action": "codeartifact:CreateRepository",
      "privesc": false,
      "resource_exposure": false
    },
    {
      "access_level": "Write",
      "action": "codeartifact:*",
      "condition": null,
      "credentials_exposure": false,
      "data_access": false,
      "effective_action": "codeartifact:DeleteDomain",
      "privesc": false,
      "resource_exposure": false
    },
    {
      "access_level": "Permissions management",
      "action": "codeartifact:*",
      "condition": null,
      "credentials_exposure": false,
      "data_access": false,
      "effective_action": "codeartifact:DeleteDomainPermissionsPolicy",
      "privesc": false,
      "resource_exposure": true
    },
    {
      "access_level": "Write",
      "action": "codeartifact:*",
      "condition": null,
      "credentials_exposure": false,
      "data_access": false,
      "effective_action": "codeartifact:DeletePackage",
      "privesc": false,
      "resource_exposure": false
    },
    {
      "access_level": "Write",
      "action": "codeartifact:*",
      "condition": null,
      "credentials_exposure": false,
      "data_access": false,
      "effective_action": "codeartifact:DeletePackageGroup",
      "privesc": false,
      "resource_exposure": false
    },
    {
      "access_level": "Write",
      "action": "codeartifact:*",
      "condition": null,
      "credentials_exposure": false,
      "data_access": false,
      "effective_action": "codeartifact:DeletePackageVersions",
      "privesc": false,
      "resource_exposure": false
    },
    {
      "access_level": "Write",
      "action": "codeartifact:*",
      "condition": null,
      "credentials_exposure": false,
      "data_access": false,
      "effective_action": "codeartifact:DeleteRepository",
      "privesc": false,
      "resource_exposure": false
    },
    {
      "access_level": "Permissions management",
      "action": "codeartifact:*",
      "condition": null,
      "credentials_exposure": false,
      "data_access": false,
      "effective_action": "codeartifact:DeleteRepositoryPermissionsPolicy",
      "privesc": false,
      "resource_exposure": true
    },
    {
      "access_level": "Read",
      "action": "codeartifact:*",
      "condition": null,
      "credentials_exposure": false,
      "data_access": false,
      "effective_action": "codeartifact:DescribeDomain",
      "privesc": false,
      "resource_exposure": false
    },
    {
      "access_level": "Read",
      "action": "codeartifact:*",
      "condition": null,
      "credentials_exposure": false,
      "data_access": false,
      "effective_action": "codeartifact:DescribePackage",
      "privesc": false,
      "resource_exposure": false
    },
    {
      "access_level": "Read",
      "action": "codeartifact:*",
      "condition": null,
      "credentials_exposure": false,
      "data_access": false,
      "effective_action": "codeartifact:DescribePackageGroup",
      "privesc": false,
      "resource_exposure": false
    },
    {
      "access_level": "Read",
      "action": "codeartifact:*",
      "condition": null,
      "credentials_exposure": false,
      "data_access": false,
      "effective_action": "codeartifact:DescribePackageVersion",
      "privesc": false,
      "resource_exposure": false
    },
    {
      "access_level": "Read",
      "action": "codeartifact:*",
      "condition": null,
      "credentials_exposure": false,
      "data_access": false,
      "effective_action": "codeartifact:DescribeRepository",
      "privesc": false,
      "resource_exposure": false
    },
    {
      "access_level": "Write",
      "action": "codeartifact:*",
      "condition": null,
      "credentials_exposure": false,
      "data_access": false,
      "effective_action": "codeartifact:DisassociateExternalConnection",
      "privesc": false,
      "resource_exposure": false
    },
    {
      "access_level": "Write",
      "action": "codeartifact:*",
      "condition": null,
      "credentials_exposure": false,
      "data_access": false,
      "effective_action": "codeartifact:DisposePackageVersions",
      "privesc": false,
      "resource_exposure": false
    },
    {
      "access_level": "Read",
      "action": "codeartifact:*",
      "condition": null,
      "credentials_exposure": false,
      "data_access": false,
      "effective_action": "codeartifact:GetAssociatedPackageGroup",
      "privesc": false,
      "resource_exposure": false
    },
    {
      "access_level": "Read",
      "action": "codeartifact:*",
      "condition": null,
      "credentials_exposure": true,
      "data_access": false,
      "effective_action": "codeartifact:GetAuthorizationToken",
      "privesc": false,
      "resource_exposure": false
    },
    {
      "access_level": "Read",
      "action": "codeartifact:*",
      "condition": null,
      "credentials_exposure": false,
      "data_access": false,
      "effective_action": "codeartifact:GetDomainPermissionsPolicy",
      "privesc": false,
      "resource_exposure": false
    },
    {
      "access_level": "Read",
      "action": "codeartifact:*",
      "condition": null,
      "credentials_exposure": false,
      "data_access": true,
      "effective_action": "codeartifact:GetPackageVersionAsset",
      "privesc": false,
      "resource_exposure": false
    },
    {
      "access_level": "Read",
      "action": "codeartifact:*",
      "condition": null,
      "credentials_exposure": false,
      "data_access": true,
      "effective_action": "codeartifact:GetPackageVersionReadme",
      "privesc": false,
      "resource_exposure": false
    },
    {
      "access_level": "Read",
      "action": "codeartifact:*",
      "condition": null,
      "credentials_exposure": false,
      "data_access": false,
      "effective_action": "codeartifact:GetRepositoryEndpoint",
      "privesc": false,
      "resource_exposure": false
    },
    {
      "access_level": "Read",
      "action": "codeartifact:*",
      "condition": null,
      "credentials_exposure": false,
      "data_access": false,
      "effective_action": "codeartifact:GetRepositoryPermissionsPolicy",
      "privesc": false,
      "resource_exposure": false
    },
    {
      "access_level": "List",
      "action": "codeartifact:*",
      "condition": null,
      "credentials_exposure": false,
      "data_access": false,
      "effective_action": "codeartifact:ListAllowedRepositoriesForGroup",
      "privesc": false,
      "resource_exposure": false
    },
    {
      "access_level": "List",
      "action": "codeartifact:*",
      "condition": null,
      "credentials_exposure": false,
      "data_access": false,
      "effective_action": "codeartifact:ListAssociatedPackages",
      "privesc": false,
      "resource_exposure": false
    },
    {
      "access_level": "List",
      "action": "codeartifact:*",
      "condition": null,
      "credentials_exposure": false,
      "data_access": false,
      "effective_action": "codeartifact:ListDomains",
      "privesc": false,
      "resource_exposure": false
    },
    {
      "access_level": "List",
      "action": "codeartifact:*",
      "condition": null,
      "credentials_exposure": false,
      "data_access": false,
      "effective_action": "codeartifact:ListPackageGroups",
      "privesc": false,
      "resource_exposure": false
    },
    {
      "access_level": "List",
      "action": "codeartifact:*",
      "condition": null,
      "credentials_exposure": false,
      "data_access": false,
      "effective_action": "codeartifact:ListPackageVersionAssets",
      "privesc": false,
      "resource_exposure": false
    },
    {
      "access_level": "List",
      "action": "codeartifact:*",
      "condition": null,
      "credentials_exposure": false,
      "data_access": false,
      "effective_action": "codeartifact:ListPackageVersionDependencies",
      "privesc": false,
      "resource_exposure": false
    },
    {
      "access_level": "List",
      "action": "codeartifact:*",
      "condition": null,
      "credentials_exposure": false,
      "data_access": false,
      "effective_action": "codeartifact:ListPackageVersions",
      "privesc": false,
      "resource_exposure": false
    },
    {
      "access_level": "List",
      "action": "codeartifact:*",
      "condition": null,
      "credentials_exposure": false,
      "data_access": false,
      "effective_action": "codeartifact:ListPackages",
      "privesc": false,
      "resource_exposure": false
    },
    {
      "access_level": "List",
      "action": "codeartifact:*",
      "condition": null,
      "credentials_exposure": false,
      "data_access": false,
      "effective_action": "codeartifact:ListRepositories",
      "privesc": false,
      "resource_exposure": false
    },
    {
      "access_level": "List",
      "action": "codeartifact:*",
      "condition": null,
      "credentials_exposure": false,
      "data_access": false,
      "effective_action": "codeartifact:ListRepositoriesInDomain",
      "privesc": false,
      "resource_exposure": false
    },
    {
      "access_level": "List",
      "action": "codeartifact:*",
      "condition": null,
      "credentials_exposure": false,
      "data_access": false,
      "effective_action": "codeartifact:ListSubPackageGroups",
      "privesc": false,
      "resource_exposure": false
    },
    {
      "access_level": "List",
      "action": "codeartifact:*",
      "condition": null,
      "credentials_exposure": false,
      "data_access": false,
      "effective_action": "codeartifact:ListTagsForResource",
      "privesc": false,
      "resource_exposure": false
    },
    {
      "access_level": "Write",
      "action": "codeartifact:*",
      "condition": null,
      "credentials_exposure": false,
      "data_access": false,
      "effective_action": "codeartifact:PublishPackageVersion",
      "privesc": false,
      "resource_exposure": false
    },
    {
      "access_level": "Write",
      "action": "codeartifact:*",
      "condition": null,
      "credentials_exposure": false,
      "data_access": false,
      "effective_action": "codeartifact:PutDomainPermissionsPolicy",
      "privesc": false,
      "resource_exposure": false
    },
    {
      "access_level": "Write",
      "action": "codeartifact:*",
      "condition": null,
      "credentials_exposure": false,
      "data_access": false,
      "effective_action": "codeartifact:PutPackageMetadata",
      "privesc": false,
      "resource_exposure": false
    },
    {
      "access_level": "Write",
      "action": "codeartifact:*",
      "condition": null,
      "credentials_exposure": false,
      "data_access": false,
      "effective_action": "codeartifact:PutPackageOriginConfiguration",
      "privesc": false,
      "resource_exposure": false
    },
    {
      "access_level": "Write",
      "action": "codeartifact:*",
      "condition": null,
      "credentials_exposure": false,
      "data_access": false,
      "effective_action": "codeartifact:PutRepositoryPermissionsPolicy",
      "privesc": false,
      "resource_exposure": false
    },
    {
      "access_level": "Read",
      "action": "codeartifact:*",
      "condition": null,
      "credentials_exposure": false,
      "data_access": true,
      "effective_action": "codeartifact:ReadFromRepository",
      "privesc": false,
      "resource_exposure": false
    },
    {
      "access_level": "Tagging",
      "action": "codeartifact:*",
      "condition": null,
      "credentials_exposure": false,
      "data_access": false,
      "effective_action": "codeartifact:TagResource",
      "privesc": false,
      "resource_exposure": false
    },
    {
      "access_level": "Tagging",
      "action": "codeartifact:*",
      "condition": null,
      "credentials_exposure": false,
      "data_access": false,
      "effective_action": "codeartifact:UntagResource",
      "privesc": false,
      "resource_exposure": false
    },
    {
      "access_level": "Write",
      "action": "codeartifact:*",
      "condition": null,
      "credentials_exposure": false,
      "data_access": false,
      "effective_action": "codeartifact:UpdatePackageGroup",
      "privesc": false,
      "resource_exposure": false
    },
    {
      "access_level": "Write",
      "action": "codeartifact:*",
      "condition": null,
      "credentials_exposure": false,
      "data_access": false,
      "effective_action": "codeartifact:UpdatePackageGroupOriginConfiguration",
      "privesc": false,
      "resource_exposure": false
    },
    {
      "access_level": "Write",
      "action": "codeartifact:*",
      "condition": null,
      "credentials_exposure": false,
      "data_access": false,
      "effective_action": "codeartifact:UpdatePackageVersionsStatus",
      "privesc": false,
      "resource_exposure": false
    },
    {
      "access_level": "Write",
      "action": "codeartifact:*",
      "condition": null,
      "credentials_exposure": false,
      "data_access": false,
      "effective_action": "codeartifact:UpdateRepository",
      "privesc": false,
      "resource_exposure": false
    },
    {
      "access_level": "Read",
      "action": "sts:GetServiceBearerToken",
      "condition": {
        "StringEquals": {
          "sts:AWSServiceName": "codeartifact.amazonaws.com"
        }
      },
      "credentials_exposure": false,
      "data_access": false,
      "effective_action": "sts:GetServiceBearerToken",
      "privesc": false,
      "resource_exposure": false
    }
  ],
  "grantless": false,
  "malformed": false,
  "name": "AWSCodeArtifactAdminAccess",
  "privesc": false,
  "resource_exposure": true,
  "undocumented_actions": false,
  "unknown_actions": [],
  "updatedate": "2020-06-16T23:53:23+00:00",
  "version": "v1"
}