{
  "access_levels": [
    "Write"
  ],
  "arn": "arn:aws:iam::aws:policy/AWSCloud9SSMInstanceProfile",
  "createdate": "2020-05-14T11:40:49Z",
  "credentials_exposure": false,
  "data_access": false,
  "deprecated": false,
  "document": {
    "Statement": [
      {
        "Action": [
          "ssmmessages:CreateControlChannel",
          "ssmmessages:CreateDataChannel",
          "ssmmessages:OpenControlChannel",
          "ssmmessages:OpenDataChannel",
          "ssm:UpdateInstanceInformation"
        ],
        "Effect": "Allow",
        "Resource": "*"
      }
    ],
    "Version": "2012-10-17"
  },
  "effective_actions": [
    {
      "access_level": "Write",
      "action": "ssmmessages:CreateControlChannel",
      "condition": null,
      "credentials_exposure": false,
      "data_access": false,
      "effective_action": "ssmmessages:CreateControlChannel",
      "privesc": false,
      "resource_exposure": false
    },
    {
      "access_level": "Write",
      "action": "ssmmessages:CreateDataChannel",
      "condition": null,
      "credentials_exposure": false,
      "data_access": false,
      "effective_action": "ssmmessages:CreateDataChannel",
      "privesc": false,
      "resource_exposure": false
    },
    {
      "access_level": "Write",
      "action": "ssmmessages:OpenControlChannel",
      "condition": null,
      "credentials_exposure": false,
      "data_access": false,
      "effective_action": "ssmmessages:OpenControlChannel",
      "privesc": false,
      "resource_exposure": false
    },
    {
      "access_level": "Write",
      "action": "ssmmessages:OpenDataChannel",
      "condition": null,
      "credentials_exposure": false,
      "data_access": false,
      "effective_action": "ssmmessages:OpenDataChannel",
      "privesc": false,
      "resource_exposure": false
    },
    {
      "access_level": "Write",
      "action": "ssm:UpdateInstanceInformation",
      "condition": null,
      "credentials_exposure": false,
      "data_access": false,
      "effective_action": "ssm:UpdateInstanceInformation",
      "privesc": false,
      "resource_exposure": false
    }
  ],
  "grantless": false,
  "malformed": false,
  "name": "AWSCloud9SSMInstanceProfile",
  "privesc": false,
  "resource_exposure": false,
  "undocumented_actions": false,
  "unknown_actions": [],
  "updatedate": "2020-05-14T11:40:49+00:00",
  "version": "v1"
}