{
  "access_levels": [
    "List",
    "Read",
    "Tagging",
    "Write",
    "Permissions management"
  ],
  "arn": "arn:aws:iam::aws:policy/AWSCodeBuildAdminAccess",
  "createdate": "2024-12-16T20:07:07Z",
  "credentials_exposure": false,
  "data_access": true,
  "deprecated": false,
  "document": {
    "Statement": [
      {
        "Action": [
          "codebuild:*",
          "codecommit:GetBranch",
          "codecommit:GetCommit",
          "codecommit:GetRepository",
          "codecommit:ListBranches",
          "codecommit:ListRepositories",
          "cloudwatch:GetMetricStatistics",
          "ec2:DescribeVpcs",
          "ec2:DescribeSecurityGroups",
          "ec2:DescribeSubnets",
          "ecr:DescribeRepositories",
          "ecr:ListImages",
          "elasticfilesystem:DescribeFileSystems",
          "events:DeleteRule",
          "events:DescribeRule",
          "events:DisableRule",
          "events:EnableRule",
          "events:ListTargetsByRule",
          "events:ListRuleNamesByTarget",
          "events:PutRule",
          "events:PutTargets",
          "events:RemoveTargets",
          "logs:GetLogEvents",
          "s3:GetBucketLocation",
          "s3:ListAllMyBuckets"
        ],
        "Effect": "Allow",
        "Resource": "*",
        "Sid": "AWSServicesAccess"
      },
      {
        "Action": [
          "logs:DeleteLogGroup"
        ],
        "Effect": "Allow",
        "Resource": "arn:aws:logs:*:*:log-group:/aws/codebuild/*:log-stream:*",
        "Sid": "CWLDeleteLogGroupAccess"
      },
      {
        "Action": [
          "ssm:PutParameter"
        ],
        "Effect": "Allow",
        "Resource": "arn:aws:ssm:*:*:parameter/CodeBuild/*",
        "Sid": "SSMParameterWriteAccess"
      },
      {
        "Action": [
          "ssm:StartSession"
        ],
        "Effect": "Allow",
        "Resource": "arn:aws:ecs:*:*:task/*/*",
        "Sid": "SSMStartSessionAccess"
      },
      {
        "Action": [
          "codestar-connections:CreateConnection",
          "codestar-connections:DeleteConnection",
          "codestar-connections:UpdateConnectionInstallation",
          "codestar-connections:TagResource",
          "codestar-connections:UntagResource",
          "codestar-connections:ListConnections",
          "codestar-connections:ListInstallationTargets",
          "codestar-connections:ListTagsForResource",
          "codestar-connections:GetConnection",
          "codestar-connections:GetIndividualAccessToken",
          "codestar-connections:GetInstallationUrl",
          "codestar-connections:PassConnection",
          "codestar-connections:StartOAuthHandshake",
          "codestar-connections:UseConnection"
        ],
        "Effect": "Allow",
        "Resource": [
          "arn:aws:codestar-connections:*:*:connection/*",
          "arn:aws:codeconnections:*:*:connection/*"
        ],
        "Sid": "CodeStarConnectionsReadWriteAccess"
      },
      {
        "Action": [
          "codestar-notifications:CreateNotificationRule",
          "codestar-notifications:DescribeNotificationRule",
          "codestar-notifications:UpdateNotificationRule",
          "codestar-notifications:DeleteNotificationRule",
          "codestar-notifications:Subscribe",
          "codestar-notifications:Unsubscribe"
        ],
        "Condition": {
          "ArnLike": {
            "codestar-notifications:NotificationsForResource": "arn:aws:codebuild:*:*:project/*"
          }
        },
        "Effect": "Allow",
        "Resource": "*",
        "Sid": "CodeStarNotificationsReadWriteAccess"
      },
      {
        "Action": [
          "codestar-notifications:ListNotificationRules",
          "codestar-notifications:ListEventTypes",
          "codestar-notifications:ListTargets",
          "codestar-notifications:ListTagsforResource"
        ],
        "Effect": "Allow",
        "Resource": "*",
        "Sid": "CodeStarNotificationsListAccess"
      },
      {
        "Action": [
          "sns:CreateTopic",
          "sns:SetTopicAttributes"
        ],
        "Effect": "Allow",
        "Resource": "arn:aws:sns:*:*:codestar-notifications*",
        "Sid": "CodeStarNotificationsSNSTopicCreateAccess"
      },
      {
        "Action": [
          "sns:ListTopics",
          "sns:GetTopicAttributes"
        ],
        "Effect": "Allow",
        "Resource": "*",
        "Sid": "SNSTopicListAccess"
      },
      {
        "Action": [
          "chatbot:DescribeSlackChannelConfigurations",
          "chatbot:ListMicrosoftTeamsChannelConfigurations"
        ],
        "Effect": "Allow",
        "Resource": "*",
        "Sid": "CodeStarNotificationsChatbotAccess"
      }
    ],
    "Version": "2012-10-17"
  },
  "effective_actions": [
    {
      "access_level": "Write",
      "action": "codebuild:*",
      "condition": null,
      "credentials_exposure": false,
      "data_access": false,
      "effective_action": "codebuild:BatchDeleteBuilds",
      "privesc": false,
      "resource_exposure": false
    },
    {
      "access_level": "Read",
      "action": "codebuild:*",
      "condition": null,
      "credentials_exposure": false,
      "data_access": false,
      "effective_action": "codebuild:BatchGetBuildBatches",
      "privesc": false,
      "resource_exposure": false
    },
    {
      "access_level": "Read",
      "action": "codebuild:*",
      "condition": null,
      "credentials_exposure": false,
      "data_access": false,
      "effective_action": "codebuild:BatchGetBuilds",
      "privesc": false,
      "resource_exposure": false
    },
    {
      "access_level": "Read",
      "action": "codebuild:*",
      "condition": null,
      "credentials_exposure": false,
      "data_access": false,
      "effective_action": "codebuild:BatchGetCommandExecutions",
      "privesc": false,
      "resource_exposure": false
    },
    {
      "access_level": "Read",
      "action": "codebuild:*",
      "condition": null,
      "credentials_exposure": false,
      "data_access": false,
      "effective_action": "codebuild:BatchGetFleets",
      "privesc": false,
      "resource_exposure": false
    },
    {
      "access_level": "Read",
      "action": "codebuild:*",
      "condition": null,
      "credentials_exposure": false,
      "data_access": false,
      "effective_action": "codebuild:BatchGetProjects",
      "privesc": false,
      "resource_exposure": false
    },
    {
      "access_level": "Read",
      "action": "codebuild:*",
      "condition": null,
      "credentials_exposure": false,
      "data_access": true,
      "effective_action": "codebuild:BatchGetReportGroups",
      "privesc": false,
      "resource_exposure": false
    },
    {
      "access_level": "Read",
      "action": "codebuild:*",
      "condition": null,
      "credentials_exposure": false,
      "data_access": true,
      "effective_action": "codebuild:BatchGetReports",
      "privesc": false,
      "resource_exposure": false
    },
    {
      "access_level": "Read",
      "action": "codebuild:*",
      "condition": null,
      "credentials_exposure": false,
      "data_access": false,
      "effective_action": "codebuild:BatchGetSandboxes",
      "privesc": false,
      "resource_exposure": false
    },
    {
      "access_level": "Write",
      "action": "codebuild:*",
      "condition": null,
      "credentials_exposure": false,
      "data_access": false,
      "effective_action": "codebuild:BatchPutCodeCoverages",
      "privesc": false,
      "resource_exposure": false
    },
    {
      "access_level": "Write",
      "action": "codebuild:*",
      "condition": null,
      "credentials_exposure": false,
      "data_access": false,
      "effective_action": "codebuild:BatchPutTestCases",
      "privesc": false,
      "resource_exposure": false
    },
    {
      "access_level": "Write",
      "action": "codebuild:*",
      "condition": null,
      "credentials_exposure": false,
      "data_access": false,
      "effective_action": "codebuild:CreateFleet",
      "privesc": false,
      "resource_exposure": false
    },
    {
      "access_level": "Write",
      "action": "codebuild:*",
      "condition": null,
      "credentials_exposure": false,
      "data_access": false,
      "effective_action": "codebuild:CreateProject",
      "privesc": false,
      "resource_exposure": false
    },
    {
      "access_level": "Write",
      "action": "codebuild:*",
      "condition": null,
      "credentials_exposure": false,
      "data_access": false,
      "effective_action": "codebuild:CreateReport",
      "privesc": false,
      "resource_exposure": false
    },
    {
      "access_level": "Write",
      "action": "codebuild:*",
      "condition": null,
      "credentials_exposure": false,
      "data_access": false,
      "effective_action": "codebuild:CreateReportGroup",
      "privesc": false,
      "resource_exposure": false
    },
    {
      "access_level": "Write",
      "action": "codebuild:*",
      "condition": null,
      "credentials_exposure": false,
      "data_access": false,
      "effective_action": "codebuild:CreateWebhook",
      "privesc": false,
      "resource_exposure": false
    },
    {
      "access_level": "Write",
      "action": "codebuild:*",
      "condition": null,
      "credentials_exposure": false,
      "data_access": false,
      "effective_action": "codebuild:DeleteBuildBatch",
      "privesc": false,
      "resource_exposure": false
    },
    {
      "access_level": "Write",
      "action": "codebuild:*",
      "condition": null,
      "credentials_exposure": false,
      "data_access": false,
      "effective_action": "codebuild:DeleteFleet",
      "privesc": false,
      "resource_exposure": false
    },
    {
      "access_level": "Write",
      "action": "codebuild:*",
      "condition": null,
      "credentials_exposure": false,
      "data_access": false,
      "effective_action": "codebuild:DeleteOAuthToken",
      "privesc": false,
      "resource_exposure": false
    },
    {
      "access_level": "Write",
      "action": "codebuild:*",
      "condition": null,
      "credentials_exposure": false,
      "data_access": false,
      "effective_action": "codebuild:DeleteProject",
      "privesc": false,
      "resource_exposure": false
    },
    {
      "access_level": "Write",
      "action": "codebuild:*",
      "condition": null,
      "credentials_exposure": false,
      "data_access": false,
      "effective_action": "codebuild:DeleteReport",
      "privesc": false,
      "resource_exposure": false
    },
    {
      "access_level": "Write",
      "action": "codebuild:*",
      "condition": null,
      "credentials_exposure": false,
      "data_access": false,
      "effective_action": "codebuild:DeleteReportGroup",
      "privesc": false,
      "resource_exposure": false
    },
    {
      "access_level": "Permissions management",
      "action": "codebuild:*",
      "condition": null,
      "credentials_exposure": false,
      "data_access": false,
      "effective_action": "codebuild:DeleteResourcePolicy",
      "privesc": false,
      "resource_exposure": true
    },
    {
      "access_level": "Permissions management",
      "action": "codebuild:*",
      "condition": null,
      "credentials_exposure": false,
      "data_access": false,
      "effective_action": "codebuild:DeleteSourceCredentials",
      "privesc": false,
      "resource_exposure": true
    },
    {
      "access_level": "Write",
      "action": "codebuild:*",
      "condition": null,
      "credentials_exposure": false,
      "data_access": false,
      "effective_action": "codebuild:DeleteWebhook",
      "privesc": false,
      "resource_exposure": false
    },
    {
      "access_level": "Read",
      "action": "codebuild:*",
      "condition": null,
      "credentials_exposure": false,
      "data_access": false,
      "effective_action": "codebuild:DescribeCodeCoverages",
      "privesc": false,
      "resource_exposure": false
    },
    {
      "access_level": "Read",
      "action": "codebuild:*",
      "condition": null,
      "credentials_exposure": false,
      "data_access": false,
      "effective_action": "codebuild:DescribeTestCases",
      "privesc": false,
      "resource_exposure": false
    },
    {
      "access_level": "Read",
      "action": "codebuild:*",
      "condition": null,
      "credentials_exposure": false,
      "data_access": false,
      "effective_action": "codebuild:GetReportGroupTrend",
      "privesc": false,
      "resource_exposure": false
    },
    {
      "access_level": "Read",
      "action": "codebuild:*",
      "condition": null,
      "credentials_exposure": false,
      "data_access": false,
      "effective_action": "codebuild:GetResourcePolicy",
      "privesc": false,
      "resource_exposure": false
    },
    {
      "access_level": "Permissions management",
      "action": "codebuild:*",
      "condition": null,
      "credentials_exposure": false,
      "data_access": false,
      "effective_action": "codebuild:ImportSourceCredentials",
      "privesc": false,
      "resource_exposure": true
    },
    {
      "access_level": "Write",
      "action": "codebuild:*",
      "condition": null,
      "credentials_exposure": false,
      "data_access": false,
      "effective_action": "codebuild:InvalidateProjectCache",
      "privesc": false,
      "resource_exposure": false
    },
    {
      "access_level": "List",
      "action": "codebuild:*",
      "condition": null,
      "credentials_exposure": false,
      "data_access": false,
      "effective_action": "codebuild:ListBuildBatches",
      "privesc": false,
      "resource_exposure": false
    },
    {
      "access_level": "List",
      "action": "codebuild:*",
      "condition": null,
      "credentials_exposure": false,
      "data_access": false,
      "effective_action": "codebuild:ListBuildBatchesForProject",
      "privesc": false,
      "resource_exposure": false
    },
    {
      "access_level": "List",
      "action": "codebuild:*",
      "condition": null,
      "credentials_exposure": false,
      "data_access": false,
      "effective_action": "codebuild:ListBuilds",
      "privesc": false,
      "resource_exposure": false
    },
    {
      "access_level": "List",
      "action": "codebuild:*",
      "condition": null,
      "credentials_exposure": false,
      "data_access": false,
      "effective_action": "codebuild:ListBuildsForProject",
      "privesc": false,
      "resource_exposure": false
    },
    {
      "access_level": "List",
      "action": "codebuild:*",
      "condition": null,
      "credentials_exposure": false,
      "data_access": false,
      "effective_action": "codebuild:ListCommandExecutionsForSandbox",
      "privesc": false,
      "resource_exposure": false
    },
    {
      "access_level": "List",
      "action": "codebuild:*",
      "condition": null,
      "credentials_exposure": false,
      "data_access": false,
      "effective_action": "codebuild:ListConnectedOAuthAccounts",
      "privesc": false,
      "resource_exposure": false
    },
    {
      "access_level": "List",
      "action": "codebuild:*",
      "condition": null,
      "credentials_exposure": false,
      "data_access": false,
      "effective_action": "codebuild:ListCuratedEnvironmentImages",
      "privesc": false,
      "resource_exposure": false
    },
    {
      "access_level": "List",
      "action": "codebuild:*",
      "condition": null,
      "credentials_exposure": false,
      "data_access": false,
      "effective_action": "codebuild:ListFleets",
      "privesc": false,
      "resource_exposure": false
    },
    {
      "access_level": "List",
      "action": "codebuild:*",
      "condition": null,
      "credentials_exposure": false,
      "data_access": false,
      "effective_action": "codebuild:ListProjects",
      "privesc": false,
      "resource_exposure": false
    },
    {
      "access_level": "List",
      "action": "codebuild:*",
      "condition": null,
      "credentials_exposure": false,
      "data_access": false,
      "effective_action": "codebuild:ListReportGroups",
      "privesc": false,
      "resource_exposure": false
    },
    {
      "access_level": "List",
      "action": "codebuild:*",
      "condition": null,
      "credentials_exposure": false,
      "data_access": false,
      "effective_action": "codebuild:ListReports",
      "privesc": false,
      "resource_exposure": false
    },
    {
      "access_level": "List",
      "action": "codebuild:*",
      "condition": null,
      "credentials_exposure": false,
      "data_access": false,
      "effective_action": "codebuild:ListReportsForReportGroup",
      "privesc": false,
      "resource_exposure": false
    },
    {
      "access_level": "List",
      "action": "codebuild:*",
      "condition": null,
      "credentials_exposure": false,
      "data_access": false,
      "effective_action": "codebuild:ListRepositories",
      "privesc": false,
      "resource_exposure": false
    },
    {
      "access_level": "List",
      "action": "codebuild:*",
      "condition": null,
      "credentials_exposure": false,
      "data_access": false,
      "effective_action": "codebuild:ListSandboxes",
      "privesc": false,
      "resource_exposure": false
    },
    {
      "access_level": "List",
      "action": "codebuild:*",
      "condition": null,
      "credentials_exposure": false,
      "data_access": false,
      "effective_action": "codebuild:ListSandboxesForProject",
      "privesc": false,
      "resource_exposure": false
    },
    {
      "access_level": "List",
      "action": "codebuild:*",
      "condition": null,
      "credentials_exposure": false,
      "data_access": false,
      "effective_action": "codebuild:ListSharedProjects",
      "privesc": false,
      "resource_exposure": false
    },
    {
      "access_level": "List",
      "action": "codebuild:*",
      "condition": null,
      "credentials_exposure": false,
      "data_access": false,
      "effective_action": "codebuild:ListSharedReportGroups",
      "privesc": false,
      "resource_exposure": false
    },
    {
      "access_level": "List",
      "action": "codebuild:*",
      "condition": null,
      "credentials_exposure": false,
      "data_access": false,
      "effective_action": "codebuild:ListSourceCredentials",
      "privesc": false,
      "resource_exposure": false
    },
    {
      "access_level": "Write",
      "action": "codebuild:*",
      "condition": null,
      "credentials_exposure": false,
      "data_access": false,
      "effective_action": "codebuild:PersistOAuthToken",
      "privesc": false,
      "resource_exposure": false
    },
    {
      "access_level": "Permissions management",
      "action": "codebuild:*",
      "condition": null,
      "credentials_exposure": false,
      "data_access": false,
      "effective_action": "codebuild:PutResourcePolicy",
      "privesc": false,
      "resource_exposure": true
    },
    {
      "access_level": "Write",
      "action": "codebuild:*",
      "condition": null,
      "credentials_exposure": false,
      "data_access": false,
      "effective_action": "codebuild:RetryBuild",
      "privesc": false,
      "resource_exposure": false
    },
    {
      "access_level": "Write",
      "action": "codebuild:*",
      "condition": null,
      "credentials_exposure": false,
      "data_access": false,
      "effective_action": "codebuild:RetryBuildBatch",
      "privesc": false,
      "resource_exposure": false
    },
    {
      "access_level": "Write",
      "action": "codebuild:*",
      "condition": null,
      "credentials_exposure": false,
      "data_access": false,
      "effective_action": "codebuild:StartBuild",
      "privesc": false,
      "resource_exposure": false
    },
    {
      "access_level": "Write",
      "action": "codebuild:*",
      "condition": null,
      "credentials_exposure": false,
      "data_access": false,
      "effective_action": "codebuild:StartBuildBatch",
      "privesc": false,
      "resource_exposure": false
    },
    {
      "access_level": "Write",
      "action": "codebuild:*",
      "condition": null,
      "credentials_exposure": false,
      "data_access": false,
      "effective_action": "codebuild:StartCommandExecution",
      "privesc": false,
      "resource_exposure": false
    },
    {
      "access_level": "Write",
      "action": "codebuild:*",
      "condition": null,
      "credentials_exposure": false,
      "data_access": false,
      "effective_action": "codebuild:StartSandbox",
      "privesc": false,
      "resource_exposure": false
    },
    {
      "access_level": "Write",
      "action": "codebuild:*",
      "condition": null,
      "credentials_exposure": false,
      "data_access": false,
      "effective_action": "codebuild:StartSandboxConnection",
      "privesc": false,
      "resource_exposure": false
    },
    {
      "access_level": "Write",
      "action": "codebuild:*",
      "condition": null,
      "credentials_exposure": false,
      "data_access": false,
      "effective_action": "codebuild:StopBuild",
      "privesc": false,
      "resource_exposure": false
    },
    {
      "access_level": "Write",
      "action": "codebuild:*",
      "condition": null,
      "credentials_exposure": false,
      "data_access": false,
      "effective_action": "codebuild:StopBuildBatch",
      "privesc": false,
      "resource_exposure": false
    },
    {
      "access_level": "Write",
      "action": "codebuild:*",
      "condition": null,
      "credentials_exposure": false,
      "data_access": false,
      "effective_action": "codebuild:StopSandbox",
      "privesc": false,
      "resource_exposure": false
    },
    {
      "access_level": "Write",
      "action": "codebuild:*",
      "condition": null,
      "credentials_exposure": false,
      "data_access": false,
      "effective_action": "codebuild:UpdateFleet",
      "privesc": false,
      "resource_exposure": false
    },
    {
      "access_level": "Write",
      "action": "codebuild:*",
      "condition": null,
      "credentials_exposure": false,
      "data_access": false,
      "effective_action": "codebuild:UpdateProject",
      "privesc": false,
      "resource_exposure": false
    },
    {
      "access_level": "Write",
      "action": "codebuild:*",
      "condition": null,
      "credentials_exposure": false,
      "data_access": false,
      "effective_action": "codebuild:UpdateProjectVisibility",
      "privesc": false,
      "resource_exposure": false
    },
    {
      "access_level": "Write",
      "action": "codebuild:*",
      "condition": null,
      "credentials_exposure": false,
      "data_access": false,
      "effective_action": "codebuild:UpdateReport",
      "privesc": false,
      "resource_exposure": false
    },
    {
      "access_level": "Write",
      "action": "codebuild:*",
      "condition": null,
      "credentials_exposure": false,
      "data_access": false,
      "effective_action": "codebuild:UpdateReportGroup",
      "privesc": false,
      "resource_exposure": false
    },
    {
      "access_level": "Write",
      "action": "codebuild:*",
      "condition": null,
      "credentials_exposure": false,
      "data_access": false,
      "effective_action": "codebuild:UpdateWebhook",
      "privesc": false,
      "resource_exposure": false
    },
    {
      "access_level": "Read",
      "action": "codecommit:GetBranch",
      "condition": null,
      "credentials_exposure": false,
      "data_access": true,
      "effective_action": "codecommit:GetBranch",
      "privesc": false,
      "resource_exposure": false
    },
    {
      "access_level": "Read",
      "action": "codecommit:GetCommit",
      "condition": null,
      "credentials_exposure": false,
      "data_access": true,
      "effective_action": "codecommit:GetCommit",
      "privesc": false,
      "resource_exposure": false
    },
    {
      "access_level": "Read",
      "action": "codecommit:GetRepository",
      "condition": null,
      "credentials_exposure": false,
      "data_access": false,
      "effective_action": "codecommit:GetRepository",
      "privesc": false,
      "resource_exposure": false
    },
    {
      "access_level": "List",
      "action": "codecommit:ListBranches",
      "condition": null,
      "credentials_exposure": false,
      "data_access": false,
      "effective_action": "codecommit:ListBranches",
      "privesc": false,
      "resource_exposure": false
    },
    {
      "access_level": "List",
      "action": "codecommit:ListRepositories",
      "condition": null,
      "credentials_exposure": false,
      "data_access": false,
      "effective_action": "codecommit:ListRepositories",
      "privesc": false,
      "resource_exposure": false
    },
    {
      "access_level": "Read",
      "action": "cloudwatch:GetMetricStatistics",
      "condition": null,
      "credentials_exposure": false,
      "data_access": false,
      "effective_action": "cloudwatch:GetMetricStatistics",
      "privesc": false,
      "resource_exposure": false
    },
    {
      "access_level": "List",
      "action": "ec2:DescribeVpcs",
      "condition": null,
      "credentials_exposure": false,
      "data_access": false,
      "effective_action": "ec2:DescribeVpcs",
      "privesc": false,
      "resource_exposure": false
    },
    {
      "access_level": "List",
      "action": "ec2:DescribeSecurityGroups",
      "condition": null,
      "credentials_exposure": false,
      "data_access": false,
      "effective_action": "ec2:DescribeSecurityGroups",
      "privesc": false,
      "resource_exposure": false
    },
    {
      "access_level": "List",
      "action": "ec2:DescribeSubnets",
      "condition": null,
      "credentials_exposure": false,
      "data_access": false,
      "effective_action": "ec2:DescribeSubnets",
      "privesc": false,
      "resource_exposure": false
    },
    {
      "access_level": "Read",
      "action": "ecr:DescribeRepositories",
      "condition": null,
      "credentials_exposure": false,
      "data_access": false,
      "effective_action": "ecr:DescribeRepositories",
      "privesc": false,
      "resource_exposure": false
    },
    {
      "access_level": "List",
      "action": "ecr:ListImages",
      "condition": null,
      "credentials_exposure": false,
      "data_access": false,
      "effective_action": "ecr:ListImages",
      "privesc": false,
      "resource_exposure": false
    },
    {
      "access_level": "List",
      "action": "elasticfilesystem:DescribeFileSystems",
      "condition": null,
      "credentials_exposure": false,
      "data_access": false,
      "effective_action": "elasticfilesystem:DescribeFileSystems",
      "privesc": false,
      "resource_exposure": false
    },
    {
      "access_level": "Write",
      "action": "events:DeleteRule",
      "condition": null,
      "credentials_exposure": false,
      "data_access": false,
      "effective_action": "events:DeleteRule",
      "privesc": false,
      "resource_exposure": false
    },
    {
      "access_level": "Read",
      "action": "events:DescribeRule",
      "condition": null,
      "credentials_exposure": false,
      "data_access": false,
      "effective_action": "events:DescribeRule",
      "privesc": false,
      "resource_exposure": false
    },
    {
      "access_level": "Write",
      "action": "events:DisableRule",
      "condition": null,
      "credentials_exposure": false,
      "data_access": false,
      "effective_action": "events:DisableRule",
      "privesc": false,
      "resource_exposure": false
    },
    {
      "access_level": "Write",
      "action": "events:EnableRule",
      "condition": null,
      "credentials_exposure": false,
      "data_access": false,
      "effective_action": "events:EnableRule",
      "privesc": false,
      "resource_exposure": false
    },
    {
      "access_level": "List",
      "action": "events:ListTargetsByRule",
      "condition": null,
      "credentials_exposure": false,
      "data_access": false,
      "effective_action": "events:ListTargetsByRule",
      "privesc": false,
      "resource_exposure": false
    },
    {
      "access_level": "List",
      "action": "events:ListRuleNamesByTarget",
      "condition": null,
      "credentials_exposure": false,
      "data_access": false,
      "effective_action": "events:ListRuleNamesByTarget",
      "privesc": false,
      "resource_exposure": false
    },
    {
      "access_level": "Write",
      "action": "events:PutRule",
      "condition": null,
      "credentials_exposure": false,
      "data_access": false,
      "effective_action": "events:PutRule",
      "privesc": false,
      "resource_exposure": false
    },
    {
      "access_level": "Write",
      "action": "events:PutTargets",
      "condition": null,
      "credentials_exposure": false,
      "data_access": false,
      "effective_action": "events:PutTargets",
      "privesc": false,
      "resource_exposure": false
    },
    {
      "access_level": "Write",
      "action": "events:RemoveTargets",
      "condition": null,
      "credentials_exposure": false,
      "data_access": false,
      "effective_action": "events:RemoveTargets",
      "privesc": false,
      "resource_exposure": false
    },
    {
      "access_level": "Read",
      "action": "logs:GetLogEvents",
      "condition": null,
      "credentials_exposure": false,
      "data_access": true,
      "effective_action": "logs:GetLogEvents",
      "privesc": false,
      "resource_exposure": false
    },
    {
      "access_level": "Read",
      "action": "s3:GetBucketLocation",
      "condition": null,
      "credentials_exposure": false,
      "data_access": false,
      "effective_action": "s3:GetBucketLocation",
      "privesc": false,
      "resource_exposure": false
    },
    {
      "access_level": "List",
      "action": "s3:ListAllMyBuckets",
      "condition": null,
      "credentials_exposure": false,
      "data_access": false,
      "effective_action": "s3:ListAllMyBuckets",
      "privesc": false,
      "resource_exposure": false
    },
    {
      "access_level": "Write",
      "action": "logs:DeleteLogGroup",
      "condition": null,
      "credentials_exposure": false,
      "data_access": false,
      "effective_action": "logs:DeleteLogGroup",
      "privesc": false,
      "resource_exposure": false
    },
    {
      "access_level": "Write",
      "action": "ssm:PutParameter",
      "condition": null,
      "credentials_exposure": false,
      "data_access": false,
      "effective_action": "ssm:PutParameter",
      "privesc": false,
      "resource_exposure": false
    },
    {
      "access_level": "Write",
      "action": "ssm:StartSession",
      "condition": null,
      "credentials_exposure": false,
      "data_access": false,
      "effective_action": "ssm:StartSession",
      "privesc": false,
      "resource_exposure": false
    },
    {
      "access_level": "Write",
      "action": "codestar-connections:CreateConnection",
      "condition": null,
      "credentials_exposure": false,
      "data_access": false,
      "effective_action": "codestar-connections:CreateConnection",
      "privesc": false,
      "resource_exposure": false
    },
    {
      "access_level": "Write",
      "action": "codestar-connections:DeleteConnection",
      "condition": null,
      "credentials_exposure": false,
      "data_access": false,
      "effective_action": "codestar-connections:DeleteConnection",
      "privesc": false,
      "resource_exposure": false
    },
    {
      "access_level": "Write",
      "action": "codestar-connections:UpdateConnectionInstallation",
      "condition": null,
      "credentials_exposure": false,
      "data_access": false,
      "effective_action": "codestar-connections:UpdateConnectionInstallation",
      "privesc": false,
      "resource_exposure": false
    },
    {
      "access_level": "Tagging",
      "action": "codestar-connections:TagResource",
      "condition": null,
      "credentials_exposure": false,
      "data_access": false,
      "effective_action": "codestar-connections:TagResource",
      "privesc": false,
      "resource_exposure": false
    },
    {
      "access_level": "Tagging",
      "action": "codestar-connections:UntagResource",
      "condition": null,
      "credentials_exposure": false,
      "data_access": false,
      "effective_action": "codestar-connections:UntagResource",
      "privesc": false,
      "resource_exposure": false
    },
    {
      "access_level": "List",
      "action": "codestar-connections:ListConnections",
      "condition": null,
      "credentials_exposure": false,
      "data_access": false,
      "effective_action": "codestar-connections:ListConnections",
      "privesc": false,
      "resource_exposure": false
    },
    {
      "access_level": "List",
      "action": "codestar-connections:ListInstallationTargets",
      "condition": null,
      "credentials_exposure": false,
      "data_access": false,
      "effective_action": "codestar-connections:ListInstallationTargets",
      "privesc": false,
      "resource_exposure": false
    },
    {
      "access_level": "List",
      "action": "codestar-connections:ListTagsForResource",
      "condition": null,
      "credentials_exposure": false,
      "data_access": false,
      "effective_action": "codestar-connections:ListTagsForResource",
      "privesc": false,
      "resource_exposure": false
    },
    {
      "access_level": "Read",
      "action": "codestar-connections:GetConnection",
      "condition": null,
      "credentials_exposure": false,
      "data_access": false,
      "effective_action": "codestar-connections:GetConnection",
      "privesc": false,
      "resource_exposure": false
    },
    {
      "access_level": "Read",
      "action": "codestar-connections:GetIndividualAccessToken",
      "condition": null,
      "credentials_exposure": false,
      "data_access": false,
      "effective_action": "codestar-connections:GetIndividualAccessToken",
      "privesc": false,
      "resource_exposure": false
    },
    {
      "access_level": "Read",
      "action": "codestar-connections:GetInstallationUrl",
      "condition": null,
      "credentials_exposure": false,
      "data_access": false,
      "effective_action": "codestar-connections:GetInstallationUrl",
      "privesc": false,
      "resource_exposure": false
    },
    {
      "access_level": "Read",
      "action": "codestar-connections:PassConnection",
      "condition": null,
      "credentials_exposure": false,
      "data_access": false,
      "effective_action": "codestar-connections:PassConnection",
      "privesc": false,
      "resource_exposure": false
    },
    {
      "access_level": "Read",
      "action": "codestar-connections:StartOAuthHandshake",
      "condition": null,
      "credentials_exposure": false,
      "data_access": false,
      "effective_action": "codestar-connections:StartOAuthHandshake",
      "privesc": false,
      "resource_exposure": false
    },
    {
      "access_level": "Read",
      "action": "codestar-connections:UseConnection",
      "condition": null,
      "credentials_exposure": false,
      "data_access": false,
      "effective_action": "codestar-connections:UseConnection",
      "privesc": false,
      "resource_exposure": false
    },
    {
      "access_level": "Write",
      "action": "codestar-notifications:CreateNotificationRule",
      "condition": {
        "ArnLike": {
          "codestar-notifications:NotificationsForResource": "arn:aws:codebuild:*:*:project/*"
        }
      },
      "credentials_exposure": false,
      "data_access": false,
      "effective_action": "codestar-notifications:CreateNotificationRule",
      "privesc": false,
      "resource_exposure": false
    },
    {
      "access_level": "Read",
      "action": "codestar-notifications:DescribeNotificationRule",
      "condition": {
        "ArnLike": {
          "codestar-notifications:NotificationsForResource": "arn:aws:codebuild:*:*:project/*"
        }
      },
      "credentials_exposure": false,
      "data_access": false,
      "effective_action": "codestar-notifications:DescribeNotificationRule",
      "privesc": false,
      "resource_exposure": false
    },
    {
      "access_level": "Write",
      "action": "codestar-notifications:UpdateNotificationRule",
      "condition": {
        "ArnLike": {
          "codestar-notifications:NotificationsForResource": "arn:aws:codebuild:*:*:project/*"
        }
      },
      "credentials_exposure": false,
      "data_access": false,
      "effective_action": "codestar-notifications:UpdateNotificationRule",
      "privesc": false,
      "resource_exposure": false
    },
    {
      "access_level": "Write",
      "action": "codestar-notifications:DeleteNotificationRule",
      "condition": {
        "ArnLike": {
          "codestar-notifications:NotificationsForResource": "arn:aws:codebuild:*:*:project/*"
        }
      },
      "credentials_exposure": false,
      "data_access": false,
      "effective_action": "codestar-notifications:DeleteNotificationRule",
      "privesc": false,
      "resource_exposure": false
    },
    {
      "access_level": "Write",
      "action": "codestar-notifications:Subscribe",
      "condition": {
        "ArnLike": {
          "codestar-notifications:NotificationsForResource": "arn:aws:codebuild:*:*:project/*"
        }
      },
      "credentials_exposure": false,
      "data_access": false,
      "effective_action": "codestar-notifications:Subscribe",
      "privesc": false,
      "resource_exposure": false
    },
    {
      "access_level": "Write",
      "action": "codestar-notifications:Unsubscribe",
      "condition": {
        "ArnLike": {
          "codestar-notifications:NotificationsForResource": "arn:aws:codebuild:*:*:project/*"
        }
      },
      "credentials_exposure": false,
      "data_access": false,
      "effective_action": "codestar-notifications:Unsubscribe",
      "privesc": false,
      "resource_exposure": false
    },
    {
      "access_level": "List",
      "action": "codestar-notifications:ListNotificationRules",
      "condition": null,
      "credentials_exposure": false,
      "data_access": false,
      "effective_action": "codestar-notifications:ListNotificationRules",
      "privesc": false,
      "resource_exposure": false
    },
    {
      "access_level": "List",
      "action": "codestar-notifications:ListEventTypes",
      "condition": null,
      "credentials_exposure": false,
      "data_access": false,
      "effective_action": "codestar-notifications:ListEventTypes",
      "privesc": false,
      "resource_exposure": false
    },
    {
      "access_level": "List",
      "action": "codestar-notifications:ListTargets",
      "condition": null,
      "credentials_exposure": false,
      "data_access": false,
      "effective_action": "codestar-notifications:ListTargets",
      "privesc": false,
      "resource_exposure": false
    },
    {
      "access_level": "List",
      "action": "codestar-notifications:ListTagsforResource",
      "condition": null,
      "credentials_exposure": false,
      "data_access": false,
      "effective_action": "codestar-notifications:ListTagsForResource",
      "privesc": false,
      "resource_exposure": false
    },
    {
      "access_level": "Permissions management",
      "action": "sns:CreateTopic",
      "condition": null,
      "credentials_exposure": false,
      "data_access": false,
      "effective_action": "sns:CreateTopic",
      "privesc": false,
      "resource_exposure": true
    },
    {
      "access_level": "Permissions management",
      "action": "sns:SetTopicAttributes",
      "condition": null,
      "credentials_exposure": false,
      "data_access": false,
      "effective_action": "sns:SetTopicAttributes",
      "privesc": false,
      "resource_exposure": true
    },
    {
      "access_level": "List",
      "action": "sns:ListTopics",
      "condition": null,
      "credentials_exposure": false,
      "data_access": false,
      "effective_action": "sns:ListTopics",
      "privesc": false,
      "resource_exposure": false
    },
    {
      "access_level": "Read",
      "action": "sns:GetTopicAttributes",
      "condition": null,
      "credentials_exposure": false,
      "data_access": false,
      "effective_action": "sns:GetTopicAttributes",
      "privesc": false,
      "resource_exposure": false
    },
    {
      "access_level": "Read",
      "action": "chatbot:DescribeSlackChannelConfigurations",
      "condition": null,
      "credentials_exposure": false,
      "data_access": false,
      "effective_action": "chatbot:DescribeSlackChannelConfigurations",
      "privesc": false,
      "resource_exposure": false
    },
    {
      "access_level": "Read",
      "action": "chatbot:ListMicrosoftTeamsChannelConfigurations",
      "condition": null,
      "credentials_exposure": false,
      "data_access": false,
      "effective_action": "chatbot:ListMicrosoftTeamsChannelConfigurations",
      "privesc": false,
      "resource_exposure": false
    }
  ],
  "grantless": false,
  "malformed": false,
  "name": "AWSCodeBuildAdminAccess",
  "privesc": false,
  "resource_exposure": true,
  "undocumented_actions": false,
  "unknown_actions": [],
  "updatedate": "2024-12-16T20:07:07+00:00",
  "version": "v15"
}