{
  "access_levels": [
    "Read",
    "Write"
  ],
  "arn": "arn:aws:iam::aws:policy/AWSCodePipelineCustomActionAccess",
  "createdate": "2015-07-09T17:02:54Z",
  "credentials_exposure": true,
  "data_access": false,
  "deprecated": false,
  "document": {
    "Statement": [
      {
        "Action": [
          "codepipeline:AcknowledgeJob",
          "codepipeline:GetJobDetails",
          "codepipeline:PollForJobs",
          "codepipeline:PutJobFailureResult",
          "codepipeline:PutJobSuccessResult"
        ],
        "Effect": "Allow",
        "Resource": "*"
      }
    ],
    "Version": "2012-10-17"
  },
  "effective_actions": [
    {
      "access_level": "Write",
      "action": "codepipeline:AcknowledgeJob",
      "condition": null,
      "credentials_exposure": false,
      "data_access": false,
      "effective_action": "codepipeline:AcknowledgeJob",
      "privesc": false,
      "resource_exposure": false
    },
    {
      "access_level": "Read",
      "action": "codepipeline:GetJobDetails",
      "condition": null,
      "credentials_exposure": false,
      "data_access": false,
      "effective_action": "codepipeline:GetJobDetails",
      "privesc": false,
      "resource_exposure": false
    },
    {
      "access_level": "Write",
      "action": "codepipeline:PollForJobs",
      "condition": null,
      "credentials_exposure": true,
      "data_access": false,
      "effective_action": "codepipeline:PollForJobs",
      "privesc": false,
      "resource_exposure": false
    },
    {
      "access_level": "Write",
      "action": "codepipeline:PutJobFailureResult",
      "condition": null,
      "credentials_exposure": false,
      "data_access": false,
      "effective_action": "codepipeline:PutJobFailureResult",
      "privesc": false,
      "resource_exposure": false
    },
    {
      "access_level": "Write",
      "action": "codepipeline:PutJobSuccessResult",
      "condition": null,
      "credentials_exposure": false,
      "data_access": false,
      "effective_action": "codepipeline:PutJobSuccessResult",
      "privesc": false,
      "resource_exposure": false
    }
  ],
  "grantless": false,
  "malformed": false,
  "name": "AWSCodePipelineCustomActionAccess",
  "privesc": false,
  "resource_exposure": false,
  "undocumented_actions": false,
  "unknown_actions": [],
  "updatedate": "2015-07-09T17:02:54+00:00",
  "version": "v1"
}