{
  "access_levels": [
    "List",
    "Read",
    "Permissions management"
  ],
  "arn": "arn:aws:iam::aws:policy/service-role/AWSControlTowerIdentityCenterManagementPolicy",
  "createdate": "2025-10-03T18:34:07Z",
  "credentials_exposure": false,
  "data_access": true,
  "deprecated": false,
  "document": {
    "Statement": [
      {
        "Action": [
          "sso:ListPermissionSets"
        ],
        "Effect": "Allow",
        "Resource": "arn:aws:sso:::instance/*",
        "Sid": "AllowIdentityCenterInstancePermissions"
      },
      {
        "Action": [
          "sso:DescribeRegisteredRegions",
          "sso:ListDirectoryAssociations",
          "sso:ListProfileAssociations",
          "sso:AssociateProfile",
          "sso:GetProfile",
          "sso:CreateProfile",
          "sso:UpdateProfile",
          "sso:GetTrust",
          "sso:CreateTrust",
          "sso:UpdateTrust",
          "sso:CreateApplicationInstance",
          "sso:GetApplicationInstance",
          "sso:GetSSOStatus"
        ],
        "Effect": "Allow",
        "Resource": "*",
        "Sid": "AllowIdentityCenterManagementPermissions"
      },
      {
        "Action": [
          "sso-directory:SearchGroups",
          "sso-directory:CreateGroup",
          "sso-directory:SearchUsers",
          "sso-directory:CreateUser",
          "sso-directory:DescribeDirectory"
        ],
        "Effect": "Allow",
        "Resource": "*",
        "Sid": "AllowIdentityCenterDirectoryPermissions"
      }
    ],
    "Version": "2012-10-17"
  },
  "effective_actions": [
    {
      "access_level": "List",
      "action": "sso:ListPermissionSets",
      "condition": null,
      "credentials_exposure": false,
      "data_access": false,
      "effective_action": "sso:ListPermissionSets",
      "privesc": false,
      "resource_exposure": false
    },
    {
      "access_level": "Read",
      "action": "sso:DescribeRegisteredRegions",
      "condition": null,
      "credentials_exposure": false,
      "data_access": false,
      "effective_action": "sso:DescribeRegisteredRegions",
      "privesc": false,
      "resource_exposure": false
    },
    {
      "access_level": "Read",
      "action": "sso:ListDirectoryAssociations",
      "condition": null,
      "credentials_exposure": false,
      "data_access": false,
      "effective_action": "sso:ListDirectoryAssociations",
      "privesc": false,
      "resource_exposure": false
    },
    {
      "access_level": "Read",
      "action": "sso:ListProfileAssociations",
      "condition": null,
      "credentials_exposure": false,
      "data_access": false,
      "effective_action": "sso:ListProfileAssociations",
      "privesc": false,
      "resource_exposure": false
    },
    {
      "access_level": "Permissions management",
      "action": "sso:AssociateProfile",
      "condition": null,
      "credentials_exposure": false,
      "data_access": false,
      "effective_action": "sso:AssociateProfile",
      "privesc": false,
      "resource_exposure": true
    },
    {
      "access_level": "Read",
      "action": "sso:GetProfile",
      "condition": null,
      "credentials_exposure": false,
      "data_access": false,
      "effective_action": "sso:GetProfile",
      "privesc": false,
      "resource_exposure": false
    },
    {
      "access_level": "Permissions management",
      "action": "sso:CreateProfile",
      "condition": null,
      "credentials_exposure": false,
      "data_access": false,
      "effective_action": "sso:CreateProfile",
      "privesc": false,
      "resource_exposure": true
    },
    {
      "access_level": "Permissions management",
      "action": "sso:UpdateProfile",
      "condition": null,
      "credentials_exposure": false,
      "data_access": false,
      "effective_action": "sso:UpdateProfile",
      "privesc": false,
      "resource_exposure": true
    },
    {
      "access_level": "Read",
      "action": "sso:GetTrust",
      "condition": null,
      "credentials_exposure": false,
      "data_access": false,
      "effective_action": "sso:GetTrust",
      "privesc": false,
      "resource_exposure": false
    },
    {
      "access_level": "Permissions management",
      "action": "sso:CreateTrust",
      "condition": null,
      "credentials_exposure": false,
      "data_access": false,
      "effective_action": "sso:CreateTrust",
      "privesc": false,
      "resource_exposure": true
    },
    {
      "access_level": "Permissions management",
      "action": "sso:UpdateTrust",
      "condition": null,
      "credentials_exposure": false,
      "data_access": false,
      "effective_action": "sso:UpdateTrust",
      "privesc": false,
      "resource_exposure": true
    },
    {
      "access_level": "Permissions management",
      "action": "sso:CreateApplicationInstance",
      "condition": null,
      "credentials_exposure": false,
      "data_access": false,
      "effective_action": "sso:CreateApplicationInstance",
      "privesc": false,
      "resource_exposure": true
    },
    {
      "access_level": "Read",
      "action": "sso:GetApplicationInstance",
      "condition": null,
      "credentials_exposure": false,
      "data_access": false,
      "effective_action": "sso:GetApplicationInstance",
      "privesc": false,
      "resource_exposure": false
    },
    {
      "access_level": "Read",
      "action": "sso:GetSSOStatus",
      "condition": null,
      "credentials_exposure": false,
      "data_access": false,
      "effective_action": "sso:GetSSOStatus",
      "privesc": false,
      "resource_exposure": false
    },
    {
      "access_level": "Read",
      "action": "sso-directory:SearchGroups",
      "condition": null,
      "credentials_exposure": false,
      "data_access": true,
      "effective_action": "sso-directory:SearchGroups",
      "privesc": false,
      "resource_exposure": false
    },
    {
      "access_level": "Permissions management",
      "action": "sso-directory:CreateGroup",
      "condition": null,
      "credentials_exposure": false,
      "data_access": false,
      "effective_action": "sso-directory:CreateGroup",
      "privesc": false,
      "resource_exposure": true
    },
    {
      "access_level": "Read",
      "action": "sso-directory:SearchUsers",
      "condition": null,
      "credentials_exposure": false,
      "data_access": true,
      "effective_action": "sso-directory:SearchUsers",
      "privesc": false,
      "resource_exposure": false
    },
    {
      "access_level": "Permissions management",
      "action": "sso-directory:CreateUser",
      "condition": null,
      "credentials_exposure": false,
      "data_access": false,
      "effective_action": "sso-directory:CreateUser",
      "privesc": false,
      "resource_exposure": true
    },
    {
      "access_level": "Read",
      "action": "sso-directory:DescribeDirectory",
      "condition": null,
      "credentials_exposure": false,
      "data_access": false,
      "effective_action": "sso-directory:DescribeDirectory",
      "privesc": false,
      "resource_exposure": false
    }
  ],
  "grantless": false,
  "malformed": false,
  "name": "AWSControlTowerIdentityCenterManagementPolicy",
  "privesc": false,
  "resource_exposure": true,
  "undocumented_actions": false,
  "unknown_actions": [],
  "updatedate": "2025-10-03T18:34:07+00:00",
  "version": "v1"
}