{
  "access_levels": [
    "List",
    "Read",
    "Write"
  ],
  "arn": "arn:aws:iam::aws:policy/AWSCodePipelineApproverAccess",
  "createdate": "2017-08-02T17:24:58Z",
  "credentials_exposure": false,
  "data_access": true,
  "deprecated": false,
  "document": {
    "Statement": [
      {
        "Action": [
          "codepipeline:GetPipeline",
          "codepipeline:GetPipelineState",
          "codepipeline:GetPipelineExecution",
          "codepipeline:ListPipelineExecutions",
          "codepipeline:ListPipelines",
          "codepipeline:PutApprovalResult"
        ],
        "Effect": "Allow",
        "Resource": "*"
      }
    ],
    "Version": "2012-10-17"
  },
  "effective_actions": [
    {
      "access_level": "Read",
      "action": "codepipeline:GetPipeline",
      "condition": null,
      "credentials_exposure": false,
      "data_access": false,
      "effective_action": "codepipeline:GetPipeline",
      "privesc": false,
      "resource_exposure": false
    },
    {
      "access_level": "Read",
      "action": "codepipeline:GetPipelineState",
      "condition": null,
      "credentials_exposure": false,
      "data_access": false,
      "effective_action": "codepipeline:GetPipelineState",
      "privesc": false,
      "resource_exposure": false
    },
    {
      "access_level": "Read",
      "action": "codepipeline:GetPipelineExecution",
      "condition": null,
      "credentials_exposure": false,
      "data_access": true,
      "effective_action": "codepipeline:GetPipelineExecution",
      "privesc": false,
      "resource_exposure": false
    },
    {
      "access_level": "List",
      "action": "codepipeline:ListPipelineExecutions",
      "condition": null,
      "credentials_exposure": false,
      "data_access": false,
      "effective_action": "codepipeline:ListPipelineExecutions",
      "privesc": false,
      "resource_exposure": false
    },
    {
      "access_level": "List",
      "action": "codepipeline:ListPipelines",
      "condition": null,
      "credentials_exposure": false,
      "data_access": false,
      "effective_action": "codepipeline:ListPipelines",
      "privesc": false,
      "resource_exposure": false
    },
    {
      "access_level": "Write",
      "action": "codepipeline:PutApprovalResult",
      "condition": null,
      "credentials_exposure": false,
      "data_access": false,
      "effective_action": "codepipeline:PutApprovalResult",
      "privesc": false,
      "resource_exposure": false
    }
  ],
  "grantless": false,
  "malformed": false,
  "name": "AWSCodePipelineApproverAccess",
  "privesc": false,
  "resource_exposure": false,
  "undocumented_actions": false,
  "unknown_actions": [],
  "updatedate": "2017-08-02T17:24:58+00:00",
  "version": "v3"
}