{
  "access_levels": [
    "Write"
  ],
  "arn": "arn:aws:iam::aws:policy/aws-service-role/AWSCloudWatchAlarms_ActionSSMIncidentsServiceRolePolicy",
  "createdate": "2021-04-27T13:30:52Z",
  "credentials_exposure": false,
  "data_access": false,
  "deprecated": false,
  "document": {
    "Statement": [
      {
        "Action": [
          "ssm-incidents:StartIncident"
        ],
        "Effect": "Allow",
        "Resource": "*",
        "Sid": "StartIncidentPermissions"
      }
    ],
    "Version": "2012-10-17"
  },
  "effective_actions": [
    {
      "access_level": "Write",
      "action": "ssm-incidents:StartIncident",
      "condition": null,
      "credentials_exposure": false,
      "data_access": false,
      "effective_action": "ssm-incidents:StartIncident",
      "privesc": false,
      "resource_exposure": false
    }
  ],
  "grantless": false,
  "malformed": false,
  "name": "AWSCloudWatchAlarms_ActionSSMIncidentsServiceRolePolicy",
  "privesc": false,
  "resource_exposure": false,
  "undocumented_actions": false,
  "unknown_actions": [],
  "updatedate": "2021-04-27T13:30:52+00:00",
  "version": "v1"
}