{
  "access_levels": [
    "List",
    "Read",
    "Write",
    "Permissions management"
  ],
  "arn": "arn:aws:iam::aws:policy/aws-service-role/AWSConfigMultiAccountSetupPolicy",
  "createdate": "2023-02-24T01:39:49Z",
  "credentials_exposure": false,
  "data_access": false,
  "deprecated": false,
  "document": {
    "Statement": [
      {
        "Action": [
          "config:PutConfigRule",
          "config:DeleteConfigRule"
        ],
        "Effect": "Allow",
        "Resource": "arn:aws:config:*:*:config-rule/aws-service-rule/config-multiaccountsetup.amazonaws.com/*"
      },
      {
        "Action": [
          "config:DescribeConfigurationRecorders"
        ],
        "Effect": "Allow",
        "Resource": "*"
      },
      {
        "Action": [
          "organizations:ListAccounts",
          "organizations:DescribeOrganization",
          "organizations:ListAWSServiceAccessForOrganization",
          "organizations:DescribeAccount"
        ],
        "Effect": "Allow",
        "Resource": "*"
      },
      {
        "Action": [
          "config:PutConformancePack",
          "config:DeleteConformancePack"
        ],
        "Effect": "Allow",
        "Resource": "arn:aws:config:*:*:conformance-pack/aws-service-conformance-pack/config-multiaccountsetup.amazonaws.com/*"
      },
      {
        "Action": [
          "config:DescribeConformancePackStatus"
        ],
        "Effect": "Allow",
        "Resource": "*"
      },
      {
        "Action": [
          "iam:GetRole"
        ],
        "Effect": "Allow",
        "Resource": "arn:aws:iam::*:role/aws-service-role/config-conforms.amazonaws.com/AWSServiceRoleForConfigConforms"
      },
      {
        "Action": [
          "iam:CreateServiceLinkedRole"
        ],
        "Condition": {
          "StringLike": {
            "iam:AWSServiceName": "config-conforms.amazonaws.com"
          }
        },
        "Effect": "Allow",
        "Resource": "arn:aws:iam::*:role/aws-service-role/config-conforms.amazonaws.com/AWSServiceRoleForConfigConforms"
      },
      {
        "Action": [
          "iam:PassRole"
        ],
        "Condition": {
          "StringEquals": {
            "iam:PassedToService": "ssm.amazonaws.com"
          }
        },
        "Effect": "Allow",
        "Resource": "*"
      }
    ],
    "Version": "2012-10-17"
  },
  "effective_actions": [
    {
      "access_level": "Write",
      "action": "config:PutConfigRule",
      "condition": null,
      "credentials_exposure": false,
      "data_access": false,
      "effective_action": "config:PutConfigRule",
      "privesc": false,
      "resource_exposure": false
    },
    {
      "access_level": "Write",
      "action": "config:DeleteConfigRule",
      "condition": null,
      "credentials_exposure": false,
      "data_access": false,
      "effective_action": "config:DeleteConfigRule",
      "privesc": false,
      "resource_exposure": false
    },
    {
      "access_level": "Read",
      "action": "config:DescribeConfigurationRecorders",
      "condition": null,
      "credentials_exposure": false,
      "data_access": false,
      "effective_action": "config:DescribeConfigurationRecorders",
      "privesc": false,
      "resource_exposure": false
    },
    {
      "access_level": "List",
      "action": "organizations:ListAccounts",
      "condition": null,
      "credentials_exposure": false,
      "data_access": false,
      "effective_action": "organizations:ListAccounts",
      "privesc": false,
      "resource_exposure": false
    },
    {
      "access_level": "Read",
      "action": "organizations:DescribeOrganization",
      "condition": null,
      "credentials_exposure": false,
      "data_access": false,
      "effective_action": "organizations:DescribeOrganization",
      "privesc": false,
      "resource_exposure": false
    },
    {
      "access_level": "List",
      "action": "organizations:ListAWSServiceAccessForOrganization",
      "condition": null,
      "credentials_exposure": false,
      "data_access": false,
      "effective_action": "organizations:ListAWSServiceAccessForOrganization",
      "privesc": false,
      "resource_exposure": false
    },
    {
      "access_level": "Read",
      "action": "organizations:DescribeAccount",
      "condition": null,
      "credentials_exposure": false,
      "data_access": false,
      "effective_action": "organizations:DescribeAccount",
      "privesc": false,
      "resource_exposure": false
    },
    {
      "access_level": "Write",
      "action": "config:PutConformancePack",
      "condition": null,
      "credentials_exposure": false,
      "data_access": false,
      "effective_action": "config:PutConformancePack",
      "privesc": false,
      "resource_exposure": false
    },
    {
      "access_level": "Write",
      "action": "config:DeleteConformancePack",
      "condition": null,
      "credentials_exposure": false,
      "data_access": false,
      "effective_action": "config:DeleteConformancePack",
      "privesc": false,
      "resource_exposure": false
    },
    {
      "access_level": "Read",
      "action": "config:DescribeConformancePackStatus",
      "condition": null,
      "credentials_exposure": false,
      "data_access": false,
      "effective_action": "config:DescribeConformancePackStatus",
      "privesc": false,
      "resource_exposure": false
    },
    {
      "access_level": "Read",
      "action": "iam:GetRole",
      "condition": null,
      "credentials_exposure": false,
      "data_access": false,
      "effective_action": "iam:GetRole",
      "privesc": false,
      "resource_exposure": false
    },
    {
      "access_level": "Permissions management",
      "action": "iam:CreateServiceLinkedRole",
      "condition": {
        "StringLike": {
          "iam:AWSServiceName": "config-conforms.amazonaws.com"
        }
      },
      "credentials_exposure": false,
      "data_access": false,
      "effective_action": "iam:CreateServiceLinkedRole",
      "privesc": true,
      "resource_exposure": true
    },
    {
      "access_level": "Permissions management",
      "action": "iam:PassRole",
      "condition": {
        "StringEquals": {
          "iam:PassedToService": "ssm.amazonaws.com"
        }
      },
      "credentials_exposure": false,
      "data_access": false,
      "effective_action": "iam:PassRole",
      "privesc": true,
      "resource_exposure": true
    }
  ],
  "grantless": false,
  "malformed": false,
  "name": "AWSConfigMultiAccountSetupPolicy",
  "privesc": true,
  "resource_exposure": true,
  "undocumented_actions": false,
  "unknown_actions": [],
  "updatedate": "2023-02-24T01:39:49+00:00",
  "version": "v5"
}