{
  "access_levels": [
    "List",
    "Read",
    "Tagging",
    "Write",
    "Permissions management"
  ],
  "arn": "arn:aws:iam::aws:policy/AWSCodePipeline_FullAccess",
  "createdate": "2024-03-14T17:06:23Z",
  "credentials_exposure": true,
  "data_access": true,
  "deprecated": false,
  "document": {
    "Statement": [
      {
        "Action": [
          "codepipeline:*",
          "cloudformation:DescribeStacks",
          "cloudformation:ListStacks",
          "cloudformation:ListChangeSets",
          "cloudtrail:DescribeTrails",
          "codebuild:BatchGetProjects",
          "codebuild:CreateProject",
          "codebuild:ListCuratedEnvironmentImages",
          "codebuild:ListProjects",
          "codecommit:ListBranches",
          "codecommit:GetReferences",
          "codecommit:ListRepositories",
          "codedeploy:BatchGetDeploymentGroups",
          "codedeploy:ListApplications",
          "codedeploy:ListDeploymentGroups",
          "ec2:DescribeSecurityGroups",
          "ec2:DescribeSubnets",
          "ec2:DescribeVpcs",
          "ecr:DescribeRepositories",
          "ecr:ListImages",
          "ecs:ListClusters",
          "ecs:ListServices",
          "elasticbeanstalk:DescribeApplications",
          "elasticbeanstalk:DescribeEnvironments",
          "iam:ListRoles",
          "iam:GetRole",
          "lambda:ListFunctions",
          "events:ListRules",
          "events:ListTargetsByRule",
          "events:DescribeRule",
          "opsworks:DescribeApps",
          "opsworks:DescribeLayers",
          "opsworks:DescribeStacks",
          "s3:ListAllMyBuckets",
          "sns:ListTopics",
          "codestar-notifications:ListNotificationRules",
          "codestar-notifications:ListTargets",
          "codestar-notifications:ListTagsforResource",
          "codestar-notifications:ListEventTypes",
          "states:ListStateMachines"
        ],
        "Effect": "Allow",
        "Resource": "*",
        "Sid": "CodePipelineAuthoringAccess"
      },
      {
        "Action": [
          "s3:GetObject",
          "s3:ListBucket",
          "s3:GetBucketPolicy",
          "s3:GetBucketVersioning",
          "s3:GetObjectVersion",
          "s3:CreateBucket",
          "s3:PutBucketPolicy"
        ],
        "Effect": "Allow",
        "Resource": "arn:aws:s3::*:codepipeline-*",
        "Sid": "CodePipelineArtifactsReadWriteAccess"
      },
      {
        "Action": [
          "cloudtrail:PutEventSelectors",
          "cloudtrail:CreateTrail",
          "cloudtrail:GetEventSelectors",
          "cloudtrail:StartLogging"
        ],
        "Effect": "Allow",
        "Resource": "arn:aws:cloudtrail:*:*:trail/codepipeline-source-trail",
        "Sid": "CodePipelineSourceTrailReadWriteAccess"
      },
      {
        "Action": [
          "iam:PassRole"
        ],
        "Condition": {
          "StringEquals": {
            "iam:PassedToService": [
              "events.amazonaws.com"
            ]
          }
        },
        "Effect": "Allow",
        "Resource": [
          "arn:aws:iam::*:role/service-role/cwe-role-*"
        ],
        "Sid": "EventsIAMPassRole"
      },
      {
        "Action": [
          "iam:PassRole"
        ],
        "Condition": {
          "StringEquals": {
            "iam:PassedToService": [
              "codepipeline.amazonaws.com"
            ]
          }
        },
        "Effect": "Allow",
        "Resource": "*",
        "Sid": "CodePipelineIAMPassRole"
      },
      {
        "Action": [
          "events:PutRule",
          "events:PutTargets",
          "events:DeleteRule",
          "events:DisableRule",
          "events:RemoveTargets"
        ],
        "Effect": "Allow",
        "Resource": [
          "arn:aws:events:*:*:rule/codepipeline-*"
        ],
        "Sid": "CodePipelineEventsReadWriteAccess"
      },
      {
        "Action": [
          "codestar-notifications:CreateNotificationRule",
          "codestar-notifications:DescribeNotificationRule",
          "codestar-notifications:UpdateNotificationRule",
          "codestar-notifications:DeleteNotificationRule",
          "codestar-notifications:Subscribe",
          "codestar-notifications:Unsubscribe"
        ],
        "Condition": {
          "StringLike": {
            "codestar-notifications:NotificationsForResource": "arn:aws:codepipeline:*"
          }
        },
        "Effect": "Allow",
        "Resource": "*",
        "Sid": "CodeStarNotificationsReadWriteAccess"
      },
      {
        "Action": [
          "sns:CreateTopic",
          "sns:SetTopicAttributes"
        ],
        "Effect": "Allow",
        "Resource": "arn:aws:sns:*:*:codestar-notifications*",
        "Sid": "CodeStarNotificationsSNSTopicCreateAccess"
      },
      {
        "Action": [
          "chatbot:DescribeSlackChannelConfigurations",
          "chatbot:ListMicrosoftTeamsChannelConfigurations"
        ],
        "Effect": "Allow",
        "Resource": "*",
        "Sid": "CodeStarNotificationsChatbotAccess"
      }
    ],
    "Version": "2012-10-17"
  },
  "effective_actions": [
    {
      "access_level": "Write",
      "action": "codepipeline:*",
      "condition": null,
      "credentials_exposure": false,
      "data_access": false,
      "effective_action": "codepipeline:AcknowledgeJob",
      "privesc": false,
      "resource_exposure": false
    },
    {
      "access_level": "Write",
      "action": "codepipeline:*",
      "condition": null,
      "credentials_exposure": false,
      "data_access": false,
      "effective_action": "codepipeline:AcknowledgeThirdPartyJob",
      "privesc": false,
      "resource_exposure": false
    },
    {
      "access_level": "Write",
      "action": "codepipeline:*",
      "condition": null,
      "credentials_exposure": false,
      "data_access": false,
      "effective_action": "codepipeline:CreateCustomActionType",
      "privesc": false,
      "resource_exposure": false
    },
    {
      "access_level": "Write",
      "action": "codepipeline:*",
      "condition": null,
      "credentials_exposure": false,
      "data_access": false,
      "effective_action": "codepipeline:CreatePipeline",
      "privesc": false,
      "resource_exposure": false
    },
    {
      "access_level": "Write",
      "action": "codepipeline:*",
      "condition": null,
      "credentials_exposure": false,
      "data_access": false,
      "effective_action": "codepipeline:DeleteCustomActionType",
      "privesc": false,
      "resource_exposure": false
    },
    {
      "access_level": "Write",
      "action": "codepipeline:*",
      "condition": null,
      "credentials_exposure": false,
      "data_access": false,
      "effective_action": "codepipeline:DeletePipeline",
      "privesc": false,
      "resource_exposure": false
    },
    {
      "access_level": "Write",
      "action": "codepipeline:*",
      "condition": null,
      "credentials_exposure": false,
      "data_access": false,
      "effective_action": "codepipeline:DeleteWebhook",
      "privesc": false,
      "resource_exposure": false
    },
    {
      "access_level": "Write",
      "action": "codepipeline:*",
      "condition": null,
      "credentials_exposure": false,
      "data_access": false,
      "effective_action": "codepipeline:DeregisterWebhookWithThirdParty",
      "privesc": false,
      "resource_exposure": false
    },
    {
      "access_level": "Write",
      "action": "codepipeline:*",
      "condition": null,
      "credentials_exposure": false,
      "data_access": false,
      "effective_action": "codepipeline:DisableStageTransition",
      "privesc": false,
      "resource_exposure": false
    },
    {
      "access_level": "Write",
      "action": "codepipeline:*",
      "condition": null,
      "credentials_exposure": false,
      "data_access": false,
      "effective_action": "codepipeline:EnableStageTransition",
      "privesc": false,
      "resource_exposure": false
    },
    {
      "access_level": "Read",
      "action": "codepipeline:*",
      "condition": null,
      "credentials_exposure": false,
      "data_access": false,
      "effective_action": "codepipeline:GetActionType",
      "privesc": false,
      "resource_exposure": false
    },
    {
      "access_level": "Read",
      "action": "codepipeline:*",
      "condition": null,
      "credentials_exposure": false,
      "data_access": false,
      "effective_action": "codepipeline:GetJobDetails",
      "privesc": false,
      "resource_exposure": false
    },
    {
      "access_level": "Read",
      "action": "codepipeline:*",
      "condition": null,
      "credentials_exposure": false,
      "data_access": false,
      "effective_action": "codepipeline:GetPipeline",
      "privesc": false,
      "resource_exposure": false
    },
    {
      "access_level": "Read",
      "action": "codepipeline:*",
      "condition": null,
      "credentials_exposure": false,
      "data_access": true,
      "effective_action": "codepipeline:GetPipelineExecution",
      "privesc": false,
      "resource_exposure": false
    },
    {
      "access_level": "Read",
      "action": "codepipeline:*",
      "condition": null,
      "credentials_exposure": false,
      "data_access": false,
      "effective_action": "codepipeline:GetPipelineState",
      "privesc": false,
      "resource_exposure": false
    },
    {
      "access_level": "Read",
      "action": "codepipeline:*",
      "condition": null,
      "credentials_exposure": false,
      "data_access": false,
      "effective_action": "codepipeline:GetThirdPartyJobDetails",
      "privesc": false,
      "resource_exposure": false
    },
    {
      "access_level": "Read",
      "action": "codepipeline:*",
      "condition": null,
      "credentials_exposure": false,
      "data_access": false,
      "effective_action": "codepipeline:ListActionExecutions",
      "privesc": false,
      "resource_exposure": false
    },
    {
      "access_level": "Read",
      "action": "codepipeline:*",
      "condition": null,
      "credentials_exposure": false,
      "data_access": false,
      "effective_action": "codepipeline:ListActionTypes",
      "privesc": false,
      "resource_exposure": false
    },
    {
      "access_level": "Read",
      "action": "codepipeline:*",
      "condition": null,
      "credentials_exposure": false,
      "data_access": false,
      "effective_action": "codepipeline:ListDeployActionExecutionTargets",
      "privesc": false,
      "resource_exposure": false
    },
    {
      "access_level": "List",
      "action": "codepipeline:*",
      "condition": null,
      "credentials_exposure": false,
      "data_access": false,
      "effective_action": "codepipeline:ListPipelineExecutions",
      "privesc": false,
      "resource_exposure": false
    },
    {
      "access_level": "List",
      "action": "codepipeline:*",
      "condition": null,
      "credentials_exposure": false,
      "data_access": false,
      "effective_action": "codepipeline:ListPipelines",
      "privesc": false,
      "resource_exposure": false
    },
    {
      "access_level": "Read",
      "action": "codepipeline:*",
      "condition": null,
      "credentials_exposure": false,
      "data_access": false,
      "effective_action": "codepipeline:ListRuleExecutions",
      "privesc": false,
      "resource_exposure": false
    },
    {
      "access_level": "Read",
      "action": "codepipeline:*",
      "condition": null,
      "credentials_exposure": false,
      "data_access": false,
      "effective_action": "codepipeline:ListRuleTypes",
      "privesc": false,
      "resource_exposure": false
    },
    {
      "access_level": "Read",
      "action": "codepipeline:*",
      "condition": null,
      "credentials_exposure": false,
      "data_access": false,
      "effective_action": "codepipeline:ListTagsForResource",
      "privesc": false,
      "resource_exposure": false
    },
    {
      "access_level": "List",
      "action": "codepipeline:*",
      "condition": null,
      "credentials_exposure": false,
      "data_access": false,
      "effective_action": "codepipeline:ListWebhooks",
      "privesc": false,
      "resource_exposure": false
    },
    {
      "access_level": "Write",
      "action": "codepipeline:*",
      "condition": null,
      "credentials_exposure": false,
      "data_access": false,
      "effective_action": "codepipeline:OverrideStageCondition",
      "privesc": false,
      "resource_exposure": false
    },
    {
      "access_level": "Write",
      "action": "codepipeline:*",
      "condition": null,
      "credentials_exposure": true,
      "data_access": false,
      "effective_action": "codepipeline:PollForJobs",
      "privesc": false,
      "resource_exposure": false
    },
    {
      "access_level": "Write",
      "action": "codepipeline:*",
      "condition": null,
      "credentials_exposure": false,
      "data_access": false,
      "effective_action": "codepipeline:PollForThirdPartyJobs",
      "privesc": false,
      "resource_exposure": false
    },
    {
      "access_level": "Write",
      "action": "codepipeline:*",
      "condition": null,
      "credentials_exposure": false,
      "data_access": false,
      "effective_action": "codepipeline:PutActionRevision",
      "privesc": false,
      "resource_exposure": false
    },
    {
      "access_level": "Write",
      "action": "codepipeline:*",
      "condition": null,
      "credentials_exposure": false,
      "data_access": false,
      "effective_action": "codepipeline:PutApprovalResult",
      "privesc": false,
      "resource_exposure": false
    },
    {
      "access_level": "Write",
      "action": "codepipeline:*",
      "condition": null,
      "credentials_exposure": false,
      "data_access": false,
      "effective_action": "codepipeline:PutJobFailureResult",
      "privesc": false,
      "resource_exposure": false
    },
    {
      "access_level": "Write",
      "action": "codepipeline:*",
      "condition": null,
      "credentials_exposure": false,
      "data_access": false,
      "effective_action": "codepipeline:PutJobSuccessResult",
      "privesc": false,
      "resource_exposure": false
    },
    {
      "access_level": "Write",
      "action": "codepipeline:*",
      "condition": null,
      "credentials_exposure": false,
      "data_access": false,
      "effective_action": "codepipeline:PutThirdPartyJobFailureResult",
      "privesc": false,
      "resource_exposure": false
    },
    {
      "access_level": "Write",
      "action": "codepipeline:*",
      "condition": null,
      "credentials_exposure": false,
      "data_access": false,
      "effective_action": "codepipeline:PutThirdPartyJobSuccessResult",
      "privesc": false,
      "resource_exposure": false
    },
    {
      "access_level": "Write",
      "action": "codepipeline:*",
      "condition": null,
      "credentials_exposure": false,
      "data_access": false,
      "effective_action": "codepipeline:PutWebhook",
      "privesc": false,
      "resource_exposure": false
    },
    {
      "access_level": "Write",
      "action": "codepipeline:*",
      "condition": null,
      "credentials_exposure": false,
      "data_access": false,
      "effective_action": "codepipeline:RegisterWebhookWithThirdParty",
      "privesc": false,
      "resource_exposure": false
    },
    {
      "access_level": "Write",
      "action": "codepipeline:*",
      "condition": null,
      "credentials_exposure": false,
      "data_access": false,
      "effective_action": "codepipeline:RetryStageExecution",
      "privesc": false,
      "resource_exposure": false
    },
    {
      "access_level": "Write",
      "action": "codepipeline:*",
      "condition": null,
      "credentials_exposure": false,
      "data_access": false,
      "effective_action": "codepipeline:RollbackStage",
      "privesc": false,
      "resource_exposure": false
    },
    {
      "access_level": "Write",
      "action": "codepipeline:*",
      "condition": null,
      "credentials_exposure": false,
      "data_access": false,
      "effective_action": "codepipeline:StartPipelineExecution",
      "privesc": false,
      "resource_exposure": false
    },
    {
      "access_level": "Write",
      "action": "codepipeline:*",
      "condition": null,
      "credentials_exposure": false,
      "data_access": false,
      "effective_action": "codepipeline:StopPipelineExecution",
      "privesc": false,
      "resource_exposure": false
    },
    {
      "access_level": "Tagging",
      "action": "codepipeline:*",
      "condition": null,
      "credentials_exposure": false,
      "data_access": false,
      "effective_action": "codepipeline:TagResource",
      "privesc": false,
      "resource_exposure": false
    },
    {
      "access_level": "Tagging",
      "action": "codepipeline:*",
      "condition": null,
      "credentials_exposure": false,
      "data_access": false,
      "effective_action": "codepipeline:UntagResource",
      "privesc": false,
      "resource_exposure": false
    },
    {
      "access_level": "Write",
      "action": "codepipeline:*",
      "condition": null,
      "credentials_exposure": false,
      "data_access": false,
      "effective_action": "codepipeline:UpdateActionType",
      "privesc": false,
      "resource_exposure": false
    },
    {
      "access_level": "Write",
      "action": "codepipeline:*",
      "condition": null,
      "credentials_exposure": false,
      "data_access": false,
      "effective_action": "codepipeline:UpdatePipeline",
      "privesc": false,
      "resource_exposure": false
    },
    {
      "access_level": "List",
      "action": "cloudformation:DescribeStacks",
      "condition": null,
      "credentials_exposure": false,
      "data_access": false,
      "effective_action": "cloudformation:DescribeStacks",
      "privesc": false,
      "resource_exposure": false
    },
    {
      "access_level": "List",
      "action": "cloudformation:ListStacks",
      "condition": null,
      "credentials_exposure": false,
      "data_access": false,
      "effective_action": "cloudformation:ListStacks",
      "privesc": false,
      "resource_exposure": false
    },
    {
      "access_level": "List",
      "action": "cloudformation:ListChangeSets",
      "condition": null,
      "credentials_exposure": false,
      "data_access": false,
      "effective_action": "cloudformation:ListChangeSets",
      "privesc": false,
      "resource_exposure": false
    },
    {
      "access_level": "Read",
      "action": "cloudtrail:DescribeTrails",
      "condition": null,
      "credentials_exposure": false,
      "data_access": false,
      "effective_action": "cloudtrail:DescribeTrails",
      "privesc": false,
      "resource_exposure": false
    },
    {
      "access_level": "Read",
      "action": "codebuild:BatchGetProjects",
      "condition": null,
      "credentials_exposure": false,
      "data_access": false,
      "effective_action": "codebuild:BatchGetProjects",
      "privesc": false,
      "resource_exposure": false
    },
    {
      "access_level": "Write",
      "action": "codebuild:CreateProject",
      "condition": null,
      "credentials_exposure": false,
      "data_access": false,
      "effective_action": "codebuild:CreateProject",
      "privesc": false,
      "resource_exposure": false
    },
    {
      "access_level": "List",
      "action": "codebuild:ListCuratedEnvironmentImages",
      "condition": null,
      "credentials_exposure": false,
      "data_access": false,
      "effective_action": "codebuild:ListCuratedEnvironmentImages",
      "privesc": false,
      "resource_exposure": false
    },
    {
      "access_level": "List",
      "action": "codebuild:ListProjects",
      "condition": null,
      "credentials_exposure": false,
      "data_access": false,
      "effective_action": "codebuild:ListProjects",
      "privesc": false,
      "resource_exposure": false
    },
    {
      "access_level": "List",
      "action": "codecommit:ListBranches",
      "condition": null,
      "credentials_exposure": false,
      "data_access": false,
      "effective_action": "codecommit:ListBranches",
      "privesc": false,
      "resource_exposure": false
    },
    {
      "access_level": "Read",
      "action": "codecommit:GetReferences",
      "condition": null,
      "credentials_exposure": false,
      "data_access": true,
      "effective_action": "codecommit:GetReferences",
      "privesc": false,
      "resource_exposure": false
    },
    {
      "access_level": "List",
      "action": "codecommit:ListRepositories",
      "condition": null,
      "credentials_exposure": false,
      "data_access": false,
      "effective_action": "codecommit:ListRepositories",
      "privesc": false,
      "resource_exposure": false
    },
    {
      "access_level": "Read",
      "action": "codedeploy:BatchGetDeploymentGroups",
      "condition": null,
      "credentials_exposure": false,
      "data_access": false,
      "effective_action": "codedeploy:BatchGetDeploymentGroups",
      "privesc": false,
      "resource_exposure": false
    },
    {
      "access_level": "List",
      "action": "codedeploy:ListApplications",
      "condition": null,
      "credentials_exposure": false,
      "data_access": false,
      "effective_action": "codedeploy:ListApplications",
      "privesc": false,
      "resource_exposure": false
    },
    {
      "access_level": "List",
      "action": "codedeploy:ListDeploymentGroups",
      "condition": null,
      "credentials_exposure": false,
      "data_access": false,
      "effective_action": "codedeploy:ListDeploymentGroups",
      "privesc": false,
      "resource_exposure": false
    },
    {
      "access_level": "List",
      "action": "ec2:DescribeSecurityGroups",
      "condition": null,
      "credentials_exposure": false,
      "data_access": false,
      "effective_action": "ec2:DescribeSecurityGroups",
      "privesc": false,
      "resource_exposure": false
    },
    {
      "access_level": "List",
      "action": "ec2:DescribeSubnets",
      "condition": null,
      "credentials_exposure": false,
      "data_access": false,
      "effective_action": "ec2:DescribeSubnets",
      "privesc": false,
      "resource_exposure": false
    },
    {
      "access_level": "List",
      "action": "ec2:DescribeVpcs",
      "condition": null,
      "credentials_exposure": false,
      "data_access": false,
      "effective_action": "ec2:DescribeVpcs",
      "privesc": false,
      "resource_exposure": false
    },
    {
      "access_level": "Read",
      "action": "ecr:DescribeRepositories",
      "condition": null,
      "credentials_exposure": false,
      "data_access": false,
      "effective_action": "ecr:DescribeRepositories",
      "privesc": false,
      "resource_exposure": false
    },
    {
      "access_level": "List",
      "action": "ecr:ListImages",
      "condition": null,
      "credentials_exposure": false,
      "data_access": false,
      "effective_action": "ecr:ListImages",
      "privesc": false,
      "resource_exposure": false
    },
    {
      "access_level": "List",
      "action": "ecs:ListClusters",
      "condition": null,
      "credentials_exposure": false,
      "data_access": false,
      "effective_action": "ecs:ListClusters",
      "privesc": false,
      "resource_exposure": false
    },
    {
      "access_level": "List",
      "action": "ecs:ListServices",
      "condition": null,
      "credentials_exposure": false,
      "data_access": false,
      "effective_action": "ecs:ListServices",
      "privesc": false,
      "resource_exposure": false
    },
    {
      "access_level": "List",
      "action": "elasticbeanstalk:DescribeApplications",
      "condition": null,
      "credentials_exposure": false,
      "data_access": false,
      "effective_action": "elasticbeanstalk:DescribeApplications",
      "privesc": false,
      "resource_exposure": false
    },
    {
      "access_level": "List",
      "action": "elasticbeanstalk:DescribeEnvironments",
      "condition": null,
      "credentials_exposure": false,
      "data_access": false,
      "effective_action": "elasticbeanstalk:DescribeEnvironments",
      "privesc": false,
      "resource_exposure": false
    },
    {
      "access_level": "List",
      "action": "iam:ListRoles",
      "condition": null,
      "credentials_exposure": false,
      "data_access": false,
      "effective_action": "iam:ListRoles",
      "privesc": false,
      "resource_exposure": false
    },
    {
      "access_level": "Read",
      "action": "iam:GetRole",
      "condition": null,
      "credentials_exposure": false,
      "data_access": false,
      "effective_action": "iam:GetRole",
      "privesc": false,
      "resource_exposure": false
    },
    {
      "access_level": "List",
      "action": "lambda:ListFunctions",
      "condition": null,
      "credentials_exposure": false,
      "data_access": false,
      "effective_action": "lambda:ListFunctions",
      "privesc": false,
      "resource_exposure": false
    },
    {
      "access_level": "List",
      "action": "events:ListRules",
      "condition": null,
      "credentials_exposure": false,
      "data_access": false,
      "effective_action": "events:ListRules",
      "privesc": false,
      "resource_exposure": false
    },
    {
      "access_level": "List",
      "action": "events:ListTargetsByRule",
      "condition": null,
      "credentials_exposure": false,
      "data_access": false,
      "effective_action": "events:ListTargetsByRule",
      "privesc": false,
      "resource_exposure": false
    },
    {
      "access_level": "Read",
      "action": "events:DescribeRule",
      "condition": null,
      "credentials_exposure": false,
      "data_access": false,
      "effective_action": "events:DescribeRule",
      "privesc": false,
      "resource_exposure": false
    },
    {
      "access_level": "List",
      "action": "opsworks:DescribeApps",
      "condition": null,
      "credentials_exposure": false,
      "data_access": false,
      "effective_action": "opsworks:DescribeApps",
      "privesc": false,
      "resource_exposure": false
    },
    {
      "access_level": "List",
      "action": "opsworks:DescribeLayers",
      "condition": null,
      "credentials_exposure": false,
      "data_access": false,
      "effective_action": "opsworks:DescribeLayers",
      "privesc": false,
      "resource_exposure": false
    },
    {
      "access_level": "List",
      "action": "opsworks:DescribeStacks",
      "condition": null,
      "credentials_exposure": false,
      "data_access": false,
      "effective_action": "opsworks:DescribeStacks",
      "privesc": false,
      "resource_exposure": false
    },
    {
      "access_level": "List",
      "action": "s3:ListAllMyBuckets",
      "condition": null,
      "credentials_exposure": false,
      "data_access": false,
      "effective_action": "s3:ListAllMyBuckets",
      "privesc": false,
      "resource_exposure": false
    },
    {
      "access_level": "List",
      "action": "sns:ListTopics",
      "condition": null,
      "credentials_exposure": false,
      "data_access": false,
      "effective_action": "sns:ListTopics",
      "privesc": false,
      "resource_exposure": false
    },
    {
      "access_level": "List",
      "action": "codestar-notifications:ListNotificationRules",
      "condition": null,
      "credentials_exposure": false,
      "data_access": false,
      "effective_action": "codestar-notifications:ListNotificationRules",
      "privesc": false,
      "resource_exposure": false
    },
    {
      "access_level": "List",
      "action": "codestar-notifications:ListTargets",
      "condition": null,
      "credentials_exposure": false,
      "data_access": false,
      "effective_action": "codestar-notifications:ListTargets",
      "privesc": false,
      "resource_exposure": false
    },
    {
      "access_level": "List",
      "action": "codestar-notifications:ListTagsforResource",
      "condition": null,
      "credentials_exposure": false,
      "data_access": false,
      "effective_action": "codestar-notifications:ListTagsForResource",
      "privesc": false,
      "resource_exposure": false
    },
    {
      "access_level": "List",
      "action": "codestar-notifications:ListEventTypes",
      "condition": null,
      "credentials_exposure": false,
      "data_access": false,
      "effective_action": "codestar-notifications:ListEventTypes",
      "privesc": false,
      "resource_exposure": false
    },
    {
      "access_level": "List",
      "action": "states:ListStateMachines",
      "condition": null,
      "credentials_exposure": false,
      "data_access": false,
      "effective_action": "states:ListStateMachines",
      "privesc": false,
      "resource_exposure": false
    },
    {
      "access_level": "Read",
      "action": "s3:GetObject",
      "condition": null,
      "credentials_exposure": false,
      "data_access": true,
      "effective_action": "s3:GetObject",
      "privesc": false,
      "resource_exposure": false
    },
    {
      "access_level": "List",
      "action": "s3:ListBucket",
      "condition": null,
      "credentials_exposure": false,
      "data_access": false,
      "effective_action": "s3:ListBucket",
      "privesc": false,
      "resource_exposure": false
    },
    {
      "access_level": "Read",
      "action": "s3:GetBucketPolicy",
      "condition": null,
      "credentials_exposure": false,
      "data_access": false,
      "effective_action": "s3:GetBucketPolicy",
      "privesc": false,
      "resource_exposure": false
    },
    {
      "access_level": "Read",
      "action": "s3:GetBucketVersioning",
      "condition": null,
      "credentials_exposure": false,
      "data_access": false,
      "effective_action": "s3:GetBucketVersioning",
      "privesc": false,
      "resource_exposure": false
    },
    {
      "access_level": "Read",
      "action": "s3:GetObjectVersion",
      "condition": null,
      "credentials_exposure": false,
      "data_access": true,
      "effective_action": "s3:GetObjectVersion",
      "privesc": false,
      "resource_exposure": false
    },
    {
      "access_level": "Write",
      "action": "s3:CreateBucket",
      "condition": null,
      "credentials_exposure": false,
      "data_access": false,
      "effective_action": "s3:CreateBucket",
      "privesc": false,
      "resource_exposure": false
    },
    {
      "access_level": "Permissions management",
      "action": "s3:PutBucketPolicy",
      "condition": null,
      "credentials_exposure": false,
      "data_access": false,
      "effective_action": "s3:PutBucketPolicy",
      "privesc": false,
      "resource_exposure": true
    },
    {
      "access_level": "Write",
      "action": "cloudtrail:PutEventSelectors",
      "condition": null,
      "credentials_exposure": false,
      "data_access": false,
      "effective_action": "cloudtrail:PutEventSelectors",
      "privesc": false,
      "resource_exposure": false
    },
    {
      "access_level": "Write",
      "action": "cloudtrail:CreateTrail",
      "condition": null,
      "credentials_exposure": false,
      "data_access": false,
      "effective_action": "cloudtrail:CreateTrail",
      "privesc": false,
      "resource_exposure": false
    },
    {
      "access_level": "Read",
      "action": "cloudtrail:GetEventSelectors",
      "condition": null,
      "credentials_exposure": false,
      "data_access": false,
      "effective_action": "cloudtrail:GetEventSelectors",
      "privesc": false,
      "resource_exposure": false
    },
    {
      "access_level": "Write",
      "action": "cloudtrail:StartLogging",
      "condition": null,
      "credentials_exposure": false,
      "data_access": false,
      "effective_action": "cloudtrail:StartLogging",
      "privesc": false,
      "resource_exposure": false
    },
    {
      "access_level": "Permissions management",
      "action": "iam:PassRole",
      "condition": {
        "StringEquals": {
          "iam:PassedToService": [
            "events.amazonaws.com"
          ]
        }
      },
      "credentials_exposure": false,
      "data_access": false,
      "effective_action": "iam:PassRole",
      "privesc": true,
      "resource_exposure": true
    },
    {
      "access_level": "Permissions management",
      "action": "iam:PassRole",
      "condition": {
        "StringEquals": {
          "iam:PassedToService": [
            "codepipeline.amazonaws.com"
          ]
        }
      },
      "credentials_exposure": false,
      "data_access": false,
      "effective_action": "iam:PassRole",
      "privesc": true,
      "resource_exposure": true
    },
    {
      "access_level": "Write",
      "action": "events:PutRule",
      "condition": null,
      "credentials_exposure": false,
      "data_access": false,
      "effective_action": "events:PutRule",
      "privesc": false,
      "resource_exposure": false
    },
    {
      "access_level": "Write",
      "action": "events:PutTargets",
      "condition": null,
      "credentials_exposure": false,
      "data_access": false,
      "effective_action": "events:PutTargets",
      "privesc": false,
      "resource_exposure": false
    },
    {
      "access_level": "Write",
      "action": "events:DeleteRule",
      "condition": null,
      "credentials_exposure": false,
      "data_access": false,
      "effective_action": "events:DeleteRule",
      "privesc": false,
      "resource_exposure": false
    },
    {
      "access_level": "Write",
      "action": "events:DisableRule",
      "condition": null,
      "credentials_exposure": false,
      "data_access": false,
      "effective_action": "events:DisableRule",
      "privesc": false,
      "resource_exposure": false
    },
    {
      "access_level": "Write",
      "action": "events:RemoveTargets",
      "condition": null,
      "credentials_exposure": false,
      "data_access": false,
      "effective_action": "events:RemoveTargets",
      "privesc": false,
      "resource_exposure": false
    },
    {
      "access_level": "Write",
      "action": "codestar-notifications:CreateNotificationRule",
      "condition": {
        "StringLike": {
          "codestar-notifications:NotificationsForResource": "arn:aws:codepipeline:*"
        }
      },
      "credentials_exposure": false,
      "data_access": false,
      "effective_action": "codestar-notifications:CreateNotificationRule",
      "privesc": false,
      "resource_exposure": false
    },
    {
      "access_level": "Read",
      "action": "codestar-notifications:DescribeNotificationRule",
      "condition": {
        "StringLike": {
          "codestar-notifications:NotificationsForResource": "arn:aws:codepipeline:*"
        }
      },
      "credentials_exposure": false,
      "data_access": false,
      "effective_action": "codestar-notifications:DescribeNotificationRule",
      "privesc": false,
      "resource_exposure": false
    },
    {
      "access_level": "Write",
      "action": "codestar-notifications:UpdateNotificationRule",
      "condition": {
        "StringLike": {
          "codestar-notifications:NotificationsForResource": "arn:aws:codepipeline:*"
        }
      },
      "credentials_exposure": false,
      "data_access": false,
      "effective_action": "codestar-notifications:UpdateNotificationRule",
      "privesc": false,
      "resource_exposure": false
    },
    {
      "access_level": "Write",
      "action": "codestar-notifications:DeleteNotificationRule",
      "condition": {
        "StringLike": {
          "codestar-notifications:NotificationsForResource": "arn:aws:codepipeline:*"
        }
      },
      "credentials_exposure": false,
      "data_access": false,
      "effective_action": "codestar-notifications:DeleteNotificationRule",
      "privesc": false,
      "resource_exposure": false
    },
    {
      "access_level": "Write",
      "action": "codestar-notifications:Subscribe",
      "condition": {
        "StringLike": {
          "codestar-notifications:NotificationsForResource": "arn:aws:codepipeline:*"
        }
      },
      "credentials_exposure": false,
      "data_access": false,
      "effective_action": "codestar-notifications:Subscribe",
      "privesc": false,
      "resource_exposure": false
    },
    {
      "access_level": "Write",
      "action": "codestar-notifications:Unsubscribe",
      "condition": {
        "StringLike": {
          "codestar-notifications:NotificationsForResource": "arn:aws:codepipeline:*"
        }
      },
      "credentials_exposure": false,
      "data_access": false,
      "effective_action": "codestar-notifications:Unsubscribe",
      "privesc": false,
      "resource_exposure": false
    },
    {
      "access_level": "Permissions management",
      "action": "sns:CreateTopic",
      "condition": null,
      "credentials_exposure": false,
      "data_access": false,
      "effective_action": "sns:CreateTopic",
      "privesc": false,
      "resource_exposure": true
    },
    {
      "access_level": "Permissions management",
      "action": "sns:SetTopicAttributes",
      "condition": null,
      "credentials_exposure": false,
      "data_access": false,
      "effective_action": "sns:SetTopicAttributes",
      "privesc": false,
      "resource_exposure": true
    },
    {
      "access_level": "Read",
      "action": "chatbot:DescribeSlackChannelConfigurations",
      "condition": null,
      "credentials_exposure": false,
      "data_access": false,
      "effective_action": "chatbot:DescribeSlackChannelConfigurations",
      "privesc": false,
      "resource_exposure": false
    },
    {
      "access_level": "Read",
      "action": "chatbot:ListMicrosoftTeamsChannelConfigurations",
      "condition": null,
      "credentials_exposure": false,
      "data_access": false,
      "effective_action": "chatbot:ListMicrosoftTeamsChannelConfigurations",
      "privesc": false,
      "resource_exposure": false
    }
  ],
  "grantless": false,
  "malformed": false,
  "name": "AWSCodePipeline_FullAccess",
  "privesc": true,
  "resource_exposure": true,
  "undocumented_actions": false,
  "unknown_actions": [],
  "updatedate": "2024-03-14T17:06:23+00:00",
  "version": "v3"
}