{
  "access_levels": [
    "List",
    "Read",
    "Tagging",
    "Write",
    "Permissions management"
  ],
  "arn": "arn:aws:iam::aws:policy/AWSCertificateManagerPrivateCAFullAccess",
  "createdate": "2018-10-23T16:54:50Z",
  "credentials_exposure": false,
  "data_access": false,
  "deprecated": false,
  "document": {
    "Statement": [
      {
        "Action": [
          "acm-pca:*"
        ],
        "Effect": "Allow",
        "Resource": "*"
      }
    ],
    "Version": "2012-10-17"
  },
  "effective_actions": [
    {
      "access_level": "Write",
      "action": "acm-pca:*",
      "condition": null,
      "credentials_exposure": false,
      "data_access": false,
      "effective_action": "acm-pca:CreateCertificateAuthority",
      "privesc": false,
      "resource_exposure": false
    },
    {
      "access_level": "Write",
      "action": "acm-pca:*",
      "condition": null,
      "credentials_exposure": false,
      "data_access": false,
      "effective_action": "acm-pca:CreateCertificateAuthorityAuditReport",
      "privesc": false,
      "resource_exposure": false
    },
    {
      "access_level": "Permissions management",
      "action": "acm-pca:*",
      "condition": null,
      "credentials_exposure": false,
      "data_access": false,
      "effective_action": "acm-pca:CreatePermission",
      "privesc": false,
      "resource_exposure": true
    },
    {
      "access_level": "Write",
      "action": "acm-pca:*",
      "condition": null,
      "credentials_exposure": false,
      "data_access": false,
      "effective_action": "acm-pca:DeleteCertificateAuthority",
      "privesc": false,
      "resource_exposure": false
    },
    {
      "access_level": "Permissions management",
      "action": "acm-pca:*",
      "condition": null,
      "credentials_exposure": false,
      "data_access": false,
      "effective_action": "acm-pca:DeletePermission",
      "privesc": false,
      "resource_exposure": true
    },
    {
      "access_level": "Permissions management",
      "action": "acm-pca:*",
      "condition": null,
      "credentials_exposure": false,
      "data_access": false,
      "effective_action": "acm-pca:DeletePolicy",
      "privesc": false,
      "resource_exposure": true
    },
    {
      "access_level": "Read",
      "action": "acm-pca:*",
      "condition": null,
      "credentials_exposure": false,
      "data_access": false,
      "effective_action": "acm-pca:DescribeCertificateAuthority",
      "privesc": false,
      "resource_exposure": false
    },
    {
      "access_level": "Read",
      "action": "acm-pca:*",
      "condition": null,
      "credentials_exposure": false,
      "data_access": false,
      "effective_action": "acm-pca:DescribeCertificateAuthorityAuditReport",
      "privesc": false,
      "resource_exposure": false
    },
    {
      "access_level": "Read",
      "action": "acm-pca:*",
      "condition": null,
      "credentials_exposure": false,
      "data_access": false,
      "effective_action": "acm-pca:GetCertificate",
      "privesc": false,
      "resource_exposure": false
    },
    {
      "access_level": "Read",
      "action": "acm-pca:*",
      "condition": null,
      "credentials_exposure": false,
      "data_access": false,
      "effective_action": "acm-pca:GetCertificateAuthorityCertificate",
      "privesc": false,
      "resource_exposure": false
    },
    {
      "access_level": "Read",
      "action": "acm-pca:*",
      "condition": null,
      "credentials_exposure": false,
      "data_access": false,
      "effective_action": "acm-pca:GetCertificateAuthorityCsr",
      "privesc": false,
      "resource_exposure": false
    },
    {
      "access_level": "Read",
      "action": "acm-pca:*",
      "condition": null,
      "credentials_exposure": false,
      "data_access": false,
      "effective_action": "acm-pca:GetPolicy",
      "privesc": false,
      "resource_exposure": false
    },
    {
      "access_level": "Write",
      "action": "acm-pca:*",
      "condition": null,
      "credentials_exposure": false,
      "data_access": false,
      "effective_action": "acm-pca:ImportCertificateAuthorityCertificate",
      "privesc": false,
      "resource_exposure": false
    },
    {
      "access_level": "Write",
      "action": "acm-pca:*",
      "condition": null,
      "credentials_exposure": false,
      "data_access": false,
      "effective_action": "acm-pca:IssueCertificate",
      "privesc": false,
      "resource_exposure": false
    },
    {
      "access_level": "List",
      "action": "acm-pca:*",
      "condition": null,
      "credentials_exposure": false,
      "data_access": false,
      "effective_action": "acm-pca:ListCertificateAuthorities",
      "privesc": false,
      "resource_exposure": false
    },
    {
      "access_level": "Read",
      "action": "acm-pca:*",
      "condition": null,
      "credentials_exposure": false,
      "data_access": false,
      "effective_action": "acm-pca:ListPermissions",
      "privesc": false,
      "resource_exposure": false
    },
    {
      "access_level": "Read",
      "action": "acm-pca:*",
      "condition": null,
      "credentials_exposure": false,
      "data_access": false,
      "effective_action": "acm-pca:ListTags",
      "privesc": false,
      "resource_exposure": false
    },
    {
      "access_level": "Permissions management",
      "action": "acm-pca:*",
      "condition": null,
      "credentials_exposure": false,
      "data_access": false,
      "effective_action": "acm-pca:PutPolicy",
      "privesc": false,
      "resource_exposure": true
    },
    {
      "access_level": "Write",
      "action": "acm-pca:*",
      "condition": null,
      "credentials_exposure": false,
      "data_access": false,
      "effective_action": "acm-pca:RestoreCertificateAuthority",
      "privesc": false,
      "resource_exposure": false
    },
    {
      "access_level": "Write",
      "action": "acm-pca:*",
      "condition": null,
      "credentials_exposure": false,
      "data_access": false,
      "effective_action": "acm-pca:RevokeCertificate",
      "privesc": false,
      "resource_exposure": false
    },
    {
      "access_level": "Tagging",
      "action": "acm-pca:*",
      "condition": null,
      "credentials_exposure": false,
      "data_access": false,
      "effective_action": "acm-pca:TagCertificateAuthority",
      "privesc": false,
      "resource_exposure": false
    },
    {
      "access_level": "Tagging",
      "action": "acm-pca:*",
      "condition": null,
      "credentials_exposure": false,
      "data_access": false,
      "effective_action": "acm-pca:UntagCertificateAuthority",
      "privesc": false,
      "resource_exposure": false
    },
    {
      "access_level": "Write",
      "action": "acm-pca:*",
      "condition": null,
      "credentials_exposure": false,
      "data_access": false,
      "effective_action": "acm-pca:UpdateCertificateAuthority",
      "privesc": false,
      "resource_exposure": false
    }
  ],
  "grantless": false,
  "malformed": false,
  "name": "AWSCertificateManagerPrivateCAFullAccess",
  "privesc": false,
  "resource_exposure": true,
  "undocumented_actions": false,
  "unknown_actions": [],
  "updatedate": "2018-10-23T16:54:50+00:00",
  "version": "v1"
}