{
  "access_levels": [
    "List",
    "Read",
    "Tagging",
    "Write",
    "Permissions management"
  ],
  "arn": "arn:aws:iam::aws:policy/AWSCodeCommitPowerUser",
  "createdate": "2025-01-10T20:07:07Z",
  "credentials_exposure": true,
  "data_access": true,
  "deprecated": false,
  "document": {
    "Statement": [
      {
        "Action": [
          "codecommit:AssociateApprovalRuleTemplateWithRepository",
          "codecommit:BatchAssociateApprovalRuleTemplateWithRepositories",
          "codecommit:BatchDisassociateApprovalRuleTemplateFromRepositories",
          "codecommit:BatchGet*",
          "codecommit:BatchDescribe*",
          "codecommit:Create*",
          "codecommit:DeleteBranch",
          "codecommit:DeleteFile",
          "codecommit:Describe*",
          "codecommit:DisassociateApprovalRuleTemplateFromRepository",
          "codecommit:EvaluatePullRequestApprovalRules",
          "codecommit:Get*",
          "codecommit:List*",
          "codecommit:Merge*",
          "codecommit:OverridePullRequestApprovalRules",
          "codecommit:Put*",
          "codecommit:Post*",
          "codecommit:TagResource",
          "codecommit:Test*",
          "codecommit:UntagResource",
          "codecommit:Update*",
          "codecommit:GitPull",
          "codecommit:GitPush"
        ],
        "Effect": "Allow",
        "Resource": "*"
      },
      {
        "Action": [
          "events:DeleteRule",
          "events:DescribeRule",
          "events:DisableRule",
          "events:EnableRule",
          "events:PutRule",
          "events:PutTargets",
          "events:RemoveTargets",
          "events:ListTargetsByRule"
        ],
        "Effect": "Allow",
        "Resource": "arn:aws:events:*:*:rule/codecommit*",
        "Sid": "CloudWatchEventsCodeCommitRulesAccess"
      },
      {
        "Action": [
          "sns:Subscribe",
          "sns:Unsubscribe"
        ],
        "Effect": "Allow",
        "Resource": "arn:aws:sns:*:*:codecommit*",
        "Sid": "SNSTopicAndSubscriptionAccess"
      },
      {
        "Action": [
          "sns:ListTopics",
          "sns:ListSubscriptionsByTopic",
          "sns:GetTopicAttributes"
        ],
        "Effect": "Allow",
        "Resource": "*",
        "Sid": "SNSTopicAndSubscriptionReadAccess"
      },
      {
        "Action": [
          "lambda:ListFunctions"
        ],
        "Effect": "Allow",
        "Resource": "*",
        "Sid": "LambdaReadOnlyListAccess"
      },
      {
        "Action": [
          "iam:ListUsers"
        ],
        "Effect": "Allow",
        "Resource": "*",
        "Sid": "IAMReadOnlyListAccess"
      },
      {
        "Action": [
          "iam:ListAccessKeys",
          "iam:ListSSHPublicKeys",
          "iam:ListServiceSpecificCredentials"
        ],
        "Effect": "Allow",
        "Resource": "arn:aws:iam::*:user/${aws:username}",
        "Sid": "IAMReadOnlyConsoleAccess"
      },
      {
        "Action": [
          "iam:DeleteSSHPublicKey",
          "iam:GetSSHPublicKey",
          "iam:ListSSHPublicKeys",
          "iam:UpdateSSHPublicKey",
          "iam:UploadSSHPublicKey"
        ],
        "Effect": "Allow",
        "Resource": "arn:aws:iam::*:user/${aws:username}",
        "Sid": "IAMUserSSHKeys"
      },
      {
        "Action": [
          "iam:CreateServiceSpecificCredential",
          "iam:UpdateServiceSpecificCredential",
          "iam:DeleteServiceSpecificCredential",
          "iam:ResetServiceSpecificCredential"
        ],
        "Effect": "Allow",
        "Resource": "arn:aws:iam::*:user/${aws:username}",
        "Sid": "IAMSelfManageServiceSpecificCredentials"
      },
      {
        "Action": [
          "codestar-notifications:CreateNotificationRule",
          "codestar-notifications:DescribeNotificationRule",
          "codestar-notifications:UpdateNotificationRule",
          "codestar-notifications:Subscribe",
          "codestar-notifications:Unsubscribe"
        ],
        "Condition": {
          "ArnLike": {
            "codestar-notifications:NotificationsForResource": "arn:aws:codecommit:*:*:*"
          }
        },
        "Effect": "Allow",
        "Resource": "*",
        "Sid": "CodeStarNotificationsReadWriteAccess"
      },
      {
        "Action": [
          "codestar-notifications:ListNotificationRules",
          "codestar-notifications:ListTargets",
          "codestar-notifications:ListTagsforResource",
          "codestar-notifications:ListEventTypes"
        ],
        "Effect": "Allow",
        "Resource": "*",
        "Sid": "CodeStarNotificationsListAccess"
      },
      {
        "Action": [
          "codeguru-reviewer:AssociateRepository",
          "codeguru-reviewer:DescribeRepositoryAssociation",
          "codeguru-reviewer:ListRepositoryAssociations",
          "codeguru-reviewer:DisassociateRepository",
          "codeguru-reviewer:DescribeCodeReview",
          "codeguru-reviewer:ListCodeReviews"
        ],
        "Effect": "Allow",
        "Resource": "*",
        "Sid": "AmazonCodeGuruReviewerFullAccess"
      },
      {
        "Action": [
          "iam:CreateServiceLinkedRole"
        ],
        "Condition": {
          "StringLike": {
            "iam:AWSServiceName": "codeguru-reviewer.amazonaws.com"
          }
        },
        "Effect": "Allow",
        "Resource": "arn:aws:iam::*:role/aws-service-role/codeguru-reviewer.amazonaws.com/AWSServiceRoleForAmazonCodeGuruReviewer",
        "Sid": "AmazonCodeGuruReviewerSLRCreation"
      },
      {
        "Action": [
          "events:PutRule",
          "events:PutTargets",
          "events:DeleteRule",
          "events:RemoveTargets"
        ],
        "Condition": {
          "StringEquals": {
            "events:ManagedBy": "codeguru-reviewer.amazonaws.com"
          }
        },
        "Effect": "Allow",
        "Resource": "*",
        "Sid": "CloudWatchEventsManagedRules"
      },
      {
        "Action": [
          "chatbot:DescribeSlackChannelConfigurations",
          "chatbot:ListMicrosoftTeamsChannelConfigurations"
        ],
        "Effect": "Allow",
        "Resource": "*",
        "Sid": "CodeStarNotificationsChatbotAccess"
      },
      {
        "Action": [
          "codestar-connections:ListConnections",
          "codestar-connections:GetConnection"
        ],
        "Effect": "Allow",
        "Resource": "arn:aws:codestar-connections:*:*:connection/*",
        "Sid": "CodeStarConnectionsReadOnlyAccess"
      }
    ],
    "Version": "2012-10-17"
  },
  "effective_actions": [
    {
      "access_level": "Write",
      "action": "codecommit:AssociateApprovalRuleTemplateWithRepository",
      "condition": null,
      "credentials_exposure": false,
      "data_access": false,
      "effective_action": "codecommit:AssociateApprovalRuleTemplateWithRepository",
      "privesc": false,
      "resource_exposure": false
    },
    {
      "access_level": "Write",
      "action": "codecommit:BatchAssociateApprovalRuleTemplateWithRepositories",
      "condition": null,
      "credentials_exposure": false,
      "data_access": false,
      "effective_action": "codecommit:BatchAssociateApprovalRuleTemplateWithRepositories",
      "privesc": false,
      "resource_exposure": false
    },
    {
      "access_level": "Write",
      "action": "codecommit:BatchDisassociateApprovalRuleTemplateFromRepositories",
      "condition": null,
      "credentials_exposure": false,
      "data_access": false,
      "effective_action": "codecommit:BatchDisassociateApprovalRuleTemplateFromRepositories",
      "privesc": false,
      "resource_exposure": false
    },
    {
      "access_level": "Read",
      "action": "codecommit:BatchGet*",
      "condition": null,
      "credentials_exposure": false,
      "data_access": true,
      "effective_action": "codecommit:BatchGetCommits",
      "privesc": false,
      "resource_exposure": false
    },
    {
      "access_level": "Read",
      "action": "codecommit:BatchGet*",
      "condition": null,
      "credentials_exposure": false,
      "data_access": true,
      "effective_action": "codecommit:BatchGetPullRequests",
      "privesc": false,
      "resource_exposure": false
    },
    {
      "access_level": "Read",
      "action": "codecommit:BatchGet*",
      "condition": null,
      "credentials_exposure": false,
      "data_access": true,
      "effective_action": "codecommit:BatchGetRepositories",
      "privesc": false,
      "resource_exposure": false
    },
    {
      "access_level": "Read",
      "action": "codecommit:BatchDescribe*",
      "condition": null,
      "credentials_exposure": false,
      "data_access": false,
      "effective_action": "codecommit:BatchDescribeMergeConflicts",
      "privesc": false,
      "resource_exposure": false
    },
    {
      "access_level": "Write",
      "action": "codecommit:Create*",
      "condition": null,
      "credentials_exposure": false,
      "data_access": false,
      "effective_action": "codecommit:CreateApprovalRuleTemplate",
      "privesc": false,
      "resource_exposure": false
    },
    {
      "access_level": "Write",
      "action": "codecommit:Create*",
      "condition": null,
      "credentials_exposure": false,
      "data_access": false,
      "effective_action": "codecommit:CreateBranch",
      "privesc": false,
      "resource_exposure": false
    },
    {
      "access_level": "Write",
      "action": "codecommit:Create*",
      "condition": null,
      "credentials_exposure": false,
      "data_access": false,
      "effective_action": "codecommit:CreateCommit",
      "privesc": false,
      "resource_exposure": false
    },
    {
      "access_level": "Write",
      "action": "codecommit:Create*",
      "condition": null,
      "credentials_exposure": false,
      "data_access": false,
      "effective_action": "codecommit:CreatePullRequest",
      "privesc": false,
      "resource_exposure": false
    },
    {
      "access_level": "Write",
      "action": "codecommit:Create*",
      "condition": null,
      "credentials_exposure": false,
      "data_access": false,
      "effective_action": "codecommit:CreatePullRequestApprovalRule",
      "privesc": false,
      "resource_exposure": false
    },
    {
      "access_level": "Write",
      "action": "codecommit:Create*",
      "condition": null,
      "credentials_exposure": false,
      "data_access": false,
      "effective_action": "codecommit:CreateRepository",
      "privesc": false,
      "resource_exposure": false
    },
    {
      "access_level": "Write",
      "action": "codecommit:Create*",
      "condition": null,
      "credentials_exposure": false,
      "data_access": false,
      "effective_action": "codecommit:CreateUnreferencedMergeCommit",
      "privesc": false,
      "resource_exposure": false
    },
    {
      "access_level": "Write",
      "action": "codecommit:DeleteBranch",
      "condition": null,
      "credentials_exposure": false,
      "data_access": false,
      "effective_action": "codecommit:DeleteBranch",
      "privesc": false,
      "resource_exposure": false
    },
    {
      "access_level": "Write",
      "action": "codecommit:DeleteFile",
      "condition": null,
      "credentials_exposure": false,
      "data_access": false,
      "effective_action": "codecommit:DeleteFile",
      "privesc": false,
      "resource_exposure": false
    },
    {
      "access_level": "Read",
      "action": "codecommit:Describe*",
      "condition": null,
      "credentials_exposure": false,
      "data_access": true,
      "effective_action": "codecommit:DescribeMergeConflicts",
      "privesc": false,
      "resource_exposure": false
    },
    {
      "access_level": "Read",
      "action": "codecommit:Describe*",
      "condition": null,
      "credentials_exposure": false,
      "data_access": true,
      "effective_action": "codecommit:DescribePullRequestEvents",
      "privesc": false,
      "resource_exposure": false
    },
    {
      "access_level": "Write",
      "action": "codecommit:DisassociateApprovalRuleTemplateFromRepository",
      "condition": null,
      "credentials_exposure": false,
      "data_access": false,
      "effective_action": "codecommit:DisassociateApprovalRuleTemplateFromRepository",
      "privesc": false,
      "resource_exposure": false
    },
    {
      "access_level": "Read",
      "action": "codecommit:EvaluatePullRequestApprovalRules",
      "condition": null,
      "credentials_exposure": false,
      "data_access": false,
      "effective_action": "codecommit:EvaluatePullRequestApprovalRules",
      "privesc": false,
      "resource_exposure": false
    },
    {
      "access_level": "Read",
      "action": "codecommit:Get*",
      "condition": null,
      "credentials_exposure": false,
      "data_access": true,
      "effective_action": "codecommit:GetApprovalRuleTemplate",
      "privesc": false,
      "resource_exposure": false
    },
    {
      "access_level": "Read",
      "action": "codecommit:Get*",
      "condition": null,
      "credentials_exposure": false,
      "data_access": true,
      "effective_action": "codecommit:GetBlob",
      "privesc": false,
      "resource_exposure": false
    },
    {
      "access_level": "Read",
      "action": "codecommit:Get*",
      "condition": null,
      "credentials_exposure": false,
      "data_access": true,
      "effective_action": "codecommit:GetBranch",
      "privesc": false,
      "resource_exposure": false
    },
    {
      "access_level": "Read",
      "action": "codecommit:Get*",
      "condition": null,
      "credentials_exposure": false,
      "data_access": true,
      "effective_action": "codecommit:GetComment",
      "privesc": false,
      "resource_exposure": false
    },
    {
      "access_level": "Read",
      "action": "codecommit:Get*",
      "condition": null,
      "credentials_exposure": false,
      "data_access": true,
      "effective_action": "codecommit:GetCommentReactions",
      "privesc": false,
      "resource_exposure": false
    },
    {
      "access_level": "Read",
      "action": "codecommit:Get*",
      "condition": null,
      "credentials_exposure": false,
      "data_access": true,
      "effective_action": "codecommit:GetCommentsForComparedCommit",
      "privesc": false,
      "resource_exposure": false
    },
    {
      "access_level": "Read",
      "action": "codecommit:Get*",
      "condition": null,
      "credentials_exposure": false,
      "data_access": true,
      "effective_action": "codecommit:GetCommentsForPullRequest",
      "privesc": false,
      "resource_exposure": false
    },
    {
      "access_level": "Read",
      "action": "codecommit:Get*",
      "condition": null,
      "credentials_exposure": false,
      "data_access": true,
      "effective_action": "codecommit:GetCommit",
      "privesc": false,
      "resource_exposure": false
    },
    {
      "access_level": "Read",
      "action": "codecommit:Get*",
      "condition": null,
      "credentials_exposure": false,
      "data_access": true,
      "effective_action": "codecommit:GetCommitHistory",
      "privesc": false,
      "resource_exposure": false
    },
    {
      "access_level": "Read",
      "action": "codecommit:Get*",
      "condition": null,
      "credentials_exposure": false,
      "data_access": true,
      "effective_action": "codecommit:GetCommitsFromMergeBase",
      "privesc": false,
      "resource_exposure": false
    },
    {
      "access_level": "Read",
      "action": "codecommit:Get*",
      "condition": null,
      "credentials_exposure": false,
      "data_access": true,
      "effective_action": "codecommit:GetDifferences",
      "privesc": false,
      "resource_exposure": false
    },
    {
      "access_level": "Read",
      "action": "codecommit:Get*",
      "condition": null,
      "credentials_exposure": false,
      "data_access": true,
      "effective_action": "codecommit:GetFile",
      "privesc": false,
      "resource_exposure": false
    },
    {
      "access_level": "Read",
      "action": "codecommit:Get*",
      "condition": null,
      "credentials_exposure": false,
      "data_access": true,
      "effective_action": "codecommit:GetFolder",
      "privesc": false,
      "resource_exposure": false
    },
    {
      "access_level": "Read",
      "action": "codecommit:Get*",
      "condition": null,
      "credentials_exposure": false,
      "data_access": true,
      "effective_action": "codecommit:GetMergeCommit",
      "privesc": false,
      "resource_exposure": false
    },
    {
      "access_level": "Read",
      "action": "codecommit:Get*",
      "condition": null,
      "credentials_exposure": false,
      "data_access": true,
      "effective_action": "codecommit:GetMergeConflicts",
      "privesc": false,
      "resource_exposure": false
    },
    {
      "access_level": "Read",
      "action": "codecommit:Get*",
      "condition": null,
      "credentials_exposure": false,
      "data_access": true,
      "effective_action": "codecommit:GetMergeOptions",
      "privesc": false,
      "resource_exposure": false
    },
    {
      "access_level": "Read",
      "action": "codecommit:Get*",
      "condition": null,
      "credentials_exposure": false,
      "data_access": true,
      "effective_action": "codecommit:GetObjectIdentifier",
      "privesc": false,
      "resource_exposure": false
    },
    {
      "access_level": "Read",
      "action": "codecommit:Get*",
      "condition": null,
      "credentials_exposure": false,
      "data_access": true,
      "effective_action": "codecommit:GetPullRequest",
      "privesc": false,
      "resource_exposure": false
    },
    {
      "access_level": "Read",
      "action": "codecommit:Get*",
      "condition": null,
      "credentials_exposure": false,
      "data_access": true,
      "effective_action": "codecommit:GetPullRequestApprovalStates",
      "privesc": false,
      "resource_exposure": false
    },
    {
      "access_level": "Read",
      "action": "codecommit:Get*",
      "condition": null,
      "credentials_exposure": false,
      "data_access": true,
      "effective_action": "codecommit:GetPullRequestOverrideState",
      "privesc": false,
      "resource_exposure": false
    },
    {
      "access_level": "Read",
      "action": "codecommit:Get*",
      "condition": null,
      "credentials_exposure": false,
      "data_access": true,
      "effective_action": "codecommit:GetReferences",
      "privesc": false,
      "resource_exposure": false
    },
    {
      "access_level": "Read",
      "action": "codecommit:Get*",
      "condition": null,
      "credentials_exposure": false,
      "data_access": false,
      "effective_action": "codecommit:GetRepository",
      "privesc": false,
      "resource_exposure": false
    },
    {
      "access_level": "Read",
      "action": "codecommit:Get*",
      "condition": null,
      "credentials_exposure": false,
      "data_access": false,
      "effective_action": "codecommit:GetRepositoryTriggers",
      "privesc": false,
      "resource_exposure": false
    },
    {
      "access_level": "Read",
      "action": "codecommit:Get*",
      "condition": null,
      "credentials_exposure": false,
      "data_access": true,
      "effective_action": "codecommit:GetTree",
      "privesc": false,
      "resource_exposure": false
    },
    {
      "access_level": "Read",
      "action": "codecommit:Get*",
      "condition": null,
      "credentials_exposure": false,
      "data_access": false,
      "effective_action": "codecommit:GetUploadArchiveStatus",
      "privesc": false,
      "resource_exposure": false
    },
    {
      "access_level": "List",
      "action": "codecommit:List*",
      "condition": null,
      "credentials_exposure": false,
      "data_access": false,
      "effective_action": "codecommit:ListApprovalRuleTemplates",
      "privesc": false,
      "resource_exposure": false
    },
    {
      "access_level": "List",
      "action": "codecommit:List*",
      "condition": null,
      "credentials_exposure": false,
      "data_access": false,
      "effective_action": "codecommit:ListAssociatedApprovalRuleTemplatesForRepository",
      "privesc": false,
      "resource_exposure": false
    },
    {
      "access_level": "List",
      "action": "codecommit:List*",
      "condition": null,
      "credentials_exposure": false,
      "data_access": false,
      "effective_action": "codecommit:ListBranches",
      "privesc": false,
      "resource_exposure": false
    },
    {
      "access_level": "List",
      "action": "codecommit:List*",
      "condition": null,
      "credentials_exposure": false,
      "data_access": false,
      "effective_action": "codecommit:ListFileCommitHistory",
      "privesc": false,
      "resource_exposure": false
    },
    {
      "access_level": "List",
      "action": "codecommit:List*",
      "condition": null,
      "credentials_exposure": false,
      "data_access": false,
      "effective_action": "codecommit:ListPullRequests",
      "privesc": false,
      "resource_exposure": false
    },
    {
      "access_level": "List",
      "action": "codecommit:List*",
      "condition": null,
      "credentials_exposure": false,
      "data_access": false,
      "effective_action": "codecommit:ListRepositories",
      "privesc": false,
      "resource_exposure": false
    },
    {
      "access_level": "List",
      "action": "codecommit:List*",
      "condition": null,
      "credentials_exposure": false,
      "data_access": false,
      "effective_action": "codecommit:ListRepositoriesForApprovalRuleTemplate",
      "privesc": false,
      "resource_exposure": false
    },
    {
      "access_level": "List",
      "action": "codecommit:List*",
      "condition": null,
      "credentials_exposure": false,
      "data_access": false,
      "effective_action": "codecommit:ListTagsForResource",
      "privesc": false,
      "resource_exposure": false
    },
    {
      "access_level": "Write",
      "action": "codecommit:Merge*",
      "condition": null,
      "credentials_exposure": false,
      "data_access": false,
      "effective_action": "codecommit:MergeBranchesByFastForward",
      "privesc": false,
      "resource_exposure": false
    },
    {
      "access_level": "Write",
      "action": "codecommit:Merge*",
      "condition": null,
      "credentials_exposure": false,
      "data_access": false,
      "effective_action": "codecommit:MergeBranchesBySquash",
      "privesc": false,
      "resource_exposure": false
    },
    {
      "access_level": "Write",
      "action": "codecommit:Merge*",
      "condition": null,
      "credentials_exposure": false,
      "data_access": false,
      "effective_action": "codecommit:MergeBranchesByThreeWay",
      "privesc": false,
      "resource_exposure": false
    },
    {
      "access_level": "Write",
      "action": "codecommit:Merge*",
      "condition": null,
      "credentials_exposure": false,
      "data_access": false,
      "effective_action": "codecommit:MergePullRequestByFastForward",
      "privesc": false,
      "resource_exposure": false
    },
    {
      "access_level": "Write",
      "action": "codecommit:Merge*",
      "condition": null,
      "credentials_exposure": false,
      "data_access": false,
      "effective_action": "codecommit:MergePullRequestBySquash",
      "privesc": false,
      "resource_exposure": false
    },
    {
      "access_level": "Write",
      "action": "codecommit:Merge*",
      "condition": null,
      "credentials_exposure": false,
      "data_access": false,
      "effective_action": "codecommit:MergePullRequestByThreeWay",
      "privesc": false,
      "resource_exposure": false
    },
    {
      "access_level": "Write",
      "action": "codecommit:OverridePullRequestApprovalRules",
      "condition": null,
      "credentials_exposure": false,
      "data_access": false,
      "effective_action": "codecommit:OverridePullRequestApprovalRules",
      "privesc": false,
      "resource_exposure": false
    },
    {
      "access_level": "Write",
      "action": "codecommit:Put*",
      "condition": null,
      "credentials_exposure": false,
      "data_access": false,
      "effective_action": "codecommit:PutCommentReaction",
      "privesc": false,
      "resource_exposure": false
    },
    {
      "access_level": "Write",
      "action": "codecommit:Put*",
      "condition": null,
      "credentials_exposure": false,
      "data_access": false,
      "effective_action": "codecommit:PutFile",
      "privesc": false,
      "resource_exposure": false
    },
    {
      "access_level": "Write",
      "action": "codecommit:Put*",
      "condition": null,
      "credentials_exposure": false,
      "data_access": false,
      "effective_action": "codecommit:PutRepositoryTriggers",
      "privesc": false,
      "resource_exposure": false
    },
    {
      "access_level": "Write",
      "action": "codecommit:Post*",
      "condition": null,
      "credentials_exposure": false,
      "data_access": false,
      "effective_action": "codecommit:PostCommentForComparedCommit",
      "privesc": false,
      "resource_exposure": false
    },
    {
      "access_level": "Write",
      "action": "codecommit:Post*",
      "condition": null,
      "credentials_exposure": false,
      "data_access": false,
      "effective_action": "codecommit:PostCommentForPullRequest",
      "privesc": false,
      "resource_exposure": false
    },
    {
      "access_level": "Write",
      "action": "codecommit:Post*",
      "condition": null,
      "credentials_exposure": false,
      "data_access": false,
      "effective_action": "codecommit:PostCommentReply",
      "privesc": false,
      "resource_exposure": false
    },
    {
      "access_level": "Tagging",
      "action": "codecommit:TagResource",
      "condition": null,
      "credentials_exposure": false,
      "data_access": false,
      "effective_action": "codecommit:TagResource",
      "privesc": false,
      "resource_exposure": false
    },
    {
      "access_level": "Write",
      "action": "codecommit:Test*",
      "condition": null,
      "credentials_exposure": false,
      "data_access": false,
      "effective_action": "codecommit:TestRepositoryTriggers",
      "privesc": false,
      "resource_exposure": false
    },
    {
      "access_level": "Tagging",
      "action": "codecommit:UntagResource",
      "condition": null,
      "credentials_exposure": false,
      "data_access": false,
      "effective_action": "codecommit:UntagResource",
      "privesc": false,
      "resource_exposure": false
    },
    {
      "access_level": "Write",
      "action": "codecommit:Update*",
      "condition": null,
      "credentials_exposure": false,
      "data_access": false,
      "effective_action": "codecommit:UpdateApprovalRuleTemplateContent",
      "privesc": false,
      "resource_exposure": false
    },
    {
      "access_level": "Write",
      "action": "codecommit:Update*",
      "condition": null,
      "credentials_exposure": false,
      "data_access": false,
      "effective_action": "codecommit:UpdateApprovalRuleTemplateDescription",
      "privesc": false,
      "resource_exposure": false
    },
    {
      "access_level": "Write",
      "action": "codecommit:Update*",
      "condition": null,
      "credentials_exposure": false,
      "data_access": false,
      "effective_action": "codecommit:UpdateApprovalRuleTemplateName",
      "privesc": false,
      "resource_exposure": false
    },
    {
      "access_level": "Write",
      "action": "codecommit:Update*",
      "condition": null,
      "credentials_exposure": false,
      "data_access": false,
      "effective_action": "codecommit:UpdateComment",
      "privesc": false,
      "resource_exposure": false
    },
    {
      "access_level": "Write",
      "action": "codecommit:Update*",
      "condition": null,
      "credentials_exposure": false,
      "data_access": false,
      "effective_action": "codecommit:UpdateDefaultBranch",
      "privesc": false,
      "resource_exposure": false
    },
    {
      "access_level": "Write",
      "action": "codecommit:Update*",
      "condition": null,
      "credentials_exposure": false,
      "data_access": false,
      "effective_action": "codecommit:UpdatePullRequestApprovalRuleContent",
      "privesc": false,
      "resource_exposure": false
    },
    {
      "access_level": "Write",
      "action": "codecommit:Update*",
      "condition": null,
      "credentials_exposure": false,
      "data_access": false,
      "effective_action": "codecommit:UpdatePullRequestApprovalState",
      "privesc": false,
      "resource_exposure": false
    },
    {
      "access_level": "Write",
      "action": "codecommit:Update*",
      "condition": null,
      "credentials_exposure": false,
      "data_access": false,
      "effective_action": "codecommit:UpdatePullRequestDescription",
      "privesc": false,
      "resource_exposure": false
    },
    {
      "access_level": "Write",
      "action": "codecommit:Update*",
      "condition": null,
      "credentials_exposure": false,
      "data_access": false,
      "effective_action": "codecommit:UpdatePullRequestStatus",
      "privesc": false,
      "resource_exposure": false
    },
    {
      "access_level": "Write",
      "action": "codecommit:Update*",
      "condition": null,
      "credentials_exposure": false,
      "data_access": false,
      "effective_action": "codecommit:UpdatePullRequestTitle",
      "privesc": false,
      "resource_exposure": false
    },
    {
      "access_level": "Write",
      "action": "codecommit:Update*",
      "condition": null,
      "credentials_exposure": false,
      "data_access": false,
      "effective_action": "codecommit:UpdateRepositoryDescription",
      "privesc": false,
      "resource_exposure": false
    },
    {
      "access_level": "Write",
      "action": "codecommit:Update*",
      "condition": null,
      "credentials_exposure": false,
      "data_access": false,
      "effective_action": "codecommit:UpdateRepositoryEncryptionKey",
      "privesc": false,
      "resource_exposure": false
    },
    {
      "access_level": "Write",
      "action": "codecommit:Update*",
      "condition": null,
      "credentials_exposure": false,
      "data_access": false,
      "effective_action": "codecommit:UpdateRepositoryName",
      "privesc": false,
      "resource_exposure": false
    },
    {
      "access_level": "Read",
      "action": "codecommit:GitPull",
      "condition": null,
      "credentials_exposure": false,
      "data_access": true,
      "effective_action": "codecommit:GitPull",
      "privesc": false,
      "resource_exposure": false
    },
    {
      "access_level": "Write",
      "action": "codecommit:GitPush",
      "condition": null,
      "credentials_exposure": false,
      "data_access": false,
      "effective_action": "codecommit:GitPush",
      "privesc": false,
      "resource_exposure": false
    },
    {
      "access_level": "Write",
      "action": "events:DeleteRule",
      "condition": null,
      "credentials_exposure": false,
      "data_access": false,
      "effective_action": "events:DeleteRule",
      "privesc": false,
      "resource_exposure": false
    },
    {
      "access_level": "Read",
      "action": "events:DescribeRule",
      "condition": null,
      "credentials_exposure": false,
      "data_access": false,
      "effective_action": "events:DescribeRule",
      "privesc": false,
      "resource_exposure": false
    },
    {
      "access_level": "Write",
      "action": "events:DisableRule",
      "condition": null,
      "credentials_exposure": false,
      "data_access": false,
      "effective_action": "events:DisableRule",
      "privesc": false,
      "resource_exposure": false
    },
    {
      "access_level": "Write",
      "action": "events:EnableRule",
      "condition": null,
      "credentials_exposure": false,
      "data_access": false,
      "effective_action": "events:EnableRule",
      "privesc": false,
      "resource_exposure": false
    },
    {
      "access_level": "Write",
      "action": "events:PutRule",
      "condition": null,
      "credentials_exposure": false,
      "data_access": false,
      "effective_action": "events:PutRule",
      "privesc": false,
      "resource_exposure": false
    },
    {
      "access_level": "Write",
      "action": "events:PutTargets",
      "condition": null,
      "credentials_exposure": false,
      "data_access": false,
      "effective_action": "events:PutTargets",
      "privesc": false,
      "resource_exposure": false
    },
    {
      "access_level": "Write",
      "action": "events:RemoveTargets",
      "condition": null,
      "credentials_exposure": false,
      "data_access": false,
      "effective_action": "events:RemoveTargets",
      "privesc": false,
      "resource_exposure": false
    },
    {
      "access_level": "List",
      "action": "events:ListTargetsByRule",
      "condition": null,
      "credentials_exposure": false,
      "data_access": false,
      "effective_action": "events:ListTargetsByRule",
      "privesc": false,
      "resource_exposure": false
    },
    {
      "access_level": "Write",
      "action": "sns:Subscribe",
      "condition": null,
      "credentials_exposure": false,
      "data_access": false,
      "effective_action": "sns:Subscribe",
      "privesc": false,
      "resource_exposure": false
    },
    {
      "access_level": "Write",
      "action": "sns:Unsubscribe",
      "condition": null,
      "credentials_exposure": false,
      "data_access": false,
      "effective_action": "sns:Unsubscribe",
      "privesc": false,
      "resource_exposure": false
    },
    {
      "access_level": "List",
      "action": "sns:ListTopics",
      "condition": null,
      "credentials_exposure": false,
      "data_access": false,
      "effective_action": "sns:ListTopics",
      "privesc": false,
      "resource_exposure": false
    },
    {
      "access_level": "List",
      "action": "sns:ListSubscriptionsByTopic",
      "condition": null,
      "credentials_exposure": false,
      "data_access": false,
      "effective_action": "sns:ListSubscriptionsByTopic",
      "privesc": false,
      "resource_exposure": false
    },
    {
      "access_level": "Read",
      "action": "sns:GetTopicAttributes",
      "condition": null,
      "credentials_exposure": false,
      "data_access": false,
      "effective_action": "sns:GetTopicAttributes",
      "privesc": false,
      "resource_exposure": false
    },
    {
      "access_level": "List",
      "action": "lambda:ListFunctions",
      "condition": null,
      "credentials_exposure": false,
      "data_access": false,
      "effective_action": "lambda:ListFunctions",
      "privesc": false,
      "resource_exposure": false
    },
    {
      "access_level": "List",
      "action": "iam:ListUsers",
      "condition": null,
      "credentials_exposure": false,
      "data_access": false,
      "effective_action": "iam:ListUsers",
      "privesc": false,
      "resource_exposure": false
    },
    {
      "access_level": "List",
      "action": "iam:ListAccessKeys",
      "condition": null,
      "credentials_exposure": false,
      "data_access": false,
      "effective_action": "iam:ListAccessKeys",
      "privesc": false,
      "resource_exposure": false
    },
    {
      "access_level": "List",
      "action": "iam:ListSSHPublicKeys",
      "condition": null,
      "credentials_exposure": false,
      "data_access": false,
      "effective_action": "iam:ListSSHPublicKeys",
      "privesc": false,
      "resource_exposure": false
    },
    {
      "access_level": "List",
      "action": "iam:ListServiceSpecificCredentials",
      "condition": null,
      "credentials_exposure": false,
      "data_access": false,
      "effective_action": "iam:ListServiceSpecificCredentials",
      "privesc": false,
      "resource_exposure": false
    },
    {
      "access_level": "Permissions management",
      "action": "iam:DeleteSSHPublicKey",
      "condition": null,
      "credentials_exposure": false,
      "data_access": false,
      "effective_action": "iam:DeleteSSHPublicKey",
      "privesc": false,
      "resource_exposure": true
    },
    {
      "access_level": "Read",
      "action": "iam:GetSSHPublicKey",
      "condition": null,
      "credentials_exposure": false,
      "data_access": false,
      "effective_action": "iam:GetSSHPublicKey",
      "privesc": false,
      "resource_exposure": false
    },
    {
      "access_level": "List",
      "action": "iam:ListSSHPublicKeys",
      "condition": null,
      "credentials_exposure": false,
      "data_access": false,
      "effective_action": "iam:ListSSHPublicKeys",
      "privesc": false,
      "resource_exposure": false
    },
    {
      "access_level": "Permissions management",
      "action": "iam:UpdateSSHPublicKey",
      "condition": null,
      "credentials_exposure": false,
      "data_access": false,
      "effective_action": "iam:UpdateSSHPublicKey",
      "privesc": false,
      "resource_exposure": true
    },
    {
      "access_level": "Permissions management",
      "action": "iam:UploadSSHPublicKey",
      "condition": null,
      "credentials_exposure": false,
      "data_access": false,
      "effective_action": "iam:UploadSSHPublicKey",
      "privesc": false,
      "resource_exposure": true
    },
    {
      "access_level": "Permissions management",
      "action": "iam:CreateServiceSpecificCredential",
      "condition": null,
      "credentials_exposure": true,
      "data_access": false,
      "effective_action": "iam:CreateServiceSpecificCredential",
      "privesc": false,
      "resource_exposure": true
    },
    {
      "access_level": "Permissions management",
      "action": "iam:UpdateServiceSpecificCredential",
      "condition": null,
      "credentials_exposure": false,
      "data_access": false,
      "effective_action": "iam:UpdateServiceSpecificCredential",
      "privesc": false,
      "resource_exposure": true
    },
    {
      "access_level": "Permissions management",
      "action": "iam:DeleteServiceSpecificCredential",
      "condition": null,
      "credentials_exposure": false,
      "data_access": false,
      "effective_action": "iam:DeleteServiceSpecificCredential",
      "privesc": false,
      "resource_exposure": true
    },
    {
      "access_level": "Permissions management",
      "action": "iam:ResetServiceSpecificCredential",
      "condition": null,
      "credentials_exposure": true,
      "data_access": false,
      "effective_action": "iam:ResetServiceSpecificCredential",
      "privesc": false,
      "resource_exposure": true
    },
    {
      "access_level": "Write",
      "action": "codestar-notifications:CreateNotificationRule",
      "condition": {
        "ArnLike": {
          "codestar-notifications:NotificationsForResource": "arn:aws:codecommit:*:*:*"
        }
      },
      "credentials_exposure": false,
      "data_access": false,
      "effective_action": "codestar-notifications:CreateNotificationRule",
      "privesc": false,
      "resource_exposure": false
    },
    {
      "access_level": "Read",
      "action": "codestar-notifications:DescribeNotificationRule",
      "condition": {
        "ArnLike": {
          "codestar-notifications:NotificationsForResource": "arn:aws:codecommit:*:*:*"
        }
      },
      "credentials_exposure": false,
      "data_access": false,
      "effective_action": "codestar-notifications:DescribeNotificationRule",
      "privesc": false,
      "resource_exposure": false
    },
    {
      "access_level": "Write",
      "action": "codestar-notifications:UpdateNotificationRule",
      "condition": {
        "ArnLike": {
          "codestar-notifications:NotificationsForResource": "arn:aws:codecommit:*:*:*"
        }
      },
      "credentials_exposure": false,
      "data_access": false,
      "effective_action": "codestar-notifications:UpdateNotificationRule",
      "privesc": false,
      "resource_exposure": false
    },
    {
      "access_level": "Write",
      "action": "codestar-notifications:Subscribe",
      "condition": {
        "ArnLike": {
          "codestar-notifications:NotificationsForResource": "arn:aws:codecommit:*:*:*"
        }
      },
      "credentials_exposure": false,
      "data_access": false,
      "effective_action": "codestar-notifications:Subscribe",
      "privesc": false,
      "resource_exposure": false
    },
    {
      "access_level": "Write",
      "action": "codestar-notifications:Unsubscribe",
      "condition": {
        "ArnLike": {
          "codestar-notifications:NotificationsForResource": "arn:aws:codecommit:*:*:*"
        }
      },
      "credentials_exposure": false,
      "data_access": false,
      "effective_action": "codestar-notifications:Unsubscribe",
      "privesc": false,
      "resource_exposure": false
    },
    {
      "access_level": "List",
      "action": "codestar-notifications:ListNotificationRules",
      "condition": null,
      "credentials_exposure": false,
      "data_access": false,
      "effective_action": "codestar-notifications:ListNotificationRules",
      "privesc": false,
      "resource_exposure": false
    },
    {
      "access_level": "List",
      "action": "codestar-notifications:ListTargets",
      "condition": null,
      "credentials_exposure": false,
      "data_access": false,
      "effective_action": "codestar-notifications:ListTargets",
      "privesc": false,
      "resource_exposure": false
    },
    {
      "access_level": "List",
      "action": "codestar-notifications:ListTagsforResource",
      "condition": null,
      "credentials_exposure": false,
      "data_access": false,
      "effective_action": "codestar-notifications:ListTagsForResource",
      "privesc": false,
      "resource_exposure": false
    },
    {
      "access_level": "List",
      "action": "codestar-notifications:ListEventTypes",
      "condition": null,
      "credentials_exposure": false,
      "data_access": false,
      "effective_action": "codestar-notifications:ListEventTypes",
      "privesc": false,
      "resource_exposure": false
    },
    {
      "access_level": "Write",
      "action": "codeguru-reviewer:AssociateRepository",
      "condition": null,
      "credentials_exposure": false,
      "data_access": false,
      "effective_action": "codeguru-reviewer:AssociateRepository",
      "privesc": false,
      "resource_exposure": false
    },
    {
      "access_level": "Read",
      "action": "codeguru-reviewer:DescribeRepositoryAssociation",
      "condition": null,
      "credentials_exposure": false,
      "data_access": false,
      "effective_action": "codeguru-reviewer:DescribeRepositoryAssociation",
      "privesc": false,
      "resource_exposure": false
    },
    {
      "access_level": "List",
      "action": "codeguru-reviewer:ListRepositoryAssociations",
      "condition": null,
      "credentials_exposure": false,
      "data_access": false,
      "effective_action": "codeguru-reviewer:ListRepositoryAssociations",
      "privesc": false,
      "resource_exposure": false
    },
    {
      "access_level": "Write",
      "action": "codeguru-reviewer:DisassociateRepository",
      "condition": null,
      "credentials_exposure": false,
      "data_access": false,
      "effective_action": "codeguru-reviewer:DisassociateRepository",
      "privesc": false,
      "resource_exposure": false
    },
    {
      "access_level": "Read",
      "action": "codeguru-reviewer:DescribeCodeReview",
      "condition": null,
      "credentials_exposure": false,
      "data_access": true,
      "effective_action": "codeguru-reviewer:DescribeCodeReview",
      "privesc": false,
      "resource_exposure": false
    },
    {
      "access_level": "List",
      "action": "codeguru-reviewer:ListCodeReviews",
      "condition": null,
      "credentials_exposure": false,
      "data_access": false,
      "effective_action": "codeguru-reviewer:ListCodeReviews",
      "privesc": false,
      "resource_exposure": false
    },
    {
      "access_level": "Permissions management",
      "action": "iam:CreateServiceLinkedRole",
      "condition": {
        "StringLike": {
          "iam:AWSServiceName": "codeguru-reviewer.amazonaws.com"
        }
      },
      "credentials_exposure": false,
      "data_access": false,
      "effective_action": "iam:CreateServiceLinkedRole",
      "privesc": true,
      "resource_exposure": true
    },
    {
      "access_level": "Write",
      "action": "events:PutRule",
      "condition": {
        "StringEquals": {
          "events:ManagedBy": "codeguru-reviewer.amazonaws.com"
        }
      },
      "credentials_exposure": false,
      "data_access": false,
      "effective_action": "events:PutRule",
      "privesc": false,
      "resource_exposure": false
    },
    {
      "access_level": "Write",
      "action": "events:PutTargets",
      "condition": {
        "StringEquals": {
          "events:ManagedBy": "codeguru-reviewer.amazonaws.com"
        }
      },
      "credentials_exposure": false,
      "data_access": false,
      "effective_action": "events:PutTargets",
      "privesc": false,
      "resource_exposure": false
    },
    {
      "access_level": "Write",
      "action": "events:DeleteRule",
      "condition": {
        "StringEquals": {
          "events:ManagedBy": "codeguru-reviewer.amazonaws.com"
        }
      },
      "credentials_exposure": false,
      "data_access": false,
      "effective_action": "events:DeleteRule",
      "privesc": false,
      "resource_exposure": false
    },
    {
      "access_level": "Write",
      "action": "events:RemoveTargets",
      "condition": {
        "StringEquals": {
          "events:ManagedBy": "codeguru-reviewer.amazonaws.com"
        }
      },
      "credentials_exposure": false,
      "data_access": false,
      "effective_action": "events:RemoveTargets",
      "privesc": false,
      "resource_exposure": false
    },
    {
      "access_level": "Read",
      "action": "chatbot:DescribeSlackChannelConfigurations",
      "condition": null,
      "credentials_exposure": false,
      "data_access": false,
      "effective_action": "chatbot:DescribeSlackChannelConfigurations",
      "privesc": false,
      "resource_exposure": false
    },
    {
      "access_level": "Read",
      "action": "chatbot:ListMicrosoftTeamsChannelConfigurations",
      "condition": null,
      "credentials_exposure": false,
      "data_access": false,
      "effective_action": "chatbot:ListMicrosoftTeamsChannelConfigurations",
      "privesc": false,
      "resource_exposure": false
    },
    {
      "access_level": "List",
      "action": "codestar-connections:ListConnections",
      "condition": null,
      "credentials_exposure": false,
      "data_access": false,
      "effective_action": "codestar-connections:ListConnections",
      "privesc": false,
      "resource_exposure": false
    },
    {
      "access_level": "Read",
      "action": "codestar-connections:GetConnection",
      "condition": null,
      "credentials_exposure": false,
      "data_access": false,
      "effective_action": "codestar-connections:GetConnection",
      "privesc": false,
      "resource_exposure": false
    }
  ],
  "grantless": false,
  "malformed": false,
  "name": "AWSCodeCommitPowerUser",
  "privesc": true,
  "resource_exposure": true,
  "undocumented_actions": false,
  "unknown_actions": [],
  "updatedate": "2025-01-10T20:07:07+00:00",
  "version": "v16"
}