{
  "access_levels": [
    "List",
    "Read",
    "Tagging",
    "Write",
    "Permissions management"
  ],
  "arn": "arn:aws:iam::aws:policy/AWSCodeDeployFullAccess",
  "createdate": "2024-12-16T20:22:06Z",
  "credentials_exposure": false,
  "data_access": false,
  "deprecated": false,
  "document": {
    "Statement": [
      {
        "Action": [
          "codedeploy:*"
        ],
        "Effect": "Allow",
        "Resource": "*"
      },
      {
        "Action": [
          "codestar-notifications:CreateNotificationRule",
          "codestar-notifications:DescribeNotificationRule",
          "codestar-notifications:UpdateNotificationRule",
          "codestar-notifications:DeleteNotificationRule",
          "codestar-notifications:Subscribe",
          "codestar-notifications:Unsubscribe"
        ],
        "Condition": {
          "ArnLike": {
            "codestar-notifications:NotificationsForResource": "arn:aws:codedeploy:*:*:application:*"
          }
        },
        "Effect": "Allow",
        "Resource": "*",
        "Sid": "CodeStarNotificationsReadWriteAccess"
      },
      {
        "Action": [
          "codestar-notifications:ListNotificationRules",
          "codestar-notifications:ListTargets",
          "codestar-notifications:ListTagsforResource",
          "codestar-notifications:ListEventTypes"
        ],
        "Effect": "Allow",
        "Resource": "*",
        "Sid": "CodeStarNotificationsListAccess"
      },
      {
        "Action": [
          "sns:CreateTopic",
          "sns:SetTopicAttributes"
        ],
        "Effect": "Allow",
        "Resource": "arn:aws:sns:*:*:codestar-notifications*",
        "Sid": "CodeStarNotificationsSNSTopicCreateAccess"
      },
      {
        "Action": [
          "chatbot:DescribeSlackChannelConfigurations"
        ],
        "Effect": "Allow",
        "Resource": "*",
        "Sid": "CodeStarNotificationsChatbotAccess"
      },
      {
        "Action": [
          "sns:ListTopics"
        ],
        "Effect": "Allow",
        "Resource": "*",
        "Sid": "SNSTopicListAccess"
      }
    ],
    "Version": "2012-10-17"
  },
  "effective_actions": [
    {
      "access_level": "Tagging",
      "action": "codedeploy:*",
      "condition": null,
      "credentials_exposure": false,
      "data_access": false,
      "effective_action": "codedeploy:AddTagsToOnPremisesInstances",
      "privesc": false,
      "resource_exposure": false
    },
    {
      "access_level": "Read",
      "action": "codedeploy:*",
      "condition": null,
      "credentials_exposure": false,
      "data_access": false,
      "effective_action": "codedeploy:BatchGetApplicationRevisions",
      "privesc": false,
      "resource_exposure": false
    },
    {
      "access_level": "Read",
      "action": "codedeploy:*",
      "condition": null,
      "credentials_exposure": false,
      "data_access": false,
      "effective_action": "codedeploy:BatchGetApplications",
      "privesc": false,
      "resource_exposure": false
    },
    {
      "access_level": "Read",
      "action": "codedeploy:*",
      "condition": null,
      "credentials_exposure": false,
      "data_access": false,
      "effective_action": "codedeploy:BatchGetDeploymentGroups",
      "privesc": false,
      "resource_exposure": false
    },
    {
      "access_level": "Read",
      "action": "codedeploy:*",
      "condition": null,
      "credentials_exposure": false,
      "data_access": false,
      "effective_action": "codedeploy:BatchGetDeploymentInstances",
      "privesc": false,
      "resource_exposure": false
    },
    {
      "access_level": "Read",
      "action": "codedeploy:*",
      "condition": null,
      "credentials_exposure": false,
      "data_access": false,
      "effective_action": "codedeploy:BatchGetDeploymentTargets",
      "privesc": false,
      "resource_exposure": false
    },
    {
      "access_level": "Read",
      "action": "codedeploy:*",
      "condition": null,
      "credentials_exposure": false,
      "data_access": false,
      "effective_action": "codedeploy:BatchGetDeployments",
      "privesc": false,
      "resource_exposure": false
    },
    {
      "access_level": "Read",
      "action": "codedeploy:*",
      "condition": null,
      "credentials_exposure": false,
      "data_access": false,
      "effective_action": "codedeploy:BatchGetOnPremisesInstances",
      "privesc": false,
      "resource_exposure": false
    },
    {
      "access_level": "Write",
      "action": "codedeploy:*",
      "condition": null,
      "credentials_exposure": false,
      "data_access": false,
      "effective_action": "codedeploy:ContinueDeployment",
      "privesc": false,
      "resource_exposure": false
    },
    {
      "access_level": "Write",
      "action": "codedeploy:*",
      "condition": null,
      "credentials_exposure": false,
      "data_access": false,
      "effective_action": "codedeploy:CreateApplication",
      "privesc": false,
      "resource_exposure": false
    },
    {
      "access_level": "Write",
      "action": "codedeploy:*",
      "condition": null,
      "credentials_exposure": false,
      "data_access": false,
      "effective_action": "codedeploy:CreateCloudFormationDeployment",
      "privesc": false,
      "resource_exposure": false
    },
    {
      "access_level": "Write",
      "action": "codedeploy:*",
      "condition": null,
      "credentials_exposure": false,
      "data_access": false,
      "effective_action": "codedeploy:CreateDeployment",
      "privesc": false,
      "resource_exposure": false
    },
    {
      "access_level": "Write",
      "action": "codedeploy:*",
      "condition": null,
      "credentials_exposure": false,
      "data_access": false,
      "effective_action": "codedeploy:CreateDeploymentConfig",
      "privesc": false,
      "resource_exposure": false
    },
    {
      "access_level": "Write",
      "action": "codedeploy:*",
      "condition": null,
      "credentials_exposure": false,
      "data_access": false,
      "effective_action": "codedeploy:CreateDeploymentGroup",
      "privesc": false,
      "resource_exposure": false
    },
    {
      "access_level": "Write",
      "action": "codedeploy:*",
      "condition": null,
      "credentials_exposure": false,
      "data_access": false,
      "effective_action": "codedeploy:DeleteApplication",
      "privesc": false,
      "resource_exposure": false
    },
    {
      "access_level": "Write",
      "action": "codedeploy:*",
      "condition": null,
      "credentials_exposure": false,
      "data_access": false,
      "effective_action": "codedeploy:DeleteDeploymentConfig",
      "privesc": false,
      "resource_exposure": false
    },
    {
      "access_level": "Write",
      "action": "codedeploy:*",
      "condition": null,
      "credentials_exposure": false,
      "data_access": false,
      "effective_action": "codedeploy:DeleteDeploymentGroup",
      "privesc": false,
      "resource_exposure": false
    },
    {
      "access_level": "Write",
      "action": "codedeploy:*",
      "condition": null,
      "credentials_exposure": false,
      "data_access": false,
      "effective_action": "codedeploy:DeleteGitHubAccountToken",
      "privesc": false,
      "resource_exposure": false
    },
    {
      "access_level": "Write",
      "action": "codedeploy:*",
      "condition": null,
      "credentials_exposure": false,
      "data_access": false,
      "effective_action": "codedeploy:DeleteResourcesByExternalId",
      "privesc": false,
      "resource_exposure": false
    },
    {
      "access_level": "Write",
      "action": "codedeploy:*",
      "condition": null,
      "credentials_exposure": false,
      "data_access": false,
      "effective_action": "codedeploy:DeregisterOnPremisesInstance",
      "privesc": false,
      "resource_exposure": false
    },
    {
      "access_level": "List",
      "action": "codedeploy:*",
      "condition": null,
      "credentials_exposure": false,
      "data_access": false,
      "effective_action": "codedeploy:GetApplication",
      "privesc": false,
      "resource_exposure": false
    },
    {
      "access_level": "List",
      "action": "codedeploy:*",
      "condition": null,
      "credentials_exposure": false,
      "data_access": false,
      "effective_action": "codedeploy:GetApplicationRevision",
      "privesc": false,
      "resource_exposure": false
    },
    {
      "access_level": "List",
      "action": "codedeploy:*",
      "condition": null,
      "credentials_exposure": false,
      "data_access": false,
      "effective_action": "codedeploy:GetDeployment",
      "privesc": false,
      "resource_exposure": false
    },
    {
      "access_level": "List",
      "action": "codedeploy:*",
      "condition": null,
      "credentials_exposure": false,
      "data_access": false,
      "effective_action": "codedeploy:GetDeploymentConfig",
      "privesc": false,
      "resource_exposure": false
    },
    {
      "access_level": "List",
      "action": "codedeploy:*",
      "condition": null,
      "credentials_exposure": false,
      "data_access": false,
      "effective_action": "codedeploy:GetDeploymentGroup",
      "privesc": false,
      "resource_exposure": false
    },
    {
      "access_level": "List",
      "action": "codedeploy:*",
      "condition": null,
      "credentials_exposure": false,
      "data_access": false,
      "effective_action": "codedeploy:GetDeploymentInstance",
      "privesc": false,
      "resource_exposure": false
    },
    {
      "access_level": "Read",
      "action": "codedeploy:*",
      "condition": null,
      "credentials_exposure": false,
      "data_access": false,
      "effective_action": "codedeploy:GetDeploymentTarget",
      "privesc": false,
      "resource_exposure": false
    },
    {
      "access_level": "List",
      "action": "codedeploy:*",
      "condition": null,
      "credentials_exposure": false,
      "data_access": false,
      "effective_action": "codedeploy:GetOnPremisesInstance",
      "privesc": false,
      "resource_exposure": false
    },
    {
      "access_level": "List",
      "action": "codedeploy:*",
      "condition": null,
      "credentials_exposure": false,
      "data_access": false,
      "effective_action": "codedeploy:ListApplicationRevisions",
      "privesc": false,
      "resource_exposure": false
    },
    {
      "access_level": "List",
      "action": "codedeploy:*",
      "condition": null,
      "credentials_exposure": false,
      "data_access": false,
      "effective_action": "codedeploy:ListApplications",
      "privesc": false,
      "resource_exposure": false
    },
    {
      "access_level": "List",
      "action": "codedeploy:*",
      "condition": null,
      "credentials_exposure": false,
      "data_access": false,
      "effective_action": "codedeploy:ListDeploymentConfigs",
      "privesc": false,
      "resource_exposure": false
    },
    {
      "access_level": "List",
      "action": "codedeploy:*",
      "condition": null,
      "credentials_exposure": false,
      "data_access": false,
      "effective_action": "codedeploy:ListDeploymentGroups",
      "privesc": false,
      "resource_exposure": false
    },
    {
      "access_level": "List",
      "action": "codedeploy:*",
      "condition": null,
      "credentials_exposure": false,
      "data_access": false,
      "effective_action": "codedeploy:ListDeploymentInstances",
      "privesc": false,
      "resource_exposure": false
    },
    {
      "access_level": "List",
      "action": "codedeploy:*",
      "condition": null,
      "credentials_exposure": false,
      "data_access": false,
      "effective_action": "codedeploy:ListDeploymentTargets",
      "privesc": false,
      "resource_exposure": false
    },
    {
      "access_level": "List",
      "action": "codedeploy:*",
      "condition": null,
      "credentials_exposure": false,
      "data_access": false,
      "effective_action": "codedeploy:ListDeployments",
      "privesc": false,
      "resource_exposure": false
    },
    {
      "access_level": "List",
      "action": "codedeploy:*",
      "condition": null,
      "credentials_exposure": false,
      "data_access": false,
      "effective_action": "codedeploy:ListGitHubAccountTokenNames",
      "privesc": false,
      "resource_exposure": false
    },
    {
      "access_level": "List",
      "action": "codedeploy:*",
      "condition": null,
      "credentials_exposure": false,
      "data_access": false,
      "effective_action": "codedeploy:ListOnPremisesInstances",
      "privesc": false,
      "resource_exposure": false
    },
    {
      "access_level": "List",
      "action": "codedeploy:*",
      "condition": null,
      "credentials_exposure": false,
      "data_access": false,
      "effective_action": "codedeploy:ListTagsForResource",
      "privesc": false,
      "resource_exposure": false
    },
    {
      "access_level": "Write",
      "action": "codedeploy:*",
      "condition": null,
      "credentials_exposure": false,
      "data_access": false,
      "effective_action": "codedeploy:PutLifecycleEventHookExecutionStatus",
      "privesc": false,
      "resource_exposure": false
    },
    {
      "access_level": "Write",
      "action": "codedeploy:*",
      "condition": null,
      "credentials_exposure": false,
      "data_access": false,
      "effective_action": "codedeploy:RegisterApplicationRevision",
      "privesc": false,
      "resource_exposure": false
    },
    {
      "access_level": "Write",
      "action": "codedeploy:*",
      "condition": null,
      "credentials_exposure": false,
      "data_access": false,
      "effective_action": "codedeploy:RegisterOnPremisesInstance",
      "privesc": false,
      "resource_exposure": false
    },
    {
      "access_level": "Tagging",
      "action": "codedeploy:*",
      "condition": null,
      "credentials_exposure": false,
      "data_access": false,
      "effective_action": "codedeploy:RemoveTagsFromOnPremisesInstances",
      "privesc": false,
      "resource_exposure": false
    },
    {
      "access_level": "Write",
      "action": "codedeploy:*",
      "condition": null,
      "credentials_exposure": false,
      "data_access": false,
      "effective_action": "codedeploy:SkipWaitTimeForInstanceTermination",
      "privesc": false,
      "resource_exposure": false
    },
    {
      "access_level": "Write",
      "action": "codedeploy:*",
      "condition": null,
      "credentials_exposure": false,
      "data_access": false,
      "effective_action": "codedeploy:StopDeployment",
      "privesc": false,
      "resource_exposure": false
    },
    {
      "access_level": "Tagging",
      "action": "codedeploy:*",
      "condition": null,
      "credentials_exposure": false,
      "data_access": false,
      "effective_action": "codedeploy:TagResource",
      "privesc": false,
      "resource_exposure": false
    },
    {
      "access_level": "Tagging",
      "action": "codedeploy:*",
      "condition": null,
      "credentials_exposure": false,
      "data_access": false,
      "effective_action": "codedeploy:UntagResource",
      "privesc": false,
      "resource_exposure": false
    },
    {
      "access_level": "Write",
      "action": "codedeploy:*",
      "condition": null,
      "credentials_exposure": false,
      "data_access": false,
      "effective_action": "codedeploy:UpdateApplication",
      "privesc": false,
      "resource_exposure": false
    },
    {
      "access_level": "Write",
      "action": "codedeploy:*",
      "condition": null,
      "credentials_exposure": false,
      "data_access": false,
      "effective_action": "codedeploy:UpdateDeploymentGroup",
      "privesc": false,
      "resource_exposure": false
    },
    {
      "access_level": "Write",
      "action": "codestar-notifications:CreateNotificationRule",
      "condition": {
        "ArnLike": {
          "codestar-notifications:NotificationsForResource": "arn:aws:codedeploy:*:*:application:*"
        }
      },
      "credentials_exposure": false,
      "data_access": false,
      "effective_action": "codestar-notifications:CreateNotificationRule",
      "privesc": false,
      "resource_exposure": false
    },
    {
      "access_level": "Read",
      "action": "codestar-notifications:DescribeNotificationRule",
      "condition": {
        "ArnLike": {
          "codestar-notifications:NotificationsForResource": "arn:aws:codedeploy:*:*:application:*"
        }
      },
      "credentials_exposure": false,
      "data_access": false,
      "effective_action": "codestar-notifications:DescribeNotificationRule",
      "privesc": false,
      "resource_exposure": false
    },
    {
      "access_level": "Write",
      "action": "codestar-notifications:UpdateNotificationRule",
      "condition": {
        "ArnLike": {
          "codestar-notifications:NotificationsForResource": "arn:aws:codedeploy:*:*:application:*"
        }
      },
      "credentials_exposure": false,
      "data_access": false,
      "effective_action": "codestar-notifications:UpdateNotificationRule",
      "privesc": false,
      "resource_exposure": false
    },
    {
      "access_level": "Write",
      "action": "codestar-notifications:DeleteNotificationRule",
      "condition": {
        "ArnLike": {
          "codestar-notifications:NotificationsForResource": "arn:aws:codedeploy:*:*:application:*"
        }
      },
      "credentials_exposure": false,
      "data_access": false,
      "effective_action": "codestar-notifications:DeleteNotificationRule",
      "privesc": false,
      "resource_exposure": false
    },
    {
      "access_level": "Write",
      "action": "codestar-notifications:Subscribe",
      "condition": {
        "ArnLike": {
          "codestar-notifications:NotificationsForResource": "arn:aws:codedeploy:*:*:application:*"
        }
      },
      "credentials_exposure": false,
      "data_access": false,
      "effective_action": "codestar-notifications:Subscribe",
      "privesc": false,
      "resource_exposure": false
    },
    {
      "access_level": "Write",
      "action": "codestar-notifications:Unsubscribe",
      "condition": {
        "ArnLike": {
          "codestar-notifications:NotificationsForResource": "arn:aws:codedeploy:*:*:application:*"
        }
      },
      "credentials_exposure": false,
      "data_access": false,
      "effective_action": "codestar-notifications:Unsubscribe",
      "privesc": false,
      "resource_exposure": false
    },
    {
      "access_level": "List",
      "action": "codestar-notifications:ListNotificationRules",
      "condition": null,
      "credentials_exposure": false,
      "data_access": false,
      "effective_action": "codestar-notifications:ListNotificationRules",
      "privesc": false,
      "resource_exposure": false
    },
    {
      "access_level": "List",
      "action": "codestar-notifications:ListTargets",
      "condition": null,
      "credentials_exposure": false,
      "data_access": false,
      "effective_action": "codestar-notifications:ListTargets",
      "privesc": false,
      "resource_exposure": false
    },
    {
      "access_level": "List",
      "action": "codestar-notifications:ListTagsforResource",
      "condition": null,
      "credentials_exposure": false,
      "data_access": false,
      "effective_action": "codestar-notifications:ListTagsForResource",
      "privesc": false,
      "resource_exposure": false
    },
    {
      "access_level": "List",
      "action": "codestar-notifications:ListEventTypes",
      "condition": null,
      "credentials_exposure": false,
      "data_access": false,
      "effective_action": "codestar-notifications:ListEventTypes",
      "privesc": false,
      "resource_exposure": false
    },
    {
      "access_level": "Permissions management",
      "action": "sns:CreateTopic",
      "condition": null,
      "credentials_exposure": false,
      "data_access": false,
      "effective_action": "sns:CreateTopic",
      "privesc": false,
      "resource_exposure": true
    },
    {
      "access_level": "Permissions management",
      "action": "sns:SetTopicAttributes",
      "condition": null,
      "credentials_exposure": false,
      "data_access": false,
      "effective_action": "sns:SetTopicAttributes",
      "privesc": false,
      "resource_exposure": true
    },
    {
      "access_level": "Read",
      "action": "chatbot:DescribeSlackChannelConfigurations",
      "condition": null,
      "credentials_exposure": false,
      "data_access": false,
      "effective_action": "chatbot:DescribeSlackChannelConfigurations",
      "privesc": false,
      "resource_exposure": false
    },
    {
      "access_level": "List",
      "action": "sns:ListTopics",
      "condition": null,
      "credentials_exposure": false,
      "data_access": false,
      "effective_action": "sns:ListTopics",
      "privesc": false,
      "resource_exposure": false
    }
  ],
  "grantless": false,
  "malformed": false,
  "name": "AWSCodeDeployFullAccess",
  "privesc": false,
  "resource_exposure": true,
  "undocumented_actions": false,
  "unknown_actions": [],
  "updatedate": "2024-12-16T20:22:06+00:00",
  "version": "v4"
}