{
  "access_levels": [
    "List",
    "Read",
    "Tagging",
    "Write",
    "Permissions management"
  ],
  "arn": "arn:aws:iam::aws:policy/AWSCleanRoomsFullAccessNoQuerying",
  "createdate": "2025-08-13T17:19:07Z",
  "credentials_exposure": false,
  "data_access": true,
  "deprecated": false,
  "document": {
    "Statement": [
      {
        "Action": [
          "cleanrooms:BatchGetCollaborationAnalysisTemplate",
          "cleanrooms:BatchGetSchema",
          "cleanrooms:BatchGetSchemaAnalysisRule",
          "cleanrooms:CreateAnalysisTemplate",
          "cleanrooms:CreateCollaboration",
          "cleanrooms:CreateConfiguredTable",
          "cleanrooms:CreateConfiguredTableAnalysisRule",
          "cleanrooms:CreateConfiguredTableAssociation",
          "cleanrooms:CreateMembership",
          "cleanrooms:DeleteAnalysisTemplate",
          "cleanrooms:DeleteCollaboration",
          "cleanrooms:DeleteConfiguredTable",
          "cleanrooms:DeleteConfiguredTableAnalysisRule",
          "cleanrooms:DeleteConfiguredTableAssociation",
          "cleanrooms:DeleteMember",
          "cleanrooms:DeleteMembership",
          "cleanrooms:GetAnalysisTemplate",
          "cleanrooms:GetCollaborationAnalysisTemplate",
          "cleanrooms:GetCollaboration",
          "cleanrooms:GetConfiguredTable",
          "cleanrooms:GetConfiguredTableAnalysisRule",
          "cleanrooms:GetConfiguredTableAssociation",
          "cleanrooms:GetMembership",
          "cleanrooms:GetProtectedQuery",
          "cleanrooms:GetSchema",
          "cleanrooms:GetSchemaAnalysisRule",
          "cleanrooms:ListAnalysisTemplates",
          "cleanrooms:ListCollaborationAnalysisTemplates",
          "cleanrooms:ListCollaborations",
          "cleanrooms:ListConfiguredTableAssociations",
          "cleanrooms:ListConfiguredTables",
          "cleanrooms:ListMembers",
          "cleanrooms:ListMemberships",
          "cleanrooms:ListProtectedQueries",
          "cleanrooms:ListSchemas",
          "cleanrooms:UpdateAnalysisTemplate",
          "cleanrooms:UpdateCollaboration",
          "cleanrooms:UpdateConfiguredTable",
          "cleanrooms:UpdateConfiguredTableReference",
          "cleanrooms:UpdateConfiguredTableAllowedColumns",
          "cleanrooms:UpdateConfiguredTableAnalysisRule",
          "cleanrooms:UpdateConfiguredTableAssociation",
          "cleanrooms:UpdateMembership",
          "cleanrooms:ListTagsForResource",
          "cleanrooms:UntagResource",
          "cleanrooms:TagResource"
        ],
        "Effect": "Allow",
        "Resource": "*",
        "Sid": "CleanRoomsAccess"
      },
      {
        "Action": [
          "cleanrooms:StartProtectedQuery",
          "cleanrooms:UpdateProtectedQuery"
        ],
        "Effect": "Deny",
        "Resource": "*",
        "Sid": "CleanRoomsNoQuerying"
      },
      {
        "Action": [
          "iam:PassRole"
        ],
        "Condition": {
          "StringEquals": {
            "iam:PassedToService": "cleanrooms.amazonaws.com"
          }
        },
        "Effect": "Allow",
        "Resource": "arn:aws:iam::*:role/service-role/*cleanrooms*",
        "Sid": "PassServiceRole"
      },
      {
        "Action": [
          "iam:ListRoles"
        ],
        "Effect": "Allow",
        "Resource": "*",
        "Sid": "ListRolesToPickServiceRole"
      },
      {
        "Action": [
          "iam:GetRole",
          "iam:ListRolePolicies",
          "iam:ListAttachedRolePolicies"
        ],
        "Effect": "Allow",
        "Resource": "arn:aws:iam::*:role/service-role/*cleanrooms*",
        "Sid": "GetRoleAndListRolePoliciesToInspectServiceRole"
      },
      {
        "Action": [
          "iam:ListPolicies"
        ],
        "Effect": "Allow",
        "Resource": "*",
        "Sid": "ListPoliciesToInspectServiceRolePolicy"
      },
      {
        "Action": [
          "iam:GetPolicy",
          "iam:GetPolicyVersion"
        ],
        "Effect": "Allow",
        "Resource": "arn:aws:iam::*:policy/*cleanrooms*",
        "Sid": "GetPolicyToInspectServiceRolePolicy"
      },
      {
        "Action": [
          "glue:GetDatabase",
          "glue:GetDatabases",
          "glue:GetTable",
          "glue:GetTables",
          "glue:GetPartition",
          "glue:GetPartitions",
          "glue:GetSchema",
          "glue:GetSchemaVersion",
          "glue:BatchGetPartition"
        ],
        "Effect": "Allow",
        "Resource": "*",
        "Sid": "ConsoleDisplayTables"
      },
      {
        "Action": [
          "logs:CreateLogDelivery",
          "logs:GetLogDelivery",
          "logs:UpdateLogDelivery",
          "logs:DeleteLogDelivery",
          "logs:ListLogDeliveries"
        ],
        "Condition": {
          "ForAnyValue:StringEquals": {
            "aws:CalledVia": "cleanrooms.amazonaws.com"
          }
        },
        "Effect": "Allow",
        "Resource": "*",
        "Sid": "EstablishLogDeliveries"
      },
      {
        "Action": [
          "logs:DescribeLogGroups"
        ],
        "Condition": {
          "ForAnyValue:StringEquals": {
            "aws:CalledVia": "cleanrooms.amazonaws.com"
          }
        },
        "Effect": "Allow",
        "Resource": "*",
        "Sid": "SetupLogGroupsDescribe"
      },
      {
        "Action": [
          "logs:CreateLogGroup"
        ],
        "Condition": {
          "ForAnyValue:StringEquals": {
            "aws:CalledVia": "cleanrooms.amazonaws.com"
          }
        },
        "Effect": "Allow",
        "Resource": "arn:aws:logs:*:*:log-group:/aws/cleanrooms*",
        "Sid": "SetupLogGroupsCreate"
      },
      {
        "Action": [
          "logs:DescribeResourcePolicies",
          "logs:PutResourcePolicy"
        ],
        "Condition": {
          "ForAnyValue:StringEquals": {
            "aws:CalledVia": "cleanrooms.amazonaws.com"
          }
        },
        "Effect": "Allow",
        "Resource": "*",
        "Sid": "SetupLogGroupsResourcePolicy"
      },
      {
        "Action": [
          "logs:StartQuery"
        ],
        "Effect": "Allow",
        "Resource": "arn:aws:logs:*:*:log-group:/aws/cleanrooms*",
        "Sid": "ConsoleLogSummaryQueryLogs"
      },
      {
        "Action": [
          "logs:GetQueryResults"
        ],
        "Effect": "Allow",
        "Resource": "*",
        "Sid": "ConsoleLogSummaryObtainLogs"
      }
    ],
    "Version": "2012-10-17"
  },
  "effective_actions": [
    {
      "access_level": "Read",
      "action": "cleanrooms:BatchGetCollaborationAnalysisTemplate",
      "condition": null,
      "credentials_exposure": false,
      "data_access": false,
      "effective_action": "cleanrooms:BatchGetCollaborationAnalysisTemplate",
      "privesc": false,
      "resource_exposure": false
    },
    {
      "access_level": "Read",
      "action": "cleanrooms:BatchGetSchema",
      "condition": null,
      "credentials_exposure": false,
      "data_access": false,
      "effective_action": "cleanrooms:BatchGetSchema",
      "privesc": false,
      "resource_exposure": false
    },
    {
      "access_level": "Read",
      "action": "cleanrooms:BatchGetSchemaAnalysisRule",
      "condition": null,
      "credentials_exposure": false,
      "data_access": false,
      "effective_action": "cleanrooms:BatchGetSchemaAnalysisRule",
      "privesc": false,
      "resource_exposure": false
    },
    {
      "access_level": "Write",
      "action": "cleanrooms:CreateAnalysisTemplate",
      "condition": null,
      "credentials_exposure": false,
      "data_access": false,
      "effective_action": "cleanrooms:CreateAnalysisTemplate",
      "privesc": false,
      "resource_exposure": false
    },
    {
      "access_level": "Write",
      "action": "cleanrooms:CreateCollaboration",
      "condition": null,
      "credentials_exposure": false,
      "data_access": false,
      "effective_action": "cleanrooms:CreateCollaboration",
      "privesc": false,
      "resource_exposure": false
    },
    {
      "access_level": "Write",
      "action": "cleanrooms:CreateConfiguredTable",
      "condition": null,
      "credentials_exposure": false,
      "data_access": false,
      "effective_action": "cleanrooms:CreateConfiguredTable",
      "privesc": false,
      "resource_exposure": false
    },
    {
      "access_level": "Write",
      "action": "cleanrooms:CreateConfiguredTableAnalysisRule",
      "condition": null,
      "credentials_exposure": false,
      "data_access": false,
      "effective_action": "cleanrooms:CreateConfiguredTableAnalysisRule",
      "privesc": false,
      "resource_exposure": false
    },
    {
      "access_level": "Write",
      "action": "cleanrooms:CreateConfiguredTableAssociation",
      "condition": null,
      "credentials_exposure": false,
      "data_access": false,
      "effective_action": "cleanrooms:CreateConfiguredTableAssociation",
      "privesc": false,
      "resource_exposure": false
    },
    {
      "access_level": "Write",
      "action": "cleanrooms:CreateMembership",
      "condition": null,
      "credentials_exposure": false,
      "data_access": false,
      "effective_action": "cleanrooms:CreateMembership",
      "privesc": false,
      "resource_exposure": false
    },
    {
      "access_level": "Write",
      "action": "cleanrooms:DeleteAnalysisTemplate",
      "condition": null,
      "credentials_exposure": false,
      "data_access": false,
      "effective_action": "cleanrooms:DeleteAnalysisTemplate",
      "privesc": false,
      "resource_exposure": false
    },
    {
      "access_level": "Write",
      "action": "cleanrooms:DeleteCollaboration",
      "condition": null,
      "credentials_exposure": false,
      "data_access": false,
      "effective_action": "cleanrooms:DeleteCollaboration",
      "privesc": false,
      "resource_exposure": false
    },
    {
      "access_level": "Write",
      "action": "cleanrooms:DeleteConfiguredTable",
      "condition": null,
      "credentials_exposure": false,
      "data_access": false,
      "effective_action": "cleanrooms:DeleteConfiguredTable",
      "privesc": false,
      "resource_exposure": false
    },
    {
      "access_level": "Write",
      "action": "cleanrooms:DeleteConfiguredTableAnalysisRule",
      "condition": null,
      "credentials_exposure": false,
      "data_access": false,
      "effective_action": "cleanrooms:DeleteConfiguredTableAnalysisRule",
      "privesc": false,
      "resource_exposure": false
    },
    {
      "access_level": "Write",
      "action": "cleanrooms:DeleteConfiguredTableAssociation",
      "condition": null,
      "credentials_exposure": false,
      "data_access": false,
      "effective_action": "cleanrooms:DeleteConfiguredTableAssociation",
      "privesc": false,
      "resource_exposure": false
    },
    {
      "access_level": "Write",
      "action": "cleanrooms:DeleteMember",
      "condition": null,
      "credentials_exposure": false,
      "data_access": false,
      "effective_action": "cleanrooms:DeleteMember",
      "privesc": false,
      "resource_exposure": false
    },
    {
      "access_level": "Write",
      "action": "cleanrooms:DeleteMembership",
      "condition": null,
      "credentials_exposure": false,
      "data_access": false,
      "effective_action": "cleanrooms:DeleteMembership",
      "privesc": false,
      "resource_exposure": false
    },
    {
      "access_level": "Read",
      "action": "cleanrooms:GetAnalysisTemplate",
      "condition": null,
      "credentials_exposure": false,
      "data_access": false,
      "effective_action": "cleanrooms:GetAnalysisTemplate",
      "privesc": false,
      "resource_exposure": false
    },
    {
      "access_level": "Read",
      "action": "cleanrooms:GetCollaborationAnalysisTemplate",
      "condition": null,
      "credentials_exposure": false,
      "data_access": false,
      "effective_action": "cleanrooms:GetCollaborationAnalysisTemplate",
      "privesc": false,
      "resource_exposure": false
    },
    {
      "access_level": "Read",
      "action": "cleanrooms:GetCollaboration",
      "condition": null,
      "credentials_exposure": false,
      "data_access": false,
      "effective_action": "cleanrooms:GetCollaboration",
      "privesc": false,
      "resource_exposure": false
    },
    {
      "access_level": "Read",
      "action": "cleanrooms:GetConfiguredTable",
      "condition": null,
      "credentials_exposure": false,
      "data_access": false,
      "effective_action": "cleanrooms:GetConfiguredTable",
      "privesc": false,
      "resource_exposure": false
    },
    {
      "access_level": "Read",
      "action": "cleanrooms:GetConfiguredTableAnalysisRule",
      "condition": null,
      "credentials_exposure": false,
      "data_access": false,
      "effective_action": "cleanrooms:GetConfiguredTableAnalysisRule",
      "privesc": false,
      "resource_exposure": false
    },
    {
      "access_level": "Read",
      "action": "cleanrooms:GetConfiguredTableAssociation",
      "condition": null,
      "credentials_exposure": false,
      "data_access": false,
      "effective_action": "cleanrooms:GetConfiguredTableAssociation",
      "privesc": false,
      "resource_exposure": false
    },
    {
      "access_level": "Read",
      "action": "cleanrooms:GetMembership",
      "condition": null,
      "credentials_exposure": false,
      "data_access": false,
      "effective_action": "cleanrooms:GetMembership",
      "privesc": false,
      "resource_exposure": false
    },
    {
      "access_level": "Read",
      "action": "cleanrooms:GetProtectedQuery",
      "condition": null,
      "credentials_exposure": false,
      "data_access": true,
      "effective_action": "cleanrooms:GetProtectedQuery",
      "privesc": false,
      "resource_exposure": false
    },
    {
      "access_level": "Read",
      "action": "cleanrooms:GetSchema",
      "condition": null,
      "credentials_exposure": false,
      "data_access": false,
      "effective_action": "cleanrooms:GetSchema",
      "privesc": false,
      "resource_exposure": false
    },
    {
      "access_level": "Read",
      "action": "cleanrooms:GetSchemaAnalysisRule",
      "condition": null,
      "credentials_exposure": false,
      "data_access": false,
      "effective_action": "cleanrooms:GetSchemaAnalysisRule",
      "privesc": false,
      "resource_exposure": false
    },
    {
      "access_level": "List",
      "action": "cleanrooms:ListAnalysisTemplates",
      "condition": null,
      "credentials_exposure": false,
      "data_access": false,
      "effective_action": "cleanrooms:ListAnalysisTemplates",
      "privesc": false,
      "resource_exposure": false
    },
    {
      "access_level": "List",
      "action": "cleanrooms:ListCollaborationAnalysisTemplates",
      "condition": null,
      "credentials_exposure": false,
      "data_access": false,
      "effective_action": "cleanrooms:ListCollaborationAnalysisTemplates",
      "privesc": false,
      "resource_exposure": false
    },
    {
      "access_level": "List",
      "action": "cleanrooms:ListCollaborations",
      "condition": null,
      "credentials_exposure": false,
      "data_access": false,
      "effective_action": "cleanrooms:ListCollaborations",
      "privesc": false,
      "resource_exposure": false
    },
    {
      "access_level": "List",
      "action": "cleanrooms:ListConfiguredTableAssociations",
      "condition": null,
      "credentials_exposure": false,
      "data_access": false,
      "effective_action": "cleanrooms:ListConfiguredTableAssociations",
      "privesc": false,
      "resource_exposure": false
    },
    {
      "access_level": "List",
      "action": "cleanrooms:ListConfiguredTables",
      "condition": null,
      "credentials_exposure": false,
      "data_access": false,
      "effective_action": "cleanrooms:ListConfiguredTables",
      "privesc": false,
      "resource_exposure": false
    },
    {
      "access_level": "List",
      "action": "cleanrooms:ListMembers",
      "condition": null,
      "credentials_exposure": false,
      "data_access": false,
      "effective_action": "cleanrooms:ListMembers",
      "privesc": false,
      "resource_exposure": false
    },
    {
      "access_level": "List",
      "action": "cleanrooms:ListMemberships",
      "condition": null,
      "credentials_exposure": false,
      "data_access": false,
      "effective_action": "cleanrooms:ListMemberships",
      "privesc": false,
      "resource_exposure": false
    },
    {
      "access_level": "List",
      "action": "cleanrooms:ListProtectedQueries",
      "condition": null,
      "credentials_exposure": false,
      "data_access": false,
      "effective_action": "cleanrooms:ListProtectedQueries",
      "privesc": false,
      "resource_exposure": false
    },
    {
      "access_level": "List",
      "action": "cleanrooms:ListSchemas",
      "condition": null,
      "credentials_exposure": false,
      "data_access": false,
      "effective_action": "cleanrooms:ListSchemas",
      "privesc": false,
      "resource_exposure": false
    },
    {
      "access_level": "Write",
      "action": "cleanrooms:UpdateAnalysisTemplate",
      "condition": null,
      "credentials_exposure": false,
      "data_access": false,
      "effective_action": "cleanrooms:UpdateAnalysisTemplate",
      "privesc": false,
      "resource_exposure": false
    },
    {
      "access_level": "Write",
      "action": "cleanrooms:UpdateCollaboration",
      "condition": null,
      "credentials_exposure": false,
      "data_access": false,
      "effective_action": "cleanrooms:UpdateCollaboration",
      "privesc": false,
      "resource_exposure": false
    },
    {
      "access_level": "Write",
      "action": "cleanrooms:UpdateConfiguredTable",
      "condition": null,
      "credentials_exposure": false,
      "data_access": false,
      "effective_action": "cleanrooms:UpdateConfiguredTable",
      "privesc": false,
      "resource_exposure": false
    },
    {
      "access_level": "Write",
      "action": "cleanrooms:UpdateConfiguredTableReference",
      "condition": null,
      "credentials_exposure": false,
      "data_access": false,
      "effective_action": "cleanrooms:UpdateConfiguredTableReference",
      "privesc": false,
      "resource_exposure": false
    },
    {
      "access_level": "Write",
      "action": "cleanrooms:UpdateConfiguredTableAllowedColumns",
      "condition": null,
      "credentials_exposure": false,
      "data_access": false,
      "effective_action": "cleanrooms:UpdateConfiguredTableAllowedColumns",
      "privesc": false,
      "resource_exposure": false
    },
    {
      "access_level": "Write",
      "action": "cleanrooms:UpdateConfiguredTableAnalysisRule",
      "condition": null,
      "credentials_exposure": false,
      "data_access": false,
      "effective_action": "cleanrooms:UpdateConfiguredTableAnalysisRule",
      "privesc": false,
      "resource_exposure": false
    },
    {
      "access_level": "Write",
      "action": "cleanrooms:UpdateConfiguredTableAssociation",
      "condition": null,
      "credentials_exposure": false,
      "data_access": false,
      "effective_action": "cleanrooms:UpdateConfiguredTableAssociation",
      "privesc": false,
      "resource_exposure": false
    },
    {
      "access_level": "Write",
      "action": "cleanrooms:UpdateMembership",
      "condition": null,
      "credentials_exposure": false,
      "data_access": false,
      "effective_action": "cleanrooms:UpdateMembership",
      "privesc": false,
      "resource_exposure": false
    },
    {
      "access_level": "List",
      "action": "cleanrooms:ListTagsForResource",
      "condition": null,
      "credentials_exposure": false,
      "data_access": false,
      "effective_action": "cleanrooms:ListTagsForResource",
      "privesc": false,
      "resource_exposure": false
    },
    {
      "access_level": "Tagging",
      "action": "cleanrooms:UntagResource",
      "condition": null,
      "credentials_exposure": false,
      "data_access": false,
      "effective_action": "cleanrooms:UntagResource",
      "privesc": false,
      "resource_exposure": false
    },
    {
      "access_level": "Tagging",
      "action": "cleanrooms:TagResource",
      "condition": null,
      "credentials_exposure": false,
      "data_access": false,
      "effective_action": "cleanrooms:TagResource",
      "privesc": false,
      "resource_exposure": false
    },
    {
      "access_level": "Permissions management",
      "action": "iam:PassRole",
      "condition": {
        "StringEquals": {
          "iam:PassedToService": "cleanrooms.amazonaws.com"
        }
      },
      "credentials_exposure": false,
      "data_access": false,
      "effective_action": "iam:PassRole",
      "privesc": true,
      "resource_exposure": true
    },
    {
      "access_level": "List",
      "action": "iam:ListRoles",
      "condition": null,
      "credentials_exposure": false,
      "data_access": false,
      "effective_action": "iam:ListRoles",
      "privesc": false,
      "resource_exposure": false
    },
    {
      "access_level": "Read",
      "action": "iam:GetRole",
      "condition": null,
      "credentials_exposure": false,
      "data_access": false,
      "effective_action": "iam:GetRole",
      "privesc": false,
      "resource_exposure": false
    },
    {
      "access_level": "List",
      "action": "iam:ListRolePolicies",
      "condition": null,
      "credentials_exposure": false,
      "data_access": false,
      "effective_action": "iam:ListRolePolicies",
      "privesc": false,
      "resource_exposure": false
    },
    {
      "access_level": "List",
      "action": "iam:ListAttachedRolePolicies",
      "condition": null,
      "credentials_exposure": false,
      "data_access": false,
      "effective_action": "iam:ListAttachedRolePolicies",
      "privesc": false,
      "resource_exposure": false
    },
    {
      "access_level": "List",
      "action": "iam:ListPolicies",
      "condition": null,
      "credentials_exposure": false,
      "data_access": false,
      "effective_action": "iam:ListPolicies",
      "privesc": false,
      "resource_exposure": false
    },
    {
      "access_level": "Read",
      "action": "iam:GetPolicy",
      "condition": null,
      "credentials_exposure": false,
      "data_access": false,
      "effective_action": "iam:GetPolicy",
      "privesc": false,
      "resource_exposure": false
    },
    {
      "access_level": "Read",
      "action": "iam:GetPolicyVersion",
      "condition": null,
      "credentials_exposure": false,
      "data_access": false,
      "effective_action": "iam:GetPolicyVersion",
      "privesc": false,
      "resource_exposure": false
    },
    {
      "access_level": "Read",
      "action": "glue:GetDatabase",
      "condition": null,
      "credentials_exposure": false,
      "data_access": false,
      "effective_action": "glue:GetDatabase",
      "privesc": false,
      "resource_exposure": false
    },
    {
      "access_level": "Read",
      "action": "glue:GetDatabases",
      "condition": null,
      "credentials_exposure": false,
      "data_access": false,
      "effective_action": "glue:GetDatabases",
      "privesc": false,
      "resource_exposure": false
    },
    {
      "access_level": "Read",
      "action": "glue:GetTable",
      "condition": null,
      "credentials_exposure": false,
      "data_access": false,
      "effective_action": "glue:GetTable",
      "privesc": false,
      "resource_exposure": false
    },
    {
      "access_level": "Read",
      "action": "glue:GetTables",
      "condition": null,
      "credentials_exposure": false,
      "data_access": false,
      "effective_action": "glue:GetTables",
      "privesc": false,
      "resource_exposure": false
    },
    {
      "access_level": "Read",
      "action": "glue:GetPartition",
      "condition": null,
      "credentials_exposure": false,
      "data_access": false,
      "effective_action": "glue:GetPartition",
      "privesc": false,
      "resource_exposure": false
    },
    {
      "access_level": "Read",
      "action": "glue:GetPartitions",
      "condition": null,
      "credentials_exposure": false,
      "data_access": false,
      "effective_action": "glue:GetPartitions",
      "privesc": false,
      "resource_exposure": false
    },
    {
      "access_level": "Read",
      "action": "glue:GetSchema",
      "condition": null,
      "credentials_exposure": false,
      "data_access": false,
      "effective_action": "glue:GetSchema",
      "privesc": false,
      "resource_exposure": false
    },
    {
      "access_level": "Read",
      "action": "glue:GetSchemaVersion",
      "condition": null,
      "credentials_exposure": false,
      "data_access": false,
      "effective_action": "glue:GetSchemaVersion",
      "privesc": false,
      "resource_exposure": false
    },
    {
      "access_level": "Read",
      "action": "glue:BatchGetPartition",
      "condition": null,
      "credentials_exposure": false,
      "data_access": false,
      "effective_action": "glue:BatchGetPartition",
      "privesc": false,
      "resource_exposure": false
    },
    {
      "access_level": "Write",
      "action": "logs:CreateLogDelivery",
      "condition": {
        "ForAnyValue:StringEquals": {
          "aws:CalledVia": "cleanrooms.amazonaws.com"
        }
      },
      "credentials_exposure": false,
      "data_access": false,
      "effective_action": "logs:CreateLogDelivery",
      "privesc": false,
      "resource_exposure": false
    },
    {
      "access_level": "Read",
      "action": "logs:GetLogDelivery",
      "condition": {
        "ForAnyValue:StringEquals": {
          "aws:CalledVia": "cleanrooms.amazonaws.com"
        }
      },
      "credentials_exposure": false,
      "data_access": false,
      "effective_action": "logs:GetLogDelivery",
      "privesc": false,
      "resource_exposure": false
    },
    {
      "access_level": "Write",
      "action": "logs:UpdateLogDelivery",
      "condition": {
        "ForAnyValue:StringEquals": {
          "aws:CalledVia": "cleanrooms.amazonaws.com"
        }
      },
      "credentials_exposure": false,
      "data_access": false,
      "effective_action": "logs:UpdateLogDelivery",
      "privesc": false,
      "resource_exposure": false
    },
    {
      "access_level": "Write",
      "action": "logs:DeleteLogDelivery",
      "condition": {
        "ForAnyValue:StringEquals": {
          "aws:CalledVia": "cleanrooms.amazonaws.com"
        }
      },
      "credentials_exposure": false,
      "data_access": false,
      "effective_action": "logs:DeleteLogDelivery",
      "privesc": false,
      "resource_exposure": false
    },
    {
      "access_level": "List",
      "action": "logs:ListLogDeliveries",
      "condition": {
        "ForAnyValue:StringEquals": {
          "aws:CalledVia": "cleanrooms.amazonaws.com"
        }
      },
      "credentials_exposure": false,
      "data_access": false,
      "effective_action": "logs:ListLogDeliveries",
      "privesc": false,
      "resource_exposure": false
    },
    {
      "access_level": "List",
      "action": "logs:DescribeLogGroups",
      "condition": {
        "ForAnyValue:StringEquals": {
          "aws:CalledVia": "cleanrooms.amazonaws.com"
        }
      },
      "credentials_exposure": false,
      "data_access": false,
      "effective_action": "logs:DescribeLogGroups",
      "privesc": false,
      "resource_exposure": false
    },
    {
      "access_level": "Write",
      "action": "logs:CreateLogGroup",
      "condition": {
        "ForAnyValue:StringEquals": {
          "aws:CalledVia": "cleanrooms.amazonaws.com"
        }
      },
      "credentials_exposure": false,
      "data_access": false,
      "effective_action": "logs:CreateLogGroup",
      "privesc": false,
      "resource_exposure": false
    },
    {
      "access_level": "List",
      "action": "logs:DescribeResourcePolicies",
      "condition": {
        "ForAnyValue:StringEquals": {
          "aws:CalledVia": "cleanrooms.amazonaws.com"
        }
      },
      "credentials_exposure": false,
      "data_access": false,
      "effective_action": "logs:DescribeResourcePolicies",
      "privesc": false,
      "resource_exposure": false
    },
    {
      "access_level": "Permissions management",
      "action": "logs:PutResourcePolicy",
      "condition": {
        "ForAnyValue:StringEquals": {
          "aws:CalledVia": "cleanrooms.amazonaws.com"
        }
      },
      "credentials_exposure": false,
      "data_access": false,
      "effective_action": "logs:PutResourcePolicy",
      "privesc": false,
      "resource_exposure": true
    },
    {
      "access_level": "Read",
      "action": "logs:StartQuery",
      "condition": null,
      "credentials_exposure": false,
      "data_access": false,
      "effective_action": "logs:StartQuery",
      "privesc": false,
      "resource_exposure": false
    },
    {
      "access_level": "Read",
      "action": "logs:GetQueryResults",
      "condition": null,
      "credentials_exposure": false,
      "data_access": true,
      "effective_action": "logs:GetQueryResults",
      "privesc": false,
      "resource_exposure": false
    }
  ],
  "grantless": false,
  "malformed": false,
  "name": "AWSCleanRoomsFullAccessNoQuerying",
  "privesc": true,
  "resource_exposure": true,
  "undocumented_actions": false,
  "unknown_actions": [],
  "updatedate": "2025-08-13T17:19:07+00:00",
  "version": "v5"
}