{
  "access_levels": [
    "List",
    "Read",
    "Tagging",
    "Write",
    "Permissions management"
  ],
  "arn": "arn:aws:iam::aws:policy/service-role/AWSCostAndUsageReportAutomationPolicy",
  "createdate": "2021-11-01T21:27:29Z",
  "credentials_exposure": false,
  "data_access": false,
  "deprecated": false,
  "document": {
    "Statement": [
      {
        "Action": [
          "organizations:DescribeOrganization"
        ],
        "Effect": "Allow",
        "Resource": "*"
      },
      {
        "Action": [
          "s3:GetBucketTagging",
          "s3:PutBucketTagging",
          "s3:GetBucketPolicy",
          "s3:PutBucketPolicy",
          "s3:ListBucket",
          "s3:CreateBucket"
        ],
        "Effect": "Allow",
        "Resource": "arn:aws:s3:::aws-map-cur-bucket-*"
      },
      {
        "Action": [
          "cur:PutReportDefinition",
          "cur:DeleteReportDefinition",
          "cur:DescribeReportDefinitions"
        ],
        "Effect": "Allow",
        "Resource": "arn:aws:cur:*:*:definition/map-migrated-report"
      },
      {
        "Action": [
          "cur:DescribeReportDefinitions"
        ],
        "Effect": "Allow",
        "Resource": "*"
      }
    ],
    "Version": "2012-10-17"
  },
  "effective_actions": [
    {
      "access_level": "Read",
      "action": "organizations:DescribeOrganization",
      "condition": null,
      "credentials_exposure": false,
      "data_access": false,
      "effective_action": "organizations:DescribeOrganization",
      "privesc": false,
      "resource_exposure": false
    },
    {
      "access_level": "Read",
      "action": "s3:GetBucketTagging",
      "condition": null,
      "credentials_exposure": false,
      "data_access": false,
      "effective_action": "s3:GetBucketTagging",
      "privesc": false,
      "resource_exposure": false
    },
    {
      "access_level": "Tagging",
      "action": "s3:PutBucketTagging",
      "condition": null,
      "credentials_exposure": false,
      "data_access": false,
      "effective_action": "s3:PutBucketTagging",
      "privesc": false,
      "resource_exposure": false
    },
    {
      "access_level": "Read",
      "action": "s3:GetBucketPolicy",
      "condition": null,
      "credentials_exposure": false,
      "data_access": false,
      "effective_action": "s3:GetBucketPolicy",
      "privesc": false,
      "resource_exposure": false
    },
    {
      "access_level": "Permissions management",
      "action": "s3:PutBucketPolicy",
      "condition": null,
      "credentials_exposure": false,
      "data_access": false,
      "effective_action": "s3:PutBucketPolicy",
      "privesc": false,
      "resource_exposure": true
    },
    {
      "access_level": "List",
      "action": "s3:ListBucket",
      "condition": null,
      "credentials_exposure": false,
      "data_access": false,
      "effective_action": "s3:ListBucket",
      "privesc": false,
      "resource_exposure": false
    },
    {
      "access_level": "Write",
      "action": "s3:CreateBucket",
      "condition": null,
      "credentials_exposure": false,
      "data_access": false,
      "effective_action": "s3:CreateBucket",
      "privesc": false,
      "resource_exposure": false
    },
    {
      "access_level": "Write",
      "action": "cur:PutReportDefinition",
      "condition": null,
      "credentials_exposure": false,
      "data_access": false,
      "effective_action": "cur:PutReportDefinition",
      "privesc": false,
      "resource_exposure": false
    },
    {
      "access_level": "Write",
      "action": "cur:DeleteReportDefinition",
      "condition": null,
      "credentials_exposure": false,
      "data_access": false,
      "effective_action": "cur:DeleteReportDefinition",
      "privesc": false,
      "resource_exposure": false
    },
    {
      "access_level": "Read",
      "action": "cur:DescribeReportDefinitions",
      "condition": null,
      "credentials_exposure": false,
      "data_access": false,
      "effective_action": "cur:DescribeReportDefinitions",
      "privesc": false,
      "resource_exposure": false
    },
    {
      "access_level": "Read",
      "action": "cur:DescribeReportDefinitions",
      "condition": null,
      "credentials_exposure": false,
      "data_access": false,
      "effective_action": "cur:DescribeReportDefinitions",
      "privesc": false,
      "resource_exposure": false
    }
  ],
  "grantless": false,
  "malformed": false,
  "name": "AWSCostAndUsageReportAutomationPolicy",
  "privesc": false,
  "resource_exposure": true,
  "undocumented_actions": false,
  "unknown_actions": [],
  "updatedate": "2021-11-01T21:27:29+00:00",
  "version": "v1"
}