{
  "access_levels": [
    "List",
    "Read"
  ],
  "arn": "arn:aws:iam::aws:policy/AWSCleanRoomsReadOnlyAccess",
  "createdate": "2023-01-12T16:10:48Z",
  "credentials_exposure": false,
  "data_access": true,
  "deprecated": false,
  "document": {
    "Statement": [
      {
        "Action": [
          "cleanrooms:BatchGet*",
          "cleanrooms:Get*",
          "cleanrooms:List*"
        ],
        "Effect": "Allow",
        "Resource": "*",
        "Sid": "CleanRoomsRead"
      },
      {
        "Action": [
          "glue:GetDatabase",
          "glue:GetDatabases",
          "glue:GetTable",
          "glue:GetTables",
          "glue:GetPartition",
          "glue:GetPartitions",
          "glue:GetSchema",
          "glue:GetSchemaVersion",
          "glue:BatchGetPartition"
        ],
        "Effect": "Allow",
        "Resource": "*",
        "Sid": "ConsoleDisplayTables"
      },
      {
        "Action": [
          "logs:StartQuery"
        ],
        "Effect": "Allow",
        "Resource": "arn:aws:logs:*:*:log-group:/aws/cleanrooms*",
        "Sid": "ConsoleLogSummaryQueryLogs"
      },
      {
        "Action": [
          "logs:GetQueryResults"
        ],
        "Effect": "Allow",
        "Resource": "*",
        "Sid": "ConsoleLogSummaryObtainLogs"
      }
    ],
    "Version": "2012-10-17"
  },
  "effective_actions": [
    {
      "access_level": "Read",
      "action": "cleanrooms:BatchGet*",
      "condition": null,
      "credentials_exposure": false,
      "data_access": false,
      "effective_action": "cleanrooms:BatchGetCollaborationAnalysisTemplate",
      "privesc": false,
      "resource_exposure": false
    },
    {
      "access_level": "Read",
      "action": "cleanrooms:BatchGet*",
      "condition": null,
      "credentials_exposure": false,
      "data_access": false,
      "effective_action": "cleanrooms:BatchGetSchema",
      "privesc": false,
      "resource_exposure": false
    },
    {
      "access_level": "Read",
      "action": "cleanrooms:BatchGet*",
      "condition": null,
      "credentials_exposure": false,
      "data_access": false,
      "effective_action": "cleanrooms:BatchGetSchemaAnalysisRule",
      "privesc": false,
      "resource_exposure": false
    },
    {
      "access_level": "Read",
      "action": "cleanrooms:Get*",
      "condition": null,
      "credentials_exposure": false,
      "data_access": false,
      "effective_action": "cleanrooms:GetAnalysisTemplate",
      "privesc": false,
      "resource_exposure": false
    },
    {
      "access_level": "Read",
      "action": "cleanrooms:Get*",
      "condition": null,
      "credentials_exposure": false,
      "data_access": false,
      "effective_action": "cleanrooms:GetCollaboration",
      "privesc": false,
      "resource_exposure": false
    },
    {
      "access_level": "Read",
      "action": "cleanrooms:Get*",
      "condition": null,
      "credentials_exposure": false,
      "data_access": false,
      "effective_action": "cleanrooms:GetCollaborationAnalysisTemplate",
      "privesc": false,
      "resource_exposure": false
    },
    {
      "access_level": "Read",
      "action": "cleanrooms:Get*",
      "condition": null,
      "credentials_exposure": false,
      "data_access": false,
      "effective_action": "cleanrooms:GetCollaborationChangeRequest",
      "privesc": false,
      "resource_exposure": false
    },
    {
      "access_level": "Read",
      "action": "cleanrooms:Get*",
      "condition": null,
      "credentials_exposure": false,
      "data_access": false,
      "effective_action": "cleanrooms:GetCollaborationConfiguredAudienceModelAssociation",
      "privesc": false,
      "resource_exposure": false
    },
    {
      "access_level": "Read",
      "action": "cleanrooms:Get*",
      "condition": null,
      "credentials_exposure": false,
      "data_access": false,
      "effective_action": "cleanrooms:GetCollaborationIdNamespaceAssociation",
      "privesc": false,
      "resource_exposure": false
    },
    {
      "access_level": "Read",
      "action": "cleanrooms:Get*",
      "condition": null,
      "credentials_exposure": false,
      "data_access": false,
      "effective_action": "cleanrooms:GetCollaborationPrivacyBudgetTemplate",
      "privesc": false,
      "resource_exposure": false
    },
    {
      "access_level": "Read",
      "action": "cleanrooms:Get*",
      "condition": null,
      "credentials_exposure": false,
      "data_access": false,
      "effective_action": "cleanrooms:GetConfiguredAudienceModelAssociation",
      "privesc": false,
      "resource_exposure": false
    },
    {
      "access_level": "Read",
      "action": "cleanrooms:Get*",
      "condition": null,
      "credentials_exposure": false,
      "data_access": false,
      "effective_action": "cleanrooms:GetConfiguredTable",
      "privesc": false,
      "resource_exposure": false
    },
    {
      "access_level": "Read",
      "action": "cleanrooms:Get*",
      "condition": null,
      "credentials_exposure": false,
      "data_access": false,
      "effective_action": "cleanrooms:GetConfiguredTableAnalysisRule",
      "privesc": false,
      "resource_exposure": false
    },
    {
      "access_level": "Read",
      "action": "cleanrooms:Get*",
      "condition": null,
      "credentials_exposure": false,
      "data_access": false,
      "effective_action": "cleanrooms:GetConfiguredTableAssociation",
      "privesc": false,
      "resource_exposure": false
    },
    {
      "access_level": "Read",
      "action": "cleanrooms:Get*",
      "condition": null,
      "credentials_exposure": false,
      "data_access": false,
      "effective_action": "cleanrooms:GetConfiguredTableAssociationAnalysisRule",
      "privesc": false,
      "resource_exposure": false
    },
    {
      "access_level": "Read",
      "action": "cleanrooms:Get*",
      "condition": null,
      "credentials_exposure": false,
      "data_access": false,
      "effective_action": "cleanrooms:GetIdMappingTable",
      "privesc": false,
      "resource_exposure": false
    },
    {
      "access_level": "Read",
      "action": "cleanrooms:Get*",
      "condition": null,
      "credentials_exposure": false,
      "data_access": false,
      "effective_action": "cleanrooms:GetIdNamespaceAssociation",
      "privesc": false,
      "resource_exposure": false
    },
    {
      "access_level": "Read",
      "action": "cleanrooms:Get*",
      "condition": null,
      "credentials_exposure": false,
      "data_access": false,
      "effective_action": "cleanrooms:GetMembership",
      "privesc": false,
      "resource_exposure": false
    },
    {
      "access_level": "Read",
      "action": "cleanrooms:Get*",
      "condition": null,
      "credentials_exposure": false,
      "data_access": false,
      "effective_action": "cleanrooms:GetPrivacyBudgetTemplate",
      "privesc": false,
      "resource_exposure": false
    },
    {
      "access_level": "Read",
      "action": "cleanrooms:Get*",
      "condition": null,
      "credentials_exposure": false,
      "data_access": false,
      "effective_action": "cleanrooms:GetProtectedJob",
      "privesc": false,
      "resource_exposure": false
    },
    {
      "access_level": "Read",
      "action": "cleanrooms:Get*",
      "condition": null,
      "credentials_exposure": false,
      "data_access": true,
      "effective_action": "cleanrooms:GetProtectedQuery",
      "privesc": false,
      "resource_exposure": false
    },
    {
      "access_level": "Read",
      "action": "cleanrooms:Get*",
      "condition": null,
      "credentials_exposure": false,
      "data_access": false,
      "effective_action": "cleanrooms:GetSchema",
      "privesc": false,
      "resource_exposure": false
    },
    {
      "access_level": "Read",
      "action": "cleanrooms:Get*",
      "condition": null,
      "credentials_exposure": false,
      "data_access": false,
      "effective_action": "cleanrooms:GetSchemaAnalysisRule",
      "privesc": false,
      "resource_exposure": false
    },
    {
      "access_level": "List",
      "action": "cleanrooms:List*",
      "condition": null,
      "credentials_exposure": false,
      "data_access": false,
      "effective_action": "cleanrooms:ListAnalysisTemplates",
      "privesc": false,
      "resource_exposure": false
    },
    {
      "access_level": "List",
      "action": "cleanrooms:List*",
      "condition": null,
      "credentials_exposure": false,
      "data_access": false,
      "effective_action": "cleanrooms:ListCollaborationAnalysisTemplates",
      "privesc": false,
      "resource_exposure": false
    },
    {
      "access_level": "List",
      "action": "cleanrooms:List*",
      "condition": null,
      "credentials_exposure": false,
      "data_access": false,
      "effective_action": "cleanrooms:ListCollaborationChangeRequests",
      "privesc": false,
      "resource_exposure": false
    },
    {
      "access_level": "List",
      "action": "cleanrooms:List*",
      "condition": null,
      "credentials_exposure": false,
      "data_access": false,
      "effective_action": "cleanrooms:ListCollaborationConfiguredAudienceModelAssociations",
      "privesc": false,
      "resource_exposure": false
    },
    {
      "access_level": "List",
      "action": "cleanrooms:List*",
      "condition": null,
      "credentials_exposure": false,
      "data_access": false,
      "effective_action": "cleanrooms:ListCollaborationIdNamespaceAssociations",
      "privesc": false,
      "resource_exposure": false
    },
    {
      "access_level": "List",
      "action": "cleanrooms:List*",
      "condition": null,
      "credentials_exposure": false,
      "data_access": false,
      "effective_action": "cleanrooms:ListCollaborationPrivacyBudgetTemplates",
      "privesc": false,
      "resource_exposure": false
    },
    {
      "access_level": "List",
      "action": "cleanrooms:List*",
      "condition": null,
      "credentials_exposure": false,
      "data_access": false,
      "effective_action": "cleanrooms:ListCollaborationPrivacyBudgets",
      "privesc": false,
      "resource_exposure": false
    },
    {
      "access_level": "List",
      "action": "cleanrooms:List*",
      "condition": null,
      "credentials_exposure": false,
      "data_access": false,
      "effective_action": "cleanrooms:ListCollaborations",
      "privesc": false,
      "resource_exposure": false
    },
    {
      "access_level": "List",
      "action": "cleanrooms:List*",
      "condition": null,
      "credentials_exposure": false,
      "data_access": false,
      "effective_action": "cleanrooms:ListConfiguredAudienceModelAssociations",
      "privesc": false,
      "resource_exposure": false
    },
    {
      "access_level": "List",
      "action": "cleanrooms:List*",
      "condition": null,
      "credentials_exposure": false,
      "data_access": false,
      "effective_action": "cleanrooms:ListConfiguredTableAssociations",
      "privesc": false,
      "resource_exposure": false
    },
    {
      "access_level": "List",
      "action": "cleanrooms:List*",
      "condition": null,
      "credentials_exposure": false,
      "data_access": false,
      "effective_action": "cleanrooms:ListConfiguredTables",
      "privesc": false,
      "resource_exposure": false
    },
    {
      "access_level": "List",
      "action": "cleanrooms:List*",
      "condition": null,
      "credentials_exposure": false,
      "data_access": false,
      "effective_action": "cleanrooms:ListIdMappingTables",
      "privesc": false,
      "resource_exposure": false
    },
    {
      "access_level": "List",
      "action": "cleanrooms:List*",
      "condition": null,
      "credentials_exposure": false,
      "data_access": false,
      "effective_action": "cleanrooms:ListIdNamespaceAssociations",
      "privesc": false,
      "resource_exposure": false
    },
    {
      "access_level": "List",
      "action": "cleanrooms:List*",
      "condition": null,
      "credentials_exposure": false,
      "data_access": false,
      "effective_action": "cleanrooms:ListMembers",
      "privesc": false,
      "resource_exposure": false
    },
    {
      "access_level": "List",
      "action": "cleanrooms:List*",
      "condition": null,
      "credentials_exposure": false,
      "data_access": false,
      "effective_action": "cleanrooms:ListMemberships",
      "privesc": false,
      "resource_exposure": false
    },
    {
      "access_level": "List",
      "action": "cleanrooms:List*",
      "condition": null,
      "credentials_exposure": false,
      "data_access": false,
      "effective_action": "cleanrooms:ListPrivacyBudgetTemplates",
      "privesc": false,
      "resource_exposure": false
    },
    {
      "access_level": "List",
      "action": "cleanrooms:List*",
      "condition": null,
      "credentials_exposure": false,
      "data_access": false,
      "effective_action": "cleanrooms:ListPrivacyBudgets",
      "privesc": false,
      "resource_exposure": false
    },
    {
      "access_level": "List",
      "action": "cleanrooms:List*",
      "condition": null,
      "credentials_exposure": false,
      "data_access": false,
      "effective_action": "cleanrooms:ListProtectedJobs",
      "privesc": false,
      "resource_exposure": false
    },
    {
      "access_level": "List",
      "action": "cleanrooms:List*",
      "condition": null,
      "credentials_exposure": false,
      "data_access": false,
      "effective_action": "cleanrooms:ListProtectedQueries",
      "privesc": false,
      "resource_exposure": false
    },
    {
      "access_level": "List",
      "action": "cleanrooms:List*",
      "condition": null,
      "credentials_exposure": false,
      "data_access": false,
      "effective_action": "cleanrooms:ListSchemas",
      "privesc": false,
      "resource_exposure": false
    },
    {
      "access_level": "List",
      "action": "cleanrooms:List*",
      "condition": null,
      "credentials_exposure": false,
      "data_access": false,
      "effective_action": "cleanrooms:ListTagsForResource",
      "privesc": false,
      "resource_exposure": false
    },
    {
      "access_level": "Read",
      "action": "glue:GetDatabase",
      "condition": null,
      "credentials_exposure": false,
      "data_access": false,
      "effective_action": "glue:GetDatabase",
      "privesc": false,
      "resource_exposure": false
    },
    {
      "access_level": "Read",
      "action": "glue:GetDatabases",
      "condition": null,
      "credentials_exposure": false,
      "data_access": false,
      "effective_action": "glue:GetDatabases",
      "privesc": false,
      "resource_exposure": false
    },
    {
      "access_level": "Read",
      "action": "glue:GetTable",
      "condition": null,
      "credentials_exposure": false,
      "data_access": false,
      "effective_action": "glue:GetTable",
      "privesc": false,
      "resource_exposure": false
    },
    {
      "access_level": "Read",
      "action": "glue:GetTables",
      "condition": null,
      "credentials_exposure": false,
      "data_access": false,
      "effective_action": "glue:GetTables",
      "privesc": false,
      "resource_exposure": false
    },
    {
      "access_level": "Read",
      "action": "glue:GetPartition",
      "condition": null,
      "credentials_exposure": false,
      "data_access": false,
      "effective_action": "glue:GetPartition",
      "privesc": false,
      "resource_exposure": false
    },
    {
      "access_level": "Read",
      "action": "glue:GetPartitions",
      "condition": null,
      "credentials_exposure": false,
      "data_access": false,
      "effective_action": "glue:GetPartitions",
      "privesc": false,
      "resource_exposure": false
    },
    {
      "access_level": "Read",
      "action": "glue:GetSchema",
      "condition": null,
      "credentials_exposure": false,
      "data_access": false,
      "effective_action": "glue:GetSchema",
      "privesc": false,
      "resource_exposure": false
    },
    {
      "access_level": "Read",
      "action": "glue:GetSchemaVersion",
      "condition": null,
      "credentials_exposure": false,
      "data_access": false,
      "effective_action": "glue:GetSchemaVersion",
      "privesc": false,
      "resource_exposure": false
    },
    {
      "access_level": "Read",
      "action": "glue:BatchGetPartition",
      "condition": null,
      "credentials_exposure": false,
      "data_access": false,
      "effective_action": "glue:BatchGetPartition",
      "privesc": false,
      "resource_exposure": false
    },
    {
      "access_level": "Read",
      "action": "logs:StartQuery",
      "condition": null,
      "credentials_exposure": false,
      "data_access": false,
      "effective_action": "logs:StartQuery",
      "privesc": false,
      "resource_exposure": false
    },
    {
      "access_level": "Read",
      "action": "logs:GetQueryResults",
      "condition": null,
      "credentials_exposure": false,
      "data_access": true,
      "effective_action": "logs:GetQueryResults",
      "privesc": false,
      "resource_exposure": false
    }
  ],
  "grantless": false,
  "malformed": false,
  "name": "AWSCleanRoomsReadOnlyAccess",
  "privesc": false,
  "resource_exposure": false,
  "undocumented_actions": false,
  "unknown_actions": [],
  "updatedate": "2023-01-12T16:10:48+00:00",
  "version": "v1"
}