{
  "access_levels": [
    "List",
    "Read"
  ],
  "arn": "arn:aws:iam::aws:policy/AWSCodeCommitReadOnly",
  "createdate": "2025-01-10T20:07:07Z",
  "credentials_exposure": false,
  "data_access": true,
  "deprecated": false,
  "document": {
    "Statement": [
      {
        "Action": [
          "codecommit:BatchGet*",
          "codecommit:BatchDescribe*",
          "codecommit:Describe*",
          "codecommit:EvaluatePullRequestApprovalRules",
          "codecommit:Get*",
          "codecommit:List*",
          "codecommit:GitPull"
        ],
        "Effect": "Allow",
        "Resource": "*"
      },
      {
        "Action": [
          "events:DescribeRule",
          "events:ListTargetsByRule"
        ],
        "Effect": "Allow",
        "Resource": "arn:aws:events:*:*:rule/codecommit*",
        "Sid": "CloudWatchEventsCodeCommitRulesReadOnlyAccess"
      },
      {
        "Action": [
          "sns:ListTopics",
          "sns:ListSubscriptionsByTopic",
          "sns:GetTopicAttributes"
        ],
        "Effect": "Allow",
        "Resource": "*",
        "Sid": "SNSSubscriptionAccess"
      },
      {
        "Action": [
          "lambda:ListFunctions"
        ],
        "Effect": "Allow",
        "Resource": "*",
        "Sid": "LambdaReadOnlyListAccess"
      },
      {
        "Action": [
          "iam:ListUsers"
        ],
        "Effect": "Allow",
        "Resource": "*",
        "Sid": "IAMReadOnlyListAccess"
      },
      {
        "Action": [
          "iam:ListSSHPublicKeys",
          "iam:ListServiceSpecificCredentials",
          "iam:ListAccessKeys",
          "iam:GetSSHPublicKey"
        ],
        "Effect": "Allow",
        "Resource": "arn:aws:iam::*:user/${aws:username}",
        "Sid": "IAMReadOnlyConsoleAccess"
      },
      {
        "Action": [
          "codestar-connections:ListConnections",
          "codestar-connections:GetConnection"
        ],
        "Effect": "Allow",
        "Resource": "arn:aws:codestar-connections:*:*:connection/*",
        "Sid": "CodeStarConnectionsReadOnlyAccess"
      },
      {
        "Action": [
          "codestar-notifications:DescribeNotificationRule"
        ],
        "Condition": {
          "ArnLike": {
            "codestar-notifications:NotificationsForResource": "arn:aws:codecommit:*:*:*"
          }
        },
        "Effect": "Allow",
        "Resource": "*",
        "Sid": "CodeStarNotificationsReadOnlyAccess"
      },
      {
        "Action": [
          "codestar-notifications:ListNotificationRules",
          "codestar-notifications:ListEventTypes",
          "codestar-notifications:ListTargets"
        ],
        "Effect": "Allow",
        "Resource": "*",
        "Sid": "CodeStarNotificationsListAccess"
      },
      {
        "Action": [
          "codeguru-reviewer:DescribeRepositoryAssociation",
          "codeguru-reviewer:ListRepositoryAssociations",
          "codeguru-reviewer:DescribeCodeReview",
          "codeguru-reviewer:ListCodeReviews"
        ],
        "Effect": "Allow",
        "Resource": "*",
        "Sid": "AmazonCodeGuruReviewerReadOnlyAccess"
      }
    ],
    "Version": "2012-10-17"
  },
  "effective_actions": [
    {
      "access_level": "Read",
      "action": "codecommit:BatchGet*",
      "condition": null,
      "credentials_exposure": false,
      "data_access": true,
      "effective_action": "codecommit:BatchGetCommits",
      "privesc": false,
      "resource_exposure": false
    },
    {
      "access_level": "Read",
      "action": "codecommit:BatchGet*",
      "condition": null,
      "credentials_exposure": false,
      "data_access": true,
      "effective_action": "codecommit:BatchGetPullRequests",
      "privesc": false,
      "resource_exposure": false
    },
    {
      "access_level": "Read",
      "action": "codecommit:BatchGet*",
      "condition": null,
      "credentials_exposure": false,
      "data_access": true,
      "effective_action": "codecommit:BatchGetRepositories",
      "privesc": false,
      "resource_exposure": false
    },
    {
      "access_level": "Read",
      "action": "codecommit:BatchDescribe*",
      "condition": null,
      "credentials_exposure": false,
      "data_access": false,
      "effective_action": "codecommit:BatchDescribeMergeConflicts",
      "privesc": false,
      "resource_exposure": false
    },
    {
      "access_level": "Read",
      "action": "codecommit:Describe*",
      "condition": null,
      "credentials_exposure": false,
      "data_access": true,
      "effective_action": "codecommit:DescribeMergeConflicts",
      "privesc": false,
      "resource_exposure": false
    },
    {
      "access_level": "Read",
      "action": "codecommit:Describe*",
      "condition": null,
      "credentials_exposure": false,
      "data_access": true,
      "effective_action": "codecommit:DescribePullRequestEvents",
      "privesc": false,
      "resource_exposure": false
    },
    {
      "access_level": "Read",
      "action": "codecommit:EvaluatePullRequestApprovalRules",
      "condition": null,
      "credentials_exposure": false,
      "data_access": false,
      "effective_action": "codecommit:EvaluatePullRequestApprovalRules",
      "privesc": false,
      "resource_exposure": false
    },
    {
      "access_level": "Read",
      "action": "codecommit:Get*",
      "condition": null,
      "credentials_exposure": false,
      "data_access": true,
      "effective_action": "codecommit:GetApprovalRuleTemplate",
      "privesc": false,
      "resource_exposure": false
    },
    {
      "access_level": "Read",
      "action": "codecommit:Get*",
      "condition": null,
      "credentials_exposure": false,
      "data_access": true,
      "effective_action": "codecommit:GetBlob",
      "privesc": false,
      "resource_exposure": false
    },
    {
      "access_level": "Read",
      "action": "codecommit:Get*",
      "condition": null,
      "credentials_exposure": false,
      "data_access": true,
      "effective_action": "codecommit:GetBranch",
      "privesc": false,
      "resource_exposure": false
    },
    {
      "access_level": "Read",
      "action": "codecommit:Get*",
      "condition": null,
      "credentials_exposure": false,
      "data_access": true,
      "effective_action": "codecommit:GetComment",
      "privesc": false,
      "resource_exposure": false
    },
    {
      "access_level": "Read",
      "action": "codecommit:Get*",
      "condition": null,
      "credentials_exposure": false,
      "data_access": true,
      "effective_action": "codecommit:GetCommentReactions",
      "privesc": false,
      "resource_exposure": false
    },
    {
      "access_level": "Read",
      "action": "codecommit:Get*",
      "condition": null,
      "credentials_exposure": false,
      "data_access": true,
      "effective_action": "codecommit:GetCommentsForComparedCommit",
      "privesc": false,
      "resource_exposure": false
    },
    {
      "access_level": "Read",
      "action": "codecommit:Get*",
      "condition": null,
      "credentials_exposure": false,
      "data_access": true,
      "effective_action": "codecommit:GetCommentsForPullRequest",
      "privesc": false,
      "resource_exposure": false
    },
    {
      "access_level": "Read",
      "action": "codecommit:Get*",
      "condition": null,
      "credentials_exposure": false,
      "data_access": true,
      "effective_action": "codecommit:GetCommit",
      "privesc": false,
      "resource_exposure": false
    },
    {
      "access_level": "Read",
      "action": "codecommit:Get*",
      "condition": null,
      "credentials_exposure": false,
      "data_access": true,
      "effective_action": "codecommit:GetCommitHistory",
      "privesc": false,
      "resource_exposure": false
    },
    {
      "access_level": "Read",
      "action": "codecommit:Get*",
      "condition": null,
      "credentials_exposure": false,
      "data_access": true,
      "effective_action": "codecommit:GetCommitsFromMergeBase",
      "privesc": false,
      "resource_exposure": false
    },
    {
      "access_level": "Read",
      "action": "codecommit:Get*",
      "condition": null,
      "credentials_exposure": false,
      "data_access": true,
      "effective_action": "codecommit:GetDifferences",
      "privesc": false,
      "resource_exposure": false
    },
    {
      "access_level": "Read",
      "action": "codecommit:Get*",
      "condition": null,
      "credentials_exposure": false,
      "data_access": true,
      "effective_action": "codecommit:GetFile",
      "privesc": false,
      "resource_exposure": false
    },
    {
      "access_level": "Read",
      "action": "codecommit:Get*",
      "condition": null,
      "credentials_exposure": false,
      "data_access": true,
      "effective_action": "codecommit:GetFolder",
      "privesc": false,
      "resource_exposure": false
    },
    {
      "access_level": "Read",
      "action": "codecommit:Get*",
      "condition": null,
      "credentials_exposure": false,
      "data_access": true,
      "effective_action": "codecommit:GetMergeCommit",
      "privesc": false,
      "resource_exposure": false
    },
    {
      "access_level": "Read",
      "action": "codecommit:Get*",
      "condition": null,
      "credentials_exposure": false,
      "data_access": true,
      "effective_action": "codecommit:GetMergeConflicts",
      "privesc": false,
      "resource_exposure": false
    },
    {
      "access_level": "Read",
      "action": "codecommit:Get*",
      "condition": null,
      "credentials_exposure": false,
      "data_access": true,
      "effective_action": "codecommit:GetMergeOptions",
      "privesc": false,
      "resource_exposure": false
    },
    {
      "access_level": "Read",
      "action": "codecommit:Get*",
      "condition": null,
      "credentials_exposure": false,
      "data_access": true,
      "effective_action": "codecommit:GetObjectIdentifier",
      "privesc": false,
      "resource_exposure": false
    },
    {
      "access_level": "Read",
      "action": "codecommit:Get*",
      "condition": null,
      "credentials_exposure": false,
      "data_access": true,
      "effective_action": "codecommit:GetPullRequest",
      "privesc": false,
      "resource_exposure": false
    },
    {
      "access_level": "Read",
      "action": "codecommit:Get*",
      "condition": null,
      "credentials_exposure": false,
      "data_access": true,
      "effective_action": "codecommit:GetPullRequestApprovalStates",
      "privesc": false,
      "resource_exposure": false
    },
    {
      "access_level": "Read",
      "action": "codecommit:Get*",
      "condition": null,
      "credentials_exposure": false,
      "data_access": true,
      "effective_action": "codecommit:GetPullRequestOverrideState",
      "privesc": false,
      "resource_exposure": false
    },
    {
      "access_level": "Read",
      "action": "codecommit:Get*",
      "condition": null,
      "credentials_exposure": false,
      "data_access": true,
      "effective_action": "codecommit:GetReferences",
      "privesc": false,
      "resource_exposure": false
    },
    {
      "access_level": "Read",
      "action": "codecommit:Get*",
      "condition": null,
      "credentials_exposure": false,
      "data_access": false,
      "effective_action": "codecommit:GetRepository",
      "privesc": false,
      "resource_exposure": false
    },
    {
      "access_level": "Read",
      "action": "codecommit:Get*",
      "condition": null,
      "credentials_exposure": false,
      "data_access": false,
      "effective_action": "codecommit:GetRepositoryTriggers",
      "privesc": false,
      "resource_exposure": false
    },
    {
      "access_level": "Read",
      "action": "codecommit:Get*",
      "condition": null,
      "credentials_exposure": false,
      "data_access": true,
      "effective_action": "codecommit:GetTree",
      "privesc": false,
      "resource_exposure": false
    },
    {
      "access_level": "Read",
      "action": "codecommit:Get*",
      "condition": null,
      "credentials_exposure": false,
      "data_access": false,
      "effective_action": "codecommit:GetUploadArchiveStatus",
      "privesc": false,
      "resource_exposure": false
    },
    {
      "access_level": "List",
      "action": "codecommit:List*",
      "condition": null,
      "credentials_exposure": false,
      "data_access": false,
      "effective_action": "codecommit:ListApprovalRuleTemplates",
      "privesc": false,
      "resource_exposure": false
    },
    {
      "access_level": "List",
      "action": "codecommit:List*",
      "condition": null,
      "credentials_exposure": false,
      "data_access": false,
      "effective_action": "codecommit:ListAssociatedApprovalRuleTemplatesForRepository",
      "privesc": false,
      "resource_exposure": false
    },
    {
      "access_level": "List",
      "action": "codecommit:List*",
      "condition": null,
      "credentials_exposure": false,
      "data_access": false,
      "effective_action": "codecommit:ListBranches",
      "privesc": false,
      "resource_exposure": false
    },
    {
      "access_level": "List",
      "action": "codecommit:List*",
      "condition": null,
      "credentials_exposure": false,
      "data_access": false,
      "effective_action": "codecommit:ListFileCommitHistory",
      "privesc": false,
      "resource_exposure": false
    },
    {
      "access_level": "List",
      "action": "codecommit:List*",
      "condition": null,
      "credentials_exposure": false,
      "data_access": false,
      "effective_action": "codecommit:ListPullRequests",
      "privesc": false,
      "resource_exposure": false
    },
    {
      "access_level": "List",
      "action": "codecommit:List*",
      "condition": null,
      "credentials_exposure": false,
      "data_access": false,
      "effective_action": "codecommit:ListRepositories",
      "privesc": false,
      "resource_exposure": false
    },
    {
      "access_level": "List",
      "action": "codecommit:List*",
      "condition": null,
      "credentials_exposure": false,
      "data_access": false,
      "effective_action": "codecommit:ListRepositoriesForApprovalRuleTemplate",
      "privesc": false,
      "resource_exposure": false
    },
    {
      "access_level": "List",
      "action": "codecommit:List*",
      "condition": null,
      "credentials_exposure": false,
      "data_access": false,
      "effective_action": "codecommit:ListTagsForResource",
      "privesc": false,
      "resource_exposure": false
    },
    {
      "access_level": "Read",
      "action": "codecommit:GitPull",
      "condition": null,
      "credentials_exposure": false,
      "data_access": true,
      "effective_action": "codecommit:GitPull",
      "privesc": false,
      "resource_exposure": false
    },
    {
      "access_level": "Read",
      "action": "events:DescribeRule",
      "condition": null,
      "credentials_exposure": false,
      "data_access": false,
      "effective_action": "events:DescribeRule",
      "privesc": false,
      "resource_exposure": false
    },
    {
      "access_level": "List",
      "action": "events:ListTargetsByRule",
      "condition": null,
      "credentials_exposure": false,
      "data_access": false,
      "effective_action": "events:ListTargetsByRule",
      "privesc": false,
      "resource_exposure": false
    },
    {
      "access_level": "List",
      "action": "sns:ListTopics",
      "condition": null,
      "credentials_exposure": false,
      "data_access": false,
      "effective_action": "sns:ListTopics",
      "privesc": false,
      "resource_exposure": false
    },
    {
      "access_level": "List",
      "action": "sns:ListSubscriptionsByTopic",
      "condition": null,
      "credentials_exposure": false,
      "data_access": false,
      "effective_action": "sns:ListSubscriptionsByTopic",
      "privesc": false,
      "resource_exposure": false
    },
    {
      "access_level": "Read",
      "action": "sns:GetTopicAttributes",
      "condition": null,
      "credentials_exposure": false,
      "data_access": false,
      "effective_action": "sns:GetTopicAttributes",
      "privesc": false,
      "resource_exposure": false
    },
    {
      "access_level": "List",
      "action": "lambda:ListFunctions",
      "condition": null,
      "credentials_exposure": false,
      "data_access": false,
      "effective_action": "lambda:ListFunctions",
      "privesc": false,
      "resource_exposure": false
    },
    {
      "access_level": "List",
      "action": "iam:ListUsers",
      "condition": null,
      "credentials_exposure": false,
      "data_access": false,
      "effective_action": "iam:ListUsers",
      "privesc": false,
      "resource_exposure": false
    },
    {
      "access_level": "List",
      "action": "iam:ListSSHPublicKeys",
      "condition": null,
      "credentials_exposure": false,
      "data_access": false,
      "effective_action": "iam:ListSSHPublicKeys",
      "privesc": false,
      "resource_exposure": false
    },
    {
      "access_level": "List",
      "action": "iam:ListServiceSpecificCredentials",
      "condition": null,
      "credentials_exposure": false,
      "data_access": false,
      "effective_action": "iam:ListServiceSpecificCredentials",
      "privesc": false,
      "resource_exposure": false
    },
    {
      "access_level": "List",
      "action": "iam:ListAccessKeys",
      "condition": null,
      "credentials_exposure": false,
      "data_access": false,
      "effective_action": "iam:ListAccessKeys",
      "privesc": false,
      "resource_exposure": false
    },
    {
      "access_level": "Read",
      "action": "iam:GetSSHPublicKey",
      "condition": null,
      "credentials_exposure": false,
      "data_access": false,
      "effective_action": "iam:GetSSHPublicKey",
      "privesc": false,
      "resource_exposure": false
    },
    {
      "access_level": "List",
      "action": "codestar-connections:ListConnections",
      "condition": null,
      "credentials_exposure": false,
      "data_access": false,
      "effective_action": "codestar-connections:ListConnections",
      "privesc": false,
      "resource_exposure": false
    },
    {
      "access_level": "Read",
      "action": "codestar-connections:GetConnection",
      "condition": null,
      "credentials_exposure": false,
      "data_access": false,
      "effective_action": "codestar-connections:GetConnection",
      "privesc": false,
      "resource_exposure": false
    },
    {
      "access_level": "Read",
      "action": "codestar-notifications:DescribeNotificationRule",
      "condition": {
        "ArnLike": {
          "codestar-notifications:NotificationsForResource": "arn:aws:codecommit:*:*:*"
        }
      },
      "credentials_exposure": false,
      "data_access": false,
      "effective_action": "codestar-notifications:DescribeNotificationRule",
      "privesc": false,
      "resource_exposure": false
    },
    {
      "access_level": "List",
      "action": "codestar-notifications:ListNotificationRules",
      "condition": null,
      "credentials_exposure": false,
      "data_access": false,
      "effective_action": "codestar-notifications:ListNotificationRules",
      "privesc": false,
      "resource_exposure": false
    },
    {
      "access_level": "List",
      "action": "codestar-notifications:ListEventTypes",
      "condition": null,
      "credentials_exposure": false,
      "data_access": false,
      "effective_action": "codestar-notifications:ListEventTypes",
      "privesc": false,
      "resource_exposure": false
    },
    {
      "access_level": "List",
      "action": "codestar-notifications:ListTargets",
      "condition": null,
      "credentials_exposure": false,
      "data_access": false,
      "effective_action": "codestar-notifications:ListTargets",
      "privesc": false,
      "resource_exposure": false
    },
    {
      "access_level": "Read",
      "action": "codeguru-reviewer:DescribeRepositoryAssociation",
      "condition": null,
      "credentials_exposure": false,
      "data_access": false,
      "effective_action": "codeguru-reviewer:DescribeRepositoryAssociation",
      "privesc": false,
      "resource_exposure": false
    },
    {
      "access_level": "List",
      "action": "codeguru-reviewer:ListRepositoryAssociations",
      "condition": null,
      "credentials_exposure": false,
      "data_access": false,
      "effective_action": "codeguru-reviewer:ListRepositoryAssociations",
      "privesc": false,
      "resource_exposure": false
    },
    {
      "access_level": "Read",
      "action": "codeguru-reviewer:DescribeCodeReview",
      "condition": null,
      "credentials_exposure": false,
      "data_access": true,
      "effective_action": "codeguru-reviewer:DescribeCodeReview",
      "privesc": false,
      "resource_exposure": false
    },
    {
      "access_level": "List",
      "action": "codeguru-reviewer:ListCodeReviews",
      "condition": null,
      "credentials_exposure": false,
      "data_access": false,
      "effective_action": "codeguru-reviewer:ListCodeReviews",
      "privesc": false,
      "resource_exposure": false
    }
  ],
  "grantless": false,
  "malformed": false,
  "name": "AWSCodeCommitReadOnly",
  "privesc": false,
  "resource_exposure": false,
  "undocumented_actions": false,
  "unknown_actions": [],
  "updatedate": "2025-01-10T20:07:07+00:00",
  "version": "v12"
}