{
  "access_levels": [
    "List",
    "Read",
    "Tagging",
    "Write"
  ],
  "arn": "arn:aws:iam::aws:policy/AWSCloudMapFullAccess",
  "createdate": "2020-07-29T19:15:35Z",
  "credentials_exposure": false,
  "data_access": false,
  "deprecated": false,
  "document": {
    "Statement": [
      {
        "Action": [
          "route53:GetHostedZone",
          "route53:ListHostedZonesByName",
          "route53:CreateHostedZone",
          "route53:DeleteHostedZone",
          "route53:ChangeResourceRecordSets",
          "route53:CreateHealthCheck",
          "route53:GetHealthCheck",
          "route53:DeleteHealthCheck",
          "route53:UpdateHealthCheck",
          "ec2:DescribeVpcs",
          "ec2:DescribeRegions",
          "ec2:DescribeInstances",
          "servicediscovery:*"
        ],
        "Effect": "Allow",
        "Resource": [
          "*"
        ]
      }
    ],
    "Version": "2012-10-17"
  },
  "effective_actions": [
    {
      "access_level": "List",
      "action": "route53:GetHostedZone",
      "condition": null,
      "credentials_exposure": false,
      "data_access": false,
      "effective_action": "route53:GetHostedZone",
      "privesc": false,
      "resource_exposure": false
    },
    {
      "access_level": "List",
      "action": "route53:ListHostedZonesByName",
      "condition": null,
      "credentials_exposure": false,
      "data_access": false,
      "effective_action": "route53:ListHostedZonesByName",
      "privesc": false,
      "resource_exposure": false
    },
    {
      "access_level": "Write",
      "action": "route53:CreateHostedZone",
      "condition": null,
      "credentials_exposure": false,
      "data_access": false,
      "effective_action": "route53:CreateHostedZone",
      "privesc": false,
      "resource_exposure": false
    },
    {
      "access_level": "Write",
      "action": "route53:DeleteHostedZone",
      "condition": null,
      "credentials_exposure": false,
      "data_access": false,
      "effective_action": "route53:DeleteHostedZone",
      "privesc": false,
      "resource_exposure": false
    },
    {
      "access_level": "Write",
      "action": "route53:ChangeResourceRecordSets",
      "condition": null,
      "credentials_exposure": false,
      "data_access": false,
      "effective_action": "route53:ChangeResourceRecordSets",
      "privesc": false,
      "resource_exposure": false
    },
    {
      "access_level": "Write",
      "action": "route53:CreateHealthCheck",
      "condition": null,
      "credentials_exposure": false,
      "data_access": false,
      "effective_action": "route53:CreateHealthCheck",
      "privesc": false,
      "resource_exposure": false
    },
    {
      "access_level": "Read",
      "action": "route53:GetHealthCheck",
      "condition": null,
      "credentials_exposure": false,
      "data_access": false,
      "effective_action": "route53:GetHealthCheck",
      "privesc": false,
      "resource_exposure": false
    },
    {
      "access_level": "Write",
      "action": "route53:DeleteHealthCheck",
      "condition": null,
      "credentials_exposure": false,
      "data_access": false,
      "effective_action": "route53:DeleteHealthCheck",
      "privesc": false,
      "resource_exposure": false
    },
    {
      "access_level": "Write",
      "action": "route53:UpdateHealthCheck",
      "condition": null,
      "credentials_exposure": false,
      "data_access": false,
      "effective_action": "route53:UpdateHealthCheck",
      "privesc": false,
      "resource_exposure": false
    },
    {
      "access_level": "List",
      "action": "ec2:DescribeVpcs",
      "condition": null,
      "credentials_exposure": false,
      "data_access": false,
      "effective_action": "ec2:DescribeVpcs",
      "privesc": false,
      "resource_exposure": false
    },
    {
      "access_level": "List",
      "action": "ec2:DescribeRegions",
      "condition": null,
      "credentials_exposure": false,
      "data_access": false,
      "effective_action": "ec2:DescribeRegions",
      "privesc": false,
      "resource_exposure": false
    },
    {
      "access_level": "List",
      "action": "ec2:DescribeInstances",
      "condition": null,
      "credentials_exposure": false,
      "data_access": false,
      "effective_action": "ec2:DescribeInstances",
      "privesc": false,
      "resource_exposure": false
    },
    {
      "access_level": "Write",
      "action": "servicediscovery:*",
      "condition": null,
      "credentials_exposure": false,
      "data_access": false,
      "effective_action": "servicediscovery:CreateHttpNamespace",
      "privesc": false,
      "resource_exposure": false
    },
    {
      "access_level": "Write",
      "action": "servicediscovery:*",
      "condition": null,
      "credentials_exposure": false,
      "data_access": false,
      "effective_action": "servicediscovery:CreatePrivateDnsNamespace",
      "privesc": false,
      "resource_exposure": false
    },
    {
      "access_level": "Write",
      "action": "servicediscovery:*",
      "condition": null,
      "credentials_exposure": false,
      "data_access": false,
      "effective_action": "servicediscovery:CreatePublicDnsNamespace",
      "privesc": false,
      "resource_exposure": false
    },
    {
      "access_level": "Write",
      "action": "servicediscovery:*",
      "condition": null,
      "credentials_exposure": false,
      "data_access": false,
      "effective_action": "servicediscovery:CreateService",
      "privesc": false,
      "resource_exposure": false
    },
    {
      "access_level": "Write",
      "action": "servicediscovery:*",
      "condition": null,
      "credentials_exposure": false,
      "data_access": false,
      "effective_action": "servicediscovery:DeleteNamespace",
      "privesc": false,
      "resource_exposure": false
    },
    {
      "access_level": "Write",
      "action": "servicediscovery:*",
      "condition": null,
      "credentials_exposure": false,
      "data_access": false,
      "effective_action": "servicediscovery:DeleteResourcePolicy",
      "privesc": false,
      "resource_exposure": false
    },
    {
      "access_level": "Write",
      "action": "servicediscovery:*",
      "condition": null,
      "credentials_exposure": false,
      "data_access": false,
      "effective_action": "servicediscovery:DeleteService",
      "privesc": false,
      "resource_exposure": false
    },
    {
      "access_level": "Write",
      "action": "servicediscovery:*",
      "condition": null,
      "credentials_exposure": false,
      "data_access": false,
      "effective_action": "servicediscovery:DeleteServiceAttributes",
      "privesc": false,
      "resource_exposure": false
    },
    {
      "access_level": "Write",
      "action": "servicediscovery:*",
      "condition": null,
      "credentials_exposure": false,
      "data_access": false,
      "effective_action": "servicediscovery:DeregisterInstance",
      "privesc": false,
      "resource_exposure": false
    },
    {
      "access_level": "Read",
      "action": "servicediscovery:*",
      "condition": null,
      "credentials_exposure": false,
      "data_access": false,
      "effective_action": "servicediscovery:DiscoverInstances",
      "privesc": false,
      "resource_exposure": false
    },
    {
      "access_level": "Read",
      "action": "servicediscovery:*",
      "condition": null,
      "credentials_exposure": false,
      "data_access": false,
      "effective_action": "servicediscovery:DiscoverInstancesRevision",
      "privesc": false,
      "resource_exposure": false
    },
    {
      "access_level": "Read",
      "action": "servicediscovery:*",
      "condition": null,
      "credentials_exposure": false,
      "data_access": false,
      "effective_action": "servicediscovery:GetInstance",
      "privesc": false,
      "resource_exposure": false
    },
    {
      "access_level": "Read",
      "action": "servicediscovery:*",
      "condition": null,
      "credentials_exposure": false,
      "data_access": false,
      "effective_action": "servicediscovery:GetInstancesHealthStatus",
      "privesc": false,
      "resource_exposure": false
    },
    {
      "access_level": "Read",
      "action": "servicediscovery:*",
      "condition": null,
      "credentials_exposure": false,
      "data_access": false,
      "effective_action": "servicediscovery:GetNamespace",
      "privesc": false,
      "resource_exposure": false
    },
    {
      "access_level": "Read",
      "action": "servicediscovery:*",
      "condition": null,
      "credentials_exposure": false,
      "data_access": false,
      "effective_action": "servicediscovery:GetOperation",
      "privesc": false,
      "resource_exposure": false
    },
    {
      "access_level": "Read",
      "action": "servicediscovery:*",
      "condition": null,
      "credentials_exposure": false,
      "data_access": false,
      "effective_action": "servicediscovery:GetResourcePolicy",
      "privesc": false,
      "resource_exposure": false
    },
    {
      "access_level": "Read",
      "action": "servicediscovery:*",
      "condition": null,
      "credentials_exposure": false,
      "data_access": false,
      "effective_action": "servicediscovery:GetService",
      "privesc": false,
      "resource_exposure": false
    },
    {
      "access_level": "Read",
      "action": "servicediscovery:*",
      "condition": null,
      "credentials_exposure": false,
      "data_access": false,
      "effective_action": "servicediscovery:GetServiceAttributes",
      "privesc": false,
      "resource_exposure": false
    },
    {
      "access_level": "Read",
      "action": "servicediscovery:*",
      "condition": null,
      "credentials_exposure": false,
      "data_access": false,
      "effective_action": "servicediscovery:ListInstances",
      "privesc": false,
      "resource_exposure": false
    },
    {
      "access_level": "Read",
      "action": "servicediscovery:*",
      "condition": null,
      "credentials_exposure": false,
      "data_access": false,
      "effective_action": "servicediscovery:ListNamespaces",
      "privesc": false,
      "resource_exposure": false
    },
    {
      "access_level": "List",
      "action": "servicediscovery:*",
      "condition": null,
      "credentials_exposure": false,
      "data_access": false,
      "effective_action": "servicediscovery:ListOperations",
      "privesc": false,
      "resource_exposure": false
    },
    {
      "access_level": "Read",
      "action": "servicediscovery:*",
      "condition": null,
      "credentials_exposure": false,
      "data_access": false,
      "effective_action": "servicediscovery:ListServices",
      "privesc": false,
      "resource_exposure": false
    },
    {
      "access_level": "Read",
      "action": "servicediscovery:*",
      "condition": null,
      "credentials_exposure": false,
      "data_access": false,
      "effective_action": "servicediscovery:ListTagsForResource",
      "privesc": false,
      "resource_exposure": false
    },
    {
      "access_level": "Write",
      "action": "servicediscovery:*",
      "condition": null,
      "credentials_exposure": false,
      "data_access": false,
      "effective_action": "servicediscovery:PutResourcePolicy",
      "privesc": false,
      "resource_exposure": false
    },
    {
      "access_level": "Write",
      "action": "servicediscovery:*",
      "condition": null,
      "credentials_exposure": false,
      "data_access": false,
      "effective_action": "servicediscovery:RegisterInstance",
      "privesc": false,
      "resource_exposure": false
    },
    {
      "access_level": "Tagging",
      "action": "servicediscovery:*",
      "condition": null,
      "credentials_exposure": false,
      "data_access": false,
      "effective_action": "servicediscovery:TagResource",
      "privesc": false,
      "resource_exposure": false
    },
    {
      "access_level": "Tagging",
      "action": "servicediscovery:*",
      "condition": null,
      "credentials_exposure": false,
      "data_access": false,
      "effective_action": "servicediscovery:UntagResource",
      "privesc": false,
      "resource_exposure": false
    },
    {
      "access_level": "Write",
      "action": "servicediscovery:*",
      "condition": null,
      "credentials_exposure": false,
      "data_access": false,
      "effective_action": "servicediscovery:UpdateHttpNamespace",
      "privesc": false,
      "resource_exposure": false
    },
    {
      "access_level": "Write",
      "action": "servicediscovery:*",
      "condition": null,
      "credentials_exposure": false,
      "data_access": false,
      "effective_action": "servicediscovery:UpdateInstanceCustomHealthStatus",
      "privesc": false,
      "resource_exposure": false
    },
    {
      "access_level": "Write",
      "action": "servicediscovery:*",
      "condition": null,
      "credentials_exposure": false,
      "data_access": false,
      "effective_action": "servicediscovery:UpdatePrivateDnsNamespace",
      "privesc": false,
      "resource_exposure": false
    },
    {
      "access_level": "Write",
      "action": "servicediscovery:*",
      "condition": null,
      "credentials_exposure": false,
      "data_access": false,
      "effective_action": "servicediscovery:UpdatePublicDnsNamespace",
      "privesc": false,
      "resource_exposure": false
    },
    {
      "access_level": "Write",
      "action": "servicediscovery:*",
      "condition": null,
      "credentials_exposure": false,
      "data_access": false,
      "effective_action": "servicediscovery:UpdateService",
      "privesc": false,
      "resource_exposure": false
    },
    {
      "access_level": "Write",
      "action": "servicediscovery:*",
      "condition": null,
      "credentials_exposure": false,
      "data_access": false,
      "effective_action": "servicediscovery:UpdateServiceAttributes",
      "privesc": false,
      "resource_exposure": false
    }
  ],
  "grantless": false,
  "malformed": false,
  "name": "AWSCloudMapFullAccess",
  "privesc": false,
  "resource_exposure": false,
  "undocumented_actions": false,
  "unknown_actions": [],
  "updatedate": "2020-07-29T19:15:35+00:00",
  "version": "v2"
}