{
  "access_levels": [
    "List",
    "Read",
    "Tagging",
    "Write"
  ],
  "arn": "arn:aws:iam::aws:policy/service-role/AWSCodeDeployRole",
  "createdate": "2023-08-16T20:38:58Z",
  "credentials_exposure": false,
  "data_access": false,
  "deprecated": false,
  "document": {
    "Statement": [
      {
        "Action": [
          "autoscaling:CompleteLifecycleAction",
          "autoscaling:DeleteLifecycleHook",
          "autoscaling:DescribeAutoScalingGroups",
          "autoscaling:DescribeLifecycleHooks",
          "autoscaling:PutLifecycleHook",
          "autoscaling:RecordLifecycleActionHeartbeat",
          "autoscaling:CreateAutoScalingGroup",
          "autoscaling:CreateOrUpdateTags",
          "autoscaling:UpdateAutoScalingGroup",
          "autoscaling:EnableMetricsCollection",
          "autoscaling:DescribePolicies",
          "autoscaling:DescribeScheduledActions",
          "autoscaling:DescribeNotificationConfigurations",
          "autoscaling:SuspendProcesses",
          "autoscaling:ResumeProcesses",
          "autoscaling:AttachLoadBalancers",
          "autoscaling:AttachLoadBalancerTargetGroups",
          "autoscaling:PutScalingPolicy",
          "autoscaling:PutScheduledUpdateGroupAction",
          "autoscaling:PutNotificationConfiguration",
          "autoscaling:PutWarmPool",
          "autoscaling:DescribeScalingActivities",
          "autoscaling:DeleteAutoScalingGroup",
          "ec2:DescribeInstances",
          "ec2:DescribeInstanceStatus",
          "ec2:TerminateInstances",
          "tag:GetResources",
          "sns:Publish",
          "cloudwatch:DescribeAlarms",
          "cloudwatch:PutMetricAlarm",
          "elasticloadbalancing:DescribeLoadBalancerAttributes",
          "elasticloadbalancing:DescribeTargetGroupAttributes",
          "elasticloadbalancing:DescribeLoadBalancers",
          "elasticloadbalancing:DescribeInstanceHealth",
          "elasticloadbalancing:RegisterInstancesWithLoadBalancer",
          "elasticloadbalancing:DeregisterInstancesFromLoadBalancer",
          "elasticloadbalancing:DescribeTargetGroups",
          "elasticloadbalancing:DescribeTargetHealth",
          "elasticloadbalancing:RegisterTargets",
          "elasticloadbalancing:DeregisterTargets"
        ],
        "Effect": "Allow",
        "Resource": "*"
      }
    ],
    "Version": "2012-10-17"
  },
  "effective_actions": [
    {
      "access_level": "Write",
      "action": "autoscaling:CompleteLifecycleAction",
      "condition": null,
      "credentials_exposure": false,
      "data_access": false,
      "effective_action": "autoscaling:CompleteLifecycleAction",
      "privesc": false,
      "resource_exposure": false
    },
    {
      "access_level": "Write",
      "action": "autoscaling:DeleteLifecycleHook",
      "condition": null,
      "credentials_exposure": false,
      "data_access": false,
      "effective_action": "autoscaling:DeleteLifecycleHook",
      "privesc": false,
      "resource_exposure": false
    },
    {
      "access_level": "List",
      "action": "autoscaling:DescribeAutoScalingGroups",
      "condition": null,
      "credentials_exposure": false,
      "data_access": false,
      "effective_action": "autoscaling:DescribeAutoScalingGroups",
      "privesc": false,
      "resource_exposure": false
    },
    {
      "access_level": "List",
      "action": "autoscaling:DescribeLifecycleHooks",
      "condition": null,
      "credentials_exposure": false,
      "data_access": false,
      "effective_action": "autoscaling:DescribeLifecycleHooks",
      "privesc": false,
      "resource_exposure": false
    },
    {
      "access_level": "Write",
      "action": "autoscaling:PutLifecycleHook",
      "condition": null,
      "credentials_exposure": false,
      "data_access": false,
      "effective_action": "autoscaling:PutLifecycleHook",
      "privesc": false,
      "resource_exposure": false
    },
    {
      "access_level": "Write",
      "action": "autoscaling:RecordLifecycleActionHeartbeat",
      "condition": null,
      "credentials_exposure": false,
      "data_access": false,
      "effective_action": "autoscaling:RecordLifecycleActionHeartbeat",
      "privesc": false,
      "resource_exposure": false
    },
    {
      "access_level": "Write",
      "action": "autoscaling:CreateAutoScalingGroup",
      "condition": null,
      "credentials_exposure": false,
      "data_access": false,
      "effective_action": "autoscaling:CreateAutoScalingGroup",
      "privesc": false,
      "resource_exposure": false
    },
    {
      "access_level": "Tagging",
      "action": "autoscaling:CreateOrUpdateTags",
      "condition": null,
      "credentials_exposure": false,
      "data_access": false,
      "effective_action": "autoscaling:CreateOrUpdateTags",
      "privesc": false,
      "resource_exposure": false
    },
    {
      "access_level": "Write",
      "action": "autoscaling:UpdateAutoScalingGroup",
      "condition": null,
      "credentials_exposure": false,
      "data_access": false,
      "effective_action": "autoscaling:UpdateAutoScalingGroup",
      "privesc": false,
      "resource_exposure": false
    },
    {
      "access_level": "Write",
      "action": "autoscaling:EnableMetricsCollection",
      "condition": null,
      "credentials_exposure": false,
      "data_access": false,
      "effective_action": "autoscaling:EnableMetricsCollection",
      "privesc": false,
      "resource_exposure": false
    },
    {
      "access_level": "List",
      "action": "autoscaling:DescribePolicies",
      "condition": null,
      "credentials_exposure": false,
      "data_access": false,
      "effective_action": "autoscaling:DescribePolicies",
      "privesc": false,
      "resource_exposure": false
    },
    {
      "access_level": "List",
      "action": "autoscaling:DescribeScheduledActions",
      "condition": null,
      "credentials_exposure": false,
      "data_access": false,
      "effective_action": "autoscaling:DescribeScheduledActions",
      "privesc": false,
      "resource_exposure": false
    },
    {
      "access_level": "List",
      "action": "autoscaling:DescribeNotificationConfigurations",
      "condition": null,
      "credentials_exposure": false,
      "data_access": false,
      "effective_action": "autoscaling:DescribeNotificationConfigurations",
      "privesc": false,
      "resource_exposure": false
    },
    {
      "access_level": "Write",
      "action": "autoscaling:SuspendProcesses",
      "condition": null,
      "credentials_exposure": false,
      "data_access": false,
      "effective_action": "autoscaling:SuspendProcesses",
      "privesc": false,
      "resource_exposure": false
    },
    {
      "access_level": "Write",
      "action": "autoscaling:ResumeProcesses",
      "condition": null,
      "credentials_exposure": false,
      "data_access": false,
      "effective_action": "autoscaling:ResumeProcesses",
      "privesc": false,
      "resource_exposure": false
    },
    {
      "access_level": "Write",
      "action": "autoscaling:AttachLoadBalancers",
      "condition": null,
      "credentials_exposure": false,
      "data_access": false,
      "effective_action": "autoscaling:AttachLoadBalancers",
      "privesc": false,
      "resource_exposure": false
    },
    {
      "access_level": "Write",
      "action": "autoscaling:AttachLoadBalancerTargetGroups",
      "condition": null,
      "credentials_exposure": false,
      "data_access": false,
      "effective_action": "autoscaling:AttachLoadBalancerTargetGroups",
      "privesc": false,
      "resource_exposure": false
    },
    {
      "access_level": "Write",
      "action": "autoscaling:PutScalingPolicy",
      "condition": null,
      "credentials_exposure": false,
      "data_access": false,
      "effective_action": "autoscaling:PutScalingPolicy",
      "privesc": false,
      "resource_exposure": false
    },
    {
      "access_level": "Write",
      "action": "autoscaling:PutScheduledUpdateGroupAction",
      "condition": null,
      "credentials_exposure": false,
      "data_access": false,
      "effective_action": "autoscaling:PutScheduledUpdateGroupAction",
      "privesc": false,
      "resource_exposure": false
    },
    {
      "access_level": "Write",
      "action": "autoscaling:PutNotificationConfiguration",
      "condition": null,
      "credentials_exposure": false,
      "data_access": false,
      "effective_action": "autoscaling:PutNotificationConfiguration",
      "privesc": false,
      "resource_exposure": false
    },
    {
      "access_level": "Write",
      "action": "autoscaling:PutWarmPool",
      "condition": null,
      "credentials_exposure": false,
      "data_access": false,
      "effective_action": "autoscaling:PutWarmPool",
      "privesc": false,
      "resource_exposure": false
    },
    {
      "access_level": "List",
      "action": "autoscaling:DescribeScalingActivities",
      "condition": null,
      "credentials_exposure": false,
      "data_access": false,
      "effective_action": "autoscaling:DescribeScalingActivities",
      "privesc": false,
      "resource_exposure": false
    },
    {
      "access_level": "Write",
      "action": "autoscaling:DeleteAutoScalingGroup",
      "condition": null,
      "credentials_exposure": false,
      "data_access": false,
      "effective_action": "autoscaling:DeleteAutoScalingGroup",
      "privesc": false,
      "resource_exposure": false
    },
    {
      "access_level": "List",
      "action": "ec2:DescribeInstances",
      "condition": null,
      "credentials_exposure": false,
      "data_access": false,
      "effective_action": "ec2:DescribeInstances",
      "privesc": false,
      "resource_exposure": false
    },
    {
      "access_level": "List",
      "action": "ec2:DescribeInstanceStatus",
      "condition": null,
      "credentials_exposure": false,
      "data_access": false,
      "effective_action": "ec2:DescribeInstanceStatus",
      "privesc": false,
      "resource_exposure": false
    },
    {
      "access_level": "Write",
      "action": "ec2:TerminateInstances",
      "condition": null,
      "credentials_exposure": false,
      "data_access": false,
      "effective_action": "ec2:TerminateInstances",
      "privesc": false,
      "resource_exposure": false
    },
    {
      "access_level": "Read",
      "action": "tag:GetResources",
      "condition": null,
      "credentials_exposure": false,
      "data_access": false,
      "effective_action": "tag:GetResources",
      "privesc": false,
      "resource_exposure": false
    },
    {
      "access_level": "Write",
      "action": "sns:Publish",
      "condition": null,
      "credentials_exposure": false,
      "data_access": false,
      "effective_action": "sns:Publish",
      "privesc": false,
      "resource_exposure": false
    },
    {
      "access_level": "Read",
      "action": "cloudwatch:DescribeAlarms",
      "condition": null,
      "credentials_exposure": false,
      "data_access": false,
      "effective_action": "cloudwatch:DescribeAlarms",
      "privesc": false,
      "resource_exposure": false
    },
    {
      "access_level": "Write",
      "action": "cloudwatch:PutMetricAlarm",
      "condition": null,
      "credentials_exposure": false,
      "data_access": false,
      "effective_action": "cloudwatch:PutMetricAlarm",
      "privesc": false,
      "resource_exposure": false
    },
    {
      "access_level": "Read",
      "action": "elasticloadbalancing:DescribeLoadBalancerAttributes",
      "condition": null,
      "credentials_exposure": false,
      "data_access": false,
      "effective_action": "elasticloadbalancing:DescribeLoadBalancerAttributes",
      "privesc": false,
      "resource_exposure": false
    },
    {
      "access_level": "Read",
      "action": "elasticloadbalancing:DescribeTargetGroupAttributes",
      "condition": null,
      "credentials_exposure": false,
      "data_access": false,
      "effective_action": "elasticloadbalancing:DescribeTargetGroupAttributes",
      "privesc": false,
      "resource_exposure": false
    },
    {
      "access_level": "List",
      "action": "elasticloadbalancing:DescribeLoadBalancers",
      "condition": null,
      "credentials_exposure": false,
      "data_access": false,
      "effective_action": "elasticloadbalancing:DescribeLoadBalancers",
      "privesc": false,
      "resource_exposure": false
    },
    {
      "access_level": "Read",
      "action": "elasticloadbalancing:DescribeInstanceHealth",
      "condition": null,
      "credentials_exposure": false,
      "data_access": false,
      "effective_action": "elasticloadbalancing:DescribeInstanceHealth",
      "privesc": false,
      "resource_exposure": false
    },
    {
      "access_level": "Write",
      "action": "elasticloadbalancing:RegisterInstancesWithLoadBalancer",
      "condition": null,
      "credentials_exposure": false,
      "data_access": false,
      "effective_action": "elasticloadbalancing:RegisterInstancesWithLoadBalancer",
      "privesc": false,
      "resource_exposure": false
    },
    {
      "access_level": "Write",
      "action": "elasticloadbalancing:DeregisterInstancesFromLoadBalancer",
      "condition": null,
      "credentials_exposure": false,
      "data_access": false,
      "effective_action": "elasticloadbalancing:DeregisterInstancesFromLoadBalancer",
      "privesc": false,
      "resource_exposure": false
    },
    {
      "access_level": "Read",
      "action": "elasticloadbalancing:DescribeTargetGroups",
      "condition": null,
      "credentials_exposure": false,
      "data_access": false,
      "effective_action": "elasticloadbalancing:DescribeTargetGroups",
      "privesc": false,
      "resource_exposure": false
    },
    {
      "access_level": "Read",
      "action": "elasticloadbalancing:DescribeTargetHealth",
      "condition": null,
      "credentials_exposure": false,
      "data_access": false,
      "effective_action": "elasticloadbalancing:DescribeTargetHealth",
      "privesc": false,
      "resource_exposure": false
    },
    {
      "access_level": "Write",
      "action": "elasticloadbalancing:RegisterTargets",
      "condition": null,
      "credentials_exposure": false,
      "data_access": false,
      "effective_action": "elasticloadbalancing:RegisterTargets",
      "privesc": false,
      "resource_exposure": false
    },
    {
      "access_level": "Write",
      "action": "elasticloadbalancing:DeregisterTargets",
      "condition": null,
      "credentials_exposure": false,
      "data_access": false,
      "effective_action": "elasticloadbalancing:DeregisterTargets",
      "privesc": false,
      "resource_exposure": false
    }
  ],
  "grantless": false,
  "malformed": false,
  "name": "AWSCodeDeployRole",
  "privesc": false,
  "resource_exposure": false,
  "undocumented_actions": false,
  "unknown_actions": [],
  "updatedate": "2023-08-16T20:38:58+00:00",
  "version": "v11"
}