{
  "access_levels": [
    "List",
    "Read"
  ],
  "arn": "arn:aws:iam::aws:policy/AWSDataExchangeReadOnly",
  "createdate": "2024-10-24T14:40:40Z",
  "credentials_exposure": false,
  "data_access": false,
  "deprecated": false,
  "document": {
    "Statement": [
      {
        "Action": [
          "dataexchange:GetAsset",
          "dataexchange:GetDataSet",
          "dataexchange:GetEventAction",
          "dataexchange:GetJob",
          "dataexchange:GetRevision",
          "dataexchange:GetDataGrant",
          "dataexchange:GetReceivedDataGrant",
          "dataexchange:ListDataGrants",
          "dataexchange:ListReceivedDataGrants",
          "dataexchange:ListDataSetRevisions",
          "dataexchange:ListDataSets",
          "dataexchange:ListEventActions",
          "dataexchange:ListJobs",
          "dataexchange:ListRevisionAssets",
          "dataexchange:ListTagsForResource"
        ],
        "Effect": "Allow",
        "Resource": "*",
        "Sid": "DataExchangeReadOnlyActions"
      },
      {
        "Action": [
          "aws-marketplace:ViewSubscriptions",
          "aws-marketplace:GetAgreementRequest",
          "aws-marketplace:ListAgreementRequests",
          "aws-marketplace:GetAgreementApprovalRequest",
          "aws-marketplace:ListAgreementApprovalRequests",
          "aws-marketplace:DescribeEntity",
          "aws-marketplace:ListEntities",
          "aws-marketplace:DescribeChangeSet",
          "aws-marketplace:ListChangeSets",
          "aws-marketplace:SearchAgreements",
          "aws-marketplace:GetAgreementTerms",
          "aws-marketplace:ListPrivateListings",
          "aws-marketplace:ListTagsForResource"
        ],
        "Effect": "Allow",
        "Resource": "*",
        "Sid": "AWSMarketplaceReadOnlyActions"
      }
    ],
    "Version": "2012-10-17"
  },
  "effective_actions": [
    {
      "access_level": "Read",
      "action": "dataexchange:GetAsset",
      "condition": null,
      "credentials_exposure": false,
      "data_access": false,
      "effective_action": "dataexchange:GetAsset",
      "privesc": false,
      "resource_exposure": false
    },
    {
      "access_level": "Read",
      "action": "dataexchange:GetDataSet",
      "condition": null,
      "credentials_exposure": false,
      "data_access": false,
      "effective_action": "dataexchange:GetDataSet",
      "privesc": false,
      "resource_exposure": false
    },
    {
      "access_level": "Read",
      "action": "dataexchange:GetEventAction",
      "condition": null,
      "credentials_exposure": false,
      "data_access": false,
      "effective_action": "dataexchange:GetEventAction",
      "privesc": false,
      "resource_exposure": false
    },
    {
      "access_level": "Read",
      "action": "dataexchange:GetJob",
      "condition": null,
      "credentials_exposure": false,
      "data_access": false,
      "effective_action": "dataexchange:GetJob",
      "privesc": false,
      "resource_exposure": false
    },
    {
      "access_level": "Read",
      "action": "dataexchange:GetRevision",
      "condition": null,
      "credentials_exposure": false,
      "data_access": false,
      "effective_action": "dataexchange:GetRevision",
      "privesc": false,
      "resource_exposure": false
    },
    {
      "access_level": "Read",
      "action": "dataexchange:GetDataGrant",
      "condition": null,
      "credentials_exposure": false,
      "data_access": false,
      "effective_action": "dataexchange:GetDataGrant",
      "privesc": false,
      "resource_exposure": false
    },
    {
      "access_level": "Read",
      "action": "dataexchange:GetReceivedDataGrant",
      "condition": null,
      "credentials_exposure": false,
      "data_access": false,
      "effective_action": "dataexchange:GetReceivedDataGrant",
      "privesc": false,
      "resource_exposure": false
    },
    {
      "access_level": "List",
      "action": "dataexchange:ListDataGrants",
      "condition": null,
      "credentials_exposure": false,
      "data_access": false,
      "effective_action": "dataexchange:ListDataGrants",
      "privesc": false,
      "resource_exposure": false
    },
    {
      "access_level": "List",
      "action": "dataexchange:ListReceivedDataGrants",
      "condition": null,
      "credentials_exposure": false,
      "data_access": false,
      "effective_action": "dataexchange:ListReceivedDataGrants",
      "privesc": false,
      "resource_exposure": false
    },
    {
      "access_level": "List",
      "action": "dataexchange:ListDataSetRevisions",
      "condition": null,
      "credentials_exposure": false,
      "data_access": false,
      "effective_action": "dataexchange:ListDataSetRevisions",
      "privesc": false,
      "resource_exposure": false
    },
    {
      "access_level": "List",
      "action": "dataexchange:ListDataSets",
      "condition": null,
      "credentials_exposure": false,
      "data_access": false,
      "effective_action": "dataexchange:ListDataSets",
      "privesc": false,
      "resource_exposure": false
    },
    {
      "access_level": "List",
      "action": "dataexchange:ListEventActions",
      "condition": null,
      "credentials_exposure": false,
      "data_access": false,
      "effective_action": "dataexchange:ListEventActions",
      "privesc": false,
      "resource_exposure": false
    },
    {
      "access_level": "List",
      "action": "dataexchange:ListJobs",
      "condition": null,
      "credentials_exposure": false,
      "data_access": false,
      "effective_action": "dataexchange:ListJobs",
      "privesc": false,
      "resource_exposure": false
    },
    {
      "access_level": "List",
      "action": "dataexchange:ListRevisionAssets",
      "condition": null,
      "credentials_exposure": false,
      "data_access": false,
      "effective_action": "dataexchange:ListRevisionAssets",
      "privesc": false,
      "resource_exposure": false
    },
    {
      "access_level": "List",
      "action": "dataexchange:ListTagsForResource",
      "condition": null,
      "credentials_exposure": false,
      "data_access": false,
      "effective_action": "dataexchange:ListTagsForResource",
      "privesc": false,
      "resource_exposure": false
    },
    {
      "access_level": "List",
      "action": "aws-marketplace:ViewSubscriptions",
      "condition": null,
      "credentials_exposure": false,
      "data_access": false,
      "effective_action": "aws-marketplace:ViewSubscriptions",
      "privesc": false,
      "resource_exposure": false
    },
    {
      "access_level": "Read",
      "action": "aws-marketplace:GetAgreementRequest",
      "condition": null,
      "credentials_exposure": false,
      "data_access": false,
      "effective_action": "aws-marketplace:GetAgreementRequest",
      "privesc": false,
      "resource_exposure": false
    },
    {
      "access_level": "List",
      "action": "aws-marketplace:ListAgreementRequests",
      "condition": null,
      "credentials_exposure": false,
      "data_access": false,
      "effective_action": "aws-marketplace:ListAgreementRequests",
      "privesc": false,
      "resource_exposure": false
    },
    {
      "access_level": "Read",
      "action": "aws-marketplace:GetAgreementApprovalRequest",
      "condition": null,
      "credentials_exposure": false,
      "data_access": false,
      "effective_action": "aws-marketplace:GetAgreementApprovalRequest",
      "privesc": false,
      "resource_exposure": false
    },
    {
      "access_level": "List",
      "action": "aws-marketplace:ListAgreementApprovalRequests",
      "condition": null,
      "credentials_exposure": false,
      "data_access": false,
      "effective_action": "aws-marketplace:ListAgreementApprovalRequests",
      "privesc": false,
      "resource_exposure": false
    },
    {
      "access_level": "Read",
      "action": "aws-marketplace:DescribeEntity",
      "condition": null,
      "credentials_exposure": false,
      "data_access": false,
      "effective_action": "aws-marketplace:DescribeEntity",
      "privesc": false,
      "resource_exposure": false
    },
    {
      "access_level": "List",
      "action": "aws-marketplace:ListEntities",
      "condition": null,
      "credentials_exposure": false,
      "data_access": false,
      "effective_action": "aws-marketplace:ListEntities",
      "privesc": false,
      "resource_exposure": false
    },
    {
      "access_level": "Read",
      "action": "aws-marketplace:DescribeChangeSet",
      "condition": null,
      "credentials_exposure": false,
      "data_access": false,
      "effective_action": "aws-marketplace:DescribeChangeSet",
      "privesc": false,
      "resource_exposure": false
    },
    {
      "access_level": "List",
      "action": "aws-marketplace:ListChangeSets",
      "condition": null,
      "credentials_exposure": false,
      "data_access": false,
      "effective_action": "aws-marketplace:ListChangeSets",
      "privesc": false,
      "resource_exposure": false
    },
    {
      "access_level": "List",
      "action": "aws-marketplace:SearchAgreements",
      "condition": null,
      "credentials_exposure": false,
      "data_access": false,
      "effective_action": "aws-marketplace:SearchAgreements",
      "privesc": false,
      "resource_exposure": false
    },
    {
      "access_level": "List",
      "action": "aws-marketplace:GetAgreementTerms",
      "condition": null,
      "credentials_exposure": false,
      "data_access": false,
      "effective_action": "aws-marketplace:GetAgreementTerms",
      "privesc": false,
      "resource_exposure": false
    },
    {
      "access_level": "List",
      "action": "aws-marketplace:ListPrivateListings",
      "condition": null,
      "credentials_exposure": false,
      "data_access": false,
      "effective_action": "aws-marketplace:ListPrivateListings",
      "privesc": false,
      "resource_exposure": false
    },
    {
      "access_level": "Read",
      "action": "aws-marketplace:ListTagsForResource",
      "condition": null,
      "credentials_exposure": false,
      "data_access": false,
      "effective_action": "aws-marketplace:ListTagsForResource",
      "privesc": false,
      "resource_exposure": false
    }
  ],
  "grantless": false,
  "malformed": false,
  "name": "AWSDataExchangeReadOnly",
  "privesc": false,
  "resource_exposure": false,
  "undocumented_actions": false,
  "unknown_actions": [],
  "updatedate": "2024-10-24T14:40:40+00:00",
  "version": "v4"
}