{
  "access_levels": [
    "List",
    "Read",
    "Write",
    "Permissions management"
  ],
  "arn": "arn:aws:iam::aws:policy/AWSDirectoryServiceDataFullAccess",
  "createdate": "2024-09-18T21:45:17Z",
  "credentials_exposure": false,
  "data_access": false,
  "deprecated": false,
  "document": {
    "Statement": [
      {
        "Action": [
          "ds:AccessDSData",
          "ds-data:AddGroupMember",
          "ds-data:CreateGroup",
          "ds-data:CreateUser",
          "ds-data:DeleteGroup",
          "ds-data:DeleteUser",
          "ds-data:DescribeGroup",
          "ds-data:DescribeUser",
          "ds-data:DisableUser",
          "ds-data:ListGroupMembers",
          "ds-data:ListGroups",
          "ds-data:ListGroupsForMember",
          "ds-data:ListUsers",
          "ds-data:RemoveGroupMember",
          "ds-data:SearchGroups",
          "ds-data:SearchUsers",
          "ds-data:UpdateGroup",
          "ds-data:UpdateUser"
        ],
        "Effect": "Allow",
        "Resource": [
          "arn:aws:ds:*:*:directory/*"
        ],
        "Sid": "DSDataFullAccess"
      }
    ],
    "Version": "2012-10-17"
  },
  "effective_actions": [
    {
      "access_level": "Permissions management",
      "action": "ds:AccessDSData",
      "condition": null,
      "credentials_exposure": false,
      "data_access": false,
      "effective_action": "ds:AccessDSData",
      "privesc": false,
      "resource_exposure": false
    },
    {
      "access_level": "Write",
      "action": "ds-data:AddGroupMember",
      "condition": null,
      "credentials_exposure": false,
      "data_access": false,
      "effective_action": "ds-data:AddGroupMember",
      "privesc": false,
      "resource_exposure": false
    },
    {
      "access_level": "Write",
      "action": "ds-data:CreateGroup",
      "condition": null,
      "credentials_exposure": false,
      "data_access": false,
      "effective_action": "ds-data:CreateGroup",
      "privesc": false,
      "resource_exposure": false
    },
    {
      "access_level": "Write",
      "action": "ds-data:CreateUser",
      "condition": null,
      "credentials_exposure": false,
      "data_access": false,
      "effective_action": "ds-data:CreateUser",
      "privesc": false,
      "resource_exposure": false
    },
    {
      "access_level": "Write",
      "action": "ds-data:DeleteGroup",
      "condition": null,
      "credentials_exposure": false,
      "data_access": false,
      "effective_action": "ds-data:DeleteGroup",
      "privesc": false,
      "resource_exposure": false
    },
    {
      "access_level": "Write",
      "action": "ds-data:DeleteUser",
      "condition": null,
      "credentials_exposure": false,
      "data_access": false,
      "effective_action": "ds-data:DeleteUser",
      "privesc": false,
      "resource_exposure": false
    },
    {
      "access_level": "Read",
      "action": "ds-data:DescribeGroup",
      "condition": null,
      "credentials_exposure": false,
      "data_access": false,
      "effective_action": "ds-data:DescribeGroup",
      "privesc": false,
      "resource_exposure": false
    },
    {
      "access_level": "Read",
      "action": "ds-data:DescribeUser",
      "condition": null,
      "credentials_exposure": false,
      "data_access": false,
      "effective_action": "ds-data:DescribeUser",
      "privesc": false,
      "resource_exposure": false
    },
    {
      "access_level": "Write",
      "action": "ds-data:DisableUser",
      "condition": null,
      "credentials_exposure": false,
      "data_access": false,
      "effective_action": "ds-data:DisableUser",
      "privesc": false,
      "resource_exposure": false
    },
    {
      "access_level": "List",
      "action": "ds-data:ListGroupMembers",
      "condition": null,
      "credentials_exposure": false,
      "data_access": false,
      "effective_action": "ds-data:ListGroupMembers",
      "privesc": false,
      "resource_exposure": false
    },
    {
      "access_level": "List",
      "action": "ds-data:ListGroups",
      "condition": null,
      "credentials_exposure": false,
      "data_access": false,
      "effective_action": "ds-data:ListGroups",
      "privesc": false,
      "resource_exposure": false
    },
    {
      "access_level": "List",
      "action": "ds-data:ListGroupsForMember",
      "condition": null,
      "credentials_exposure": false,
      "data_access": false,
      "effective_action": "ds-data:ListGroupsForMember",
      "privesc": false,
      "resource_exposure": false
    },
    {
      "access_level": "List",
      "action": "ds-data:ListUsers",
      "condition": null,
      "credentials_exposure": false,
      "data_access": false,
      "effective_action": "ds-data:ListUsers",
      "privesc": false,
      "resource_exposure": false
    },
    {
      "access_level": "Write",
      "action": "ds-data:RemoveGroupMember",
      "condition": null,
      "credentials_exposure": false,
      "data_access": false,
      "effective_action": "ds-data:RemoveGroupMember",
      "privesc": false,
      "resource_exposure": false
    },
    {
      "access_level": "Read",
      "action": "ds-data:SearchGroups",
      "condition": null,
      "credentials_exposure": false,
      "data_access": false,
      "effective_action": "ds-data:SearchGroups",
      "privesc": false,
      "resource_exposure": false
    },
    {
      "access_level": "Read",
      "action": "ds-data:SearchUsers",
      "condition": null,
      "credentials_exposure": false,
      "data_access": false,
      "effective_action": "ds-data:SearchUsers",
      "privesc": false,
      "resource_exposure": false
    },
    {
      "access_level": "Write",
      "action": "ds-data:UpdateGroup",
      "condition": null,
      "credentials_exposure": false,
      "data_access": false,
      "effective_action": "ds-data:UpdateGroup",
      "privesc": false,
      "resource_exposure": false
    },
    {
      "access_level": "Write",
      "action": "ds-data:UpdateUser",
      "condition": null,
      "credentials_exposure": false,
      "data_access": false,
      "effective_action": "ds-data:UpdateUser",
      "privesc": false,
      "resource_exposure": false
    }
  ],
  "grantless": false,
  "malformed": false,
  "name": "AWSDirectoryServiceDataFullAccess",
  "privesc": false,
  "resource_exposure": false,
  "undocumented_actions": false,
  "unknown_actions": [],
  "updatedate": "2024-09-18T21:45:17+00:00",
  "version": "v1"
}