{
  "access_levels": [
    "Read",
    "Write"
  ],
  "arn": "arn:aws:iam::aws:policy/aws-service-role/AWSDataSyncServiceRolePolicy",
  "createdate": "2025-04-15T16:37:06Z",
  "credentials_exposure": false,
  "data_access": false,
  "deprecated": false,
  "document": {
    "Statement": [
      {
        "Action": [
          "logs:CreateLogGroup",
          "logs:CreateLogStream"
        ],
        "Effect": "Allow",
        "Resource": [
          "arn:*:logs:*:*:log-group:/aws/datasync*"
        ],
        "Sid": "DataSyncCloudWatchLogCreateAccess"
      },
      {
        "Action": [
          "logs:PutLogEvents"
        ],
        "Effect": "Allow",
        "Resource": [
          "arn:*:logs:*:*:log-group:/aws/datasync*:log-stream:*"
        ],
        "Sid": "DataSyncCloudWatchLogStreamUpdateAccess"
      },
      {
        "Action": [
          "secretsmanager:DescribeSecret",
          "secretsmanager:GetSecretValue"
        ],
        "Condition": {
          "StringEquals": {
            "aws:ResourceAccount": "${aws:PrincipalAccount}",
            "secretsmanager:ResourceTag/aws:secretsmanager:owningService": "aws-datasync"
          }
        },
        "Effect": "Allow",
        "Resource": [
          "arn:*:secretsmanager:*:*:secret:aws-datasync!*"
        ],
        "Sid": "DataSyncSecretsManagerReadAccess"
      }
    ],
    "Version": "2012-10-17"
  },
  "effective_actions": [
    {
      "access_level": "Write",
      "action": "logs:CreateLogGroup",
      "condition": null,
      "credentials_exposure": false,
      "data_access": false,
      "effective_action": "logs:CreateLogGroup",
      "privesc": false,
      "resource_exposure": false
    },
    {
      "access_level": "Write",
      "action": "logs:CreateLogStream",
      "condition": null,
      "credentials_exposure": false,
      "data_access": false,
      "effective_action": "logs:CreateLogStream",
      "privesc": false,
      "resource_exposure": false
    },
    {
      "access_level": "Write",
      "action": "logs:PutLogEvents",
      "condition": null,
      "credentials_exposure": false,
      "data_access": false,
      "effective_action": "logs:PutLogEvents",
      "privesc": false,
      "resource_exposure": false
    },
    {
      "access_level": "Read",
      "action": "secretsmanager:DescribeSecret",
      "condition": {
        "StringEquals": {
          "aws:ResourceAccount": "${aws:PrincipalAccount}",
          "secretsmanager:ResourceTag/aws:secretsmanager:owningService": "aws-datasync"
        }
      },
      "credentials_exposure": false,
      "data_access": false,
      "effective_action": "secretsmanager:DescribeSecret",
      "privesc": false,
      "resource_exposure": false
    },
    {
      "access_level": "Read",
      "action": "secretsmanager:GetSecretValue",
      "condition": {
        "StringEquals": {
          "aws:ResourceAccount": "${aws:PrincipalAccount}",
          "secretsmanager:ResourceTag/aws:secretsmanager:owningService": "aws-datasync"
        }
      },
      "credentials_exposure": false,
      "data_access": false,
      "effective_action": "secretsmanager:GetSecretValue",
      "privesc": false,
      "resource_exposure": false
    }
  ],
  "grantless": false,
  "malformed": false,
  "name": "AWSDataSyncServiceRolePolicy",
  "privesc": false,
  "resource_exposure": false,
  "undocumented_actions": false,
  "unknown_actions": [],
  "updatedate": "2025-04-15T16:37:06+00:00",
  "version": "v2"
}