{
  "access_levels": [
    "List",
    "Read",
    "Tagging",
    "Write",
    "Permissions management"
  ],
  "arn": "arn:aws:iam::aws:policy/AWSDeepRacerRoboMakerAccessPolicy",
  "createdate": "2019-02-28T21:59:58Z",
  "credentials_exposure": false,
  "data_access": true,
  "deprecated": false,
  "document": {
    "Statement": [
      {
        "Action": [
          "robomaker:*"
        ],
        "Effect": "Allow",
        "Resource": "*"
      },
      {
        "Action": [
          "cloudwatch:PutMetricData",
          "ec2:CreateNetworkInterfacePermission",
          "ec2:DeleteNetworkInterface",
          "ec2:DescribeNetworkInterfaces",
          "ec2:DescribeSubnets",
          "ec2:DescribeSecurityGroups",
          "ec2:DescribeVpcs"
        ],
        "Effect": "Allow",
        "Resource": "*"
      },
      {
        "Action": [
          "logs:CreateLogGroup",
          "logs:CreateLogStream",
          "logs:DescribeLogStreams",
          "logs:PutLogEvents"
        ],
        "Effect": "Allow",
        "Resource": [
          "arn:aws:logs:*:*:log-group:/aws/robomaker/SimulationJobs",
          "arn:aws:logs:*:*:log-group:/aws/robomaker/SimulationJobs:log-stream:*"
        ]
      },
      {
        "Action": [
          "s3:GetObject",
          "s3:GetBucketLocation",
          "s3:ListBucket",
          "s3:ListAllMyBuckets",
          "s3:PutObject"
        ],
        "Effect": "Allow",
        "Resource": [
          "arn:aws:s3:::*DeepRacer*",
          "arn:aws:s3:::*Deepracer*",
          "arn:aws:s3:::*deepracer*",
          "arn:aws:s3:::dr-*"
        ]
      },
      {
        "Action": [
          "s3:GetObject"
        ],
        "Condition": {
          "StringEqualsIgnoreCase": {
            "s3:ExistingObjectTag/DeepRacer": "true"
          }
        },
        "Effect": "Allow",
        "Resource": "*"
      },
      {
        "Action": [
          "kinesisvideo:CreateStream",
          "kinesisvideo:DescribeStream",
          "kinesisvideo:GetDataEndpoint",
          "kinesisvideo:PutMedia",
          "kinesisvideo:TagStream"
        ],
        "Effect": "Allow",
        "Resource": [
          "arn:aws:kinesisvideo:*:*:stream/dr-*"
        ]
      }
    ],
    "Version": "2012-10-17"
  },
  "effective_actions": [
    {
      "access_level": "Write",
      "action": "robomaker:*",
      "condition": null,
      "credentials_exposure": false,
      "data_access": false,
      "effective_action": "robomaker:BatchDeleteWorlds",
      "privesc": false,
      "resource_exposure": false
    },
    {
      "access_level": "Read",
      "action": "robomaker:*",
      "condition": null,
      "credentials_exposure": false,
      "data_access": false,
      "effective_action": "robomaker:BatchDescribeSimulationJob",
      "privesc": false,
      "resource_exposure": false
    },
    {
      "access_level": "Write",
      "action": "robomaker:*",
      "condition": null,
      "credentials_exposure": false,
      "data_access": false,
      "effective_action": "robomaker:CancelDeploymentJob",
      "privesc": false,
      "resource_exposure": false
    },
    {
      "access_level": "Write",
      "action": "robomaker:*",
      "condition": null,
      "credentials_exposure": false,
      "data_access": false,
      "effective_action": "robomaker:CancelSimulationJob",
      "privesc": false,
      "resource_exposure": false
    },
    {
      "access_level": "Write",
      "action": "robomaker:*",
      "condition": null,
      "credentials_exposure": false,
      "data_access": false,
      "effective_action": "robomaker:CancelSimulationJobBatch",
      "privesc": false,
      "resource_exposure": false
    },
    {
      "access_level": "Write",
      "action": "robomaker:*",
      "condition": null,
      "credentials_exposure": false,
      "data_access": false,
      "effective_action": "robomaker:CancelWorldExportJob",
      "privesc": false,
      "resource_exposure": false
    },
    {
      "access_level": "Write",
      "action": "robomaker:*",
      "condition": null,
      "credentials_exposure": false,
      "data_access": false,
      "effective_action": "robomaker:CancelWorldGenerationJob",
      "privesc": false,
      "resource_exposure": false
    },
    {
      "access_level": "Write",
      "action": "robomaker:*",
      "condition": null,
      "credentials_exposure": false,
      "data_access": false,
      "effective_action": "robomaker:CreateDeploymentJob",
      "privesc": false,
      "resource_exposure": false
    },
    {
      "access_level": "Write",
      "action": "robomaker:*",
      "condition": null,
      "credentials_exposure": false,
      "data_access": false,
      "effective_action": "robomaker:CreateFleet",
      "privesc": false,
      "resource_exposure": false
    },
    {
      "access_level": "Write",
      "action": "robomaker:*",
      "condition": null,
      "credentials_exposure": false,
      "data_access": false,
      "effective_action": "robomaker:CreateRobot",
      "privesc": false,
      "resource_exposure": false
    },
    {
      "access_level": "Write",
      "action": "robomaker:*",
      "condition": null,
      "credentials_exposure": false,
      "data_access": false,
      "effective_action": "robomaker:CreateRobotApplication",
      "privesc": false,
      "resource_exposure": false
    },
    {
      "access_level": "Write",
      "action": "robomaker:*",
      "condition": null,
      "credentials_exposure": false,
      "data_access": false,
      "effective_action": "robomaker:CreateRobotApplicationVersion",
      "privesc": false,
      "resource_exposure": false
    },
    {
      "access_level": "Write",
      "action": "robomaker:*",
      "condition": null,
      "credentials_exposure": false,
      "data_access": false,
      "effective_action": "robomaker:CreateSimulationApplication",
      "privesc": false,
      "resource_exposure": false
    },
    {
      "access_level": "Write",
      "action": "robomaker:*",
      "condition": null,
      "credentials_exposure": false,
      "data_access": false,
      "effective_action": "robomaker:CreateSimulationApplicationVersion",
      "privesc": false,
      "resource_exposure": false
    },
    {
      "access_level": "Write",
      "action": "robomaker:*",
      "condition": null,
      "credentials_exposure": false,
      "data_access": false,
      "effective_action": "robomaker:CreateSimulationJob",
      "privesc": false,
      "resource_exposure": false
    },
    {
      "access_level": "Write",
      "action": "robomaker:*",
      "condition": null,
      "credentials_exposure": false,
      "data_access": false,
      "effective_action": "robomaker:CreateWorldExportJob",
      "privesc": false,
      "resource_exposure": false
    },
    {
      "access_level": "Write",
      "action": "robomaker:*",
      "condition": null,
      "credentials_exposure": false,
      "data_access": false,
      "effective_action": "robomaker:CreateWorldGenerationJob",
      "privesc": false,
      "resource_exposure": false
    },
    {
      "access_level": "Write",
      "action": "robomaker:*",
      "condition": null,
      "credentials_exposure": false,
      "data_access": false,
      "effective_action": "robomaker:CreateWorldTemplate",
      "privesc": false,
      "resource_exposure": false
    },
    {
      "access_level": "Write",
      "action": "robomaker:*",
      "condition": null,
      "credentials_exposure": false,
      "data_access": false,
      "effective_action": "robomaker:DeleteFleet",
      "privesc": false,
      "resource_exposure": false
    },
    {
      "access_level": "Write",
      "action": "robomaker:*",
      "condition": null,
      "credentials_exposure": false,
      "data_access": false,
      "effective_action": "robomaker:DeleteRobot",
      "privesc": false,
      "resource_exposure": false
    },
    {
      "access_level": "Write",
      "action": "robomaker:*",
      "condition": null,
      "credentials_exposure": false,
      "data_access": false,
      "effective_action": "robomaker:DeleteRobotApplication",
      "privesc": false,
      "resource_exposure": false
    },
    {
      "access_level": "Write",
      "action": "robomaker:*",
      "condition": null,
      "credentials_exposure": false,
      "data_access": false,
      "effective_action": "robomaker:DeleteSimulationApplication",
      "privesc": false,
      "resource_exposure": false
    },
    {
      "access_level": "Write",
      "action": "robomaker:*",
      "condition": null,
      "credentials_exposure": false,
      "data_access": false,
      "effective_action": "robomaker:DeleteWorldTemplate",
      "privesc": false,
      "resource_exposure": false
    },
    {
      "access_level": "Write",
      "action": "robomaker:*",
      "condition": null,
      "credentials_exposure": false,
      "data_access": false,
      "effective_action": "robomaker:DeregisterRobot",
      "privesc": false,
      "resource_exposure": false
    },
    {
      "access_level": "Read",
      "action": "robomaker:*",
      "condition": null,
      "credentials_exposure": false,
      "data_access": false,
      "effective_action": "robomaker:DescribeDeploymentJob",
      "privesc": false,
      "resource_exposure": false
    },
    {
      "access_level": "Read",
      "action": "robomaker:*",
      "condition": null,
      "credentials_exposure": false,
      "data_access": false,
      "effective_action": "robomaker:DescribeFleet",
      "privesc": false,
      "resource_exposure": false
    },
    {
      "access_level": "Read",
      "action": "robomaker:*",
      "condition": null,
      "credentials_exposure": false,
      "data_access": false,
      "effective_action": "robomaker:DescribeRobot",
      "privesc": false,
      "resource_exposure": false
    },
    {
      "access_level": "Read",
      "action": "robomaker:*",
      "condition": null,
      "credentials_exposure": false,
      "data_access": false,
      "effective_action": "robomaker:DescribeRobotApplication",
      "privesc": false,
      "resource_exposure": false
    },
    {
      "access_level": "Read",
      "action": "robomaker:*",
      "condition": null,
      "credentials_exposure": false,
      "data_access": false,
      "effective_action": "robomaker:DescribeSimulationApplication",
      "privesc": false,
      "resource_exposure": false
    },
    {
      "access_level": "Read",
      "action": "robomaker:*",
      "condition": null,
      "credentials_exposure": false,
      "data_access": false,
      "effective_action": "robomaker:DescribeSimulationJob",
      "privesc": false,
      "resource_exposure": false
    },
    {
      "access_level": "Read",
      "action": "robomaker:*",
      "condition": null,
      "credentials_exposure": false,
      "data_access": false,
      "effective_action": "robomaker:DescribeSimulationJobBatch",
      "privesc": false,
      "resource_exposure": false
    },
    {
      "access_level": "Read",
      "action": "robomaker:*",
      "condition": null,
      "credentials_exposure": false,
      "data_access": false,
      "effective_action": "robomaker:DescribeWorld",
      "privesc": false,
      "resource_exposure": false
    },
    {
      "access_level": "Read",
      "action": "robomaker:*",
      "condition": null,
      "credentials_exposure": false,
      "data_access": false,
      "effective_action": "robomaker:DescribeWorldExportJob",
      "privesc": false,
      "resource_exposure": false
    },
    {
      "access_level": "Read",
      "action": "robomaker:*",
      "condition": null,
      "credentials_exposure": false,
      "data_access": false,
      "effective_action": "robomaker:DescribeWorldGenerationJob",
      "privesc": false,
      "resource_exposure": false
    },
    {
      "access_level": "Read",
      "action": "robomaker:*",
      "condition": null,
      "credentials_exposure": false,
      "data_access": false,
      "effective_action": "robomaker:DescribeWorldTemplate",
      "privesc": false,
      "resource_exposure": false
    },
    {
      "access_level": "Read",
      "action": "robomaker:*",
      "condition": null,
      "credentials_exposure": false,
      "data_access": true,
      "effective_action": "robomaker:GetWorldTemplateBody",
      "privesc": false,
      "resource_exposure": false
    },
    {
      "access_level": "List",
      "action": "robomaker:*",
      "condition": null,
      "credentials_exposure": false,
      "data_access": false,
      "effective_action": "robomaker:ListDeploymentJobs",
      "privesc": false,
      "resource_exposure": false
    },
    {
      "access_level": "List",
      "action": "robomaker:*",
      "condition": null,
      "credentials_exposure": false,
      "data_access": false,
      "effective_action": "robomaker:ListFleets",
      "privesc": false,
      "resource_exposure": false
    },
    {
      "access_level": "List",
      "action": "robomaker:*",
      "condition": null,
      "credentials_exposure": false,
      "data_access": false,
      "effective_action": "robomaker:ListRobotApplications",
      "privesc": false,
      "resource_exposure": false
    },
    {
      "access_level": "List",
      "action": "robomaker:*",
      "condition": null,
      "credentials_exposure": false,
      "data_access": false,
      "effective_action": "robomaker:ListRobots",
      "privesc": false,
      "resource_exposure": false
    },
    {
      "access_level": "List",
      "action": "robomaker:*",
      "condition": null,
      "credentials_exposure": false,
      "data_access": false,
      "effective_action": "robomaker:ListSimulationApplications",
      "privesc": false,
      "resource_exposure": false
    },
    {
      "access_level": "List",
      "action": "robomaker:*",
      "condition": null,
      "credentials_exposure": false,
      "data_access": false,
      "effective_action": "robomaker:ListSimulationJobBatches",
      "privesc": false,
      "resource_exposure": false
    },
    {
      "access_level": "List",
      "action": "robomaker:*",
      "condition": null,
      "credentials_exposure": false,
      "data_access": false,
      "effective_action": "robomaker:ListSimulationJobs",
      "privesc": false,
      "resource_exposure": false
    },
    {
      "access_level": "List",
      "action": "robomaker:*",
      "condition": null,
      "credentials_exposure": false,
      "data_access": false,
      "effective_action": "robomaker:ListSupportedAvailabilityZones",
      "privesc": false,
      "resource_exposure": false
    },
    {
      "access_level": "List",
      "action": "robomaker:*",
      "condition": null,
      "credentials_exposure": false,
      "data_access": false,
      "effective_action": "robomaker:ListTagsForResource",
      "privesc": false,
      "resource_exposure": false
    },
    {
      "access_level": "List",
      "action": "robomaker:*",
      "condition": null,
      "credentials_exposure": false,
      "data_access": false,
      "effective_action": "robomaker:ListWorldExportJobs",
      "privesc": false,
      "resource_exposure": false
    },
    {
      "access_level": "List",
      "action": "robomaker:*",
      "condition": null,
      "credentials_exposure": false,
      "data_access": false,
      "effective_action": "robomaker:ListWorldGenerationJobs",
      "privesc": false,
      "resource_exposure": false
    },
    {
      "access_level": "List",
      "action": "robomaker:*",
      "condition": null,
      "credentials_exposure": false,
      "data_access": false,
      "effective_action": "robomaker:ListWorldTemplates",
      "privesc": false,
      "resource_exposure": false
    },
    {
      "access_level": "List",
      "action": "robomaker:*",
      "condition": null,
      "credentials_exposure": false,
      "data_access": false,
      "effective_action": "robomaker:ListWorlds",
      "privesc": false,
      "resource_exposure": false
    },
    {
      "access_level": "Write",
      "action": "robomaker:*",
      "condition": null,
      "credentials_exposure": false,
      "data_access": false,
      "effective_action": "robomaker:RegisterRobot",
      "privesc": false,
      "resource_exposure": false
    },
    {
      "access_level": "Write",
      "action": "robomaker:*",
      "condition": null,
      "credentials_exposure": false,
      "data_access": false,
      "effective_action": "robomaker:RestartSimulationJob",
      "privesc": false,
      "resource_exposure": false
    },
    {
      "access_level": "Write",
      "action": "robomaker:*",
      "condition": null,
      "credentials_exposure": false,
      "data_access": false,
      "effective_action": "robomaker:StartSimulationJobBatch",
      "privesc": false,
      "resource_exposure": false
    },
    {
      "access_level": "Write",
      "action": "robomaker:*",
      "condition": null,
      "credentials_exposure": false,
      "data_access": false,
      "effective_action": "robomaker:SyncDeploymentJob",
      "privesc": false,
      "resource_exposure": false
    },
    {
      "access_level": "Tagging",
      "action": "robomaker:*",
      "condition": null,
      "credentials_exposure": false,
      "data_access": false,
      "effective_action": "robomaker:TagResource",
      "privesc": false,
      "resource_exposure": false
    },
    {
      "access_level": "Tagging",
      "action": "robomaker:*",
      "condition": null,
      "credentials_exposure": false,
      "data_access": false,
      "effective_action": "robomaker:UntagResource",
      "privesc": false,
      "resource_exposure": false
    },
    {
      "access_level": "Write",
      "action": "robomaker:*",
      "condition": null,
      "credentials_exposure": false,
      "data_access": false,
      "effective_action": "robomaker:UpdateRobotApplication",
      "privesc": false,
      "resource_exposure": false
    },
    {
      "access_level": "Write",
      "action": "robomaker:*",
      "condition": null,
      "credentials_exposure": false,
      "data_access": false,
      "effective_action": "robomaker:UpdateRobotDeployment",
      "privesc": false,
      "resource_exposure": false
    },
    {
      "access_level": "Write",
      "action": "robomaker:*",
      "condition": null,
      "credentials_exposure": false,
      "data_access": false,
      "effective_action": "robomaker:UpdateSimulationApplication",
      "privesc": false,
      "resource_exposure": false
    },
    {
      "access_level": "Write",
      "action": "robomaker:*",
      "condition": null,
      "credentials_exposure": false,
      "data_access": false,
      "effective_action": "robomaker:UpdateWorldTemplate",
      "privesc": false,
      "resource_exposure": false
    },
    {
      "access_level": "Write",
      "action": "cloudwatch:PutMetricData",
      "condition": null,
      "credentials_exposure": false,
      "data_access": false,
      "effective_action": "cloudwatch:PutMetricData",
      "privesc": false,
      "resource_exposure": false
    },
    {
      "access_level": "Permissions management",
      "action": "ec2:CreateNetworkInterfacePermission",
      "condition": null,
      "credentials_exposure": false,
      "data_access": false,
      "effective_action": "ec2:CreateNetworkInterfacePermission",
      "privesc": false,
      "resource_exposure": true
    },
    {
      "access_level": "Write",
      "action": "ec2:DeleteNetworkInterface",
      "condition": null,
      "credentials_exposure": false,
      "data_access": false,
      "effective_action": "ec2:DeleteNetworkInterface",
      "privesc": false,
      "resource_exposure": false
    },
    {
      "access_level": "List",
      "action": "ec2:DescribeNetworkInterfaces",
      "condition": null,
      "credentials_exposure": false,
      "data_access": false,
      "effective_action": "ec2:DescribeNetworkInterfaces",
      "privesc": false,
      "resource_exposure": false
    },
    {
      "access_level": "List",
      "action": "ec2:DescribeSubnets",
      "condition": null,
      "credentials_exposure": false,
      "data_access": false,
      "effective_action": "ec2:DescribeSubnets",
      "privesc": false,
      "resource_exposure": false
    },
    {
      "access_level": "List",
      "action": "ec2:DescribeSecurityGroups",
      "condition": null,
      "credentials_exposure": false,
      "data_access": false,
      "effective_action": "ec2:DescribeSecurityGroups",
      "privesc": false,
      "resource_exposure": false
    },
    {
      "access_level": "List",
      "action": "ec2:DescribeVpcs",
      "condition": null,
      "credentials_exposure": false,
      "data_access": false,
      "effective_action": "ec2:DescribeVpcs",
      "privesc": false,
      "resource_exposure": false
    },
    {
      "access_level": "Write",
      "action": "logs:CreateLogGroup",
      "condition": null,
      "credentials_exposure": false,
      "data_access": false,
      "effective_action": "logs:CreateLogGroup",
      "privesc": false,
      "resource_exposure": false
    },
    {
      "access_level": "Write",
      "action": "logs:CreateLogStream",
      "condition": null,
      "credentials_exposure": false,
      "data_access": false,
      "effective_action": "logs:CreateLogStream",
      "privesc": false,
      "resource_exposure": false
    },
    {
      "access_level": "List",
      "action": "logs:DescribeLogStreams",
      "condition": null,
      "credentials_exposure": false,
      "data_access": false,
      "effective_action": "logs:DescribeLogStreams",
      "privesc": false,
      "resource_exposure": false
    },
    {
      "access_level": "Write",
      "action": "logs:PutLogEvents",
      "condition": null,
      "credentials_exposure": false,
      "data_access": false,
      "effective_action": "logs:PutLogEvents",
      "privesc": false,
      "resource_exposure": false
    },
    {
      "access_level": "Read",
      "action": "s3:GetObject",
      "condition": null,
      "credentials_exposure": false,
      "data_access": true,
      "effective_action": "s3:GetObject",
      "privesc": false,
      "resource_exposure": false
    },
    {
      "access_level": "Read",
      "action": "s3:GetBucketLocation",
      "condition": null,
      "credentials_exposure": false,
      "data_access": false,
      "effective_action": "s3:GetBucketLocation",
      "privesc": false,
      "resource_exposure": false
    },
    {
      "access_level": "List",
      "action": "s3:ListBucket",
      "condition": null,
      "credentials_exposure": false,
      "data_access": false,
      "effective_action": "s3:ListBucket",
      "privesc": false,
      "resource_exposure": false
    },
    {
      "access_level": "List",
      "action": "s3:ListAllMyBuckets",
      "condition": null,
      "credentials_exposure": false,
      "data_access": false,
      "effective_action": "s3:ListAllMyBuckets",
      "privesc": false,
      "resource_exposure": false
    },
    {
      "access_level": "Write",
      "action": "s3:PutObject",
      "condition": null,
      "credentials_exposure": false,
      "data_access": false,
      "effective_action": "s3:PutObject",
      "privesc": false,
      "resource_exposure": false
    },
    {
      "access_level": "Read",
      "action": "s3:GetObject",
      "condition": {
        "StringEqualsIgnoreCase": {
          "s3:ExistingObjectTag/DeepRacer": "true"
        }
      },
      "credentials_exposure": false,
      "data_access": true,
      "effective_action": "s3:GetObject",
      "privesc": false,
      "resource_exposure": false
    },
    {
      "access_level": "Write",
      "action": "kinesisvideo:CreateStream",
      "condition": null,
      "credentials_exposure": false,
      "data_access": false,
      "effective_action": "kinesisvideo:CreateStream",
      "privesc": false,
      "resource_exposure": false
    },
    {
      "access_level": "List",
      "action": "kinesisvideo:DescribeStream",
      "condition": null,
      "credentials_exposure": false,
      "data_access": false,
      "effective_action": "kinesisvideo:DescribeStream",
      "privesc": false,
      "resource_exposure": false
    },
    {
      "access_level": "Read",
      "action": "kinesisvideo:GetDataEndpoint",
      "condition": null,
      "credentials_exposure": false,
      "data_access": false,
      "effective_action": "kinesisvideo:GetDataEndpoint",
      "privesc": false,
      "resource_exposure": false
    },
    {
      "access_level": "Write",
      "action": "kinesisvideo:PutMedia",
      "condition": null,
      "credentials_exposure": false,
      "data_access": false,
      "effective_action": "kinesisvideo:PutMedia",
      "privesc": false,
      "resource_exposure": false
    },
    {
      "access_level": "Tagging",
      "action": "kinesisvideo:TagStream",
      "condition": null,
      "credentials_exposure": false,
      "data_access": false,
      "effective_action": "kinesisvideo:TagStream",
      "privesc": false,
      "resource_exposure": false
    }
  ],
  "grantless": false,
  "malformed": false,
  "name": "AWSDeepRacerRoboMakerAccessPolicy",
  "privesc": false,
  "resource_exposure": true,
  "undocumented_actions": false,
  "unknown_actions": [],
  "updatedate": "2019-02-28T21:59:58+00:00",
  "version": "v1"
}