{
  "access_levels": [
    "Read",
    "Tagging",
    "Write"
  ],
  "arn": "arn:aws:iam::aws:policy/AWSDeepRacerDefaultMultiUserAccess",
  "createdate": "2021-10-28T01:27:13Z",
  "credentials_exposure": false,
  "data_access": false,
  "deprecated": false,
  "document": {
    "Statement": [
      {
        "Action": [
          "deepracer:Add*",
          "deepracer:Remove*",
          "deepracer:Create*",
          "deepracer:Perform*",
          "deepracer:Clone*",
          "deepracer:Get*",
          "deepracer:List*",
          "deepracer:Edit*",
          "deepracer:Start*",
          "deepracer:Set*",
          "deepracer:Update*",
          "deepracer:Delete*",
          "deepracer:Stop*",
          "deepracer:Import*",
          "deepracer:Tag*",
          "deepracer:Untag*"
        ],
        "Condition": {
          "Bool": {
            "deepracer:MultiUser": "true"
          },
          "Null": {
            "deepracer:UserToken": "false"
          }
        },
        "Effect": "Allow",
        "Resource": [
          "*"
        ]
      },
      {
        "Action": [
          "deepracer:GetAccountConfig",
          "deepracer:GetTrack",
          "deepracer:ListTracks",
          "deepracer:TestRewardFunction"
        ],
        "Effect": "Allow",
        "Resource": [
          "*"
        ]
      },
      {
        "Action": [
          "deepracer:Admin*"
        ],
        "Effect": "Deny",
        "Resource": [
          "*"
        ]
      }
    ],
    "Version": "2012-10-17"
  },
  "effective_actions": [
    {
      "access_level": "Write",
      "action": "deepracer:Add*",
      "condition": {
        "Bool": {
          "deepracer:MultiUser": "true"
        },
        "Null": {
          "deepracer:UserToken": "false"
        }
      },
      "credentials_exposure": false,
      "data_access": false,
      "effective_action": "deepracer:AddLeaderboardAccessPermission",
      "privesc": false,
      "resource_exposure": false
    },
    {
      "access_level": "Write",
      "action": "deepracer:Remove*",
      "condition": {
        "Bool": {
          "deepracer:MultiUser": "true"
        },
        "Null": {
          "deepracer:UserToken": "false"
        }
      },
      "credentials_exposure": false,
      "data_access": false,
      "effective_action": "deepracer:RemoveLeaderboardAccessPermission",
      "privesc": false,
      "resource_exposure": false
    },
    {
      "access_level": "Write",
      "action": "deepracer:Create*",
      "condition": {
        "Bool": {
          "deepracer:MultiUser": "true"
        },
        "Null": {
          "deepracer:UserToken": "false"
        }
      },
      "credentials_exposure": false,
      "data_access": false,
      "effective_action": "deepracer:CreateCar",
      "privesc": false,
      "resource_exposure": false
    },
    {
      "access_level": "Write",
      "action": "deepracer:Create*",
      "condition": {
        "Bool": {
          "deepracer:MultiUser": "true"
        },
        "Null": {
          "deepracer:UserToken": "false"
        }
      },
      "credentials_exposure": false,
      "data_access": false,
      "effective_action": "deepracer:CreateLeaderboard",
      "privesc": false,
      "resource_exposure": false
    },
    {
      "access_level": "Write",
      "action": "deepracer:Create*",
      "condition": {
        "Bool": {
          "deepracer:MultiUser": "true"
        },
        "Null": {
          "deepracer:UserToken": "false"
        }
      },
      "credentials_exposure": false,
      "data_access": false,
      "effective_action": "deepracer:CreateLeaderboardAccessToken",
      "privesc": false,
      "resource_exposure": false
    },
    {
      "access_level": "Write",
      "action": "deepracer:Create*",
      "condition": {
        "Bool": {
          "deepracer:MultiUser": "true"
        },
        "Null": {
          "deepracer:UserToken": "false"
        }
      },
      "credentials_exposure": false,
      "data_access": false,
      "effective_action": "deepracer:CreateLeaderboardSubmission",
      "privesc": false,
      "resource_exposure": false
    },
    {
      "access_level": "Write",
      "action": "deepracer:Create*",
      "condition": {
        "Bool": {
          "deepracer:MultiUser": "true"
        },
        "Null": {
          "deepracer:UserToken": "false"
        }
      },
      "credentials_exposure": false,
      "data_access": false,
      "effective_action": "deepracer:CreateReinforcementLearningModel",
      "privesc": false,
      "resource_exposure": false
    },
    {
      "access_level": "Write",
      "action": "deepracer:Perform*",
      "condition": {
        "Bool": {
          "deepracer:MultiUser": "true"
        },
        "Null": {
          "deepracer:UserToken": "false"
        }
      },
      "credentials_exposure": false,
      "data_access": false,
      "effective_action": "deepracer:PerformLeaderboardOperation",
      "privesc": false,
      "resource_exposure": false
    },
    {
      "access_level": "Write",
      "action": "deepracer:Clone*",
      "condition": {
        "Bool": {
          "deepracer:MultiUser": "true"
        },
        "Null": {
          "deepracer:UserToken": "false"
        }
      },
      "credentials_exposure": false,
      "data_access": false,
      "effective_action": "deepracer:CloneReinforcementLearningModel",
      "privesc": false,
      "resource_exposure": false
    },
    {
      "access_level": "Read",
      "action": "deepracer:Get*",
      "condition": {
        "Bool": {
          "deepracer:MultiUser": "true"
        },
        "Null": {
          "deepracer:UserToken": "false"
        }
      },
      "credentials_exposure": false,
      "data_access": false,
      "effective_action": "deepracer:GetAccountConfig",
      "privesc": false,
      "resource_exposure": false
    },
    {
      "access_level": "Read",
      "action": "deepracer:Get*",
      "condition": {
        "Bool": {
          "deepracer:MultiUser": "true"
        },
        "Null": {
          "deepracer:UserToken": "false"
        }
      },
      "credentials_exposure": false,
      "data_access": false,
      "effective_action": "deepracer:GetAlias",
      "privesc": false,
      "resource_exposure": false
    },
    {
      "access_level": "Read",
      "action": "deepracer:Get*",
      "condition": {
        "Bool": {
          "deepracer:MultiUser": "true"
        },
        "Null": {
          "deepracer:UserToken": "false"
        }
      },
      "credentials_exposure": false,
      "data_access": false,
      "effective_action": "deepracer:GetAssetUrl",
      "privesc": false,
      "resource_exposure": false
    },
    {
      "access_level": "Read",
      "action": "deepracer:Get*",
      "condition": {
        "Bool": {
          "deepracer:MultiUser": "true"
        },
        "Null": {
          "deepracer:UserToken": "false"
        }
      },
      "credentials_exposure": false,
      "data_access": false,
      "effective_action": "deepracer:GetCar",
      "privesc": false,
      "resource_exposure": false
    },
    {
      "access_level": "Read",
      "action": "deepracer:Get*",
      "condition": {
        "Bool": {
          "deepracer:MultiUser": "true"
        },
        "Null": {
          "deepracer:UserToken": "false"
        }
      },
      "credentials_exposure": false,
      "data_access": false,
      "effective_action": "deepracer:GetCars",
      "privesc": false,
      "resource_exposure": false
    },
    {
      "access_level": "Read",
      "action": "deepracer:Get*",
      "condition": {
        "Bool": {
          "deepracer:MultiUser": "true"
        },
        "Null": {
          "deepracer:UserToken": "false"
        }
      },
      "credentials_exposure": false,
      "data_access": false,
      "effective_action": "deepracer:GetEvaluation",
      "privesc": false,
      "resource_exposure": false
    },
    {
      "access_level": "Read",
      "action": "deepracer:Get*",
      "condition": {
        "Bool": {
          "deepracer:MultiUser": "true"
        },
        "Null": {
          "deepracer:UserToken": "false"
        }
      },
      "credentials_exposure": false,
      "data_access": false,
      "effective_action": "deepracer:GetLatestUserSubmission",
      "privesc": false,
      "resource_exposure": false
    },
    {
      "access_level": "Read",
      "action": "deepracer:Get*",
      "condition": {
        "Bool": {
          "deepracer:MultiUser": "true"
        },
        "Null": {
          "deepracer:UserToken": "false"
        }
      },
      "credentials_exposure": false,
      "data_access": false,
      "effective_action": "deepracer:GetLeaderboard",
      "privesc": false,
      "resource_exposure": false
    },
    {
      "access_level": "Read",
      "action": "deepracer:Get*",
      "condition": {
        "Bool": {
          "deepracer:MultiUser": "true"
        },
        "Null": {
          "deepracer:UserToken": "false"
        }
      },
      "credentials_exposure": false,
      "data_access": false,
      "effective_action": "deepracer:GetModel",
      "privesc": false,
      "resource_exposure": false
    },
    {
      "access_level": "Read",
      "action": "deepracer:Get*",
      "condition": {
        "Bool": {
          "deepracer:MultiUser": "true"
        },
        "Null": {
          "deepracer:UserToken": "false"
        }
      },
      "credentials_exposure": false,
      "data_access": false,
      "effective_action": "deepracer:GetPrivateLeaderboard",
      "privesc": false,
      "resource_exposure": false
    },
    {
      "access_level": "Read",
      "action": "deepracer:Get*",
      "condition": {
        "Bool": {
          "deepracer:MultiUser": "true"
        },
        "Null": {
          "deepracer:UserToken": "false"
        }
      },
      "credentials_exposure": false,
      "data_access": false,
      "effective_action": "deepracer:GetRankedUserSubmission",
      "privesc": false,
      "resource_exposure": false
    },
    {
      "access_level": "Read",
      "action": "deepracer:Get*",
      "condition": {
        "Bool": {
          "deepracer:MultiUser": "true"
        },
        "Null": {
          "deepracer:UserToken": "false"
        }
      },
      "credentials_exposure": false,
      "data_access": false,
      "effective_action": "deepracer:GetTrack",
      "privesc": false,
      "resource_exposure": false
    },
    {
      "access_level": "Read",
      "action": "deepracer:Get*",
      "condition": {
        "Bool": {
          "deepracer:MultiUser": "true"
        },
        "Null": {
          "deepracer:UserToken": "false"
        }
      },
      "credentials_exposure": false,
      "data_access": false,
      "effective_action": "deepracer:GetTrainingJob",
      "privesc": false,
      "resource_exposure": false
    },
    {
      "access_level": "Read",
      "action": "deepracer:List*",
      "condition": {
        "Bool": {
          "deepracer:MultiUser": "true"
        },
        "Null": {
          "deepracer:UserToken": "false"
        }
      },
      "credentials_exposure": false,
      "data_access": false,
      "effective_action": "deepracer:ListEvaluations",
      "privesc": false,
      "resource_exposure": false
    },
    {
      "access_level": "Read",
      "action": "deepracer:List*",
      "condition": {
        "Bool": {
          "deepracer:MultiUser": "true"
        },
        "Null": {
          "deepracer:UserToken": "false"
        }
      },
      "credentials_exposure": false,
      "data_access": false,
      "effective_action": "deepracer:ListLeaderboardEvaluations",
      "privesc": false,
      "resource_exposure": false
    },
    {
      "access_level": "Read",
      "action": "deepracer:List*",
      "condition": {
        "Bool": {
          "deepracer:MultiUser": "true"
        },
        "Null": {
          "deepracer:UserToken": "false"
        }
      },
      "credentials_exposure": false,
      "data_access": false,
      "effective_action": "deepracer:ListLeaderboardSubmissions",
      "privesc": false,
      "resource_exposure": false
    },
    {
      "access_level": "Read",
      "action": "deepracer:List*",
      "condition": {
        "Bool": {
          "deepracer:MultiUser": "true"
        },
        "Null": {
          "deepracer:UserToken": "false"
        }
      },
      "credentials_exposure": false,
      "data_access": false,
      "effective_action": "deepracer:ListLeaderboards",
      "privesc": false,
      "resource_exposure": false
    },
    {
      "access_level": "Read",
      "action": "deepracer:List*",
      "condition": {
        "Bool": {
          "deepracer:MultiUser": "true"
        },
        "Null": {
          "deepracer:UserToken": "false"
        }
      },
      "credentials_exposure": false,
      "data_access": false,
      "effective_action": "deepracer:ListModels",
      "privesc": false,
      "resource_exposure": false
    },
    {
      "access_level": "Read",
      "action": "deepracer:List*",
      "condition": {
        "Bool": {
          "deepracer:MultiUser": "true"
        },
        "Null": {
          "deepracer:UserToken": "false"
        }
      },
      "credentials_exposure": false,
      "data_access": false,
      "effective_action": "deepracer:ListPrivateLeaderboardParticipants",
      "privesc": false,
      "resource_exposure": false
    },
    {
      "access_level": "Read",
      "action": "deepracer:List*",
      "condition": {
        "Bool": {
          "deepracer:MultiUser": "true"
        },
        "Null": {
          "deepracer:UserToken": "false"
        }
      },
      "credentials_exposure": false,
      "data_access": false,
      "effective_action": "deepracer:ListPrivateLeaderboards",
      "privesc": false,
      "resource_exposure": false
    },
    {
      "access_level": "Read",
      "action": "deepracer:List*",
      "condition": {
        "Bool": {
          "deepracer:MultiUser": "true"
        },
        "Null": {
          "deepracer:UserToken": "false"
        }
      },
      "credentials_exposure": false,
      "data_access": false,
      "effective_action": "deepracer:ListSubscribedPrivateLeaderboards",
      "privesc": false,
      "resource_exposure": false
    },
    {
      "access_level": "Read",
      "action": "deepracer:List*",
      "condition": {
        "Bool": {
          "deepracer:MultiUser": "true"
        },
        "Null": {
          "deepracer:UserToken": "false"
        }
      },
      "credentials_exposure": false,
      "data_access": false,
      "effective_action": "deepracer:ListTagsForResource",
      "privesc": false,
      "resource_exposure": false
    },
    {
      "access_level": "Read",
      "action": "deepracer:List*",
      "condition": {
        "Bool": {
          "deepracer:MultiUser": "true"
        },
        "Null": {
          "deepracer:UserToken": "false"
        }
      },
      "credentials_exposure": false,
      "data_access": false,
      "effective_action": "deepracer:ListTracks",
      "privesc": false,
      "resource_exposure": false
    },
    {
      "access_level": "Read",
      "action": "deepracer:List*",
      "condition": {
        "Bool": {
          "deepracer:MultiUser": "true"
        },
        "Null": {
          "deepracer:UserToken": "false"
        }
      },
      "credentials_exposure": false,
      "data_access": false,
      "effective_action": "deepracer:ListTrainingJobs",
      "privesc": false,
      "resource_exposure": false
    },
    {
      "access_level": "Write",
      "action": "deepracer:Edit*",
      "condition": {
        "Bool": {
          "deepracer:MultiUser": "true"
        },
        "Null": {
          "deepracer:UserToken": "false"
        }
      },
      "credentials_exposure": false,
      "data_access": false,
      "effective_action": "deepracer:EditLeaderboard",
      "privesc": false,
      "resource_exposure": false
    },
    {
      "access_level": "Write",
      "action": "deepracer:Start*",
      "condition": {
        "Bool": {
          "deepracer:MultiUser": "true"
        },
        "Null": {
          "deepracer:UserToken": "false"
        }
      },
      "credentials_exposure": false,
      "data_access": false,
      "effective_action": "deepracer:StartEvaluation",
      "privesc": false,
      "resource_exposure": false
    },
    {
      "access_level": "Write",
      "action": "deepracer:Set*",
      "condition": {
        "Bool": {
          "deepracer:MultiUser": "true"
        },
        "Null": {
          "deepracer:UserToken": "false"
        }
      },
      "credentials_exposure": false,
      "data_access": false,
      "effective_action": "deepracer:SetAlias",
      "privesc": false,
      "resource_exposure": false
    },
    {
      "access_level": "Write",
      "action": "deepracer:Update*",
      "condition": {
        "Bool": {
          "deepracer:MultiUser": "true"
        },
        "Null": {
          "deepracer:UserToken": "false"
        }
      },
      "credentials_exposure": false,
      "data_access": false,
      "effective_action": "deepracer:UpdateCar",
      "privesc": false,
      "resource_exposure": false
    },
    {
      "access_level": "Write",
      "action": "deepracer:Delete*",
      "condition": {
        "Bool": {
          "deepracer:MultiUser": "true"
        },
        "Null": {
          "deepracer:UserToken": "false"
        }
      },
      "credentials_exposure": false,
      "data_access": false,
      "effective_action": "deepracer:DeleteLeaderboard",
      "privesc": false,
      "resource_exposure": false
    },
    {
      "access_level": "Write",
      "action": "deepracer:Delete*",
      "condition": {
        "Bool": {
          "deepracer:MultiUser": "true"
        },
        "Null": {
          "deepracer:UserToken": "false"
        }
      },
      "credentials_exposure": false,
      "data_access": false,
      "effective_action": "deepracer:DeleteModel",
      "privesc": false,
      "resource_exposure": false
    },
    {
      "access_level": "Write",
      "action": "deepracer:Stop*",
      "condition": {
        "Bool": {
          "deepracer:MultiUser": "true"
        },
        "Null": {
          "deepracer:UserToken": "false"
        }
      },
      "credentials_exposure": false,
      "data_access": false,
      "effective_action": "deepracer:StopEvaluation",
      "privesc": false,
      "resource_exposure": false
    },
    {
      "access_level": "Write",
      "action": "deepracer:Stop*",
      "condition": {
        "Bool": {
          "deepracer:MultiUser": "true"
        },
        "Null": {
          "deepracer:UserToken": "false"
        }
      },
      "credentials_exposure": false,
      "data_access": false,
      "effective_action": "deepracer:StopTrainingReinforcementLearningModel",
      "privesc": false,
      "resource_exposure": false
    },
    {
      "access_level": "Write",
      "action": "deepracer:Import*",
      "condition": {
        "Bool": {
          "deepracer:MultiUser": "true"
        },
        "Null": {
          "deepracer:UserToken": "false"
        }
      },
      "credentials_exposure": false,
      "data_access": false,
      "effective_action": "deepracer:ImportModel",
      "privesc": false,
      "resource_exposure": false
    },
    {
      "access_level": "Tagging",
      "action": "deepracer:Tag*",
      "condition": {
        "Bool": {
          "deepracer:MultiUser": "true"
        },
        "Null": {
          "deepracer:UserToken": "false"
        }
      },
      "credentials_exposure": false,
      "data_access": false,
      "effective_action": "deepracer:TagResource",
      "privesc": false,
      "resource_exposure": false
    },
    {
      "access_level": "Tagging",
      "action": "deepracer:Untag*",
      "condition": {
        "Bool": {
          "deepracer:MultiUser": "true"
        },
        "Null": {
          "deepracer:UserToken": "false"
        }
      },
      "credentials_exposure": false,
      "data_access": false,
      "effective_action": "deepracer:UntagResource",
      "privesc": false,
      "resource_exposure": false
    },
    {
      "access_level": "Read",
      "action": "deepracer:GetAccountConfig",
      "condition": null,
      "credentials_exposure": false,
      "data_access": false,
      "effective_action": "deepracer:GetAccountConfig",
      "privesc": false,
      "resource_exposure": false
    },
    {
      "access_level": "Read",
      "action": "deepracer:GetTrack",
      "condition": null,
      "credentials_exposure": false,
      "data_access": false,
      "effective_action": "deepracer:GetTrack",
      "privesc": false,
      "resource_exposure": false
    },
    {
      "access_level": "Read",
      "action": "deepracer:ListTracks",
      "condition": null,
      "credentials_exposure": false,
      "data_access": false,
      "effective_action": "deepracer:ListTracks",
      "privesc": false,
      "resource_exposure": false
    },
    {
      "access_level": "Write",
      "action": "deepracer:TestRewardFunction",
      "condition": null,
      "credentials_exposure": false,
      "data_access": false,
      "effective_action": "deepracer:TestRewardFunction",
      "privesc": false,
      "resource_exposure": false
    }
  ],
  "grantless": false,
  "malformed": false,
  "name": "AWSDeepRacerDefaultMultiUserAccess",
  "privesc": false,
  "resource_exposure": false,
  "undocumented_actions": false,
  "unknown_actions": [],
  "updatedate": "2021-10-28T01:27:13+00:00",
  "version": "v1"
}