{
  "access_levels": [
    "List",
    "Read",
    "Tagging",
    "Write",
    "Permissions management"
  ],
  "arn": "arn:aws:iam::aws:policy/aws-service-role/AWSDMSServerlessServiceRolePolicy",
  "createdate": "2025-02-07T17:52:06Z",
  "credentials_exposure": false,
  "data_access": true,
  "deprecated": false,
  "document": {
    "Statement": [
      {
        "Action": [
          "dms:CreateReplicationInstance",
          "dms:CreateReplicationTask"
        ],
        "Condition": {
          "StringEquals": {
            "dms:req-tag/ResourceCreatedBy": "DMSServerless"
          }
        },
        "Effect": "Allow",
        "Resource": "*",
        "Sid": "id0"
      },
      {
        "Action": [
          "dms:DescribeReplicationInstances",
          "dms:DescribeReplicationTasks"
        ],
        "Effect": "Allow",
        "Resource": "*",
        "Sid": "id1"
      },
      {
        "Action": [
          "dms:StartReplicationTask",
          "dms:StopReplicationTask",
          "dms:ModifyReplicationTask",
          "dms:DeleteReplicationTask",
          "dms:ModifyReplicationInstance",
          "dms:DeleteReplicationInstance"
        ],
        "Condition": {
          "StringEqualsIgnoreCase": {
            "aws:ResourceTag/ResourceCreatedBy": "DMSServerless"
          }
        },
        "Effect": "Allow",
        "Resource": [
          "arn:aws:dms:*:*:rep:*",
          "arn:aws:dms:*:*:task:*"
        ],
        "Sid": "id2"
      },
      {
        "Action": [
          "dms:TestConnection",
          "dms:DeleteConnection"
        ],
        "Effect": "Allow",
        "Resource": [
          "arn:aws:dms:*:*:rep:*",
          "arn:aws:dms:*:*:endpoint:*"
        ],
        "Sid": "id3"
      },
      {
        "Action": [
          "s3:PutObject",
          "s3:DeleteObject",
          "s3:GetObject",
          "s3:PutObjectTagging"
        ],
        "Condition": {
          "StringEquals": {
            "s3:ResourceAccount": "${aws:PrincipalAccount}"
          }
        },
        "Effect": "Allow",
        "Resource": [
          "arn:aws:s3:::dms-serverless-premigration-results-*"
        ],
        "Sid": "id4"
      },
      {
        "Action": [
          "s3:PutBucketPolicy",
          "s3:ListBucket",
          "s3:GetBucketLocation",
          "s3:CreateBucket"
        ],
        "Condition": {
          "StringEquals": {
            "s3:ResourceAccount": "${aws:PrincipalAccount}"
          }
        },
        "Effect": "Allow",
        "Resource": [
          "arn:aws:s3:::dms-serverless-premigration-results-*"
        ],
        "Sid": "id5"
      },
      {
        "Action": [
          "dms:StartReplicationTaskAssessmentRun"
        ],
        "Condition": {
          "StringEqualsIgnoreCase": {
            "aws:ResourceTag/ResourceCreatedBy": "DMSServerless"
          }
        },
        "Effect": "Allow",
        "Resource": [
          "*"
        ],
        "Sid": "id6"
      }
    ],
    "Version": "2012-10-17"
  },
  "effective_actions": [
    {
      "access_level": "Write",
      "action": "dms:CreateReplicationInstance",
      "condition": {
        "StringEquals": {
          "dms:req-tag/ResourceCreatedBy": "DMSServerless"
        }
      },
      "credentials_exposure": false,
      "data_access": false,
      "effective_action": "dms:CreateReplicationInstance",
      "privesc": false,
      "resource_exposure": false
    },
    {
      "access_level": "Write",
      "action": "dms:CreateReplicationTask",
      "condition": {
        "StringEquals": {
          "dms:req-tag/ResourceCreatedBy": "DMSServerless"
        }
      },
      "credentials_exposure": false,
      "data_access": false,
      "effective_action": "dms:CreateReplicationTask",
      "privesc": false,
      "resource_exposure": false
    },
    {
      "access_level": "Read",
      "action": "dms:DescribeReplicationInstances",
      "condition": null,
      "credentials_exposure": false,
      "data_access": false,
      "effective_action": "dms:DescribeReplicationInstances",
      "privesc": false,
      "resource_exposure": false
    },
    {
      "access_level": "Read",
      "action": "dms:DescribeReplicationTasks",
      "condition": null,
      "credentials_exposure": false,
      "data_access": false,
      "effective_action": "dms:DescribeReplicationTasks",
      "privesc": false,
      "resource_exposure": false
    },
    {
      "access_level": "Write",
      "action": "dms:StartReplicationTask",
      "condition": {
        "StringEqualsIgnoreCase": {
          "aws:ResourceTag/ResourceCreatedBy": "DMSServerless"
        }
      },
      "credentials_exposure": false,
      "data_access": false,
      "effective_action": "dms:StartReplicationTask",
      "privesc": false,
      "resource_exposure": false
    },
    {
      "access_level": "Write",
      "action": "dms:StopReplicationTask",
      "condition": {
        "StringEqualsIgnoreCase": {
          "aws:ResourceTag/ResourceCreatedBy": "DMSServerless"
        }
      },
      "credentials_exposure": false,
      "data_access": false,
      "effective_action": "dms:StopReplicationTask",
      "privesc": false,
      "resource_exposure": false
    },
    {
      "access_level": "Write",
      "action": "dms:ModifyReplicationTask",
      "condition": {
        "StringEqualsIgnoreCase": {
          "aws:ResourceTag/ResourceCreatedBy": "DMSServerless"
        }
      },
      "credentials_exposure": false,
      "data_access": false,
      "effective_action": "dms:ModifyReplicationTask",
      "privesc": false,
      "resource_exposure": false
    },
    {
      "access_level": "Write",
      "action": "dms:DeleteReplicationTask",
      "condition": {
        "StringEqualsIgnoreCase": {
          "aws:ResourceTag/ResourceCreatedBy": "DMSServerless"
        }
      },
      "credentials_exposure": false,
      "data_access": false,
      "effective_action": "dms:DeleteReplicationTask",
      "privesc": false,
      "resource_exposure": false
    },
    {
      "access_level": "Write",
      "action": "dms:ModifyReplicationInstance",
      "condition": {
        "StringEqualsIgnoreCase": {
          "aws:ResourceTag/ResourceCreatedBy": "DMSServerless"
        }
      },
      "credentials_exposure": false,
      "data_access": false,
      "effective_action": "dms:ModifyReplicationInstance",
      "privesc": false,
      "resource_exposure": false
    },
    {
      "access_level": "Write",
      "action": "dms:DeleteReplicationInstance",
      "condition": {
        "StringEqualsIgnoreCase": {
          "aws:ResourceTag/ResourceCreatedBy": "DMSServerless"
        }
      },
      "credentials_exposure": false,
      "data_access": false,
      "effective_action": "dms:DeleteReplicationInstance",
      "privesc": false,
      "resource_exposure": false
    },
    {
      "access_level": "Read",
      "action": "dms:TestConnection",
      "condition": null,
      "credentials_exposure": false,
      "data_access": false,
      "effective_action": "dms:TestConnection",
      "privesc": false,
      "resource_exposure": false
    },
    {
      "access_level": "Write",
      "action": "dms:DeleteConnection",
      "condition": null,
      "credentials_exposure": false,
      "data_access": false,
      "effective_action": "dms:DeleteConnection",
      "privesc": false,
      "resource_exposure": false
    },
    {
      "access_level": "Write",
      "action": "s3:PutObject",
      "condition": {
        "StringEquals": {
          "s3:ResourceAccount": "${aws:PrincipalAccount}"
        }
      },
      "credentials_exposure": false,
      "data_access": false,
      "effective_action": "s3:PutObject",
      "privesc": false,
      "resource_exposure": false
    },
    {
      "access_level": "Write",
      "action": "s3:DeleteObject",
      "condition": {
        "StringEquals": {
          "s3:ResourceAccount": "${aws:PrincipalAccount}"
        }
      },
      "credentials_exposure": false,
      "data_access": false,
      "effective_action": "s3:DeleteObject",
      "privesc": false,
      "resource_exposure": false
    },
    {
      "access_level": "Read",
      "action": "s3:GetObject",
      "condition": {
        "StringEquals": {
          "s3:ResourceAccount": "${aws:PrincipalAccount}"
        }
      },
      "credentials_exposure": false,
      "data_access": true,
      "effective_action": "s3:GetObject",
      "privesc": false,
      "resource_exposure": false
    },
    {
      "access_level": "Tagging",
      "action": "s3:PutObjectTagging",
      "condition": {
        "StringEquals": {
          "s3:ResourceAccount": "${aws:PrincipalAccount}"
        }
      },
      "credentials_exposure": false,
      "data_access": false,
      "effective_action": "s3:PutObjectTagging",
      "privesc": false,
      "resource_exposure": false
    },
    {
      "access_level": "Permissions management",
      "action": "s3:PutBucketPolicy",
      "condition": {
        "StringEquals": {
          "s3:ResourceAccount": "${aws:PrincipalAccount}"
        }
      },
      "credentials_exposure": false,
      "data_access": false,
      "effective_action": "s3:PutBucketPolicy",
      "privesc": false,
      "resource_exposure": true
    },
    {
      "access_level": "List",
      "action": "s3:ListBucket",
      "condition": {
        "StringEquals": {
          "s3:ResourceAccount": "${aws:PrincipalAccount}"
        }
      },
      "credentials_exposure": false,
      "data_access": false,
      "effective_action": "s3:ListBucket",
      "privesc": false,
      "resource_exposure": false
    },
    {
      "access_level": "Read",
      "action": "s3:GetBucketLocation",
      "condition": {
        "StringEquals": {
          "s3:ResourceAccount": "${aws:PrincipalAccount}"
        }
      },
      "credentials_exposure": false,
      "data_access": false,
      "effective_action": "s3:GetBucketLocation",
      "privesc": false,
      "resource_exposure": false
    },
    {
      "access_level": "Write",
      "action": "s3:CreateBucket",
      "condition": {
        "StringEquals": {
          "s3:ResourceAccount": "${aws:PrincipalAccount}"
        }
      },
      "credentials_exposure": false,
      "data_access": false,
      "effective_action": "s3:CreateBucket",
      "privesc": false,
      "resource_exposure": false
    },
    {
      "access_level": "Write",
      "action": "dms:StartReplicationTaskAssessmentRun",
      "condition": {
        "StringEqualsIgnoreCase": {
          "aws:ResourceTag/ResourceCreatedBy": "DMSServerless"
        }
      },
      "credentials_exposure": false,
      "data_access": false,
      "effective_action": "dms:StartReplicationTaskAssessmentRun",
      "privesc": false,
      "resource_exposure": false
    }
  ],
  "grantless": false,
  "malformed": false,
  "name": "AWSDMSServerlessServiceRolePolicy",
  "privesc": false,
  "resource_exposure": true,
  "undocumented_actions": false,
  "unknown_actions": [],
  "updatedate": "2025-02-07T17:52:06+00:00",
  "version": "v3"
}