{
  "access_levels": [
    "List",
    "Read",
    "Write"
  ],
  "arn": "arn:aws:iam::aws:policy/AWSDeepLensLambdaFunctionAccessPolicy",
  "createdate": "2019-06-11T23:11:55Z",
  "credentials_exposure": false,
  "data_access": true,
  "deprecated": false,
  "document": {
    "Statement": [
      {
        "Action": [
          "s3:ListBucket",
          "s3:GetObject"
        ],
        "Effect": "Allow",
        "Resource": [
          "arn:aws:s3:::deeplens*/*",
          "arn:aws:s3:::deeplens*"
        ],
        "Sid": "DeepLensS3ObjectAccess"
      },
      {
        "Action": [
          "logs:CreateLogStream",
          "logs:DescribeLogStreams",
          "logs:PutLogEvents",
          "logs:CreateLogGroup"
        ],
        "Effect": "Allow",
        "Resource": "arn:aws:logs:*:*:log-group:/aws/greengrass/*",
        "Sid": "DeepLensGreenGrassCloudWatchAccess"
      },
      {
        "Action": [
          "deeplens:*"
        ],
        "Effect": "Allow",
        "Resource": [
          "*"
        ],
        "Sid": "DeepLensAccess"
      },
      {
        "Action": [
          "kinesisvideo:DescribeStream",
          "kinesisvideo:CreateStream",
          "kinesisvideo:GetDataEndpoint",
          "kinesisvideo:PutMedia"
        ],
        "Effect": "Allow",
        "Resource": [
          "*"
        ],
        "Sid": "DeepLensKinesisVideoAccess"
      }
    ],
    "Version": "2012-10-17"
  },
  "effective_actions": [
    {
      "access_level": "List",
      "action": "s3:ListBucket",
      "condition": null,
      "credentials_exposure": false,
      "data_access": false,
      "effective_action": "s3:ListBucket",
      "privesc": false,
      "resource_exposure": false
    },
    {
      "access_level": "Read",
      "action": "s3:GetObject",
      "condition": null,
      "credentials_exposure": false,
      "data_access": true,
      "effective_action": "s3:GetObject",
      "privesc": false,
      "resource_exposure": false
    },
    {
      "access_level": "Write",
      "action": "logs:CreateLogStream",
      "condition": null,
      "credentials_exposure": false,
      "data_access": false,
      "effective_action": "logs:CreateLogStream",
      "privesc": false,
      "resource_exposure": false
    },
    {
      "access_level": "List",
      "action": "logs:DescribeLogStreams",
      "condition": null,
      "credentials_exposure": false,
      "data_access": false,
      "effective_action": "logs:DescribeLogStreams",
      "privesc": false,
      "resource_exposure": false
    },
    {
      "access_level": "Write",
      "action": "logs:PutLogEvents",
      "condition": null,
      "credentials_exposure": false,
      "data_access": false,
      "effective_action": "logs:PutLogEvents",
      "privesc": false,
      "resource_exposure": false
    },
    {
      "access_level": "Write",
      "action": "logs:CreateLogGroup",
      "condition": null,
      "credentials_exposure": false,
      "data_access": false,
      "effective_action": "logs:CreateLogGroup",
      "privesc": false,
      "resource_exposure": false
    },
    {
      "access_level": "List",
      "action": "kinesisvideo:DescribeStream",
      "condition": null,
      "credentials_exposure": false,
      "data_access": false,
      "effective_action": "kinesisvideo:DescribeStream",
      "privesc": false,
      "resource_exposure": false
    },
    {
      "access_level": "Write",
      "action": "kinesisvideo:CreateStream",
      "condition": null,
      "credentials_exposure": false,
      "data_access": false,
      "effective_action": "kinesisvideo:CreateStream",
      "privesc": false,
      "resource_exposure": false
    },
    {
      "access_level": "Read",
      "action": "kinesisvideo:GetDataEndpoint",
      "condition": null,
      "credentials_exposure": false,
      "data_access": false,
      "effective_action": "kinesisvideo:GetDataEndpoint",
      "privesc": false,
      "resource_exposure": false
    },
    {
      "access_level": "Write",
      "action": "kinesisvideo:PutMedia",
      "condition": null,
      "credentials_exposure": false,
      "data_access": false,
      "effective_action": "kinesisvideo:PutMedia",
      "privesc": false,
      "resource_exposure": false
    }
  ],
  "grantless": false,
  "malformed": false,
  "name": "AWSDeepLensLambdaFunctionAccessPolicy",
  "privesc": false,
  "resource_exposure": false,
  "undocumented_actions": false,
  "unknown_actions": [
    {
      "action": "deeplens:*",
      "condition": null
    }
  ],
  "updatedate": "2019-06-11T23:11:55+00:00",
  "version": "v4"
}