{
  "access_levels": [
    "Read",
    "Write"
  ],
  "arn": "arn:aws:iam::aws:policy/AWSDeadlineCloud-FleetWorker",
  "createdate": "2024-04-01T17:21:47Z",
  "credentials_exposure": false,
  "data_access": false,
  "deprecated": false,
  "document": {
    "Statement": [
      {
        "Action": [
          "deadline:AssumeFleetRoleForWorker",
          "deadline:UpdateWorker",
          "deadline:UpdateWorkerSchedule",
          "deadline:BatchGetJobEntity",
          "deadline:AssumeQueueRoleForWorker"
        ],
        "Condition": {
          "StringEquals": {
            "aws:PrincipalAccount": "${aws:ResourceAccount}"
          }
        },
        "Effect": "Allow",
        "Resource": "*",
        "Sid": "RunTasksPermissions"
      }
    ],
    "Version": "2012-10-17"
  },
  "effective_actions": [
    {
      "access_level": "Write",
      "action": "deadline:AssumeFleetRoleForWorker",
      "condition": {
        "StringEquals": {
          "aws:PrincipalAccount": "${aws:ResourceAccount}"
        }
      },
      "credentials_exposure": false,
      "data_access": false,
      "effective_action": "deadline:AssumeFleetRoleForWorker",
      "privesc": false,
      "resource_exposure": false
    },
    {
      "access_level": "Write",
      "action": "deadline:UpdateWorker",
      "condition": {
        "StringEquals": {
          "aws:PrincipalAccount": "${aws:ResourceAccount}"
        }
      },
      "credentials_exposure": false,
      "data_access": false,
      "effective_action": "deadline:UpdateWorker",
      "privesc": false,
      "resource_exposure": false
    },
    {
      "access_level": "Write",
      "action": "deadline:UpdateWorkerSchedule",
      "condition": {
        "StringEquals": {
          "aws:PrincipalAccount": "${aws:ResourceAccount}"
        }
      },
      "credentials_exposure": false,
      "data_access": false,
      "effective_action": "deadline:UpdateWorkerSchedule",
      "privesc": false,
      "resource_exposure": false
    },
    {
      "access_level": "Read",
      "action": "deadline:BatchGetJobEntity",
      "condition": {
        "StringEquals": {
          "aws:PrincipalAccount": "${aws:ResourceAccount}"
        }
      },
      "credentials_exposure": false,
      "data_access": false,
      "effective_action": "deadline:BatchGetJobEntity",
      "privesc": false,
      "resource_exposure": false
    },
    {
      "access_level": "Write",
      "action": "deadline:AssumeQueueRoleForWorker",
      "condition": {
        "StringEquals": {
          "aws:PrincipalAccount": "${aws:ResourceAccount}"
        }
      },
      "credentials_exposure": false,
      "data_access": false,
      "effective_action": "deadline:AssumeQueueRoleForWorker",
      "privesc": false,
      "resource_exposure": false
    }
  ],
  "grantless": false,
  "malformed": false,
  "name": "AWSDeadlineCloud-FleetWorker",
  "privesc": false,
  "resource_exposure": false,
  "undocumented_actions": false,
  "unknown_actions": [],
  "updatedate": "2024-04-01T17:21:47+00:00",
  "version": "v1"
}