{
  "access_levels": [
    "List",
    "Read",
    "Tagging",
    "Write",
    "Permissions management"
  ],
  "arn": "arn:aws:iam::aws:policy/AWSDeepRacerCloudFormationAccessPolicy",
  "createdate": "2019-06-14T17:02:04Z",
  "credentials_exposure": false,
  "data_access": true,
  "deprecated": false,
  "document": {
    "Statement": [
      {
        "Action": [
          "cloudformation:*"
        ],
        "Effect": "Allow",
        "Resource": "*"
      },
      {
        "Action": [
          "ec2:AllocateAddress",
          "ec2:AttachInternetGateway",
          "ec2:AssociateRouteTable",
          "ec2:AuthorizeSecurityGroupEgress",
          "ec2:AuthorizeSecurityGroupIngress",
          "ec2:CreateInternetGateway",
          "ec2:CreateNatGateway",
          "ec2:CreateNetworkAcl",
          "ec2:CreateNetworkAclEntry",
          "ec2:CreateRoute",
          "ec2:CreateRouteTable",
          "ec2:CreateSecurityGroup",
          "ec2:CreateSubnet",
          "ec2:CreateTags",
          "ec2:CreateVpc",
          "ec2:CreateVpcEndpoint",
          "ec2:DeleteInternetGateway",
          "ec2:DeleteNatGateway",
          "ec2:DeleteNetworkAcl",
          "ec2:DeleteNetworkAclEntry",
          "ec2:DeleteRoute",
          "ec2:DeleteRouteTable",
          "ec2:DeleteSecurityGroup",
          "ec2:DeleteSubnet",
          "ec2:DeleteTags",
          "ec2:DeleteVpc",
          "ec2:DeleteVpcEndpoints",
          "ec2:DescribeAddresses",
          "ec2:DescribeInternetGateways",
          "ec2:DescribeNatGateways",
          "ec2:DescribeNetworkAcls",
          "ec2:DescribeRouteTables",
          "ec2:DescribeSecurityGroups",
          "ec2:DescribeSubnets",
          "ec2:DescribeTags",
          "ec2:DescribeVpcEndpoints",
          "ec2:DescribeVpcs",
          "ec2:DetachInternetGateway",
          "ec2:DisassociateRouteTable",
          "ec2:ModifySubnetAttribute",
          "ec2:ModifyVpcAttribute",
          "ec2:ReleaseAddress",
          "ec2:ReplaceNetworkAclAssociation",
          "ec2:RevokeSecurityGroupEgress",
          "ec2:RevokeSecurityGroupIngress"
        ],
        "Effect": "Allow",
        "Resource": "*"
      },
      {
        "Action": [
          "iam:PassRole"
        ],
        "Condition": {
          "StringLikeIfExists": {
            "iam:PassedToService": "lambda.amazonaws.com"
          }
        },
        "Effect": "Allow",
        "Resource": "arn:aws:iam::*:role/service-role/AWSDeepRacerLambdaAccessRole"
      },
      {
        "Action": [
          "lambda:CreateFunction",
          "lambda:GetFunction",
          "lambda:DeleteFunction",
          "lambda:TagResource",
          "lambda:UpdateFunctionCode"
        ],
        "Effect": "Allow",
        "Resource": [
          "arn:aws:lambda:*:*:function:*DeepRacer*",
          "arn:aws:lambda:*:*:function:*Deepracer*",
          "arn:aws:lambda:*:*:function:*deepracer*"
        ]
      },
      {
        "Action": [
          "s3:PutBucketPolicy",
          "s3:CreateBucket",
          "s3:ListBucket",
          "s3:GetBucketAcl",
          "s3:DeleteBucket"
        ],
        "Effect": "Allow",
        "Resource": [
          "arn:aws:s3:::*DeepRacer*",
          "arn:aws:s3:::*Deepracer*",
          "arn:aws:s3:::*deepracer*"
        ]
      },
      {
        "Action": [
          "robomaker:CreateSimulationApplication",
          "robomaker:CreateSimulationApplicationVersion",
          "robomaker:DeleteSimulationApplication",
          "robomaker:DescribeSimulationApplication",
          "robomaker:ListSimulationApplications",
          "robomaker:TagResource",
          "robomaker:UpdateSimulationApplication"
        ],
        "Effect": "Allow",
        "Resource": [
          "arn:aws:robomaker:*:*:/createSimulationApplication",
          "arn:aws:robomaker:*:*:simulation-application/deepracer*"
        ]
      }
    ],
    "Version": "2012-10-17"
  },
  "effective_actions": [
    {
      "access_level": "Write",
      "action": "cloudformation:*",
      "condition": null,
      "credentials_exposure": false,
      "data_access": false,
      "effective_action": "cloudformation:CancelResourceRequest",
      "privesc": false,
      "resource_exposure": false
    },
    {
      "access_level": "Write",
      "action": "cloudformation:*",
      "condition": null,
      "credentials_exposure": false,
      "data_access": false,
      "effective_action": "cloudformation:CreateResource",
      "privesc": false,
      "resource_exposure": false
    },
    {
      "access_level": "Write",
      "action": "cloudformation:*",
      "condition": null,
      "credentials_exposure": false,
      "data_access": false,
      "effective_action": "cloudformation:DeleteResource",
      "privesc": false,
      "resource_exposure": false
    },
    {
      "access_level": "Read",
      "action": "cloudformation:*",
      "condition": null,
      "credentials_exposure": false,
      "data_access": false,
      "effective_action": "cloudformation:GetResource",
      "privesc": false,
      "resource_exposure": false
    },
    {
      "access_level": "Read",
      "action": "cloudformation:*",
      "condition": null,
      "credentials_exposure": false,
      "data_access": false,
      "effective_action": "cloudformation:GetResourceRequestStatus",
      "privesc": false,
      "resource_exposure": false
    },
    {
      "access_level": "Read",
      "action": "cloudformation:*",
      "condition": null,
      "credentials_exposure": false,
      "data_access": false,
      "effective_action": "cloudformation:ListResourceRequests",
      "privesc": false,
      "resource_exposure": false
    },
    {
      "access_level": "Read",
      "action": "cloudformation:*",
      "condition": null,
      "credentials_exposure": false,
      "data_access": false,
      "effective_action": "cloudformation:ListResources",
      "privesc": false,
      "resource_exposure": false
    },
    {
      "access_level": "Write",
      "action": "cloudformation:*",
      "condition": null,
      "credentials_exposure": false,
      "data_access": false,
      "effective_action": "cloudformation:UpdateResource",
      "privesc": false,
      "resource_exposure": false
    },
    {
      "access_level": "Write",
      "action": "cloudformation:*",
      "condition": null,
      "credentials_exposure": false,
      "data_access": false,
      "effective_action": "cloudformation:ActivateOrganizationsAccess",
      "privesc": false,
      "resource_exposure": false
    },
    {
      "access_level": "Write",
      "action": "cloudformation:*",
      "condition": null,
      "credentials_exposure": false,
      "data_access": false,
      "effective_action": "cloudformation:ActivateType",
      "privesc": false,
      "resource_exposure": false
    },
    {
      "access_level": "Read",
      "action": "cloudformation:*",
      "condition": null,
      "credentials_exposure": false,
      "data_access": false,
      "effective_action": "cloudformation:BatchDescribeTypeConfigurations",
      "privesc": false,
      "resource_exposure": false
    },
    {
      "access_level": "Write",
      "action": "cloudformation:*",
      "condition": null,
      "credentials_exposure": false,
      "data_access": false,
      "effective_action": "cloudformation:CancelUpdateStack",
      "privesc": false,
      "resource_exposure": false
    },
    {
      "access_level": "Write",
      "action": "cloudformation:*",
      "condition": null,
      "credentials_exposure": false,
      "data_access": false,
      "effective_action": "cloudformation:ContinueUpdateRollback",
      "privesc": false,
      "resource_exposure": false
    },
    {
      "access_level": "Write",
      "action": "cloudformation:*",
      "condition": null,
      "credentials_exposure": false,
      "data_access": false,
      "effective_action": "cloudformation:CreateChangeSet",
      "privesc": false,
      "resource_exposure": false
    },
    {
      "access_level": "Write",
      "action": "cloudformation:*",
      "condition": null,
      "credentials_exposure": false,
      "data_access": false,
      "effective_action": "cloudformation:CreateGeneratedTemplate",
      "privesc": false,
      "resource_exposure": false
    },
    {
      "access_level": "Write",
      "action": "cloudformation:*",
      "condition": null,
      "credentials_exposure": false,
      "data_access": false,
      "effective_action": "cloudformation:CreateStack",
      "privesc": false,
      "resource_exposure": false
    },
    {
      "access_level": "Write",
      "action": "cloudformation:*",
      "condition": null,
      "credentials_exposure": false,
      "data_access": false,
      "effective_action": "cloudformation:CreateStackInstances",
      "privesc": false,
      "resource_exposure": false
    },
    {
      "access_level": "Write",
      "action": "cloudformation:*",
      "condition": null,
      "credentials_exposure": false,
      "data_access": false,
      "effective_action": "cloudformation:CreateStackRefactor",
      "privesc": false,
      "resource_exposure": false
    },
    {
      "access_level": "Write",
      "action": "cloudformation:*",
      "condition": null,
      "credentials_exposure": false,
      "data_access": false,
      "effective_action": "cloudformation:CreateStackSet",
      "privesc": false,
      "resource_exposure": false
    },
    {
      "access_level": "Write",
      "action": "cloudformation:*",
      "condition": null,
      "credentials_exposure": false,
      "data_access": false,
      "effective_action": "cloudformation:CreateUploadBucket",
      "privesc": false,
      "resource_exposure": false
    },
    {
      "access_level": "Write",
      "action": "cloudformation:*",
      "condition": null,
      "credentials_exposure": false,
      "data_access": false,
      "effective_action": "cloudformation:DeactivateOrganizationsAccess",
      "privesc": false,
      "resource_exposure": false
    },
    {
      "access_level": "Write",
      "action": "cloudformation:*",
      "condition": null,
      "credentials_exposure": false,
      "data_access": false,
      "effective_action": "cloudformation:DeactivateType",
      "privesc": false,
      "resource_exposure": false
    },
    {
      "access_level": "Write",
      "action": "cloudformation:*",
      "condition": null,
      "credentials_exposure": false,
      "data_access": false,
      "effective_action": "cloudformation:DeleteChangeSet",
      "privesc": false,
      "resource_exposure": false
    },
    {
      "access_level": "Write",
      "action": "cloudformation:*",
      "condition": null,
      "credentials_exposure": false,
      "data_access": false,
      "effective_action": "cloudformation:DeleteGeneratedTemplate",
      "privesc": false,
      "resource_exposure": false
    },
    {
      "access_level": "Write",
      "action": "cloudformation:*",
      "condition": null,
      "credentials_exposure": false,
      "data_access": false,
      "effective_action": "cloudformation:DeleteStack",
      "privesc": false,
      "resource_exposure": false
    },
    {
      "access_level": "Write",
      "action": "cloudformation:*",
      "condition": null,
      "credentials_exposure": false,
      "data_access": false,
      "effective_action": "cloudformation:DeleteStackInstances",
      "privesc": false,
      "resource_exposure": false
    },
    {
      "access_level": "Write",
      "action": "cloudformation:*",
      "condition": null,
      "credentials_exposure": false,
      "data_access": false,
      "effective_action": "cloudformation:DeleteStackSet",
      "privesc": false,
      "resource_exposure": false
    },
    {
      "access_level": "Write",
      "action": "cloudformation:*",
      "condition": null,
      "credentials_exposure": false,
      "data_access": false,
      "effective_action": "cloudformation:DeregisterType",
      "privesc": false,
      "resource_exposure": false
    },
    {
      "access_level": "Read",
      "action": "cloudformation:*",
      "condition": null,
      "credentials_exposure": false,
      "data_access": false,
      "effective_action": "cloudformation:DescribeAccountLimits",
      "privesc": false,
      "resource_exposure": false
    },
    {
      "access_level": "Read",
      "action": "cloudformation:*",
      "condition": null,
      "credentials_exposure": false,
      "data_access": false,
      "effective_action": "cloudformation:DescribeChangeSet",
      "privesc": false,
      "resource_exposure": false
    },
    {
      "access_level": "Read",
      "action": "cloudformation:*",
      "condition": null,
      "credentials_exposure": false,
      "data_access": false,
      "effective_action": "cloudformation:DescribeChangeSetHooks",
      "privesc": false,
      "resource_exposure": false
    },
    {
      "access_level": "Read",
      "action": "cloudformation:*",
      "condition": null,
      "credentials_exposure": false,
      "data_access": false,
      "effective_action": "cloudformation:DescribeGeneratedTemplate",
      "privesc": false,
      "resource_exposure": false
    },
    {
      "access_level": "Read",
      "action": "cloudformation:*",
      "condition": null,
      "credentials_exposure": false,
      "data_access": false,
      "effective_action": "cloudformation:DescribeOrganizationsAccess",
      "privesc": false,
      "resource_exposure": false
    },
    {
      "access_level": "Read",
      "action": "cloudformation:*",
      "condition": null,
      "credentials_exposure": false,
      "data_access": false,
      "effective_action": "cloudformation:DescribePublisher",
      "privesc": false,
      "resource_exposure": false
    },
    {
      "access_level": "Read",
      "action": "cloudformation:*",
      "condition": null,
      "credentials_exposure": false,
      "data_access": false,
      "effective_action": "cloudformation:DescribeResourceScan",
      "privesc": false,
      "resource_exposure": false
    },
    {
      "access_level": "Read",
      "action": "cloudformation:*",
      "condition": null,
      "credentials_exposure": false,
      "data_access": false,
      "effective_action": "cloudformation:DescribeStackDriftDetectionStatus",
      "privesc": false,
      "resource_exposure": false
    },
    {
      "access_level": "Read",
      "action": "cloudformation:*",
      "condition": null,
      "credentials_exposure": false,
      "data_access": false,
      "effective_action": "cloudformation:DescribeStackEvents",
      "privesc": false,
      "resource_exposure": false
    },
    {
      "access_level": "Read",
      "action": "cloudformation:*",
      "condition": null,
      "credentials_exposure": false,
      "data_access": false,
      "effective_action": "cloudformation:DescribeStackInstance",
      "privesc": false,
      "resource_exposure": false
    },
    {
      "access_level": "Read",
      "action": "cloudformation:*",
      "condition": null,
      "credentials_exposure": false,
      "data_access": false,
      "effective_action": "cloudformation:DescribeStackRefactor",
      "privesc": false,
      "resource_exposure": false
    },
    {
      "access_level": "Read",
      "action": "cloudformation:*",
      "condition": null,
      "credentials_exposure": false,
      "data_access": false,
      "effective_action": "cloudformation:DescribeStackResource",
      "privesc": false,
      "resource_exposure": false
    },
    {
      "access_level": "Read",
      "action": "cloudformation:*",
      "condition": null,
      "credentials_exposure": false,
      "data_access": false,
      "effective_action": "cloudformation:DescribeStackResourceDrifts",
      "privesc": false,
      "resource_exposure": false
    },
    {
      "access_level": "Read",
      "action": "cloudformation:*",
      "condition": null,
      "credentials_exposure": false,
      "data_access": false,
      "effective_action": "cloudformation:DescribeStackResources",
      "privesc": false,
      "resource_exposure": false
    },
    {
      "access_level": "Read",
      "action": "cloudformation:*",
      "condition": null,
      "credentials_exposure": false,
      "data_access": false,
      "effective_action": "cloudformation:DescribeStackSet",
      "privesc": false,
      "resource_exposure": false
    },
    {
      "access_level": "Read",
      "action": "cloudformation:*",
      "condition": null,
      "credentials_exposure": false,
      "data_access": false,
      "effective_action": "cloudformation:DescribeStackSetOperation",
      "privesc": false,
      "resource_exposure": false
    },
    {
      "access_level": "List",
      "action": "cloudformation:*",
      "condition": null,
      "credentials_exposure": false,
      "data_access": false,
      "effective_action": "cloudformation:DescribeStacks",
      "privesc": false,
      "resource_exposure": false
    },
    {
      "access_level": "Read",
      "action": "cloudformation:*",
      "condition": null,
      "credentials_exposure": false,
      "data_access": false,
      "effective_action": "cloudformation:DescribeType",
      "privesc": false,
      "resource_exposure": false
    },
    {
      "access_level": "Read",
      "action": "cloudformation:*",
      "condition": null,
      "credentials_exposure": false,
      "data_access": false,
      "effective_action": "cloudformation:DescribeTypeRegistration",
      "privesc": false,
      "resource_exposure": false
    },
    {
      "access_level": "Read",
      "action": "cloudformation:*",
      "condition": null,
      "credentials_exposure": false,
      "data_access": false,
      "effective_action": "cloudformation:DetectStackDrift",
      "privesc": false,
      "resource_exposure": false
    },
    {
      "access_level": "Read",
      "action": "cloudformation:*",
      "condition": null,
      "credentials_exposure": false,
      "data_access": false,
      "effective_action": "cloudformation:DetectStackResourceDrift",
      "privesc": false,
      "resource_exposure": false
    },
    {
      "access_level": "Read",
      "action": "cloudformation:*",
      "condition": null,
      "credentials_exposure": false,
      "data_access": false,
      "effective_action": "cloudformation:DetectStackSetDrift",
      "privesc": false,
      "resource_exposure": false
    },
    {
      "access_level": "Read",
      "action": "cloudformation:*",
      "condition": null,
      "credentials_exposure": false,
      "data_access": false,
      "effective_action": "cloudformation:EstimateTemplateCost",
      "privesc": false,
      "resource_exposure": false
    },
    {
      "access_level": "Write",
      "action": "cloudformation:*",
      "condition": null,
      "credentials_exposure": false,
      "data_access": false,
      "effective_action": "cloudformation:ExecuteChangeSet",
      "privesc": false,
      "resource_exposure": false
    },
    {
      "access_level": "Write",
      "action": "cloudformation:*",
      "condition": null,
      "credentials_exposure": false,
      "data_access": false,
      "effective_action": "cloudformation:ExecuteStackRefactor",
      "privesc": false,
      "resource_exposure": false
    },
    {
      "access_level": "Read",
      "action": "cloudformation:*",
      "condition": null,
      "credentials_exposure": false,
      "data_access": false,
      "effective_action": "cloudformation:GetGeneratedTemplate",
      "privesc": false,
      "resource_exposure": false
    },
    {
      "access_level": "Read",
      "action": "cloudformation:*",
      "condition": null,
      "credentials_exposure": false,
      "data_access": false,
      "effective_action": "cloudformation:GetStackPolicy",
      "privesc": false,
      "resource_exposure": false
    },
    {
      "access_level": "Read",
      "action": "cloudformation:*",
      "condition": null,
      "credentials_exposure": false,
      "data_access": true,
      "effective_action": "cloudformation:GetTemplate",
      "privesc": false,
      "resource_exposure": false
    },
    {
      "access_level": "Read",
      "action": "cloudformation:*",
      "condition": null,
      "credentials_exposure": false,
      "data_access": false,
      "effective_action": "cloudformation:GetTemplateSummary",
      "privesc": false,
      "resource_exposure": false
    },
    {
      "access_level": "Write",
      "action": "cloudformation:*",
      "condition": null,
      "credentials_exposure": false,
      "data_access": false,
      "effective_action": "cloudformation:ImportStacksToStackSet",
      "privesc": false,
      "resource_exposure": false
    },
    {
      "access_level": "List",
      "action": "cloudformation:*",
      "condition": null,
      "credentials_exposure": false,
      "data_access": false,
      "effective_action": "cloudformation:ListAllHookResults",
      "privesc": false,
      "resource_exposure": false
    },
    {
      "access_level": "List",
      "action": "cloudformation:*",
      "condition": null,
      "credentials_exposure": false,
      "data_access": false,
      "effective_action": "cloudformation:ListChangeSets",
      "privesc": false,
      "resource_exposure": false
    },
    {
      "access_level": "List",
      "action": "cloudformation:*",
      "condition": null,
      "credentials_exposure": false,
      "data_access": false,
      "effective_action": "cloudformation:ListExports",
      "privesc": false,
      "resource_exposure": false
    },
    {
      "access_level": "List",
      "action": "cloudformation:*",
      "condition": null,
      "credentials_exposure": false,
      "data_access": false,
      "effective_action": "cloudformation:ListGeneratedTemplates",
      "privesc": false,
      "resource_exposure": false
    },
    {
      "access_level": "List",
      "action": "cloudformation:*",
      "condition": null,
      "credentials_exposure": false,
      "data_access": false,
      "effective_action": "cloudformation:ListHookResults",
      "privesc": false,
      "resource_exposure": false
    },
    {
      "access_level": "List",
      "action": "cloudformation:*",
      "condition": null,
      "credentials_exposure": false,
      "data_access": false,
      "effective_action": "cloudformation:ListImports",
      "privesc": false,
      "resource_exposure": false
    },
    {
      "access_level": "List",
      "action": "cloudformation:*",
      "condition": null,
      "credentials_exposure": false,
      "data_access": false,
      "effective_action": "cloudformation:ListResourceScanRelatedResources",
      "privesc": false,
      "resource_exposure": false
    },
    {
      "access_level": "List",
      "action": "cloudformation:*",
      "condition": null,
      "credentials_exposure": false,
      "data_access": false,
      "effective_action": "cloudformation:ListResourceScanResources",
      "privesc": false,
      "resource_exposure": false
    },
    {
      "access_level": "List",
      "action": "cloudformation:*",
      "condition": null,
      "credentials_exposure": false,
      "data_access": false,
      "effective_action": "cloudformation:ListResourceScans",
      "privesc": false,
      "resource_exposure": false
    },
    {
      "access_level": "List",
      "action": "cloudformation:*",
      "condition": null,
      "credentials_exposure": false,
      "data_access": false,
      "effective_action": "cloudformation:ListStackInstanceResourceDrifts",
      "privesc": false,
      "resource_exposure": false
    },
    {
      "access_level": "List",
      "action": "cloudformation:*",
      "condition": null,
      "credentials_exposure": false,
      "data_access": false,
      "effective_action": "cloudformation:ListStackInstances",
      "privesc": false,
      "resource_exposure": false
    },
    {
      "access_level": "List",
      "action": "cloudformation:*",
      "condition": null,
      "credentials_exposure": false,
      "data_access": false,
      "effective_action": "cloudformation:ListStackRefactorActions",
      "privesc": false,
      "resource_exposure": false
    },
    {
      "access_level": "List",
      "action": "cloudformation:*",
      "condition": null,
      "credentials_exposure": false,
      "data_access": false,
      "effective_action": "cloudformation:ListStackRefactors",
      "privesc": false,
      "resource_exposure": false
    },
    {
      "access_level": "List",
      "action": "cloudformation:*",
      "condition": null,
      "credentials_exposure": false,
      "data_access": false,
      "effective_action": "cloudformation:ListStackResources",
      "privesc": false,
      "resource_exposure": false
    },
    {
      "access_level": "List",
      "action": "cloudformation:*",
      "condition": null,
      "credentials_exposure": false,
      "data_access": false,
      "effective_action": "cloudformation:ListStackSetAutoDeploymentTargets",
      "privesc": false,
      "resource_exposure": false
    },
    {
      "access_level": "List",
      "action": "cloudformation:*",
      "condition": null,
      "credentials_exposure": false,
      "data_access": false,
      "effective_action": "cloudformation:ListStackSetOperationResults",
      "privesc": false,
      "resource_exposure": false
    },
    {
      "access_level": "List",
      "action": "cloudformation:*",
      "condition": null,
      "credentials_exposure": false,
      "data_access": false,
      "effective_action": "cloudformation:ListStackSetOperations",
      "privesc": false,
      "resource_exposure": false
    },
    {
      "access_level": "List",
      "action": "cloudformation:*",
      "condition": null,
      "credentials_exposure": false,
      "data_access": false,
      "effective_action": "cloudformation:ListStackSets",
      "privesc": false,
      "resource_exposure": false
    },
    {
      "access_level": "List",
      "action": "cloudformation:*",
      "condition": null,
      "credentials_exposure": false,
      "data_access": false,
      "effective_action": "cloudformation:ListStacks",
      "privesc": false,
      "resource_exposure": false
    },
    {
      "access_level": "List",
      "action": "cloudformation:*",
      "condition": null,
      "credentials_exposure": false,
      "data_access": false,
      "effective_action": "cloudformation:ListTypeRegistrations",
      "privesc": false,
      "resource_exposure": false
    },
    {
      "access_level": "List",
      "action": "cloudformation:*",
      "condition": null,
      "credentials_exposure": false,
      "data_access": false,
      "effective_action": "cloudformation:ListTypeVersions",
      "privesc": false,
      "resource_exposure": false
    },
    {
      "access_level": "List",
      "action": "cloudformation:*",
      "condition": null,
      "credentials_exposure": false,
      "data_access": false,
      "effective_action": "cloudformation:ListTypes",
      "privesc": false,
      "resource_exposure": false
    },
    {
      "access_level": "Write",
      "action": "cloudformation:*",
      "condition": null,
      "credentials_exposure": false,
      "data_access": false,
      "effective_action": "cloudformation:PublishType",
      "privesc": false,
      "resource_exposure": false
    },
    {
      "access_level": "Write",
      "action": "cloudformation:*",
      "condition": null,
      "credentials_exposure": false,
      "data_access": false,
      "effective_action": "cloudformation:RecordHandlerProgress",
      "privesc": false,
      "resource_exposure": false
    },
    {
      "access_level": "Write",
      "action": "cloudformation:*",
      "condition": null,
      "credentials_exposure": false,
      "data_access": false,
      "effective_action": "cloudformation:RegisterPublisher",
      "privesc": false,
      "resource_exposure": false
    },
    {
      "access_level": "Write",
      "action": "cloudformation:*",
      "condition": null,
      "credentials_exposure": false,
      "data_access": false,
      "effective_action": "cloudformation:RegisterType",
      "privesc": false,
      "resource_exposure": false
    },
    {
      "access_level": "Write",
      "action": "cloudformation:*",
      "condition": null,
      "credentials_exposure": false,
      "data_access": false,
      "effective_action": "cloudformation:RollbackStack",
      "privesc": false,
      "resource_exposure": false
    },
    {
      "access_level": "Permissions management",
      "action": "cloudformation:*",
      "condition": null,
      "credentials_exposure": false,
      "data_access": false,
      "effective_action": "cloudformation:SetStackPolicy",
      "privesc": false,
      "resource_exposure": true
    },
    {
      "access_level": "Write",
      "action": "cloudformation:*",
      "condition": null,
      "credentials_exposure": false,
      "data_access": false,
      "effective_action": "cloudformation:SetTypeConfiguration",
      "privesc": false,
      "resource_exposure": false
    },
    {
      "access_level": "Write",
      "action": "cloudformation:*",
      "condition": null,
      "credentials_exposure": false,
      "data_access": false,
      "effective_action": "cloudformation:SetTypeDefaultVersion",
      "privesc": false,
      "resource_exposure": false
    },
    {
      "access_level": "Write",
      "action": "cloudformation:*",
      "condition": null,
      "credentials_exposure": false,
      "data_access": false,
      "effective_action": "cloudformation:SignalResource",
      "privesc": false,
      "resource_exposure": false
    },
    {
      "access_level": "Write",
      "action": "cloudformation:*",
      "condition": null,
      "credentials_exposure": false,
      "data_access": false,
      "effective_action": "cloudformation:StartResourceScan",
      "privesc": false,
      "resource_exposure": false
    },
    {
      "access_level": "Write",
      "action": "cloudformation:*",
      "condition": null,
      "credentials_exposure": false,
      "data_access": false,
      "effective_action": "cloudformation:StopStackSetOperation",
      "privesc": false,
      "resource_exposure": false
    },
    {
      "access_level": "Tagging",
      "action": "cloudformation:*",
      "condition": null,
      "credentials_exposure": false,
      "data_access": false,
      "effective_action": "cloudformation:TagResource",
      "privesc": false,
      "resource_exposure": false
    },
    {
      "access_level": "Write",
      "action": "cloudformation:*",
      "condition": null,
      "credentials_exposure": false,
      "data_access": false,
      "effective_action": "cloudformation:TestType",
      "privesc": false,
      "resource_exposure": false
    },
    {
      "access_level": "Tagging",
      "action": "cloudformation:*",
      "condition": null,
      "credentials_exposure": false,
      "data_access": false,
      "effective_action": "cloudformation:UntagResource",
      "privesc": false,
      "resource_exposure": false
    },
    {
      "access_level": "Write",
      "action": "cloudformation:*",
      "condition": null,
      "credentials_exposure": false,
      "data_access": false,
      "effective_action": "cloudformation:UpdateGeneratedTemplate",
      "privesc": false,
      "resource_exposure": false
    },
    {
      "access_level": "Write",
      "action": "cloudformation:*",
      "condition": null,
      "credentials_exposure": false,
      "data_access": false,
      "effective_action": "cloudformation:UpdateStack",
      "privesc": false,
      "resource_exposure": false
    },
    {
      "access_level": "Write",
      "action": "cloudformation:*",
      "condition": null,
      "credentials_exposure": false,
      "data_access": false,
      "effective_action": "cloudformation:UpdateStackInstances",
      "privesc": false,
      "resource_exposure": false
    },
    {
      "access_level": "Write",
      "action": "cloudformation:*",
      "condition": null,
      "credentials_exposure": false,
      "data_access": false,
      "effective_action": "cloudformation:UpdateStackSet",
      "privesc": false,
      "resource_exposure": false
    },
    {
      "access_level": "Write",
      "action": "cloudformation:*",
      "condition": null,
      "credentials_exposure": false,
      "data_access": false,
      "effective_action": "cloudformation:UpdateTerminationProtection",
      "privesc": false,
      "resource_exposure": false
    },
    {
      "access_level": "Read",
      "action": "cloudformation:*",
      "condition": null,
      "credentials_exposure": false,
      "data_access": false,
      "effective_action": "cloudformation:ValidateTemplate",
      "privesc": false,
      "resource_exposure": false
    },
    {
      "access_level": "Write",
      "action": "ec2:AllocateAddress",
      "condition": null,
      "credentials_exposure": false,
      "data_access": false,
      "effective_action": "ec2:AllocateAddress",
      "privesc": false,
      "resource_exposure": false
    },
    {
      "access_level": "Write",
      "action": "ec2:AttachInternetGateway",
      "condition": null,
      "credentials_exposure": false,
      "data_access": false,
      "effective_action": "ec2:AttachInternetGateway",
      "privesc": false,
      "resource_exposure": false
    },
    {
      "access_level": "Write",
      "action": "ec2:AssociateRouteTable",
      "condition": null,
      "credentials_exposure": false,
      "data_access": false,
      "effective_action": "ec2:AssociateRouteTable",
      "privesc": false,
      "resource_exposure": false
    },
    {
      "access_level": "Write",
      "action": "ec2:AuthorizeSecurityGroupEgress",
      "condition": null,
      "credentials_exposure": false,
      "data_access": false,
      "effective_action": "ec2:AuthorizeSecurityGroupEgress",
      "privesc": false,
      "resource_exposure": false
    },
    {
      "access_level": "Write",
      "action": "ec2:AuthorizeSecurityGroupIngress",
      "condition": null,
      "credentials_exposure": false,
      "data_access": false,
      "effective_action": "ec2:AuthorizeSecurityGroupIngress",
      "privesc": false,
      "resource_exposure": false
    },
    {
      "access_level": "Write",
      "action": "ec2:CreateInternetGateway",
      "condition": null,
      "credentials_exposure": false,
      "data_access": false,
      "effective_action": "ec2:CreateInternetGateway",
      "privesc": false,
      "resource_exposure": false
    },
    {
      "access_level": "Write",
      "action": "ec2:CreateNatGateway",
      "condition": null,
      "credentials_exposure": false,
      "data_access": false,
      "effective_action": "ec2:CreateNatGateway",
      "privesc": false,
      "resource_exposure": false
    },
    {
      "access_level": "Write",
      "action": "ec2:CreateNetworkAcl",
      "condition": null,
      "credentials_exposure": false,
      "data_access": false,
      "effective_action": "ec2:CreateNetworkAcl",
      "privesc": false,
      "resource_exposure": false
    },
    {
      "access_level": "Write",
      "action": "ec2:CreateNetworkAclEntry",
      "condition": null,
      "credentials_exposure": false,
      "data_access": false,
      "effective_action": "ec2:CreateNetworkAclEntry",
      "privesc": false,
      "resource_exposure": false
    },
    {
      "access_level": "Write",
      "action": "ec2:CreateRoute",
      "condition": null,
      "credentials_exposure": false,
      "data_access": false,
      "effective_action": "ec2:CreateRoute",
      "privesc": false,
      "resource_exposure": false
    },
    {
      "access_level": "Write",
      "action": "ec2:CreateRouteTable",
      "condition": null,
      "credentials_exposure": false,
      "data_access": false,
      "effective_action": "ec2:CreateRouteTable",
      "privesc": false,
      "resource_exposure": false
    },
    {
      "access_level": "Write",
      "action": "ec2:CreateSecurityGroup",
      "condition": null,
      "credentials_exposure": false,
      "data_access": false,
      "effective_action": "ec2:CreateSecurityGroup",
      "privesc": false,
      "resource_exposure": false
    },
    {
      "access_level": "Write",
      "action": "ec2:CreateSubnet",
      "condition": null,
      "credentials_exposure": false,
      "data_access": false,
      "effective_action": "ec2:CreateSubnet",
      "privesc": false,
      "resource_exposure": false
    },
    {
      "access_level": "Tagging",
      "action": "ec2:CreateTags",
      "condition": null,
      "credentials_exposure": false,
      "data_access": false,
      "effective_action": "ec2:CreateTags",
      "privesc": false,
      "resource_exposure": false
    },
    {
      "access_level": "Write",
      "action": "ec2:CreateVpc",
      "condition": null,
      "credentials_exposure": false,
      "data_access": false,
      "effective_action": "ec2:CreateVpc",
      "privesc": false,
      "resource_exposure": false
    },
    {
      "access_level": "Write",
      "action": "ec2:CreateVpcEndpoint",
      "condition": null,
      "credentials_exposure": false,
      "data_access": false,
      "effective_action": "ec2:CreateVpcEndpoint",
      "privesc": false,
      "resource_exposure": false
    },
    {
      "access_level": "Write",
      "action": "ec2:DeleteInternetGateway",
      "condition": null,
      "credentials_exposure": false,
      "data_access": false,
      "effective_action": "ec2:DeleteInternetGateway",
      "privesc": false,
      "resource_exposure": false
    },
    {
      "access_level": "Write",
      "action": "ec2:DeleteNatGateway",
      "condition": null,
      "credentials_exposure": false,
      "data_access": false,
      "effective_action": "ec2:DeleteNatGateway",
      "privesc": false,
      "resource_exposure": false
    },
    {
      "access_level": "Write",
      "action": "ec2:DeleteNetworkAcl",
      "condition": null,
      "credentials_exposure": false,
      "data_access": false,
      "effective_action": "ec2:DeleteNetworkAcl",
      "privesc": false,
      "resource_exposure": false
    },
    {
      "access_level": "Write",
      "action": "ec2:DeleteNetworkAclEntry",
      "condition": null,
      "credentials_exposure": false,
      "data_access": false,
      "effective_action": "ec2:DeleteNetworkAclEntry",
      "privesc": false,
      "resource_exposure": false
    },
    {
      "access_level": "Write",
      "action": "ec2:DeleteRoute",
      "condition": null,
      "credentials_exposure": false,
      "data_access": false,
      "effective_action": "ec2:DeleteRoute",
      "privesc": false,
      "resource_exposure": false
    },
    {
      "access_level": "Write",
      "action": "ec2:DeleteRouteTable",
      "condition": null,
      "credentials_exposure": false,
      "data_access": false,
      "effective_action": "ec2:DeleteRouteTable",
      "privesc": false,
      "resource_exposure": false
    },
    {
      "access_level": "Write",
      "action": "ec2:DeleteSecurityGroup",
      "condition": null,
      "credentials_exposure": false,
      "data_access": false,
      "effective_action": "ec2:DeleteSecurityGroup",
      "privesc": false,
      "resource_exposure": false
    },
    {
      "access_level": "Write",
      "action": "ec2:DeleteSubnet",
      "condition": null,
      "credentials_exposure": false,
      "data_access": false,
      "effective_action": "ec2:DeleteSubnet",
      "privesc": false,
      "resource_exposure": false
    },
    {
      "access_level": "Tagging",
      "action": "ec2:DeleteTags",
      "condition": null,
      "credentials_exposure": false,
      "data_access": false,
      "effective_action": "ec2:DeleteTags",
      "privesc": false,
      "resource_exposure": false
    },
    {
      "access_level": "Write",
      "action": "ec2:DeleteVpc",
      "condition": null,
      "credentials_exposure": false,
      "data_access": false,
      "effective_action": "ec2:DeleteVpc",
      "privesc": false,
      "resource_exposure": false
    },
    {
      "access_level": "Write",
      "action": "ec2:DeleteVpcEndpoints",
      "condition": null,
      "credentials_exposure": false,
      "data_access": false,
      "effective_action": "ec2:DeleteVpcEndpoints",
      "privesc": false,
      "resource_exposure": false
    },
    {
      "access_level": "List",
      "action": "ec2:DescribeAddresses",
      "condition": null,
      "credentials_exposure": false,
      "data_access": false,
      "effective_action": "ec2:DescribeAddresses",
      "privesc": false,
      "resource_exposure": false
    },
    {
      "access_level": "List",
      "action": "ec2:DescribeInternetGateways",
      "condition": null,
      "credentials_exposure": false,
      "data_access": false,
      "effective_action": "ec2:DescribeInternetGateways",
      "privesc": false,
      "resource_exposure": false
    },
    {
      "access_level": "List",
      "action": "ec2:DescribeNatGateways",
      "condition": null,
      "credentials_exposure": false,
      "data_access": false,
      "effective_action": "ec2:DescribeNatGateways",
      "privesc": false,
      "resource_exposure": false
    },
    {
      "access_level": "List",
      "action": "ec2:DescribeNetworkAcls",
      "condition": null,
      "credentials_exposure": false,
      "data_access": false,
      "effective_action": "ec2:DescribeNetworkAcls",
      "privesc": false,
      "resource_exposure": false
    },
    {
      "access_level": "List",
      "action": "ec2:DescribeRouteTables",
      "condition": null,
      "credentials_exposure": false,
      "data_access": false,
      "effective_action": "ec2:DescribeRouteTables",
      "privesc": false,
      "resource_exposure": false
    },
    {
      "access_level": "List",
      "action": "ec2:DescribeSecurityGroups",
      "condition": null,
      "credentials_exposure": false,
      "data_access": false,
      "effective_action": "ec2:DescribeSecurityGroups",
      "privesc": false,
      "resource_exposure": false
    },
    {
      "access_level": "List",
      "action": "ec2:DescribeSubnets",
      "condition": null,
      "credentials_exposure": false,
      "data_access": false,
      "effective_action": "ec2:DescribeSubnets",
      "privesc": false,
      "resource_exposure": false
    },
    {
      "access_level": "List",
      "action": "ec2:DescribeTags",
      "condition": null,
      "credentials_exposure": false,
      "data_access": false,
      "effective_action": "ec2:DescribeTags",
      "privesc": false,
      "resource_exposure": false
    },
    {
      "access_level": "List",
      "action": "ec2:DescribeVpcEndpoints",
      "condition": null,
      "credentials_exposure": false,
      "data_access": false,
      "effective_action": "ec2:DescribeVpcEndpoints",
      "privesc": false,
      "resource_exposure": false
    },
    {
      "access_level": "List",
      "action": "ec2:DescribeVpcs",
      "condition": null,
      "credentials_exposure": false,
      "data_access": false,
      "effective_action": "ec2:DescribeVpcs",
      "privesc": false,
      "resource_exposure": false
    },
    {
      "access_level": "Write",
      "action": "ec2:DetachInternetGateway",
      "condition": null,
      "credentials_exposure": false,
      "data_access": false,
      "effective_action": "ec2:DetachInternetGateway",
      "privesc": false,
      "resource_exposure": false
    },
    {
      "access_level": "Write",
      "action": "ec2:DisassociateRouteTable",
      "condition": null,
      "credentials_exposure": false,
      "data_access": false,
      "effective_action": "ec2:DisassociateRouteTable",
      "privesc": false,
      "resource_exposure": false
    },
    {
      "access_level": "Write",
      "action": "ec2:ModifySubnetAttribute",
      "condition": null,
      "credentials_exposure": false,
      "data_access": false,
      "effective_action": "ec2:ModifySubnetAttribute",
      "privesc": false,
      "resource_exposure": false
    },
    {
      "access_level": "Write",
      "action": "ec2:ModifyVpcAttribute",
      "condition": null,
      "credentials_exposure": false,
      "data_access": false,
      "effective_action": "ec2:ModifyVpcAttribute",
      "privesc": false,
      "resource_exposure": false
    },
    {
      "access_level": "Write",
      "action": "ec2:ReleaseAddress",
      "condition": null,
      "credentials_exposure": false,
      "data_access": false,
      "effective_action": "ec2:ReleaseAddress",
      "privesc": false,
      "resource_exposure": false
    },
    {
      "access_level": "Write",
      "action": "ec2:ReplaceNetworkAclAssociation",
      "condition": null,
      "credentials_exposure": false,
      "data_access": false,
      "effective_action": "ec2:ReplaceNetworkAclAssociation",
      "privesc": false,
      "resource_exposure": false
    },
    {
      "access_level": "Write",
      "action": "ec2:RevokeSecurityGroupEgress",
      "condition": null,
      "credentials_exposure": false,
      "data_access": false,
      "effective_action": "ec2:RevokeSecurityGroupEgress",
      "privesc": false,
      "resource_exposure": false
    },
    {
      "access_level": "Write",
      "action": "ec2:RevokeSecurityGroupIngress",
      "condition": null,
      "credentials_exposure": false,
      "data_access": false,
      "effective_action": "ec2:RevokeSecurityGroupIngress",
      "privesc": false,
      "resource_exposure": false
    },
    {
      "access_level": "Permissions management",
      "action": "iam:PassRole",
      "condition": {
        "StringLikeIfExists": {
          "iam:PassedToService": "lambda.amazonaws.com"
        }
      },
      "credentials_exposure": false,
      "data_access": false,
      "effective_action": "iam:PassRole",
      "privesc": true,
      "resource_exposure": true
    },
    {
      "access_level": "Write",
      "action": "lambda:CreateFunction",
      "condition": null,
      "credentials_exposure": false,
      "data_access": false,
      "effective_action": "lambda:CreateFunction",
      "privesc": false,
      "resource_exposure": false
    },
    {
      "access_level": "Read",
      "action": "lambda:GetFunction",
      "condition": null,
      "credentials_exposure": false,
      "data_access": true,
      "effective_action": "lambda:GetFunction",
      "privesc": false,
      "resource_exposure": false
    },
    {
      "access_level": "Write",
      "action": "lambda:DeleteFunction",
      "condition": null,
      "credentials_exposure": false,
      "data_access": false,
      "effective_action": "lambda:DeleteFunction",
      "privesc": false,
      "resource_exposure": false
    },
    {
      "access_level": "Tagging",
      "action": "lambda:TagResource",
      "condition": null,
      "credentials_exposure": false,
      "data_access": false,
      "effective_action": "lambda:TagResource",
      "privesc": false,
      "resource_exposure": false
    },
    {
      "access_level": "Write",
      "action": "lambda:UpdateFunctionCode",
      "condition": null,
      "credentials_exposure": false,
      "data_access": false,
      "effective_action": "lambda:UpdateFunctionCode",
      "privesc": false,
      "resource_exposure": false
    },
    {
      "access_level": "Permissions management",
      "action": "s3:PutBucketPolicy",
      "condition": null,
      "credentials_exposure": false,
      "data_access": false,
      "effective_action": "s3:PutBucketPolicy",
      "privesc": false,
      "resource_exposure": true
    },
    {
      "access_level": "Write",
      "action": "s3:CreateBucket",
      "condition": null,
      "credentials_exposure": false,
      "data_access": false,
      "effective_action": "s3:CreateBucket",
      "privesc": false,
      "resource_exposure": false
    },
    {
      "access_level": "List",
      "action": "s3:ListBucket",
      "condition": null,
      "credentials_exposure": false,
      "data_access": false,
      "effective_action": "s3:ListBucket",
      "privesc": false,
      "resource_exposure": false
    },
    {
      "access_level": "Read",
      "action": "s3:GetBucketAcl",
      "condition": null,
      "credentials_exposure": false,
      "data_access": false,
      "effective_action": "s3:GetBucketAcl",
      "privesc": false,
      "resource_exposure": false
    },
    {
      "access_level": "Write",
      "action": "s3:DeleteBucket",
      "condition": null,
      "credentials_exposure": false,
      "data_access": false,
      "effective_action": "s3:DeleteBucket",
      "privesc": false,
      "resource_exposure": false
    },
    {
      "access_level": "Write",
      "action": "robomaker:CreateSimulationApplication",
      "condition": null,
      "credentials_exposure": false,
      "data_access": false,
      "effective_action": "robomaker:CreateSimulationApplication",
      "privesc": false,
      "resource_exposure": false
    },
    {
      "access_level": "Write",
      "action": "robomaker:CreateSimulationApplicationVersion",
      "condition": null,
      "credentials_exposure": false,
      "data_access": false,
      "effective_action": "robomaker:CreateSimulationApplicationVersion",
      "privesc": false,
      "resource_exposure": false
    },
    {
      "access_level": "Write",
      "action": "robomaker:DeleteSimulationApplication",
      "condition": null,
      "credentials_exposure": false,
      "data_access": false,
      "effective_action": "robomaker:DeleteSimulationApplication",
      "privesc": false,
      "resource_exposure": false
    },
    {
      "access_level": "Read",
      "action": "robomaker:DescribeSimulationApplication",
      "condition": null,
      "credentials_exposure": false,
      "data_access": false,
      "effective_action": "robomaker:DescribeSimulationApplication",
      "privesc": false,
      "resource_exposure": false
    },
    {
      "access_level": "List",
      "action": "robomaker:ListSimulationApplications",
      "condition": null,
      "credentials_exposure": false,
      "data_access": false,
      "effective_action": "robomaker:ListSimulationApplications",
      "privesc": false,
      "resource_exposure": false
    },
    {
      "access_level": "Tagging",
      "action": "robomaker:TagResource",
      "condition": null,
      "credentials_exposure": false,
      "data_access": false,
      "effective_action": "robomaker:TagResource",
      "privesc": false,
      "resource_exposure": false
    },
    {
      "access_level": "Write",
      "action": "robomaker:UpdateSimulationApplication",
      "condition": null,
      "credentials_exposure": false,
      "data_access": false,
      "effective_action": "robomaker:UpdateSimulationApplication",
      "privesc": false,
      "resource_exposure": false
    }
  ],
  "grantless": false,
  "malformed": false,
  "name": "AWSDeepRacerCloudFormationAccessPolicy",
  "privesc": true,
  "resource_exposure": true,
  "undocumented_actions": false,
  "unknown_actions": [],
  "updatedate": "2019-06-14T17:02:04+00:00",
  "version": "v2"
}