{
  "access_levels": [
    "List",
    "Read",
    "Permissions management"
  ],
  "arn": "arn:aws:iam::aws:policy/AWSDirectoryServiceDataReadOnlyAccess",
  "createdate": "2024-09-18T22:00:34Z",
  "credentials_exposure": false,
  "data_access": false,
  "deprecated": false,
  "document": {
    "Statement": [
      {
        "Action": [
          "ds:AccessDSData",
          "ds-data:DescribeGroup",
          "ds-data:DescribeUser",
          "ds-data:ListGroupMembers",
          "ds-data:ListGroups",
          "ds-data:ListGroupsForMember",
          "ds-data:ListUsers",
          "ds-data:SearchGroups",
          "ds-data:SearchUsers"
        ],
        "Effect": "Allow",
        "Resource": [
          "arn:aws:ds:*:*:directory/*"
        ],
        "Sid": "DSDataReadOnlyAccess"
      }
    ],
    "Version": "2012-10-17"
  },
  "effective_actions": [
    {
      "access_level": "Permissions management",
      "action": "ds:AccessDSData",
      "condition": null,
      "credentials_exposure": false,
      "data_access": false,
      "effective_action": "ds:AccessDSData",
      "privesc": false,
      "resource_exposure": false
    },
    {
      "access_level": "Read",
      "action": "ds-data:DescribeGroup",
      "condition": null,
      "credentials_exposure": false,
      "data_access": false,
      "effective_action": "ds-data:DescribeGroup",
      "privesc": false,
      "resource_exposure": false
    },
    {
      "access_level": "Read",
      "action": "ds-data:DescribeUser",
      "condition": null,
      "credentials_exposure": false,
      "data_access": false,
      "effective_action": "ds-data:DescribeUser",
      "privesc": false,
      "resource_exposure": false
    },
    {
      "access_level": "List",
      "action": "ds-data:ListGroupMembers",
      "condition": null,
      "credentials_exposure": false,
      "data_access": false,
      "effective_action": "ds-data:ListGroupMembers",
      "privesc": false,
      "resource_exposure": false
    },
    {
      "access_level": "List",
      "action": "ds-data:ListGroups",
      "condition": null,
      "credentials_exposure": false,
      "data_access": false,
      "effective_action": "ds-data:ListGroups",
      "privesc": false,
      "resource_exposure": false
    },
    {
      "access_level": "List",
      "action": "ds-data:ListGroupsForMember",
      "condition": null,
      "credentials_exposure": false,
      "data_access": false,
      "effective_action": "ds-data:ListGroupsForMember",
      "privesc": false,
      "resource_exposure": false
    },
    {
      "access_level": "List",
      "action": "ds-data:ListUsers",
      "condition": null,
      "credentials_exposure": false,
      "data_access": false,
      "effective_action": "ds-data:ListUsers",
      "privesc": false,
      "resource_exposure": false
    },
    {
      "access_level": "Read",
      "action": "ds-data:SearchGroups",
      "condition": null,
      "credentials_exposure": false,
      "data_access": false,
      "effective_action": "ds-data:SearchGroups",
      "privesc": false,
      "resource_exposure": false
    },
    {
      "access_level": "Read",
      "action": "ds-data:SearchUsers",
      "condition": null,
      "credentials_exposure": false,
      "data_access": false,
      "effective_action": "ds-data:SearchUsers",
      "privesc": false,
      "resource_exposure": false
    }
  ],
  "grantless": false,
  "malformed": false,
  "name": "AWSDirectoryServiceDataReadOnlyAccess",
  "privesc": false,
  "resource_exposure": false,
  "undocumented_actions": false,
  "unknown_actions": [],
  "updatedate": "2024-09-18T22:00:34+00:00",
  "version": "v1"
}