{
  "access_levels": [
    "List",
    "Read"
  ],
  "arn": "arn:aws:iam::aws:policy/AWSDirectoryServiceReadOnlyAccess",
  "createdate": "2018-09-25T21:54:01Z",
  "credentials_exposure": false,
  "data_access": false,
  "deprecated": false,
  "document": {
    "Statement": [
      {
        "Action": [
          "ds:Check*",
          "ds:Describe*",
          "ds:Get*",
          "ds:List*",
          "ds:Verify*",
          "ec2:DescribeNetworkInterfaces",
          "ec2:DescribeSubnets",
          "ec2:DescribeVpcs",
          "sns:ListTopics",
          "sns:GetTopicAttributes",
          "sns:ListSubscriptions",
          "sns:ListSubscriptionsByTopic",
          "organizations:DescribeAccount",
          "organizations:DescribeOrganization",
          "organizations:ListAWSServiceAccessForOrganization"
        ],
        "Effect": "Allow",
        "Resource": "*"
      }
    ],
    "Version": "2012-10-17"
  },
  "effective_actions": [
    {
      "access_level": "Read",
      "action": "ds:Check*",
      "condition": null,
      "credentials_exposure": false,
      "data_access": false,
      "effective_action": "ds:CheckAlias",
      "privesc": false,
      "resource_exposure": false
    },
    {
      "access_level": "Read",
      "action": "ds:Describe*",
      "condition": null,
      "credentials_exposure": false,
      "data_access": false,
      "effective_action": "ds:DescribeADAssessment",
      "privesc": false,
      "resource_exposure": false
    },
    {
      "access_level": "Read",
      "action": "ds:Describe*",
      "condition": null,
      "credentials_exposure": false,
      "data_access": false,
      "effective_action": "ds:DescribeCAEnrollmentPolicy",
      "privesc": false,
      "resource_exposure": false
    },
    {
      "access_level": "Read",
      "action": "ds:Describe*",
      "condition": null,
      "credentials_exposure": false,
      "data_access": false,
      "effective_action": "ds:DescribeCertificate",
      "privesc": false,
      "resource_exposure": false
    },
    {
      "access_level": "Read",
      "action": "ds:Describe*",
      "condition": null,
      "credentials_exposure": false,
      "data_access": false,
      "effective_action": "ds:DescribeClientAuthenticationSettings",
      "privesc": false,
      "resource_exposure": false
    },
    {
      "access_level": "Read",
      "action": "ds:Describe*",
      "condition": null,
      "credentials_exposure": false,
      "data_access": false,
      "effective_action": "ds:DescribeConditionalForwarders",
      "privesc": false,
      "resource_exposure": false
    },
    {
      "access_level": "List",
      "action": "ds:Describe*",
      "condition": null,
      "credentials_exposure": false,
      "data_access": false,
      "effective_action": "ds:DescribeDirectories",
      "privesc": false,
      "resource_exposure": false
    },
    {
      "access_level": "Read",
      "action": "ds:Describe*",
      "condition": null,
      "credentials_exposure": false,
      "data_access": false,
      "effective_action": "ds:DescribeDirectoryDataAccess",
      "privesc": false,
      "resource_exposure": false
    },
    {
      "access_level": "Read",
      "action": "ds:Describe*",
      "condition": null,
      "credentials_exposure": false,
      "data_access": false,
      "effective_action": "ds:DescribeDomainControllers",
      "privesc": false,
      "resource_exposure": false
    },
    {
      "access_level": "Read",
      "action": "ds:Describe*",
      "condition": null,
      "credentials_exposure": false,
      "data_access": false,
      "effective_action": "ds:DescribeEventTopics",
      "privesc": false,
      "resource_exposure": false
    },
    {
      "access_level": "Read",
      "action": "ds:Describe*",
      "condition": null,
      "credentials_exposure": false,
      "data_access": false,
      "effective_action": "ds:DescribeHybridADUpdate",
      "privesc": false,
      "resource_exposure": false
    },
    {
      "access_level": "Read",
      "action": "ds:Describe*",
      "condition": null,
      "credentials_exposure": false,
      "data_access": false,
      "effective_action": "ds:DescribeLDAPSSettings",
      "privesc": false,
      "resource_exposure": false
    },
    {
      "access_level": "Read",
      "action": "ds:Describe*",
      "condition": null,
      "credentials_exposure": false,
      "data_access": false,
      "effective_action": "ds:DescribeRegions",
      "privesc": false,
      "resource_exposure": false
    },
    {
      "access_level": "Read",
      "action": "ds:Describe*",
      "condition": null,
      "credentials_exposure": false,
      "data_access": false,
      "effective_action": "ds:DescribeSettings",
      "privesc": false,
      "resource_exposure": false
    },
    {
      "access_level": "Read",
      "action": "ds:Describe*",
      "condition": null,
      "credentials_exposure": false,
      "data_access": false,
      "effective_action": "ds:DescribeSharedDirectories",
      "privesc": false,
      "resource_exposure": false
    },
    {
      "access_level": "Read",
      "action": "ds:Describe*",
      "condition": null,
      "credentials_exposure": false,
      "data_access": false,
      "effective_action": "ds:DescribeSnapshots",
      "privesc": false,
      "resource_exposure": false
    },
    {
      "access_level": "Read",
      "action": "ds:Describe*",
      "condition": null,
      "credentials_exposure": false,
      "data_access": false,
      "effective_action": "ds:DescribeTrusts",
      "privesc": false,
      "resource_exposure": false
    },
    {
      "access_level": "Read",
      "action": "ds:Describe*",
      "condition": null,
      "credentials_exposure": false,
      "data_access": false,
      "effective_action": "ds:DescribeUpdateDirectory",
      "privesc": false,
      "resource_exposure": false
    },
    {
      "access_level": "Read",
      "action": "ds:Get*",
      "condition": null,
      "credentials_exposure": false,
      "data_access": false,
      "effective_action": "ds:GetAuthorizedApplicationDetails",
      "privesc": false,
      "resource_exposure": false
    },
    {
      "access_level": "Read",
      "action": "ds:Get*",
      "condition": null,
      "credentials_exposure": false,
      "data_access": false,
      "effective_action": "ds:GetDirectoryLimits",
      "privesc": false,
      "resource_exposure": false
    },
    {
      "access_level": "Read",
      "action": "ds:Get*",
      "condition": null,
      "credentials_exposure": false,
      "data_access": false,
      "effective_action": "ds:GetSnapshotLimits",
      "privesc": false,
      "resource_exposure": false
    },
    {
      "access_level": "List",
      "action": "ds:List*",
      "condition": null,
      "credentials_exposure": false,
      "data_access": false,
      "effective_action": "ds:ListADAssessments",
      "privesc": false,
      "resource_exposure": false
    },
    {
      "access_level": "Read",
      "action": "ds:List*",
      "condition": null,
      "credentials_exposure": false,
      "data_access": false,
      "effective_action": "ds:ListAuthorizedApplications",
      "privesc": false,
      "resource_exposure": false
    },
    {
      "access_level": "List",
      "action": "ds:List*",
      "condition": null,
      "credentials_exposure": false,
      "data_access": false,
      "effective_action": "ds:ListCertificates",
      "privesc": false,
      "resource_exposure": false
    },
    {
      "access_level": "Read",
      "action": "ds:List*",
      "condition": null,
      "credentials_exposure": false,
      "data_access": false,
      "effective_action": "ds:ListIpRoutes",
      "privesc": false,
      "resource_exposure": false
    },
    {
      "access_level": "Read",
      "action": "ds:List*",
      "condition": null,
      "credentials_exposure": false,
      "data_access": false,
      "effective_action": "ds:ListLogSubscriptions",
      "privesc": false,
      "resource_exposure": false
    },
    {
      "access_level": "List",
      "action": "ds:List*",
      "condition": null,
      "credentials_exposure": false,
      "data_access": false,
      "effective_action": "ds:ListSchemaExtensions",
      "privesc": false,
      "resource_exposure": false
    },
    {
      "access_level": "Read",
      "action": "ds:List*",
      "condition": null,
      "credentials_exposure": false,
      "data_access": false,
      "effective_action": "ds:ListTagsForResource",
      "privesc": false,
      "resource_exposure": false
    },
    {
      "access_level": "Read",
      "action": "ds:Verify*",
      "condition": null,
      "credentials_exposure": false,
      "data_access": false,
      "effective_action": "ds:VerifyTrust",
      "privesc": false,
      "resource_exposure": false
    },
    {
      "access_level": "List",
      "action": "ec2:DescribeNetworkInterfaces",
      "condition": null,
      "credentials_exposure": false,
      "data_access": false,
      "effective_action": "ec2:DescribeNetworkInterfaces",
      "privesc": false,
      "resource_exposure": false
    },
    {
      "access_level": "List",
      "action": "ec2:DescribeSubnets",
      "condition": null,
      "credentials_exposure": false,
      "data_access": false,
      "effective_action": "ec2:DescribeSubnets",
      "privesc": false,
      "resource_exposure": false
    },
    {
      "access_level": "List",
      "action": "ec2:DescribeVpcs",
      "condition": null,
      "credentials_exposure": false,
      "data_access": false,
      "effective_action": "ec2:DescribeVpcs",
      "privesc": false,
      "resource_exposure": false
    },
    {
      "access_level": "List",
      "action": "sns:ListTopics",
      "condition": null,
      "credentials_exposure": false,
      "data_access": false,
      "effective_action": "sns:ListTopics",
      "privesc": false,
      "resource_exposure": false
    },
    {
      "access_level": "Read",
      "action": "sns:GetTopicAttributes",
      "condition": null,
      "credentials_exposure": false,
      "data_access": false,
      "effective_action": "sns:GetTopicAttributes",
      "privesc": false,
      "resource_exposure": false
    },
    {
      "access_level": "List",
      "action": "sns:ListSubscriptions",
      "condition": null,
      "credentials_exposure": false,
      "data_access": false,
      "effective_action": "sns:ListSubscriptions",
      "privesc": false,
      "resource_exposure": false
    },
    {
      "access_level": "List",
      "action": "sns:ListSubscriptionsByTopic",
      "condition": null,
      "credentials_exposure": false,
      "data_access": false,
      "effective_action": "sns:ListSubscriptionsByTopic",
      "privesc": false,
      "resource_exposure": false
    },
    {
      "access_level": "Read",
      "action": "organizations:DescribeAccount",
      "condition": null,
      "credentials_exposure": false,
      "data_access": false,
      "effective_action": "organizations:DescribeAccount",
      "privesc": false,
      "resource_exposure": false
    },
    {
      "access_level": "Read",
      "action": "organizations:DescribeOrganization",
      "condition": null,
      "credentials_exposure": false,
      "data_access": false,
      "effective_action": "organizations:DescribeOrganization",
      "privesc": false,
      "resource_exposure": false
    },
    {
      "access_level": "List",
      "action": "organizations:ListAWSServiceAccessForOrganization",
      "condition": null,
      "credentials_exposure": false,
      "data_access": false,
      "effective_action": "organizations:ListAWSServiceAccessForOrganization",
      "privesc": false,
      "resource_exposure": false
    }
  ],
  "grantless": false,
  "malformed": false,
  "name": "AWSDirectoryServiceReadOnlyAccess",
  "privesc": false,
  "resource_exposure": false,
  "undocumented_actions": false,
  "unknown_actions": [],
  "updatedate": "2018-09-25T21:54:01+00:00",
  "version": "v4"
}