{
  "access_levels": [
    "List",
    "Read",
    "Tagging",
    "Write",
    "Permissions management"
  ],
  "arn": "arn:aws:iam::aws:policy/AWSDirectoryServiceFullAccess",
  "createdate": "2024-04-02T20:38:17Z",
  "credentials_exposure": false,
  "data_access": false,
  "deprecated": false,
  "document": {
    "Statement": [
      {
        "Action": [
          "ds:*",
          "ec2:AuthorizeSecurityGroupEgress",
          "ec2:AuthorizeSecurityGroupIngress",
          "ec2:CreateNetworkInterface",
          "ec2:CreateSecurityGroup",
          "ec2:DeleteNetworkInterface",
          "ec2:DeleteSecurityGroup",
          "ec2:DescribeNetworkInterfaces",
          "ec2:DescribeSubnets",
          "ec2:DescribeVpcs",
          "ec2:RevokeSecurityGroupEgress",
          "ec2:RevokeSecurityGroupIngress",
          "ec2:DescribeSecurityGroups",
          "sns:GetTopicAttributes",
          "sns:ListSubscriptions",
          "sns:ListSubscriptionsByTopic",
          "sns:ListTopics",
          "iam:ListRoles",
          "organizations:ListAccountsForParent",
          "organizations:ListRoots",
          "organizations:ListAccounts",
          "organizations:DescribeOrganization",
          "organizations:DescribeAccount",
          "organizations:ListOrganizationalUnitsForParent",
          "organizations:ListAWSServiceAccessForOrganization"
        ],
        "Effect": "Allow",
        "Resource": "*",
        "Sid": "DirectoryServiceFullAccess"
      },
      {
        "Action": [
          "sns:CreateTopic",
          "sns:DeleteTopic",
          "sns:SetTopicAttributes",
          "sns:Subscribe",
          "sns:Unsubscribe"
        ],
        "Effect": "Allow",
        "Resource": "arn:aws:sns:*:*:DirectoryMonitoring*",
        "Sid": "DirectoryServiceEventTopic"
      },
      {
        "Action": [
          "organizations:EnableAWSServiceAccess",
          "organizations:DisableAWSServiceAccess"
        ],
        "Condition": {
          "StringEquals": {
            "organizations:ServicePrincipal": "ds.amazonaws.com"
          }
        },
        "Effect": "Allow",
        "Resource": "*",
        "Sid": "DirectoryServiceOrganizations"
      },
      {
        "Action": [
          "ec2:CreateTags",
          "ec2:DeleteTags"
        ],
        "Effect": "Allow",
        "Resource": [
          "arn:aws:ec2:*:*:network-interface/*",
          "arn:aws:ec2:*:*:security-group/*"
        ],
        "Sid": "DirectoryServiceTags"
      }
    ],
    "Version": "2012-10-17"
  },
  "effective_actions": [
    {
      "access_level": "Write",
      "action": "ds:*",
      "condition": null,
      "credentials_exposure": false,
      "data_access": false,
      "effective_action": "ds:AcceptSharedDirectory",
      "privesc": false,
      "resource_exposure": false
    },
    {
      "access_level": "Permissions management",
      "action": "ds:*",
      "condition": null,
      "credentials_exposure": false,
      "data_access": false,
      "effective_action": "ds:AccessDSData",
      "privesc": false,
      "resource_exposure": false
    },
    {
      "access_level": "Write",
      "action": "ds:*",
      "condition": null,
      "credentials_exposure": false,
      "data_access": false,
      "effective_action": "ds:AddIpRoutes",
      "privesc": false,
      "resource_exposure": false
    },
    {
      "access_level": "Write",
      "action": "ds:*",
      "condition": null,
      "credentials_exposure": false,
      "data_access": false,
      "effective_action": "ds:AddRegion",
      "privesc": false,
      "resource_exposure": false
    },
    {
      "access_level": "Tagging",
      "action": "ds:*",
      "condition": null,
      "credentials_exposure": false,
      "data_access": false,
      "effective_action": "ds:AddTagsToResource",
      "privesc": false,
      "resource_exposure": false
    },
    {
      "access_level": "Write",
      "action": "ds:*",
      "condition": null,
      "credentials_exposure": false,
      "data_access": false,
      "effective_action": "ds:AuthorizeApplication",
      "privesc": false,
      "resource_exposure": false
    },
    {
      "access_level": "Write",
      "action": "ds:*",
      "condition": null,
      "credentials_exposure": false,
      "data_access": false,
      "effective_action": "ds:CancelSchemaExtension",
      "privesc": false,
      "resource_exposure": false
    },
    {
      "access_level": "Read",
      "action": "ds:*",
      "condition": null,
      "credentials_exposure": false,
      "data_access": false,
      "effective_action": "ds:CheckAlias",
      "privesc": false,
      "resource_exposure": false
    },
    {
      "access_level": "Write",
      "action": "ds:*",
      "condition": null,
      "credentials_exposure": false,
      "data_access": false,
      "effective_action": "ds:ConnectDirectory",
      "privesc": false,
      "resource_exposure": false
    },
    {
      "access_level": "Write",
      "action": "ds:*",
      "condition": null,
      "credentials_exposure": false,
      "data_access": false,
      "effective_action": "ds:CreateAlias",
      "privesc": false,
      "resource_exposure": false
    },
    {
      "access_level": "Write",
      "action": "ds:*",
      "condition": null,
      "credentials_exposure": false,
      "data_access": false,
      "effective_action": "ds:CreateComputer",
      "privesc": false,
      "resource_exposure": false
    },
    {
      "access_level": "Permissions management",
      "action": "ds:*",
      "condition": null,
      "credentials_exposure": false,
      "data_access": false,
      "effective_action": "ds:CreateConditionalForwarder",
      "privesc": false,
      "resource_exposure": true
    },
    {
      "access_level": "Permissions management",
      "action": "ds:*",
      "condition": null,
      "credentials_exposure": false,
      "data_access": false,
      "effective_action": "ds:CreateDirectory",
      "privesc": false,
      "resource_exposure": true
    },
    {
      "access_level": "Write",
      "action": "ds:*",
      "condition": null,
      "credentials_exposure": false,
      "data_access": false,
      "effective_action": "ds:CreateHybridAD",
      "privesc": false,
      "resource_exposure": false
    },
    {
      "access_level": "Permissions management",
      "action": "ds:*",
      "condition": null,
      "credentials_exposure": false,
      "data_access": false,
      "effective_action": "ds:CreateIdentityPoolDirectory",
      "privesc": false,
      "resource_exposure": false
    },
    {
      "access_level": "Write",
      "action": "ds:*",
      "condition": null,
      "credentials_exposure": false,
      "data_access": false,
      "effective_action": "ds:CreateLogSubscription",
      "privesc": false,
      "resource_exposure": false
    },
    {
      "access_level": "Permissions management",
      "action": "ds:*",
      "condition": null,
      "credentials_exposure": false,
      "data_access": false,
      "effective_action": "ds:CreateMicrosoftAD",
      "privesc": false,
      "resource_exposure": true
    },
    {
      "access_level": "Write",
      "action": "ds:*",
      "condition": null,
      "credentials_exposure": false,
      "data_access": false,
      "effective_action": "ds:CreateSnapshot",
      "privesc": false,
      "resource_exposure": false
    },
    {
      "access_level": "Permissions management",
      "action": "ds:*",
      "condition": null,
      "credentials_exposure": false,
      "data_access": false,
      "effective_action": "ds:CreateTrust",
      "privesc": false,
      "resource_exposure": true
    },
    {
      "access_level": "Write",
      "action": "ds:*",
      "condition": null,
      "credentials_exposure": false,
      "data_access": false,
      "effective_action": "ds:DeleteADAssessment",
      "privesc": false,
      "resource_exposure": false
    },
    {
      "access_level": "Write",
      "action": "ds:*",
      "condition": null,
      "credentials_exposure": false,
      "data_access": false,
      "effective_action": "ds:DeleteConditionalForwarder",
      "privesc": false,
      "resource_exposure": false
    },
    {
      "access_level": "Write",
      "action": "ds:*",
      "condition": null,
      "credentials_exposure": false,
      "data_access": false,
      "effective_action": "ds:DeleteDirectory",
      "privesc": false,
      "resource_exposure": false
    },
    {
      "access_level": "Write",
      "action": "ds:*",
      "condition": null,
      "credentials_exposure": false,
      "data_access": false,
      "effective_action": "ds:DeleteLogSubscription",
      "privesc": false,
      "resource_exposure": false
    },
    {
      "access_level": "Write",
      "action": "ds:*",
      "condition": null,
      "credentials_exposure": false,
      "data_access": false,
      "effective_action": "ds:DeleteSnapshot",
      "privesc": false,
      "resource_exposure": false
    },
    {
      "access_level": "Write",
      "action": "ds:*",
      "condition": null,
      "credentials_exposure": false,
      "data_access": false,
      "effective_action": "ds:DeleteTrust",
      "privesc": false,
      "resource_exposure": false
    },
    {
      "access_level": "Write",
      "action": "ds:*",
      "condition": null,
      "credentials_exposure": false,
      "data_access": false,
      "effective_action": "ds:DeregisterCertificate",
      "privesc": false,
      "resource_exposure": false
    },
    {
      "access_level": "Write",
      "action": "ds:*",
      "condition": null,
      "credentials_exposure": false,
      "data_access": false,
      "effective_action": "ds:DeregisterEventTopic",
      "privesc": false,
      "resource_exposure": false
    },
    {
      "access_level": "Read",
      "action": "ds:*",
      "condition": null,
      "credentials_exposure": false,
      "data_access": false,
      "effective_action": "ds:DescribeADAssessment",
      "privesc": false,
      "resource_exposure": false
    },
    {
      "access_level": "Read",
      "action": "ds:*",
      "condition": null,
      "credentials_exposure": false,
      "data_access": false,
      "effective_action": "ds:DescribeCAEnrollmentPolicy",
      "privesc": false,
      "resource_exposure": false
    },
    {
      "access_level": "Read",
      "action": "ds:*",
      "condition": null,
      "credentials_exposure": false,
      "data_access": false,
      "effective_action": "ds:DescribeCertificate",
      "privesc": false,
      "resource_exposure": false
    },
    {
      "access_level": "Read",
      "action": "ds:*",
      "condition": null,
      "credentials_exposure": false,
      "data_access": false,
      "effective_action": "ds:DescribeClientAuthenticationSettings",
      "privesc": false,
      "resource_exposure": false
    },
    {
      "access_level": "Read",
      "action": "ds:*",
      "condition": null,
      "credentials_exposure": false,
      "data_access": false,
      "effective_action": "ds:DescribeConditionalForwarders",
      "privesc": false,
      "resource_exposure": false
    },
    {
      "access_level": "List",
      "action": "ds:*",
      "condition": null,
      "credentials_exposure": false,
      "data_access": false,
      "effective_action": "ds:DescribeDirectories",
      "privesc": false,
      "resource_exposure": false
    },
    {
      "access_level": "Read",
      "action": "ds:*",
      "condition": null,
      "credentials_exposure": false,
      "data_access": false,
      "effective_action": "ds:DescribeDirectoryDataAccess",
      "privesc": false,
      "resource_exposure": false
    },
    {
      "access_level": "Read",
      "action": "ds:*",
      "condition": null,
      "credentials_exposure": false,
      "data_access": false,
      "effective_action": "ds:DescribeDomainControllers",
      "privesc": false,
      "resource_exposure": false
    },
    {
      "access_level": "Read",
      "action": "ds:*",
      "condition": null,
      "credentials_exposure": false,
      "data_access": false,
      "effective_action": "ds:DescribeEventTopics",
      "privesc": false,
      "resource_exposure": false
    },
    {
      "access_level": "Read",
      "action": "ds:*",
      "condition": null,
      "credentials_exposure": false,
      "data_access": false,
      "effective_action": "ds:DescribeHybridADUpdate",
      "privesc": false,
      "resource_exposure": false
    },
    {
      "access_level": "Read",
      "action": "ds:*",
      "condition": null,
      "credentials_exposure": false,
      "data_access": false,
      "effective_action": "ds:DescribeLDAPSSettings",
      "privesc": false,
      "resource_exposure": false
    },
    {
      "access_level": "Read",
      "action": "ds:*",
      "condition": null,
      "credentials_exposure": false,
      "data_access": false,
      "effective_action": "ds:DescribeRegions",
      "privesc": false,
      "resource_exposure": false
    },
    {
      "access_level": "Read",
      "action": "ds:*",
      "condition": null,
      "credentials_exposure": false,
      "data_access": false,
      "effective_action": "ds:DescribeSettings",
      "privesc": false,
      "resource_exposure": false
    },
    {
      "access_level": "Read",
      "action": "ds:*",
      "condition": null,
      "credentials_exposure": false,
      "data_access": false,
      "effective_action": "ds:DescribeSharedDirectories",
      "privesc": false,
      "resource_exposure": false
    },
    {
      "access_level": "Read",
      "action": "ds:*",
      "condition": null,
      "credentials_exposure": false,
      "data_access": false,
      "effective_action": "ds:DescribeSnapshots",
      "privesc": false,
      "resource_exposure": false
    },
    {
      "access_level": "Read",
      "action": "ds:*",
      "condition": null,
      "credentials_exposure": false,
      "data_access": false,
      "effective_action": "ds:DescribeTrusts",
      "privesc": false,
      "resource_exposure": false
    },
    {
      "access_level": "Read",
      "action": "ds:*",
      "condition": null,
      "credentials_exposure": false,
      "data_access": false,
      "effective_action": "ds:DescribeUpdateDirectory",
      "privesc": false,
      "resource_exposure": false
    },
    {
      "access_level": "Write",
      "action": "ds:*",
      "condition": null,
      "credentials_exposure": false,
      "data_access": false,
      "effective_action": "ds:DisableCAEnrollmentPolicy",
      "privesc": false,
      "resource_exposure": false
    },
    {
      "access_level": "Write",
      "action": "ds:*",
      "condition": null,
      "credentials_exposure": false,
      "data_access": false,
      "effective_action": "ds:DisableClientAuthentication",
      "privesc": false,
      "resource_exposure": false
    },
    {
      "access_level": "Write",
      "action": "ds:*",
      "condition": null,
      "credentials_exposure": false,
      "data_access": false,
      "effective_action": "ds:DisableDirectoryDataAccess",
      "privesc": false,
      "resource_exposure": false
    },
    {
      "access_level": "Write",
      "action": "ds:*",
      "condition": null,
      "credentials_exposure": false,
      "data_access": false,
      "effective_action": "ds:DisableLDAPS",
      "privesc": false,
      "resource_exposure": false
    },
    {
      "access_level": "Write",
      "action": "ds:*",
      "condition": null,
      "credentials_exposure": false,
      "data_access": false,
      "effective_action": "ds:DisableRadius",
      "privesc": false,
      "resource_exposure": false
    },
    {
      "access_level": "Write",
      "action": "ds:*",
      "condition": null,
      "credentials_exposure": false,
      "data_access": false,
      "effective_action": "ds:DisableRoleAccess",
      "privesc": false,
      "resource_exposure": false
    },
    {
      "access_level": "Write",
      "action": "ds:*",
      "condition": null,
      "credentials_exposure": false,
      "data_access": false,
      "effective_action": "ds:DisableSso",
      "privesc": false,
      "resource_exposure": false
    },
    {
      "access_level": "Write",
      "action": "ds:*",
      "condition": null,
      "credentials_exposure": false,
      "data_access": false,
      "effective_action": "ds:EnableCAEnrollmentPolicy",
      "privesc": false,
      "resource_exposure": false
    },
    {
      "access_level": "Write",
      "action": "ds:*",
      "condition": null,
      "credentials_exposure": false,
      "data_access": false,
      "effective_action": "ds:EnableClientAuthentication",
      "privesc": false,
      "resource_exposure": false
    },
    {
      "access_level": "Write",
      "action": "ds:*",
      "condition": null,
      "credentials_exposure": false,
      "data_access": false,
      "effective_action": "ds:EnableDirectoryDataAccess",
      "privesc": false,
      "resource_exposure": false
    },
    {
      "access_level": "Write",
      "action": "ds:*",
      "condition": null,
      "credentials_exposure": false,
      "data_access": false,
      "effective_action": "ds:EnableLDAPS",
      "privesc": false,
      "resource_exposure": false
    },
    {
      "access_level": "Write",
      "action": "ds:*",
      "condition": null,
      "credentials_exposure": false,
      "data_access": false,
      "effective_action": "ds:EnableRadius",
      "privesc": false,
      "resource_exposure": false
    },
    {
      "access_level": "Write",
      "action": "ds:*",
      "condition": null,
      "credentials_exposure": false,
      "data_access": false,
      "effective_action": "ds:EnableRoleAccess",
      "privesc": false,
      "resource_exposure": false
    },
    {
      "access_level": "Write",
      "action": "ds:*",
      "condition": null,
      "credentials_exposure": false,
      "data_access": false,
      "effective_action": "ds:EnableSso",
      "privesc": false,
      "resource_exposure": false
    },
    {
      "access_level": "Read",
      "action": "ds:*",
      "condition": null,
      "credentials_exposure": false,
      "data_access": false,
      "effective_action": "ds:GetAuthorizedApplicationDetails",
      "privesc": false,
      "resource_exposure": false
    },
    {
      "access_level": "Read",
      "action": "ds:*",
      "condition": null,
      "credentials_exposure": false,
      "data_access": false,
      "effective_action": "ds:GetDirectoryLimits",
      "privesc": false,
      "resource_exposure": false
    },
    {
      "access_level": "Read",
      "action": "ds:*",
      "condition": null,
      "credentials_exposure": false,
      "data_access": false,
      "effective_action": "ds:GetSnapshotLimits",
      "privesc": false,
      "resource_exposure": false
    },
    {
      "access_level": "List",
      "action": "ds:*",
      "condition": null,
      "credentials_exposure": false,
      "data_access": false,
      "effective_action": "ds:ListADAssessments",
      "privesc": false,
      "resource_exposure": false
    },
    {
      "access_level": "Read",
      "action": "ds:*",
      "condition": null,
      "credentials_exposure": false,
      "data_access": false,
      "effective_action": "ds:ListAuthorizedApplications",
      "privesc": false,
      "resource_exposure": false
    },
    {
      "access_level": "List",
      "action": "ds:*",
      "condition": null,
      "credentials_exposure": false,
      "data_access": false,
      "effective_action": "ds:ListCertificates",
      "privesc": false,
      "resource_exposure": false
    },
    {
      "access_level": "Read",
      "action": "ds:*",
      "condition": null,
      "credentials_exposure": false,
      "data_access": false,
      "effective_action": "ds:ListIpRoutes",
      "privesc": false,
      "resource_exposure": false
    },
    {
      "access_level": "Read",
      "action": "ds:*",
      "condition": null,
      "credentials_exposure": false,
      "data_access": false,
      "effective_action": "ds:ListLogSubscriptions",
      "privesc": false,
      "resource_exposure": false
    },
    {
      "access_level": "List",
      "action": "ds:*",
      "condition": null,
      "credentials_exposure": false,
      "data_access": false,
      "effective_action": "ds:ListSchemaExtensions",
      "privesc": false,
      "resource_exposure": false
    },
    {
      "access_level": "Read",
      "action": "ds:*",
      "condition": null,
      "credentials_exposure": false,
      "data_access": false,
      "effective_action": "ds:ListTagsForResource",
      "privesc": false,
      "resource_exposure": false
    },
    {
      "access_level": "Write",
      "action": "ds:*",
      "condition": null,
      "credentials_exposure": false,
      "data_access": false,
      "effective_action": "ds:RegisterCertificate",
      "privesc": false,
      "resource_exposure": false
    },
    {
      "access_level": "Write",
      "action": "ds:*",
      "condition": null,
      "credentials_exposure": false,
      "data_access": false,
      "effective_action": "ds:RegisterEventTopic",
      "privesc": false,
      "resource_exposure": false
    },
    {
      "access_level": "Write",
      "action": "ds:*",
      "condition": null,
      "credentials_exposure": false,
      "data_access": false,
      "effective_action": "ds:RejectSharedDirectory",
      "privesc": false,
      "resource_exposure": false
    },
    {
      "access_level": "Write",
      "action": "ds:*",
      "condition": null,
      "credentials_exposure": false,
      "data_access": false,
      "effective_action": "ds:RemoveIpRoutes",
      "privesc": false,
      "resource_exposure": false
    },
    {
      "access_level": "Write",
      "action": "ds:*",
      "condition": null,
      "credentials_exposure": false,
      "data_access": false,
      "effective_action": "ds:RemoveRegion",
      "privesc": false,
      "resource_exposure": false
    },
    {
      "access_level": "Tagging",
      "action": "ds:*",
      "condition": null,
      "credentials_exposure": false,
      "data_access": false,
      "effective_action": "ds:RemoveTagsFromResource",
      "privesc": false,
      "resource_exposure": false
    },
    {
      "access_level": "Write",
      "action": "ds:*",
      "condition": null,
      "credentials_exposure": false,
      "data_access": false,
      "effective_action": "ds:ResetUserPassword",
      "privesc": false,
      "resource_exposure": false
    },
    {
      "access_level": "Write",
      "action": "ds:*",
      "condition": null,
      "credentials_exposure": false,
      "data_access": false,
      "effective_action": "ds:RestoreFromSnapshot",
      "privesc": false,
      "resource_exposure": false
    },
    {
      "access_level": "Permissions management",
      "action": "ds:*",
      "condition": null,
      "credentials_exposure": false,
      "data_access": false,
      "effective_action": "ds:ShareDirectory",
      "privesc": false,
      "resource_exposure": true
    },
    {
      "access_level": "Write",
      "action": "ds:*",
      "condition": null,
      "credentials_exposure": false,
      "data_access": false,
      "effective_action": "ds:StartADAssessment",
      "privesc": false,
      "resource_exposure": false
    },
    {
      "access_level": "Write",
      "action": "ds:*",
      "condition": null,
      "credentials_exposure": false,
      "data_access": false,
      "effective_action": "ds:StartSchemaExtension",
      "privesc": false,
      "resource_exposure": false
    },
    {
      "access_level": "Write",
      "action": "ds:*",
      "condition": null,
      "credentials_exposure": false,
      "data_access": false,
      "effective_action": "ds:UnauthorizeApplication",
      "privesc": false,
      "resource_exposure": false
    },
    {
      "access_level": "Write",
      "action": "ds:*",
      "condition": null,
      "credentials_exposure": false,
      "data_access": false,
      "effective_action": "ds:UnshareDirectory",
      "privesc": false,
      "resource_exposure": false
    },
    {
      "access_level": "Write",
      "action": "ds:*",
      "condition": null,
      "credentials_exposure": false,
      "data_access": false,
      "effective_action": "ds:UpdateAuthorizedApplication",
      "privesc": false,
      "resource_exposure": false
    },
    {
      "access_level": "Write",
      "action": "ds:*",
      "condition": null,
      "credentials_exposure": false,
      "data_access": false,
      "effective_action": "ds:UpdateConditionalForwarder",
      "privesc": false,
      "resource_exposure": false
    },
    {
      "access_level": "Write",
      "action": "ds:*",
      "condition": null,
      "credentials_exposure": false,
      "data_access": false,
      "effective_action": "ds:UpdateDirectory",
      "privesc": false,
      "resource_exposure": false
    },
    {
      "access_level": "Write",
      "action": "ds:*",
      "condition": null,
      "credentials_exposure": false,
      "data_access": false,
      "effective_action": "ds:UpdateDirectorySetup",
      "privesc": false,
      "resource_exposure": false
    },
    {
      "access_level": "Write",
      "action": "ds:*",
      "condition": null,
      "credentials_exposure": false,
      "data_access": false,
      "effective_action": "ds:UpdateHybridAD",
      "privesc": false,
      "resource_exposure": false
    },
    {
      "access_level": "Write",
      "action": "ds:*",
      "condition": null,
      "credentials_exposure": false,
      "data_access": false,
      "effective_action": "ds:UpdateNumberOfDomainControllers",
      "privesc": false,
      "resource_exposure": false
    },
    {
      "access_level": "Write",
      "action": "ds:*",
      "condition": null,
      "credentials_exposure": false,
      "data_access": false,
      "effective_action": "ds:UpdateRadius",
      "privesc": false,
      "resource_exposure": false
    },
    {
      "access_level": "Write",
      "action": "ds:*",
      "condition": null,
      "credentials_exposure": false,
      "data_access": false,
      "effective_action": "ds:UpdateSettings",
      "privesc": false,
      "resource_exposure": false
    },
    {
      "access_level": "Write",
      "action": "ds:*",
      "condition": null,
      "credentials_exposure": false,
      "data_access": false,
      "effective_action": "ds:UpdateTrust",
      "privesc": false,
      "resource_exposure": false
    },
    {
      "access_level": "Read",
      "action": "ds:*",
      "condition": null,
      "credentials_exposure": false,
      "data_access": false,
      "effective_action": "ds:VerifyTrust",
      "privesc": false,
      "resource_exposure": false
    },
    {
      "access_level": "Write",
      "action": "ec2:AuthorizeSecurityGroupEgress",
      "condition": null,
      "credentials_exposure": false,
      "data_access": false,
      "effective_action": "ec2:AuthorizeSecurityGroupEgress",
      "privesc": false,
      "resource_exposure": false
    },
    {
      "access_level": "Write",
      "action": "ec2:AuthorizeSecurityGroupIngress",
      "condition": null,
      "credentials_exposure": false,
      "data_access": false,
      "effective_action": "ec2:AuthorizeSecurityGroupIngress",
      "privesc": false,
      "resource_exposure": false
    },
    {
      "access_level": "Write",
      "action": "ec2:CreateNetworkInterface",
      "condition": null,
      "credentials_exposure": false,
      "data_access": false,
      "effective_action": "ec2:CreateNetworkInterface",
      "privesc": false,
      "resource_exposure": false
    },
    {
      "access_level": "Write",
      "action": "ec2:CreateSecurityGroup",
      "condition": null,
      "credentials_exposure": false,
      "data_access": false,
      "effective_action": "ec2:CreateSecurityGroup",
      "privesc": false,
      "resource_exposure": false
    },
    {
      "access_level": "Write",
      "action": "ec2:DeleteNetworkInterface",
      "condition": null,
      "credentials_exposure": false,
      "data_access": false,
      "effective_action": "ec2:DeleteNetworkInterface",
      "privesc": false,
      "resource_exposure": false
    },
    {
      "access_level": "Write",
      "action": "ec2:DeleteSecurityGroup",
      "condition": null,
      "credentials_exposure": false,
      "data_access": false,
      "effective_action": "ec2:DeleteSecurityGroup",
      "privesc": false,
      "resource_exposure": false
    },
    {
      "access_level": "List",
      "action": "ec2:DescribeNetworkInterfaces",
      "condition": null,
      "credentials_exposure": false,
      "data_access": false,
      "effective_action": "ec2:DescribeNetworkInterfaces",
      "privesc": false,
      "resource_exposure": false
    },
    {
      "access_level": "List",
      "action": "ec2:DescribeSubnets",
      "condition": null,
      "credentials_exposure": false,
      "data_access": false,
      "effective_action": "ec2:DescribeSubnets",
      "privesc": false,
      "resource_exposure": false
    },
    {
      "access_level": "List",
      "action": "ec2:DescribeVpcs",
      "condition": null,
      "credentials_exposure": false,
      "data_access": false,
      "effective_action": "ec2:DescribeVpcs",
      "privesc": false,
      "resource_exposure": false
    },
    {
      "access_level": "Write",
      "action": "ec2:RevokeSecurityGroupEgress",
      "condition": null,
      "credentials_exposure": false,
      "data_access": false,
      "effective_action": "ec2:RevokeSecurityGroupEgress",
      "privesc": false,
      "resource_exposure": false
    },
    {
      "access_level": "Write",
      "action": "ec2:RevokeSecurityGroupIngress",
      "condition": null,
      "credentials_exposure": false,
      "data_access": false,
      "effective_action": "ec2:RevokeSecurityGroupIngress",
      "privesc": false,
      "resource_exposure": false
    },
    {
      "access_level": "List",
      "action": "ec2:DescribeSecurityGroups",
      "condition": null,
      "credentials_exposure": false,
      "data_access": false,
      "effective_action": "ec2:DescribeSecurityGroups",
      "privesc": false,
      "resource_exposure": false
    },
    {
      "access_level": "Read",
      "action": "sns:GetTopicAttributes",
      "condition": null,
      "credentials_exposure": false,
      "data_access": false,
      "effective_action": "sns:GetTopicAttributes",
      "privesc": false,
      "resource_exposure": false
    },
    {
      "access_level": "List",
      "action": "sns:ListSubscriptions",
      "condition": null,
      "credentials_exposure": false,
      "data_access": false,
      "effective_action": "sns:ListSubscriptions",
      "privesc": false,
      "resource_exposure": false
    },
    {
      "access_level": "List",
      "action": "sns:ListSubscriptionsByTopic",
      "condition": null,
      "credentials_exposure": false,
      "data_access": false,
      "effective_action": "sns:ListSubscriptionsByTopic",
      "privesc": false,
      "resource_exposure": false
    },
    {
      "access_level": "List",
      "action": "sns:ListTopics",
      "condition": null,
      "credentials_exposure": false,
      "data_access": false,
      "effective_action": "sns:ListTopics",
      "privesc": false,
      "resource_exposure": false
    },
    {
      "access_level": "List",
      "action": "iam:ListRoles",
      "condition": null,
      "credentials_exposure": false,
      "data_access": false,
      "effective_action": "iam:ListRoles",
      "privesc": false,
      "resource_exposure": false
    },
    {
      "access_level": "List",
      "action": "organizations:ListAccountsForParent",
      "condition": null,
      "credentials_exposure": false,
      "data_access": false,
      "effective_action": "organizations:ListAccountsForParent",
      "privesc": false,
      "resource_exposure": false
    },
    {
      "access_level": "List",
      "action": "organizations:ListRoots",
      "condition": null,
      "credentials_exposure": false,
      "data_access": false,
      "effective_action": "organizations:ListRoots",
      "privesc": false,
      "resource_exposure": false
    },
    {
      "access_level": "List",
      "action": "organizations:ListAccounts",
      "condition": null,
      "credentials_exposure": false,
      "data_access": false,
      "effective_action": "organizations:ListAccounts",
      "privesc": false,
      "resource_exposure": false
    },
    {
      "access_level": "Read",
      "action": "organizations:DescribeOrganization",
      "condition": null,
      "credentials_exposure": false,
      "data_access": false,
      "effective_action": "organizations:DescribeOrganization",
      "privesc": false,
      "resource_exposure": false
    },
    {
      "access_level": "Read",
      "action": "organizations:DescribeAccount",
      "condition": null,
      "credentials_exposure": false,
      "data_access": false,
      "effective_action": "organizations:DescribeAccount",
      "privesc": false,
      "resource_exposure": false
    },
    {
      "access_level": "List",
      "action": "organizations:ListOrganizationalUnitsForParent",
      "condition": null,
      "credentials_exposure": false,
      "data_access": false,
      "effective_action": "organizations:ListOrganizationalUnitsForParent",
      "privesc": false,
      "resource_exposure": false
    },
    {
      "access_level": "List",
      "action": "organizations:ListAWSServiceAccessForOrganization",
      "condition": null,
      "credentials_exposure": false,
      "data_access": false,
      "effective_action": "organizations:ListAWSServiceAccessForOrganization",
      "privesc": false,
      "resource_exposure": false
    },
    {
      "access_level": "Permissions management",
      "action": "sns:CreateTopic",
      "condition": null,
      "credentials_exposure": false,
      "data_access": false,
      "effective_action": "sns:CreateTopic",
      "privesc": false,
      "resource_exposure": true
    },
    {
      "access_level": "Write",
      "action": "sns:DeleteTopic",
      "condition": null,
      "credentials_exposure": false,
      "data_access": false,
      "effective_action": "sns:DeleteTopic",
      "privesc": false,
      "resource_exposure": false
    },
    {
      "access_level": "Permissions management",
      "action": "sns:SetTopicAttributes",
      "condition": null,
      "credentials_exposure": false,
      "data_access": false,
      "effective_action": "sns:SetTopicAttributes",
      "privesc": false,
      "resource_exposure": true
    },
    {
      "access_level": "Write",
      "action": "sns:Subscribe",
      "condition": null,
      "credentials_exposure": false,
      "data_access": false,
      "effective_action": "sns:Subscribe",
      "privesc": false,
      "resource_exposure": false
    },
    {
      "access_level": "Write",
      "action": "sns:Unsubscribe",
      "condition": null,
      "credentials_exposure": false,
      "data_access": false,
      "effective_action": "sns:Unsubscribe",
      "privesc": false,
      "resource_exposure": false
    },
    {
      "access_level": "Write",
      "action": "organizations:EnableAWSServiceAccess",
      "condition": {
        "StringEquals": {
          "organizations:ServicePrincipal": "ds.amazonaws.com"
        }
      },
      "credentials_exposure": false,
      "data_access": false,
      "effective_action": "organizations:EnableAWSServiceAccess",
      "privesc": false,
      "resource_exposure": false
    },
    {
      "access_level": "Write",
      "action": "organizations:DisableAWSServiceAccess",
      "condition": {
        "StringEquals": {
          "organizations:ServicePrincipal": "ds.amazonaws.com"
        }
      },
      "credentials_exposure": false,
      "data_access": false,
      "effective_action": "organizations:DisableAWSServiceAccess",
      "privesc": false,
      "resource_exposure": false
    },
    {
      "access_level": "Tagging",
      "action": "ec2:CreateTags",
      "condition": null,
      "credentials_exposure": false,
      "data_access": false,
      "effective_action": "ec2:CreateTags",
      "privesc": false,
      "resource_exposure": false
    },
    {
      "access_level": "Tagging",
      "action": "ec2:DeleteTags",
      "condition": null,
      "credentials_exposure": false,
      "data_access": false,
      "effective_action": "ec2:DeleteTags",
      "privesc": false,
      "resource_exposure": false
    }
  ],
  "grantless": false,
  "malformed": false,
  "name": "AWSDirectoryServiceFullAccess",
  "privesc": false,
  "resource_exposure": true,
  "undocumented_actions": false,
  "unknown_actions": [],
  "updatedate": "2024-04-02T20:38:17+00:00",
  "version": "v6"
}