{
  "access_levels": [
    "List",
    "Read",
    "Write"
  ],
  "arn": "arn:aws:iam::aws:policy/AWSDataExchangeDataGrantReceiverFullAccess",
  "createdate": "2024-10-24T14:45:58Z",
  "credentials_exposure": false,
  "data_access": false,
  "deprecated": false,
  "document": {
    "Statement": [
      {
        "Action": [
          "dataexchange:GetDataSet",
          "dataexchange:ListDataSets",
          "dataexchange:GetRevision",
          "dataexchange:ListDataSetRevisions",
          "dataexchange:GetAsset",
          "dataexchange:ListRevisionAssets",
          "dataexchange:SendApiAsset"
        ],
        "Effect": "Allow",
        "Resource": "*",
        "Sid": "DataExchangeReadOnlyActions"
      },
      {
        "Action": [
          "dataexchange:CreateJob",
          "dataexchange:StartJob",
          "dataexchange:CancelJob"
        ],
        "Condition": {
          "StringEquals": {
            "dataexchange:JobType": [
              "EXPORT_ASSETS_TO_S3",
              "EXPORT_ASSET_TO_SIGNED_URL",
              "EXPORT_REVISIONS_TO_S3"
            ]
          }
        },
        "Effect": "Allow",
        "Resource": "*",
        "Sid": "DataExchangeExportActions"
      },
      {
        "Action": [
          "dataexchange:CreateEventAction",
          "dataexchange:UpdateEventAction",
          "dataexchange:DeleteEventAction",
          "dataexchange:GetEventAction",
          "dataexchange:ListEventActions"
        ],
        "Effect": "Allow",
        "Resource": "*",
        "Sid": "DataExchangeEventActionActions"
      },
      {
        "Action": [
          "dataexchange:AcceptDataGrant",
          "dataexchange:ListReceivedDataGrants",
          "dataexchange:GetReceivedDataGrant"
        ],
        "Effect": "Allow",
        "Resource": "*",
        "Sid": "DataExchangeDataGrantActions"
      }
    ],
    "Version": "2012-10-17"
  },
  "effective_actions": [
    {
      "access_level": "Read",
      "action": "dataexchange:GetDataSet",
      "condition": null,
      "credentials_exposure": false,
      "data_access": false,
      "effective_action": "dataexchange:GetDataSet",
      "privesc": false,
      "resource_exposure": false
    },
    {
      "access_level": "List",
      "action": "dataexchange:ListDataSets",
      "condition": null,
      "credentials_exposure": false,
      "data_access": false,
      "effective_action": "dataexchange:ListDataSets",
      "privesc": false,
      "resource_exposure": false
    },
    {
      "access_level": "Read",
      "action": "dataexchange:GetRevision",
      "condition": null,
      "credentials_exposure": false,
      "data_access": false,
      "effective_action": "dataexchange:GetRevision",
      "privesc": false,
      "resource_exposure": false
    },
    {
      "access_level": "List",
      "action": "dataexchange:ListDataSetRevisions",
      "condition": null,
      "credentials_exposure": false,
      "data_access": false,
      "effective_action": "dataexchange:ListDataSetRevisions",
      "privesc": false,
      "resource_exposure": false
    },
    {
      "access_level": "Read",
      "action": "dataexchange:GetAsset",
      "condition": null,
      "credentials_exposure": false,
      "data_access": false,
      "effective_action": "dataexchange:GetAsset",
      "privesc": false,
      "resource_exposure": false
    },
    {
      "access_level": "List",
      "action": "dataexchange:ListRevisionAssets",
      "condition": null,
      "credentials_exposure": false,
      "data_access": false,
      "effective_action": "dataexchange:ListRevisionAssets",
      "privesc": false,
      "resource_exposure": false
    },
    {
      "access_level": "Write",
      "action": "dataexchange:SendApiAsset",
      "condition": null,
      "credentials_exposure": false,
      "data_access": false,
      "effective_action": "dataexchange:SendApiAsset",
      "privesc": false,
      "resource_exposure": false
    },
    {
      "access_level": "Write",
      "action": "dataexchange:CreateJob",
      "condition": {
        "StringEquals": {
          "dataexchange:JobType": [
            "EXPORT_ASSETS_TO_S3",
            "EXPORT_ASSET_TO_SIGNED_URL",
            "EXPORT_REVISIONS_TO_S3"
          ]
        }
      },
      "credentials_exposure": false,
      "data_access": false,
      "effective_action": "dataexchange:CreateJob",
      "privesc": false,
      "resource_exposure": false
    },
    {
      "access_level": "Write",
      "action": "dataexchange:StartJob",
      "condition": {
        "StringEquals": {
          "dataexchange:JobType": [
            "EXPORT_ASSETS_TO_S3",
            "EXPORT_ASSET_TO_SIGNED_URL",
            "EXPORT_REVISIONS_TO_S3"
          ]
        }
      },
      "credentials_exposure": false,
      "data_access": false,
      "effective_action": "dataexchange:StartJob",
      "privesc": false,
      "resource_exposure": false
    },
    {
      "access_level": "Write",
      "action": "dataexchange:CancelJob",
      "condition": {
        "StringEquals": {
          "dataexchange:JobType": [
            "EXPORT_ASSETS_TO_S3",
            "EXPORT_ASSET_TO_SIGNED_URL",
            "EXPORT_REVISIONS_TO_S3"
          ]
        }
      },
      "credentials_exposure": false,
      "data_access": false,
      "effective_action": "dataexchange:CancelJob",
      "privesc": false,
      "resource_exposure": false
    },
    {
      "access_level": "Write",
      "action": "dataexchange:CreateEventAction",
      "condition": null,
      "credentials_exposure": false,
      "data_access": false,
      "effective_action": "dataexchange:CreateEventAction",
      "privesc": false,
      "resource_exposure": false
    },
    {
      "access_level": "Write",
      "action": "dataexchange:UpdateEventAction",
      "condition": null,
      "credentials_exposure": false,
      "data_access": false,
      "effective_action": "dataexchange:UpdateEventAction",
      "privesc": false,
      "resource_exposure": false
    },
    {
      "access_level": "Write",
      "action": "dataexchange:DeleteEventAction",
      "condition": null,
      "credentials_exposure": false,
      "data_access": false,
      "effective_action": "dataexchange:DeleteEventAction",
      "privesc": false,
      "resource_exposure": false
    },
    {
      "access_level": "Read",
      "action": "dataexchange:GetEventAction",
      "condition": null,
      "credentials_exposure": false,
      "data_access": false,
      "effective_action": "dataexchange:GetEventAction",
      "privesc": false,
      "resource_exposure": false
    },
    {
      "access_level": "List",
      "action": "dataexchange:ListEventActions",
      "condition": null,
      "credentials_exposure": false,
      "data_access": false,
      "effective_action": "dataexchange:ListEventActions",
      "privesc": false,
      "resource_exposure": false
    },
    {
      "access_level": "Write",
      "action": "dataexchange:AcceptDataGrant",
      "condition": null,
      "credentials_exposure": false,
      "data_access": false,
      "effective_action": "dataexchange:AcceptDataGrant",
      "privesc": false,
      "resource_exposure": false
    },
    {
      "access_level": "List",
      "action": "dataexchange:ListReceivedDataGrants",
      "condition": null,
      "credentials_exposure": false,
      "data_access": false,
      "effective_action": "dataexchange:ListReceivedDataGrants",
      "privesc": false,
      "resource_exposure": false
    },
    {
      "access_level": "Read",
      "action": "dataexchange:GetReceivedDataGrant",
      "condition": null,
      "credentials_exposure": false,
      "data_access": false,
      "effective_action": "dataexchange:GetReceivedDataGrant",
      "privesc": false,
      "resource_exposure": false
    }
  ],
  "grantless": false,
  "malformed": false,
  "name": "AWSDataExchangeDataGrantReceiverFullAccess",
  "privesc": false,
  "resource_exposure": false,
  "undocumented_actions": false,
  "unknown_actions": [],
  "updatedate": "2024-10-24T14:45:58+00:00",
  "version": "v1"
}