{
  "access_levels": [
    "List",
    "Read",
    "Tagging",
    "Write"
  ],
  "arn": "arn:aws:iam::aws:policy/AWSDataExchangeDataGrantOwnerFullAccess",
  "createdate": "2024-10-24T14:43:43Z",
  "credentials_exposure": false,
  "data_access": false,
  "deprecated": false,
  "document": {
    "Statement": [
      {
        "Action": [
          "dataexchange:CreateDataSet",
          "dataexchange:UpdateDataSet",
          "dataexchange:GetDataSet",
          "dataexchange:DeleteDataSet",
          "dataexchange:ListDataSets",
          "dataexchange:CreateRevision",
          "dataexchange:UpdateRevision",
          "dataexchange:GetRevision",
          "dataexchange:DeleteRevision",
          "dataexchange:RevokeRevision",
          "dataexchange:ListDataSetRevisions",
          "dataexchange:CreateAsset",
          "dataexchange:UpdateAsset",
          "dataexchange:GetAsset",
          "dataexchange:DeleteAsset",
          "dataexchange:ListRevisionAssets",
          "dataexchange:SendApiAsset",
          "dataexchange:CreateDataGrant",
          "dataexchange:GetDataGrant",
          "dataexchange:DeleteDataGrant",
          "dataexchange:ListDataGrants",
          "dataexchange:PublishToDataGrant",
          "dataexchange:SendDataSetNotification",
          "dataexchange:TagResource",
          "dataexchange:UntagResource"
        ],
        "Effect": "Allow",
        "Resource": "*",
        "Sid": "DataExchangeActions"
      },
      {
        "Action": [
          "dataexchange:CreateJob",
          "dataexchange:StartJob",
          "dataexchange:CancelJob"
        ],
        "Condition": {
          "StringEquals": {
            "dataexchange:JobType": [
              "IMPORT_ASSETS_FROM_S3",
              "IMPORT_ASSET_FROM_SIGNED_URL",
              "EXPORT_ASSETS_TO_S3",
              "EXPORT_ASSET_TO_SIGNED_URL",
              "IMPORT_ASSET_FROM_API_GATEWAY_API",
              "IMPORT_ASSETS_FROM_REDSHIFT_DATA_SHARES",
              "IMPORT_ASSETS_FROM_LAKE_FORMATION_TAG_POLICY"
            ]
          }
        },
        "Effect": "Allow",
        "Resource": "*",
        "Sid": "DataExchangeJobsActions"
      }
    ],
    "Version": "2012-10-17"
  },
  "effective_actions": [
    {
      "access_level": "Write",
      "action": "dataexchange:CreateDataSet",
      "condition": null,
      "credentials_exposure": false,
      "data_access": false,
      "effective_action": "dataexchange:CreateDataSet",
      "privesc": false,
      "resource_exposure": false
    },
    {
      "access_level": "Write",
      "action": "dataexchange:UpdateDataSet",
      "condition": null,
      "credentials_exposure": false,
      "data_access": false,
      "effective_action": "dataexchange:UpdateDataSet",
      "privesc": false,
      "resource_exposure": false
    },
    {
      "access_level": "Read",
      "action": "dataexchange:GetDataSet",
      "condition": null,
      "credentials_exposure": false,
      "data_access": false,
      "effective_action": "dataexchange:GetDataSet",
      "privesc": false,
      "resource_exposure": false
    },
    {
      "access_level": "Write",
      "action": "dataexchange:DeleteDataSet",
      "condition": null,
      "credentials_exposure": false,
      "data_access": false,
      "effective_action": "dataexchange:DeleteDataSet",
      "privesc": false,
      "resource_exposure": false
    },
    {
      "access_level": "List",
      "action": "dataexchange:ListDataSets",
      "condition": null,
      "credentials_exposure": false,
      "data_access": false,
      "effective_action": "dataexchange:ListDataSets",
      "privesc": false,
      "resource_exposure": false
    },
    {
      "access_level": "Write",
      "action": "dataexchange:CreateRevision",
      "condition": null,
      "credentials_exposure": false,
      "data_access": false,
      "effective_action": "dataexchange:CreateRevision",
      "privesc": false,
      "resource_exposure": false
    },
    {
      "access_level": "Write",
      "action": "dataexchange:UpdateRevision",
      "condition": null,
      "credentials_exposure": false,
      "data_access": false,
      "effective_action": "dataexchange:UpdateRevision",
      "privesc": false,
      "resource_exposure": false
    },
    {
      "access_level": "Read",
      "action": "dataexchange:GetRevision",
      "condition": null,
      "credentials_exposure": false,
      "data_access": false,
      "effective_action": "dataexchange:GetRevision",
      "privesc": false,
      "resource_exposure": false
    },
    {
      "access_level": "Write",
      "action": "dataexchange:DeleteRevision",
      "condition": null,
      "credentials_exposure": false,
      "data_access": false,
      "effective_action": "dataexchange:DeleteRevision",
      "privesc": false,
      "resource_exposure": false
    },
    {
      "access_level": "Write",
      "action": "dataexchange:RevokeRevision",
      "condition": null,
      "credentials_exposure": false,
      "data_access": false,
      "effective_action": "dataexchange:RevokeRevision",
      "privesc": false,
      "resource_exposure": false
    },
    {
      "access_level": "List",
      "action": "dataexchange:ListDataSetRevisions",
      "condition": null,
      "credentials_exposure": false,
      "data_access": false,
      "effective_action": "dataexchange:ListDataSetRevisions",
      "privesc": false,
      "resource_exposure": false
    },
    {
      "access_level": "Write",
      "action": "dataexchange:CreateAsset",
      "condition": null,
      "credentials_exposure": false,
      "data_access": false,
      "effective_action": "dataexchange:CreateAsset",
      "privesc": false,
      "resource_exposure": false
    },
    {
      "access_level": "Write",
      "action": "dataexchange:UpdateAsset",
      "condition": null,
      "credentials_exposure": false,
      "data_access": false,
      "effective_action": "dataexchange:UpdateAsset",
      "privesc": false,
      "resource_exposure": false
    },
    {
      "access_level": "Read",
      "action": "dataexchange:GetAsset",
      "condition": null,
      "credentials_exposure": false,
      "data_access": false,
      "effective_action": "dataexchange:GetAsset",
      "privesc": false,
      "resource_exposure": false
    },
    {
      "access_level": "Write",
      "action": "dataexchange:DeleteAsset",
      "condition": null,
      "credentials_exposure": false,
      "data_access": false,
      "effective_action": "dataexchange:DeleteAsset",
      "privesc": false,
      "resource_exposure": false
    },
    {
      "access_level": "List",
      "action": "dataexchange:ListRevisionAssets",
      "condition": null,
      "credentials_exposure": false,
      "data_access": false,
      "effective_action": "dataexchange:ListRevisionAssets",
      "privesc": false,
      "resource_exposure": false
    },
    {
      "access_level": "Write",
      "action": "dataexchange:SendApiAsset",
      "condition": null,
      "credentials_exposure": false,
      "data_access": false,
      "effective_action": "dataexchange:SendApiAsset",
      "privesc": false,
      "resource_exposure": false
    },
    {
      "access_level": "Write",
      "action": "dataexchange:CreateDataGrant",
      "condition": null,
      "credentials_exposure": false,
      "data_access": false,
      "effective_action": "dataexchange:CreateDataGrant",
      "privesc": false,
      "resource_exposure": false
    },
    {
      "access_level": "Read",
      "action": "dataexchange:GetDataGrant",
      "condition": null,
      "credentials_exposure": false,
      "data_access": false,
      "effective_action": "dataexchange:GetDataGrant",
      "privesc": false,
      "resource_exposure": false
    },
    {
      "access_level": "Write",
      "action": "dataexchange:DeleteDataGrant",
      "condition": null,
      "credentials_exposure": false,
      "data_access": false,
      "effective_action": "dataexchange:DeleteDataGrant",
      "privesc": false,
      "resource_exposure": false
    },
    {
      "access_level": "List",
      "action": "dataexchange:ListDataGrants",
      "condition": null,
      "credentials_exposure": false,
      "data_access": false,
      "effective_action": "dataexchange:ListDataGrants",
      "privesc": false,
      "resource_exposure": false
    },
    {
      "access_level": "Write",
      "action": "dataexchange:PublishToDataGrant",
      "condition": null,
      "credentials_exposure": false,
      "data_access": false,
      "effective_action": "dataexchange:PublishToDataGrant",
      "privesc": false,
      "resource_exposure": false
    },
    {
      "access_level": "Write",
      "action": "dataexchange:SendDataSetNotification",
      "condition": null,
      "credentials_exposure": false,
      "data_access": false,
      "effective_action": "dataexchange:SendDataSetNotification",
      "privesc": false,
      "resource_exposure": false
    },
    {
      "access_level": "Tagging",
      "action": "dataexchange:TagResource",
      "condition": null,
      "credentials_exposure": false,
      "data_access": false,
      "effective_action": "dataexchange:TagResource",
      "privesc": false,
      "resource_exposure": false
    },
    {
      "access_level": "Tagging",
      "action": "dataexchange:UntagResource",
      "condition": null,
      "credentials_exposure": false,
      "data_access": false,
      "effective_action": "dataexchange:UntagResource",
      "privesc": false,
      "resource_exposure": false
    },
    {
      "access_level": "Write",
      "action": "dataexchange:CreateJob",
      "condition": {
        "StringEquals": {
          "dataexchange:JobType": [
            "IMPORT_ASSETS_FROM_S3",
            "IMPORT_ASSET_FROM_SIGNED_URL",
            "EXPORT_ASSETS_TO_S3",
            "EXPORT_ASSET_TO_SIGNED_URL",
            "IMPORT_ASSET_FROM_API_GATEWAY_API",
            "IMPORT_ASSETS_FROM_REDSHIFT_DATA_SHARES",
            "IMPORT_ASSETS_FROM_LAKE_FORMATION_TAG_POLICY"
          ]
        }
      },
      "credentials_exposure": false,
      "data_access": false,
      "effective_action": "dataexchange:CreateJob",
      "privesc": false,
      "resource_exposure": false
    },
    {
      "access_level": "Write",
      "action": "dataexchange:StartJob",
      "condition": {
        "StringEquals": {
          "dataexchange:JobType": [
            "IMPORT_ASSETS_FROM_S3",
            "IMPORT_ASSET_FROM_SIGNED_URL",
            "EXPORT_ASSETS_TO_S3",
            "EXPORT_ASSET_TO_SIGNED_URL",
            "IMPORT_ASSET_FROM_API_GATEWAY_API",
            "IMPORT_ASSETS_FROM_REDSHIFT_DATA_SHARES",
            "IMPORT_ASSETS_FROM_LAKE_FORMATION_TAG_POLICY"
          ]
        }
      },
      "credentials_exposure": false,
      "data_access": false,
      "effective_action": "dataexchange:StartJob",
      "privesc": false,
      "resource_exposure": false
    },
    {
      "access_level": "Write",
      "action": "dataexchange:CancelJob",
      "condition": {
        "StringEquals": {
          "dataexchange:JobType": [
            "IMPORT_ASSETS_FROM_S3",
            "IMPORT_ASSET_FROM_SIGNED_URL",
            "EXPORT_ASSETS_TO_S3",
            "EXPORT_ASSET_TO_SIGNED_URL",
            "IMPORT_ASSET_FROM_API_GATEWAY_API",
            "IMPORT_ASSETS_FROM_REDSHIFT_DATA_SHARES",
            "IMPORT_ASSETS_FROM_LAKE_FORMATION_TAG_POLICY"
          ]
        }
      },
      "credentials_exposure": false,
      "data_access": false,
      "effective_action": "dataexchange:CancelJob",
      "privesc": false,
      "resource_exposure": false
    }
  ],
  "grantless": false,
  "malformed": false,
  "name": "AWSDataExchangeDataGrantOwnerFullAccess",
  "privesc": false,
  "resource_exposure": false,
  "undocumented_actions": false,
  "unknown_actions": [],
  "updatedate": "2024-10-24T14:43:43+00:00",
  "version": "v1"
}