{
  "access_levels": [
    "List",
    "Tagging",
    "Write"
  ],
  "arn": "arn:aws:iam::aws:policy/service-role/AWSDataLifecycleManagerServiceRoleForAMIManagement",
  "createdate": "2021-08-19T17:03:44Z",
  "credentials_exposure": false,
  "data_access": false,
  "deprecated": false,
  "document": {
    "Statement": [
      {
        "Action": [
          "ec2:CreateTags"
        ],
        "Effect": "Allow",
        "Resource": [
          "arn:aws:ec2:*::snapshot/*",
          "arn:aws:ec2:*::image/*"
        ]
      },
      {
        "Action": [
          "ec2:DescribeImages",
          "ec2:DescribeInstances",
          "ec2:DescribeImageAttribute",
          "ec2:DescribeVolumes",
          "ec2:DescribeSnapshots"
        ],
        "Effect": "Allow",
        "Resource": "*"
      },
      {
        "Action": [
          "ec2:DeleteSnapshot"
        ],
        "Effect": "Allow",
        "Resource": "arn:aws:ec2:*::snapshot/*"
      },
      {
        "Action": [
          "ec2:ResetImageAttribute",
          "ec2:DeregisterImage",
          "ec2:CreateImage",
          "ec2:CopyImage",
          "ec2:ModifyImageAttribute"
        ],
        "Effect": "Allow",
        "Resource": "*"
      },
      {
        "Action": [
          "ec2:EnableImageDeprecation",
          "ec2:DisableImageDeprecation"
        ],
        "Effect": "Allow",
        "Resource": "arn:aws:ec2:*::image/*"
      }
    ],
    "Version": "2012-10-17"
  },
  "effective_actions": [
    {
      "access_level": "Tagging",
      "action": "ec2:CreateTags",
      "condition": null,
      "credentials_exposure": false,
      "data_access": false,
      "effective_action": "ec2:CreateTags",
      "privesc": false,
      "resource_exposure": false
    },
    {
      "access_level": "List",
      "action": "ec2:DescribeImages",
      "condition": null,
      "credentials_exposure": false,
      "data_access": false,
      "effective_action": "ec2:DescribeImages",
      "privesc": false,
      "resource_exposure": false
    },
    {
      "access_level": "List",
      "action": "ec2:DescribeInstances",
      "condition": null,
      "credentials_exposure": false,
      "data_access": false,
      "effective_action": "ec2:DescribeInstances",
      "privesc": false,
      "resource_exposure": false
    },
    {
      "access_level": "List",
      "action": "ec2:DescribeImageAttribute",
      "condition": null,
      "credentials_exposure": false,
      "data_access": false,
      "effective_action": "ec2:DescribeImageAttribute",
      "privesc": false,
      "resource_exposure": false
    },
    {
      "access_level": "List",
      "action": "ec2:DescribeVolumes",
      "condition": null,
      "credentials_exposure": false,
      "data_access": false,
      "effective_action": "ec2:DescribeVolumes",
      "privesc": false,
      "resource_exposure": false
    },
    {
      "access_level": "List",
      "action": "ec2:DescribeSnapshots",
      "condition": null,
      "credentials_exposure": false,
      "data_access": false,
      "effective_action": "ec2:DescribeSnapshots",
      "privesc": false,
      "resource_exposure": false
    },
    {
      "access_level": "Write",
      "action": "ec2:DeleteSnapshot",
      "condition": null,
      "credentials_exposure": false,
      "data_access": false,
      "effective_action": "ec2:DeleteSnapshot",
      "privesc": false,
      "resource_exposure": false
    },
    {
      "access_level": "Write",
      "action": "ec2:ResetImageAttribute",
      "condition": null,
      "credentials_exposure": false,
      "data_access": false,
      "effective_action": "ec2:ResetImageAttribute",
      "privesc": false,
      "resource_exposure": false
    },
    {
      "access_level": "Write",
      "action": "ec2:DeregisterImage",
      "condition": null,
      "credentials_exposure": false,
      "data_access": false,
      "effective_action": "ec2:DeregisterImage",
      "privesc": false,
      "resource_exposure": false
    },
    {
      "access_level": "Write",
      "action": "ec2:CreateImage",
      "condition": null,
      "credentials_exposure": false,
      "data_access": false,
      "effective_action": "ec2:CreateImage",
      "privesc": false,
      "resource_exposure": false
    },
    {
      "access_level": "Write",
      "action": "ec2:CopyImage",
      "condition": null,
      "credentials_exposure": false,
      "data_access": false,
      "effective_action": "ec2:CopyImage",
      "privesc": false,
      "resource_exposure": false
    },
    {
      "access_level": "Write",
      "action": "ec2:ModifyImageAttribute",
      "condition": null,
      "credentials_exposure": false,
      "data_access": false,
      "effective_action": "ec2:ModifyImageAttribute",
      "privesc": false,
      "resource_exposure": false
    },
    {
      "access_level": "Write",
      "action": "ec2:EnableImageDeprecation",
      "condition": null,
      "credentials_exposure": false,
      "data_access": false,
      "effective_action": "ec2:EnableImageDeprecation",
      "privesc": false,
      "resource_exposure": false
    },
    {
      "access_level": "Write",
      "action": "ec2:DisableImageDeprecation",
      "condition": null,
      "credentials_exposure": false,
      "data_access": false,
      "effective_action": "ec2:DisableImageDeprecation",
      "privesc": false,
      "resource_exposure": false
    }
  ],
  "grantless": false,
  "malformed": false,
  "name": "AWSDataLifecycleManagerServiceRoleForAMIManagement",
  "privesc": false,
  "resource_exposure": false,
  "undocumented_actions": false,
  "unknown_actions": [],
  "updatedate": "2021-08-19T17:03:44+00:00",
  "version": "v2"
}