{
  "access_levels": [
    "List",
    "Read",
    "Tagging",
    "Write"
  ],
  "arn": "arn:aws:iam::aws:policy/AWSDirectConnectFullAccess",
  "createdate": "2019-04-30T15:29:29Z",
  "credentials_exposure": false,
  "data_access": false,
  "deprecated": false,
  "document": {
    "Statement": [
      {
        "Action": [
          "directconnect:*",
          "ec2:DescribeVpnGateways",
          "ec2:DescribeTransitGateways"
        ],
        "Effect": "Allow",
        "Resource": "*"
      }
    ],
    "Version": "2012-10-17"
  },
  "effective_actions": [
    {
      "access_level": "Write",
      "action": "directconnect:*",
      "condition": null,
      "credentials_exposure": false,
      "data_access": false,
      "effective_action": "directconnect:AcceptDirectConnectGatewayAssociationProposal",
      "privesc": false,
      "resource_exposure": false
    },
    {
      "access_level": "Write",
      "action": "directconnect:*",
      "condition": null,
      "credentials_exposure": false,
      "data_access": false,
      "effective_action": "directconnect:AllocateConnectionOnInterconnect",
      "privesc": false,
      "resource_exposure": false
    },
    {
      "access_level": "Write",
      "action": "directconnect:*",
      "condition": null,
      "credentials_exposure": false,
      "data_access": false,
      "effective_action": "directconnect:AllocateHostedConnection",
      "privesc": false,
      "resource_exposure": false
    },
    {
      "access_level": "Write",
      "action": "directconnect:*",
      "condition": null,
      "credentials_exposure": false,
      "data_access": false,
      "effective_action": "directconnect:AllocatePrivateVirtualInterface",
      "privesc": false,
      "resource_exposure": false
    },
    {
      "access_level": "Write",
      "action": "directconnect:*",
      "condition": null,
      "credentials_exposure": false,
      "data_access": false,
      "effective_action": "directconnect:AllocatePublicVirtualInterface",
      "privesc": false,
      "resource_exposure": false
    },
    {
      "access_level": "Write",
      "action": "directconnect:*",
      "condition": null,
      "credentials_exposure": false,
      "data_access": false,
      "effective_action": "directconnect:AllocateTransitVirtualInterface",
      "privesc": false,
      "resource_exposure": false
    },
    {
      "access_level": "Write",
      "action": "directconnect:*",
      "condition": null,
      "credentials_exposure": false,
      "data_access": false,
      "effective_action": "directconnect:AssociateConnectionWithLag",
      "privesc": false,
      "resource_exposure": false
    },
    {
      "access_level": "Write",
      "action": "directconnect:*",
      "condition": null,
      "credentials_exposure": false,
      "data_access": false,
      "effective_action": "directconnect:AssociateHostedConnection",
      "privesc": false,
      "resource_exposure": false
    },
    {
      "access_level": "Write",
      "action": "directconnect:*",
      "condition": null,
      "credentials_exposure": false,
      "data_access": false,
      "effective_action": "directconnect:AssociateMacSecKey",
      "privesc": false,
      "resource_exposure": false
    },
    {
      "access_level": "Write",
      "action": "directconnect:*",
      "condition": null,
      "credentials_exposure": false,
      "data_access": false,
      "effective_action": "directconnect:AssociateVirtualInterface",
      "privesc": false,
      "resource_exposure": false
    },
    {
      "access_level": "Write",
      "action": "directconnect:*",
      "condition": null,
      "credentials_exposure": false,
      "data_access": false,
      "effective_action": "directconnect:ConfirmConnection",
      "privesc": false,
      "resource_exposure": false
    },
    {
      "access_level": "Write",
      "action": "directconnect:*",
      "condition": null,
      "credentials_exposure": false,
      "data_access": false,
      "effective_action": "directconnect:ConfirmCustomerAgreement",
      "privesc": false,
      "resource_exposure": false
    },
    {
      "access_level": "Write",
      "action": "directconnect:*",
      "condition": null,
      "credentials_exposure": false,
      "data_access": false,
      "effective_action": "directconnect:ConfirmPrivateVirtualInterface",
      "privesc": false,
      "resource_exposure": false
    },
    {
      "access_level": "Write",
      "action": "directconnect:*",
      "condition": null,
      "credentials_exposure": false,
      "data_access": false,
      "effective_action": "directconnect:ConfirmPublicVirtualInterface",
      "privesc": false,
      "resource_exposure": false
    },
    {
      "access_level": "Write",
      "action": "directconnect:*",
      "condition": null,
      "credentials_exposure": false,
      "data_access": false,
      "effective_action": "directconnect:ConfirmTransitVirtualInterface",
      "privesc": false,
      "resource_exposure": false
    },
    {
      "access_level": "Write",
      "action": "directconnect:*",
      "condition": null,
      "credentials_exposure": false,
      "data_access": false,
      "effective_action": "directconnect:CreateBGPPeer",
      "privesc": false,
      "resource_exposure": false
    },
    {
      "access_level": "Write",
      "action": "directconnect:*",
      "condition": null,
      "credentials_exposure": false,
      "data_access": false,
      "effective_action": "directconnect:CreateConnection",
      "privesc": false,
      "resource_exposure": false
    },
    {
      "access_level": "Write",
      "action": "directconnect:*",
      "condition": null,
      "credentials_exposure": false,
      "data_access": false,
      "effective_action": "directconnect:CreateDirectConnectGateway",
      "privesc": false,
      "resource_exposure": false
    },
    {
      "access_level": "Write",
      "action": "directconnect:*",
      "condition": null,
      "credentials_exposure": false,
      "data_access": false,
      "effective_action": "directconnect:CreateDirectConnectGatewayAssociation",
      "privesc": false,
      "resource_exposure": false
    },
    {
      "access_level": "Write",
      "action": "directconnect:*",
      "condition": null,
      "credentials_exposure": false,
      "data_access": false,
      "effective_action": "directconnect:CreateDirectConnectGatewayAssociationProposal",
      "privesc": false,
      "resource_exposure": false
    },
    {
      "access_level": "Write",
      "action": "directconnect:*",
      "condition": null,
      "credentials_exposure": false,
      "data_access": false,
      "effective_action": "directconnect:CreateInterconnect",
      "privesc": false,
      "resource_exposure": false
    },
    {
      "access_level": "Write",
      "action": "directconnect:*",
      "condition": null,
      "credentials_exposure": false,
      "data_access": false,
      "effective_action": "directconnect:CreateLag",
      "privesc": false,
      "resource_exposure": false
    },
    {
      "access_level": "Write",
      "action": "directconnect:*",
      "condition": null,
      "credentials_exposure": false,
      "data_access": false,
      "effective_action": "directconnect:CreatePrivateVirtualInterface",
      "privesc": false,
      "resource_exposure": false
    },
    {
      "access_level": "Write",
      "action": "directconnect:*",
      "condition": null,
      "credentials_exposure": false,
      "data_access": false,
      "effective_action": "directconnect:CreatePublicVirtualInterface",
      "privesc": false,
      "resource_exposure": false
    },
    {
      "access_level": "Write",
      "action": "directconnect:*",
      "condition": null,
      "credentials_exposure": false,
      "data_access": false,
      "effective_action": "directconnect:CreateTransitVirtualInterface",
      "privesc": false,
      "resource_exposure": false
    },
    {
      "access_level": "Write",
      "action": "directconnect:*",
      "condition": null,
      "credentials_exposure": false,
      "data_access": false,
      "effective_action": "directconnect:DeleteBGPPeer",
      "privesc": false,
      "resource_exposure": false
    },
    {
      "access_level": "Write",
      "action": "directconnect:*",
      "condition": null,
      "credentials_exposure": false,
      "data_access": false,
      "effective_action": "directconnect:DeleteConnection",
      "privesc": false,
      "resource_exposure": false
    },
    {
      "access_level": "Write",
      "action": "directconnect:*",
      "condition": null,
      "credentials_exposure": false,
      "data_access": false,
      "effective_action": "directconnect:DeleteDirectConnectGateway",
      "privesc": false,
      "resource_exposure": false
    },
    {
      "access_level": "Write",
      "action": "directconnect:*",
      "condition": null,
      "credentials_exposure": false,
      "data_access": false,
      "effective_action": "directconnect:DeleteDirectConnectGatewayAssociation",
      "privesc": false,
      "resource_exposure": false
    },
    {
      "access_level": "Write",
      "action": "directconnect:*",
      "condition": null,
      "credentials_exposure": false,
      "data_access": false,
      "effective_action": "directconnect:DeleteDirectConnectGatewayAssociationProposal",
      "privesc": false,
      "resource_exposure": false
    },
    {
      "access_level": "Write",
      "action": "directconnect:*",
      "condition": null,
      "credentials_exposure": false,
      "data_access": false,
      "effective_action": "directconnect:DeleteInterconnect",
      "privesc": false,
      "resource_exposure": false
    },
    {
      "access_level": "Write",
      "action": "directconnect:*",
      "condition": null,
      "credentials_exposure": false,
      "data_access": false,
      "effective_action": "directconnect:DeleteLag",
      "privesc": false,
      "resource_exposure": false
    },
    {
      "access_level": "Write",
      "action": "directconnect:*",
      "condition": null,
      "credentials_exposure": false,
      "data_access": false,
      "effective_action": "directconnect:DeleteVirtualInterface",
      "privesc": false,
      "resource_exposure": false
    },
    {
      "access_level": "Read",
      "action": "directconnect:*",
      "condition": null,
      "credentials_exposure": false,
      "data_access": false,
      "effective_action": "directconnect:DescribeConnectionLoa",
      "privesc": false,
      "resource_exposure": false
    },
    {
      "access_level": "Read",
      "action": "directconnect:*",
      "condition": null,
      "credentials_exposure": false,
      "data_access": false,
      "effective_action": "directconnect:DescribeConnections",
      "privesc": false,
      "resource_exposure": false
    },
    {
      "access_level": "Read",
      "action": "directconnect:*",
      "condition": null,
      "credentials_exposure": false,
      "data_access": false,
      "effective_action": "directconnect:DescribeConnectionsOnInterconnect",
      "privesc": false,
      "resource_exposure": false
    },
    {
      "access_level": "Read",
      "action": "directconnect:*",
      "condition": null,
      "credentials_exposure": false,
      "data_access": false,
      "effective_action": "directconnect:DescribeCustomerMetadata",
      "privesc": false,
      "resource_exposure": false
    },
    {
      "access_level": "Read",
      "action": "directconnect:*",
      "condition": null,
      "credentials_exposure": false,
      "data_access": false,
      "effective_action": "directconnect:DescribeDirectConnectGatewayAssociationProposals",
      "privesc": false,
      "resource_exposure": false
    },
    {
      "access_level": "Read",
      "action": "directconnect:*",
      "condition": null,
      "credentials_exposure": false,
      "data_access": false,
      "effective_action": "directconnect:DescribeDirectConnectGatewayAssociations",
      "privesc": false,
      "resource_exposure": false
    },
    {
      "access_level": "Read",
      "action": "directconnect:*",
      "condition": null,
      "credentials_exposure": false,
      "data_access": false,
      "effective_action": "directconnect:DescribeDirectConnectGatewayAttachments",
      "privesc": false,
      "resource_exposure": false
    },
    {
      "access_level": "Read",
      "action": "directconnect:*",
      "condition": null,
      "credentials_exposure": false,
      "data_access": false,
      "effective_action": "directconnect:DescribeDirectConnectGateways",
      "privesc": false,
      "resource_exposure": false
    },
    {
      "access_level": "Read",
      "action": "directconnect:*",
      "condition": null,
      "credentials_exposure": false,
      "data_access": false,
      "effective_action": "directconnect:DescribeHostedConnections",
      "privesc": false,
      "resource_exposure": false
    },
    {
      "access_level": "Read",
      "action": "directconnect:*",
      "condition": null,
      "credentials_exposure": false,
      "data_access": false,
      "effective_action": "directconnect:DescribeInterconnectLoa",
      "privesc": false,
      "resource_exposure": false
    },
    {
      "access_level": "Read",
      "action": "directconnect:*",
      "condition": null,
      "credentials_exposure": false,
      "data_access": false,
      "effective_action": "directconnect:DescribeInterconnects",
      "privesc": false,
      "resource_exposure": false
    },
    {
      "access_level": "Read",
      "action": "directconnect:*",
      "condition": null,
      "credentials_exposure": false,
      "data_access": false,
      "effective_action": "directconnect:DescribeLags",
      "privesc": false,
      "resource_exposure": false
    },
    {
      "access_level": "Read",
      "action": "directconnect:*",
      "condition": null,
      "credentials_exposure": false,
      "data_access": false,
      "effective_action": "directconnect:DescribeLoa",
      "privesc": false,
      "resource_exposure": false
    },
    {
      "access_level": "Read",
      "action": "directconnect:*",
      "condition": null,
      "credentials_exposure": false,
      "data_access": false,
      "effective_action": "directconnect:DescribeLocations",
      "privesc": false,
      "resource_exposure": false
    },
    {
      "access_level": "Read",
      "action": "directconnect:*",
      "condition": null,
      "credentials_exposure": false,
      "data_access": false,
      "effective_action": "directconnect:DescribeRouterConfiguration",
      "privesc": false,
      "resource_exposure": false
    },
    {
      "access_level": "Read",
      "action": "directconnect:*",
      "condition": null,
      "credentials_exposure": false,
      "data_access": false,
      "effective_action": "directconnect:DescribeTags",
      "privesc": false,
      "resource_exposure": false
    },
    {
      "access_level": "Read",
      "action": "directconnect:*",
      "condition": null,
      "credentials_exposure": false,
      "data_access": false,
      "effective_action": "directconnect:DescribeVirtualGateways",
      "privesc": false,
      "resource_exposure": false
    },
    {
      "access_level": "Read",
      "action": "directconnect:*",
      "condition": null,
      "credentials_exposure": false,
      "data_access": false,
      "effective_action": "directconnect:DescribeVirtualInterfaces",
      "privesc": false,
      "resource_exposure": false
    },
    {
      "access_level": "Write",
      "action": "directconnect:*",
      "condition": null,
      "credentials_exposure": false,
      "data_access": false,
      "effective_action": "directconnect:DisassociateConnectionFromLag",
      "privesc": false,
      "resource_exposure": false
    },
    {
      "access_level": "Write",
      "action": "directconnect:*",
      "condition": null,
      "credentials_exposure": false,
      "data_access": false,
      "effective_action": "directconnect:DisassociateMacSecKey",
      "privesc": false,
      "resource_exposure": false
    },
    {
      "access_level": "List",
      "action": "directconnect:*",
      "condition": null,
      "credentials_exposure": false,
      "data_access": false,
      "effective_action": "directconnect:ListVirtualInterfaceTestHistory",
      "privesc": false,
      "resource_exposure": false
    },
    {
      "access_level": "Write",
      "action": "directconnect:*",
      "condition": null,
      "credentials_exposure": false,
      "data_access": false,
      "effective_action": "directconnect:StartBgpFailoverTest",
      "privesc": false,
      "resource_exposure": false
    },
    {
      "access_level": "Write",
      "action": "directconnect:*",
      "condition": null,
      "credentials_exposure": false,
      "data_access": false,
      "effective_action": "directconnect:StopBgpFailoverTest",
      "privesc": false,
      "resource_exposure": false
    },
    {
      "access_level": "Tagging",
      "action": "directconnect:*",
      "condition": null,
      "credentials_exposure": false,
      "data_access": false,
      "effective_action": "directconnect:TagResource",
      "privesc": false,
      "resource_exposure": false
    },
    {
      "access_level": "Tagging",
      "action": "directconnect:*",
      "condition": null,
      "credentials_exposure": false,
      "data_access": false,
      "effective_action": "directconnect:UntagResource",
      "privesc": false,
      "resource_exposure": false
    },
    {
      "access_level": "Write",
      "action": "directconnect:*",
      "condition": null,
      "credentials_exposure": false,
      "data_access": false,
      "effective_action": "directconnect:UpdateConnection",
      "privesc": false,
      "resource_exposure": false
    },
    {
      "access_level": "Write",
      "action": "directconnect:*",
      "condition": null,
      "credentials_exposure": false,
      "data_access": false,
      "effective_action": "directconnect:UpdateDirectConnectGateway",
      "privesc": false,
      "resource_exposure": false
    },
    {
      "access_level": "Write",
      "action": "directconnect:*",
      "condition": null,
      "credentials_exposure": false,
      "data_access": false,
      "effective_action": "directconnect:UpdateDirectConnectGatewayAssociation",
      "privesc": false,
      "resource_exposure": false
    },
    {
      "access_level": "Write",
      "action": "directconnect:*",
      "condition": null,
      "credentials_exposure": false,
      "data_access": false,
      "effective_action": "directconnect:UpdateLag",
      "privesc": false,
      "resource_exposure": false
    },
    {
      "access_level": "Write",
      "action": "directconnect:*",
      "condition": null,
      "credentials_exposure": false,
      "data_access": false,
      "effective_action": "directconnect:UpdateVirtualInterfaceAttributes",
      "privesc": false,
      "resource_exposure": false
    },
    {
      "access_level": "List",
      "action": "ec2:DescribeVpnGateways",
      "condition": null,
      "credentials_exposure": false,
      "data_access": false,
      "effective_action": "ec2:DescribeVpnGateways",
      "privesc": false,
      "resource_exposure": false
    },
    {
      "access_level": "List",
      "action": "ec2:DescribeTransitGateways",
      "condition": null,
      "credentials_exposure": false,
      "data_access": false,
      "effective_action": "ec2:DescribeTransitGateways",
      "privesc": false,
      "resource_exposure": false
    }
  ],
  "grantless": false,
  "malformed": false,
  "name": "AWSDirectConnectFullAccess",
  "privesc": false,
  "resource_exposure": false,
  "undocumented_actions": false,
  "unknown_actions": [],
  "updatedate": "2019-04-30T15:29:29+00:00",
  "version": "v3"
}