{
  "access_levels": [
    "List",
    "Read",
    "Tagging",
    "Write",
    "Permissions management"
  ],
  "arn": "arn:aws:iam::aws:policy/AWSDataExchangeFullAccess",
  "createdate": "2024-06-24T19:54:18Z",
  "credentials_exposure": false,
  "data_access": true,
  "deprecated": false,
  "document": {
    "Statement": [
      {
        "Action": [
          "dataexchange:*"
        ],
        "Effect": "Allow",
        "Resource": "*",
        "Sid": "DataExchangeActions"
      },
      {
        "Action": [
          "s3:GetObject"
        ],
        "Condition": {
          "ForAnyValue:StringEquals": {
            "aws:CalledVia": [
              "dataexchange.amazonaws.com"
            ]
          }
        },
        "Effect": "Allow",
        "Resource": "arn:aws:s3:::*aws-data-exchange*",
        "Sid": "S3GetActionConditionalResourceAndADX"
      },
      {
        "Action": [
          "s3:GetObject"
        ],
        "Condition": {
          "ForAnyValue:StringEquals": {
            "aws:CalledVia": [
              "dataexchange.amazonaws.com"
            ]
          },
          "StringEqualsIgnoreCase": {
            "s3:ExistingObjectTag/AWSDataExchange": "true"
          }
        },
        "Effect": "Allow",
        "Resource": "*",
        "Sid": "S3GetActionConditionalTagAndADX"
      },
      {
        "Action": [
          "s3:PutObject",
          "s3:PutObjectAcl"
        ],
        "Condition": {
          "ForAnyValue:StringEquals": {
            "aws:CalledVia": [
              "dataexchange.amazonaws.com"
            ]
          }
        },
        "Effect": "Allow",
        "Resource": "arn:aws:s3:::*aws-data-exchange*",
        "Sid": "S3WriteActions"
      },
      {
        "Action": [
          "s3:GetBucketLocation",
          "s3:ListBucket",
          "s3:ListAllMyBuckets"
        ],
        "Effect": "Allow",
        "Resource": "*",
        "Sid": "S3ReadActions"
      },
      {
        "Action": [
          "aws-marketplace:DescribeEntity",
          "aws-marketplace:ListEntities",
          "aws-marketplace:StartChangeSet",
          "aws-marketplace:ListChangeSets",
          "aws-marketplace:DescribeChangeSet",
          "aws-marketplace:CancelChangeSet",
          "aws-marketplace:GetAgreementApprovalRequest",
          "aws-marketplace:ListAgreementApprovalRequests",
          "aws-marketplace:AcceptAgreementApprovalRequest",
          "aws-marketplace:RejectAgreementApprovalRequest",
          "aws-marketplace:UpdateAgreementApprovalRequest",
          "aws-marketplace:SearchAgreements",
          "aws-marketplace:GetAgreementTerms",
          "aws-marketplace:TagResource",
          "aws-marketplace:UntagResource",
          "aws-marketplace:ListTagsForResource"
        ],
        "Effect": "Allow",
        "Resource": "*",
        "Sid": "AWSMarketplaceProviderActions"
      },
      {
        "Action": [
          "aws-marketplace:Subscribe",
          "aws-marketplace:Unsubscribe",
          "aws-marketplace:ViewSubscriptions",
          "aws-marketplace:GetAgreementRequest",
          "aws-marketplace:ListAgreementRequests",
          "aws-marketplace:CancelAgreementRequest",
          "aws-marketplace:ListPrivateListings",
          "aws-marketplace:DescribeAgreement"
        ],
        "Effect": "Allow",
        "Resource": "*",
        "Sid": "AWSMarketplaceSubscriberActions"
      },
      {
        "Action": [
          "kms:DescribeKey",
          "kms:ListAliases",
          "kms:ListKeys"
        ],
        "Effect": "Allow",
        "Resource": "*",
        "Sid": "KMSActions"
      },
      {
        "Action": [
          "redshift:AuthorizeDataShare"
        ],
        "Condition": {
          "StringEqualsIgnoreCase": {
            "redshift:ConsumerIdentifier": "ADX"
          }
        },
        "Effect": "Allow",
        "Resource": "*",
        "Sid": "RedshiftConditionalActions"
      },
      {
        "Action": [
          "redshift:DescribeDataSharesForProducer",
          "redshift:DescribeDataShares"
        ],
        "Effect": "Allow",
        "Resource": "*",
        "Sid": "RedshiftActions"
      },
      {
        "Action": [
          "apigateway:GET"
        ],
        "Effect": "Allow",
        "Resource": "*",
        "Sid": "APIGatewayActions"
      }
    ],
    "Version": "2012-10-17"
  },
  "effective_actions": [
    {
      "access_level": "Write",
      "action": "dataexchange:*",
      "condition": null,
      "credentials_exposure": false,
      "data_access": false,
      "effective_action": "dataexchange:AcceptDataGrant",
      "privesc": false,
      "resource_exposure": false
    },
    {
      "access_level": "Write",
      "action": "dataexchange:*",
      "condition": null,
      "credentials_exposure": false,
      "data_access": false,
      "effective_action": "dataexchange:CancelJob",
      "privesc": false,
      "resource_exposure": false
    },
    {
      "access_level": "Write",
      "action": "dataexchange:*",
      "condition": null,
      "credentials_exposure": false,
      "data_access": false,
      "effective_action": "dataexchange:CreateAsset",
      "privesc": false,
      "resource_exposure": false
    },
    {
      "access_level": "Write",
      "action": "dataexchange:*",
      "condition": null,
      "credentials_exposure": false,
      "data_access": false,
      "effective_action": "dataexchange:CreateDataGrant",
      "privesc": false,
      "resource_exposure": false
    },
    {
      "access_level": "Write",
      "action": "dataexchange:*",
      "condition": null,
      "credentials_exposure": false,
      "data_access": false,
      "effective_action": "dataexchange:CreateDataSet",
      "privesc": false,
      "resource_exposure": false
    },
    {
      "access_level": "Write",
      "action": "dataexchange:*",
      "condition": null,
      "credentials_exposure": false,
      "data_access": false,
      "effective_action": "dataexchange:CreateEventAction",
      "privesc": false,
      "resource_exposure": false
    },
    {
      "access_level": "Write",
      "action": "dataexchange:*",
      "condition": null,
      "credentials_exposure": false,
      "data_access": false,
      "effective_action": "dataexchange:CreateJob",
      "privesc": false,
      "resource_exposure": false
    },
    {
      "access_level": "Write",
      "action": "dataexchange:*",
      "condition": null,
      "credentials_exposure": false,
      "data_access": false,
      "effective_action": "dataexchange:CreateRevision",
      "privesc": false,
      "resource_exposure": false
    },
    {
      "access_level": "Write",
      "action": "dataexchange:*",
      "condition": null,
      "credentials_exposure": false,
      "data_access": false,
      "effective_action": "dataexchange:DeleteAsset",
      "privesc": false,
      "resource_exposure": false
    },
    {
      "access_level": "Write",
      "action": "dataexchange:*",
      "condition": null,
      "credentials_exposure": false,
      "data_access": false,
      "effective_action": "dataexchange:DeleteDataGrant",
      "privesc": false,
      "resource_exposure": false
    },
    {
      "access_level": "Write",
      "action": "dataexchange:*",
      "condition": null,
      "credentials_exposure": false,
      "data_access": false,
      "effective_action": "dataexchange:DeleteDataSet",
      "privesc": false,
      "resource_exposure": false
    },
    {
      "access_level": "Write",
      "action": "dataexchange:*",
      "condition": null,
      "credentials_exposure": false,
      "data_access": false,
      "effective_action": "dataexchange:DeleteEventAction",
      "privesc": false,
      "resource_exposure": false
    },
    {
      "access_level": "Write",
      "action": "dataexchange:*",
      "condition": null,
      "credentials_exposure": false,
      "data_access": false,
      "effective_action": "dataexchange:DeleteRevision",
      "privesc": false,
      "resource_exposure": false
    },
    {
      "access_level": "Read",
      "action": "dataexchange:*",
      "condition": null,
      "credentials_exposure": false,
      "data_access": false,
      "effective_action": "dataexchange:GetAsset",
      "privesc": false,
      "resource_exposure": false
    },
    {
      "access_level": "Read",
      "action": "dataexchange:*",
      "condition": null,
      "credentials_exposure": false,
      "data_access": false,
      "effective_action": "dataexchange:GetDataGrant",
      "privesc": false,
      "resource_exposure": false
    },
    {
      "access_level": "Read",
      "action": "dataexchange:*",
      "condition": null,
      "credentials_exposure": false,
      "data_access": false,
      "effective_action": "dataexchange:GetDataSet",
      "privesc": false,
      "resource_exposure": false
    },
    {
      "access_level": "Read",
      "action": "dataexchange:*",
      "condition": null,
      "credentials_exposure": false,
      "data_access": false,
      "effective_action": "dataexchange:GetEventAction",
      "privesc": false,
      "resource_exposure": false
    },
    {
      "access_level": "Read",
      "action": "dataexchange:*",
      "condition": null,
      "credentials_exposure": false,
      "data_access": false,
      "effective_action": "dataexchange:GetJob",
      "privesc": false,
      "resource_exposure": false
    },
    {
      "access_level": "Read",
      "action": "dataexchange:*",
      "condition": null,
      "credentials_exposure": false,
      "data_access": false,
      "effective_action": "dataexchange:GetReceivedDataGrant",
      "privesc": false,
      "resource_exposure": false
    },
    {
      "access_level": "Read",
      "action": "dataexchange:*",
      "condition": null,
      "credentials_exposure": false,
      "data_access": false,
      "effective_action": "dataexchange:GetRevision",
      "privesc": false,
      "resource_exposure": false
    },
    {
      "access_level": "List",
      "action": "dataexchange:*",
      "condition": null,
      "credentials_exposure": false,
      "data_access": false,
      "effective_action": "dataexchange:ListDataGrants",
      "privesc": false,
      "resource_exposure": false
    },
    {
      "access_level": "List",
      "action": "dataexchange:*",
      "condition": null,
      "credentials_exposure": false,
      "data_access": false,
      "effective_action": "dataexchange:ListDataSetRevisions",
      "privesc": false,
      "resource_exposure": false
    },
    {
      "access_level": "List",
      "action": "dataexchange:*",
      "condition": null,
      "credentials_exposure": false,
      "data_access": false,
      "effective_action": "dataexchange:ListDataSets",
      "privesc": false,
      "resource_exposure": false
    },
    {
      "access_level": "List",
      "action": "dataexchange:*",
      "condition": null,
      "credentials_exposure": false,
      "data_access": false,
      "effective_action": "dataexchange:ListEventActions",
      "privesc": false,
      "resource_exposure": false
    },
    {
      "access_level": "List",
      "action": "dataexchange:*",
      "condition": null,
      "credentials_exposure": false,
      "data_access": false,
      "effective_action": "dataexchange:ListJobs",
      "privesc": false,
      "resource_exposure": false
    },
    {
      "access_level": "List",
      "action": "dataexchange:*",
      "condition": null,
      "credentials_exposure": false,
      "data_access": false,
      "effective_action": "dataexchange:ListReceivedDataGrants",
      "privesc": false,
      "resource_exposure": false
    },
    {
      "access_level": "List",
      "action": "dataexchange:*",
      "condition": null,
      "credentials_exposure": false,
      "data_access": false,
      "effective_action": "dataexchange:ListRevisionAssets",
      "privesc": false,
      "resource_exposure": false
    },
    {
      "access_level": "List",
      "action": "dataexchange:*",
      "condition": null,
      "credentials_exposure": false,
      "data_access": false,
      "effective_action": "dataexchange:ListTagsForResource",
      "privesc": false,
      "resource_exposure": false
    },
    {
      "access_level": "Write",
      "action": "dataexchange:*",
      "condition": null,
      "credentials_exposure": false,
      "data_access": false,
      "effective_action": "dataexchange:PublishDataSet",
      "privesc": false,
      "resource_exposure": false
    },
    {
      "access_level": "Write",
      "action": "dataexchange:*",
      "condition": null,
      "credentials_exposure": false,
      "data_access": false,
      "effective_action": "dataexchange:PublishToDataGrant",
      "privesc": false,
      "resource_exposure": false
    },
    {
      "access_level": "Write",
      "action": "dataexchange:*",
      "condition": null,
      "credentials_exposure": false,
      "data_access": false,
      "effective_action": "dataexchange:RevokeRevision",
      "privesc": false,
      "resource_exposure": false
    },
    {
      "access_level": "Write",
      "action": "dataexchange:*",
      "condition": null,
      "credentials_exposure": false,
      "data_access": false,
      "effective_action": "dataexchange:SendApiAsset",
      "privesc": false,
      "resource_exposure": false
    },
    {
      "access_level": "Write",
      "action": "dataexchange:*",
      "condition": null,
      "credentials_exposure": false,
      "data_access": false,
      "effective_action": "dataexchange:SendDataSetNotification",
      "privesc": false,
      "resource_exposure": false
    },
    {
      "access_level": "Write",
      "action": "dataexchange:*",
      "condition": null,
      "credentials_exposure": false,
      "data_access": false,
      "effective_action": "dataexchange:StartJob",
      "privesc": false,
      "resource_exposure": false
    },
    {
      "access_level": "Tagging",
      "action": "dataexchange:*",
      "condition": null,
      "credentials_exposure": false,
      "data_access": false,
      "effective_action": "dataexchange:TagResource",
      "privesc": false,
      "resource_exposure": false
    },
    {
      "access_level": "Tagging",
      "action": "dataexchange:*",
      "condition": null,
      "credentials_exposure": false,
      "data_access": false,
      "effective_action": "dataexchange:UntagResource",
      "privesc": false,
      "resource_exposure": false
    },
    {
      "access_level": "Write",
      "action": "dataexchange:*",
      "condition": null,
      "credentials_exposure": false,
      "data_access": false,
      "effective_action": "dataexchange:UpdateAsset",
      "privesc": false,
      "resource_exposure": false
    },
    {
      "access_level": "Write",
      "action": "dataexchange:*",
      "condition": null,
      "credentials_exposure": false,
      "data_access": false,
      "effective_action": "dataexchange:UpdateDataSet",
      "privesc": false,
      "resource_exposure": false
    },
    {
      "access_level": "Write",
      "action": "dataexchange:*",
      "condition": null,
      "credentials_exposure": false,
      "data_access": false,
      "effective_action": "dataexchange:UpdateEventAction",
      "privesc": false,
      "resource_exposure": false
    },
    {
      "access_level": "Write",
      "action": "dataexchange:*",
      "condition": null,
      "credentials_exposure": false,
      "data_access": false,
      "effective_action": "dataexchange:UpdateRevision",
      "privesc": false,
      "resource_exposure": false
    },
    {
      "access_level": "Read",
      "action": "s3:GetObject",
      "condition": {
        "ForAnyValue:StringEquals": {
          "aws:CalledVia": [
            "dataexchange.amazonaws.com"
          ]
        }
      },
      "credentials_exposure": false,
      "data_access": true,
      "effective_action": "s3:GetObject",
      "privesc": false,
      "resource_exposure": false
    },
    {
      "access_level": "Read",
      "action": "s3:GetObject",
      "condition": {
        "ForAnyValue:StringEquals": {
          "aws:CalledVia": [
            "dataexchange.amazonaws.com"
          ]
        },
        "StringEqualsIgnoreCase": {
          "s3:ExistingObjectTag/AWSDataExchange": "true"
        }
      },
      "credentials_exposure": false,
      "data_access": true,
      "effective_action": "s3:GetObject",
      "privesc": false,
      "resource_exposure": false
    },
    {
      "access_level": "Write",
      "action": "s3:PutObject",
      "condition": {
        "ForAnyValue:StringEquals": {
          "aws:CalledVia": [
            "dataexchange.amazonaws.com"
          ]
        }
      },
      "credentials_exposure": false,
      "data_access": false,
      "effective_action": "s3:PutObject",
      "privesc": false,
      "resource_exposure": false
    },
    {
      "access_level": "Permissions management",
      "action": "s3:PutObjectAcl",
      "condition": {
        "ForAnyValue:StringEquals": {
          "aws:CalledVia": [
            "dataexchange.amazonaws.com"
          ]
        }
      },
      "credentials_exposure": false,
      "data_access": false,
      "effective_action": "s3:PutObjectAcl",
      "privesc": false,
      "resource_exposure": true
    },
    {
      "access_level": "Read",
      "action": "s3:GetBucketLocation",
      "condition": null,
      "credentials_exposure": false,
      "data_access": false,
      "effective_action": "s3:GetBucketLocation",
      "privesc": false,
      "resource_exposure": false
    },
    {
      "access_level": "List",
      "action": "s3:ListBucket",
      "condition": null,
      "credentials_exposure": false,
      "data_access": false,
      "effective_action": "s3:ListBucket",
      "privesc": false,
      "resource_exposure": false
    },
    {
      "access_level": "List",
      "action": "s3:ListAllMyBuckets",
      "condition": null,
      "credentials_exposure": false,
      "data_access": false,
      "effective_action": "s3:ListAllMyBuckets",
      "privesc": false,
      "resource_exposure": false
    },
    {
      "access_level": "Read",
      "action": "aws-marketplace:DescribeEntity",
      "condition": null,
      "credentials_exposure": false,
      "data_access": false,
      "effective_action": "aws-marketplace:DescribeEntity",
      "privesc": false,
      "resource_exposure": false
    },
    {
      "access_level": "List",
      "action": "aws-marketplace:ListEntities",
      "condition": null,
      "credentials_exposure": false,
      "data_access": false,
      "effective_action": "aws-marketplace:ListEntities",
      "privesc": false,
      "resource_exposure": false
    },
    {
      "access_level": "Write",
      "action": "aws-marketplace:StartChangeSet",
      "condition": null,
      "credentials_exposure": false,
      "data_access": false,
      "effective_action": "aws-marketplace:StartChangeSet",
      "privesc": false,
      "resource_exposure": false
    },
    {
      "access_level": "List",
      "action": "aws-marketplace:ListChangeSets",
      "condition": null,
      "credentials_exposure": false,
      "data_access": false,
      "effective_action": "aws-marketplace:ListChangeSets",
      "privesc": false,
      "resource_exposure": false
    },
    {
      "access_level": "Read",
      "action": "aws-marketplace:DescribeChangeSet",
      "condition": null,
      "credentials_exposure": false,
      "data_access": false,
      "effective_action": "aws-marketplace:DescribeChangeSet",
      "privesc": false,
      "resource_exposure": false
    },
    {
      "access_level": "Write",
      "action": "aws-marketplace:CancelChangeSet",
      "condition": null,
      "credentials_exposure": false,
      "data_access": false,
      "effective_action": "aws-marketplace:CancelChangeSet",
      "privesc": false,
      "resource_exposure": false
    },
    {
      "access_level": "Read",
      "action": "aws-marketplace:GetAgreementApprovalRequest",
      "condition": null,
      "credentials_exposure": false,
      "data_access": false,
      "effective_action": "aws-marketplace:GetAgreementApprovalRequest",
      "privesc": false,
      "resource_exposure": false
    },
    {
      "access_level": "List",
      "action": "aws-marketplace:ListAgreementApprovalRequests",
      "condition": null,
      "credentials_exposure": false,
      "data_access": false,
      "effective_action": "aws-marketplace:ListAgreementApprovalRequests",
      "privesc": false,
      "resource_exposure": false
    },
    {
      "access_level": "Write",
      "action": "aws-marketplace:AcceptAgreementApprovalRequest",
      "condition": null,
      "credentials_exposure": false,
      "data_access": false,
      "effective_action": "aws-marketplace:AcceptAgreementApprovalRequest",
      "privesc": false,
      "resource_exposure": false
    },
    {
      "access_level": "Write",
      "action": "aws-marketplace:RejectAgreementApprovalRequest",
      "condition": null,
      "credentials_exposure": false,
      "data_access": false,
      "effective_action": "aws-marketplace:RejectAgreementApprovalRequest",
      "privesc": false,
      "resource_exposure": false
    },
    {
      "access_level": "Write",
      "action": "aws-marketplace:UpdateAgreementApprovalRequest",
      "condition": null,
      "credentials_exposure": false,
      "data_access": false,
      "effective_action": "aws-marketplace:UpdateAgreementApprovalRequest",
      "privesc": false,
      "resource_exposure": false
    },
    {
      "access_level": "List",
      "action": "aws-marketplace:SearchAgreements",
      "condition": null,
      "credentials_exposure": false,
      "data_access": false,
      "effective_action": "aws-marketplace:SearchAgreements",
      "privesc": false,
      "resource_exposure": false
    },
    {
      "access_level": "List",
      "action": "aws-marketplace:GetAgreementTerms",
      "condition": null,
      "credentials_exposure": false,
      "data_access": false,
      "effective_action": "aws-marketplace:GetAgreementTerms",
      "privesc": false,
      "resource_exposure": false
    },
    {
      "access_level": "Tagging",
      "action": "aws-marketplace:TagResource",
      "condition": null,
      "credentials_exposure": false,
      "data_access": false,
      "effective_action": "aws-marketplace:TagResource",
      "privesc": false,
      "resource_exposure": false
    },
    {
      "access_level": "Tagging",
      "action": "aws-marketplace:UntagResource",
      "condition": null,
      "credentials_exposure": false,
      "data_access": false,
      "effective_action": "aws-marketplace:UntagResource",
      "privesc": false,
      "resource_exposure": false
    },
    {
      "access_level": "Read",
      "action": "aws-marketplace:ListTagsForResource",
      "condition": null,
      "credentials_exposure": false,
      "data_access": false,
      "effective_action": "aws-marketplace:ListTagsForResource",
      "privesc": false,
      "resource_exposure": false
    },
    {
      "access_level": "Write",
      "action": "aws-marketplace:Subscribe",
      "condition": null,
      "credentials_exposure": false,
      "data_access": false,
      "effective_action": "aws-marketplace:Subscribe",
      "privesc": false,
      "resource_exposure": false
    },
    {
      "access_level": "Write",
      "action": "aws-marketplace:Unsubscribe",
      "condition": null,
      "credentials_exposure": false,
      "data_access": false,
      "effective_action": "aws-marketplace:Unsubscribe",
      "privesc": false,
      "resource_exposure": false
    },
    {
      "access_level": "List",
      "action": "aws-marketplace:ViewSubscriptions",
      "condition": null,
      "credentials_exposure": false,
      "data_access": false,
      "effective_action": "aws-marketplace:ViewSubscriptions",
      "privesc": false,
      "resource_exposure": false
    },
    {
      "access_level": "Read",
      "action": "aws-marketplace:GetAgreementRequest",
      "condition": null,
      "credentials_exposure": false,
      "data_access": false,
      "effective_action": "aws-marketplace:GetAgreementRequest",
      "privesc": false,
      "resource_exposure": false
    },
    {
      "access_level": "List",
      "action": "aws-marketplace:ListAgreementRequests",
      "condition": null,
      "credentials_exposure": false,
      "data_access": false,
      "effective_action": "aws-marketplace:ListAgreementRequests",
      "privesc": false,
      "resource_exposure": false
    },
    {
      "access_level": "Write",
      "action": "aws-marketplace:CancelAgreementRequest",
      "condition": null,
      "credentials_exposure": false,
      "data_access": false,
      "effective_action": "aws-marketplace:CancelAgreementRequest",
      "privesc": false,
      "resource_exposure": false
    },
    {
      "access_level": "List",
      "action": "aws-marketplace:ListPrivateListings",
      "condition": null,
      "credentials_exposure": false,
      "data_access": false,
      "effective_action": "aws-marketplace:ListPrivateListings",
      "privesc": false,
      "resource_exposure": false
    },
    {
      "access_level": "Read",
      "action": "aws-marketplace:DescribeAgreement",
      "condition": null,
      "credentials_exposure": false,
      "data_access": false,
      "effective_action": "aws-marketplace:DescribeAgreement",
      "privesc": false,
      "resource_exposure": false
    },
    {
      "access_level": "Read",
      "action": "kms:DescribeKey",
      "condition": null,
      "credentials_exposure": false,
      "data_access": false,
      "effective_action": "kms:DescribeKey",
      "privesc": false,
      "resource_exposure": false
    },
    {
      "access_level": "List",
      "action": "kms:ListAliases",
      "condition": null,
      "credentials_exposure": false,
      "data_access": false,
      "effective_action": "kms:ListAliases",
      "privesc": false,
      "resource_exposure": false
    },
    {
      "access_level": "List",
      "action": "kms:ListKeys",
      "condition": null,
      "credentials_exposure": false,
      "data_access": false,
      "effective_action": "kms:ListKeys",
      "privesc": false,
      "resource_exposure": false
    },
    {
      "access_level": "Permissions management",
      "action": "redshift:AuthorizeDataShare",
      "condition": {
        "StringEqualsIgnoreCase": {
          "redshift:ConsumerIdentifier": "ADX"
        }
      },
      "credentials_exposure": false,
      "data_access": false,
      "effective_action": "redshift:AuthorizeDataShare",
      "privesc": false,
      "resource_exposure": false
    },
    {
      "access_level": "Read",
      "action": "redshift:DescribeDataSharesForProducer",
      "condition": null,
      "credentials_exposure": false,
      "data_access": false,
      "effective_action": "redshift:DescribeDataSharesForProducer",
      "privesc": false,
      "resource_exposure": false
    },
    {
      "access_level": "Read",
      "action": "redshift:DescribeDataShares",
      "condition": null,
      "credentials_exposure": false,
      "data_access": false,
      "effective_action": "redshift:DescribeDataShares",
      "privesc": false,
      "resource_exposure": false
    },
    {
      "access_level": "Read",
      "action": "apigateway:GET",
      "condition": null,
      "credentials_exposure": false,
      "data_access": false,
      "effective_action": "apigateway:GET",
      "privesc": false,
      "resource_exposure": false
    }
  ],
  "grantless": false,
  "malformed": false,
  "name": "AWSDataExchangeFullAccess",
  "privesc": false,
  "resource_exposure": true,
  "undocumented_actions": false,
  "unknown_actions": [],
  "updatedate": "2024-06-24T19:54:18+00:00",
  "version": "v8"
}