{
  "access_levels": [
    "List",
    "Read",
    "Tagging",
    "Write",
    "Permissions management"
  ],
  "arn": "arn:aws:iam::aws:policy/AWSDataPipeline_PowerUser",
  "createdate": "2017-08-17T18:49:42Z",
  "credentials_exposure": false,
  "data_access": true,
  "deprecated": false,
  "document": {
    "Statement": [
      {
        "Action": [
          "s3:List*",
          "dynamodb:DescribeTable",
          "rds:DescribeDBInstances",
          "rds:DescribeDBSecurityGroups",
          "redshift:DescribeClusters",
          "redshift:DescribeClusterSecurityGroups",
          "sns:ListTopics",
          "iam:ListRoles",
          "iam:GetRolePolicy",
          "iam:GetInstanceProfile",
          "iam:ListInstanceProfiles",
          "datapipeline:*"
        ],
        "Effect": "Allow",
        "Resource": [
          "*"
        ]
      },
      {
        "Action": [
          "iam:PassRole"
        ],
        "Effect": "Allow",
        "Resource": [
          "arn:aws:iam::*:role/DataPipelineDefaultResourceRole",
          "arn:aws:iam::*:role/DataPipelineDefaultRole"
        ]
      }
    ],
    "Version": "2012-10-17"
  },
  "effective_actions": [
    {
      "access_level": "List",
      "action": "s3:List*",
      "condition": null,
      "credentials_exposure": false,
      "data_access": false,
      "effective_action": "s3:ListAccessGrants",
      "privesc": false,
      "resource_exposure": false
    },
    {
      "access_level": "List",
      "action": "s3:List*",
      "condition": null,
      "credentials_exposure": false,
      "data_access": false,
      "effective_action": "s3:ListAccessGrantsInstances",
      "privesc": false,
      "resource_exposure": false
    },
    {
      "access_level": "List",
      "action": "s3:List*",
      "condition": null,
      "credentials_exposure": false,
      "data_access": false,
      "effective_action": "s3:ListAccessGrantsLocations",
      "privesc": false,
      "resource_exposure": false
    },
    {
      "access_level": "List",
      "action": "s3:List*",
      "condition": null,
      "credentials_exposure": false,
      "data_access": false,
      "effective_action": "s3:ListAccessPoints",
      "privesc": false,
      "resource_exposure": false
    },
    {
      "access_level": "List",
      "action": "s3:List*",
      "condition": null,
      "credentials_exposure": false,
      "data_access": false,
      "effective_action": "s3:ListAccessPointsForObjectLambda",
      "privesc": false,
      "resource_exposure": false
    },
    {
      "access_level": "List",
      "action": "s3:List*",
      "condition": null,
      "credentials_exposure": false,
      "data_access": false,
      "effective_action": "s3:ListAllMyBuckets",
      "privesc": false,
      "resource_exposure": false
    },
    {
      "access_level": "List",
      "action": "s3:List*",
      "condition": null,
      "credentials_exposure": false,
      "data_access": false,
      "effective_action": "s3:ListBucket",
      "privesc": false,
      "resource_exposure": false
    },
    {
      "access_level": "List",
      "action": "s3:List*",
      "condition": null,
      "credentials_exposure": false,
      "data_access": false,
      "effective_action": "s3:ListBucketMultipartUploads",
      "privesc": false,
      "resource_exposure": false
    },
    {
      "access_level": "List",
      "action": "s3:List*",
      "condition": null,
      "credentials_exposure": false,
      "data_access": false,
      "effective_action": "s3:ListBucketVersions",
      "privesc": false,
      "resource_exposure": false
    },
    {
      "access_level": "List",
      "action": "s3:List*",
      "condition": null,
      "credentials_exposure": false,
      "data_access": false,
      "effective_action": "s3:ListCallerAccessGrants",
      "privesc": false,
      "resource_exposure": false
    },
    {
      "access_level": "List",
      "action": "s3:List*",
      "condition": null,
      "credentials_exposure": false,
      "data_access": false,
      "effective_action": "s3:ListJobs",
      "privesc": false,
      "resource_exposure": false
    },
    {
      "access_level": "List",
      "action": "s3:List*",
      "condition": null,
      "credentials_exposure": false,
      "data_access": false,
      "effective_action": "s3:ListMultiRegionAccessPoints",
      "privesc": false,
      "resource_exposure": false
    },
    {
      "access_level": "List",
      "action": "s3:List*",
      "condition": null,
      "credentials_exposure": false,
      "data_access": false,
      "effective_action": "s3:ListMultipartUploadParts",
      "privesc": false,
      "resource_exposure": false
    },
    {
      "access_level": "List",
      "action": "s3:List*",
      "condition": null,
      "credentials_exposure": false,
      "data_access": false,
      "effective_action": "s3:ListStorageLensConfigurations",
      "privesc": false,
      "resource_exposure": false
    },
    {
      "access_level": "List",
      "action": "s3:List*",
      "condition": null,
      "credentials_exposure": false,
      "data_access": false,
      "effective_action": "s3:ListStorageLensGroups",
      "privesc": false,
      "resource_exposure": false
    },
    {
      "access_level": "List",
      "action": "s3:List*",
      "condition": null,
      "credentials_exposure": false,
      "data_access": false,
      "effective_action": "s3:ListTagsForResource",
      "privesc": false,
      "resource_exposure": false
    },
    {
      "access_level": "Read",
      "action": "dynamodb:DescribeTable",
      "condition": null,
      "credentials_exposure": false,
      "data_access": false,
      "effective_action": "dynamodb:DescribeTable",
      "privesc": false,
      "resource_exposure": false
    },
    {
      "access_level": "List",
      "action": "rds:DescribeDBInstances",
      "condition": null,
      "credentials_exposure": false,
      "data_access": false,
      "effective_action": "rds:DescribeDBInstances",
      "privesc": false,
      "resource_exposure": false
    },
    {
      "access_level": "List",
      "action": "rds:DescribeDBSecurityGroups",
      "condition": null,
      "credentials_exposure": false,
      "data_access": false,
      "effective_action": "rds:DescribeDBSecurityGroups",
      "privesc": false,
      "resource_exposure": false
    },
    {
      "access_level": "List",
      "action": "redshift:DescribeClusters",
      "condition": null,
      "credentials_exposure": false,
      "data_access": false,
      "effective_action": "redshift:DescribeClusters",
      "privesc": false,
      "resource_exposure": false
    },
    {
      "access_level": "Read",
      "action": "redshift:DescribeClusterSecurityGroups",
      "condition": null,
      "credentials_exposure": false,
      "data_access": false,
      "effective_action": "redshift:DescribeClusterSecurityGroups",
      "privesc": false,
      "resource_exposure": false
    },
    {
      "access_level": "List",
      "action": "sns:ListTopics",
      "condition": null,
      "credentials_exposure": false,
      "data_access": false,
      "effective_action": "sns:ListTopics",
      "privesc": false,
      "resource_exposure": false
    },
    {
      "access_level": "List",
      "action": "iam:ListRoles",
      "condition": null,
      "credentials_exposure": false,
      "data_access": false,
      "effective_action": "iam:ListRoles",
      "privesc": false,
      "resource_exposure": false
    },
    {
      "access_level": "Read",
      "action": "iam:GetRolePolicy",
      "condition": null,
      "credentials_exposure": false,
      "data_access": false,
      "effective_action": "iam:GetRolePolicy",
      "privesc": false,
      "resource_exposure": false
    },
    {
      "access_level": "Read",
      "action": "iam:GetInstanceProfile",
      "condition": null,
      "credentials_exposure": false,
      "data_access": false,
      "effective_action": "iam:GetInstanceProfile",
      "privesc": false,
      "resource_exposure": false
    },
    {
      "access_level": "List",
      "action": "iam:ListInstanceProfiles",
      "condition": null,
      "credentials_exposure": false,
      "data_access": false,
      "effective_action": "iam:ListInstanceProfiles",
      "privesc": false,
      "resource_exposure": false
    },
    {
      "access_level": "Write",
      "action": "datapipeline:*",
      "condition": null,
      "credentials_exposure": false,
      "data_access": false,
      "effective_action": "datapipeline:ActivatePipeline",
      "privesc": false,
      "resource_exposure": false
    },
    {
      "access_level": "Tagging",
      "action": "datapipeline:*",
      "condition": null,
      "credentials_exposure": false,
      "data_access": false,
      "effective_action": "datapipeline:AddTags",
      "privesc": false,
      "resource_exposure": false
    },
    {
      "access_level": "Write",
      "action": "datapipeline:*",
      "condition": null,
      "credentials_exposure": false,
      "data_access": false,
      "effective_action": "datapipeline:CreatePipeline",
      "privesc": false,
      "resource_exposure": false
    },
    {
      "access_level": "Write",
      "action": "datapipeline:*",
      "condition": null,
      "credentials_exposure": false,
      "data_access": false,
      "effective_action": "datapipeline:DeactivatePipeline",
      "privesc": false,
      "resource_exposure": false
    },
    {
      "access_level": "Write",
      "action": "datapipeline:*",
      "condition": null,
      "credentials_exposure": false,
      "data_access": false,
      "effective_action": "datapipeline:DeletePipeline",
      "privesc": false,
      "resource_exposure": false
    },
    {
      "access_level": "Read",
      "action": "datapipeline:*",
      "condition": null,
      "credentials_exposure": false,
      "data_access": false,
      "effective_action": "datapipeline:DescribeObjects",
      "privesc": false,
      "resource_exposure": false
    },
    {
      "access_level": "Read",
      "action": "datapipeline:*",
      "condition": null,
      "credentials_exposure": false,
      "data_access": false,
      "effective_action": "datapipeline:DescribePipelines",
      "privesc": false,
      "resource_exposure": false
    },
    {
      "access_level": "Read",
      "action": "datapipeline:*",
      "condition": null,
      "credentials_exposure": false,
      "data_access": false,
      "effective_action": "datapipeline:EvaluateExpression",
      "privesc": false,
      "resource_exposure": false
    },
    {
      "access_level": "List",
      "action": "datapipeline:*",
      "condition": null,
      "credentials_exposure": false,
      "data_access": false,
      "effective_action": "datapipeline:GetAccountLimits",
      "privesc": false,
      "resource_exposure": false
    },
    {
      "access_level": "Read",
      "action": "datapipeline:*",
      "condition": null,
      "credentials_exposure": false,
      "data_access": false,
      "effective_action": "datapipeline:GetPipelineDefinition",
      "privesc": false,
      "resource_exposure": false
    },
    {
      "access_level": "List",
      "action": "datapipeline:*",
      "condition": null,
      "credentials_exposure": false,
      "data_access": false,
      "effective_action": "datapipeline:ListPipelines",
      "privesc": false,
      "resource_exposure": false
    },
    {
      "access_level": "Write",
      "action": "datapipeline:*",
      "condition": null,
      "credentials_exposure": false,
      "data_access": false,
      "effective_action": "datapipeline:PollForTask",
      "privesc": false,
      "resource_exposure": false
    },
    {
      "access_level": "Write",
      "action": "datapipeline:*",
      "condition": null,
      "credentials_exposure": false,
      "data_access": false,
      "effective_action": "datapipeline:PutAccountLimits",
      "privesc": false,
      "resource_exposure": false
    },
    {
      "access_level": "Write",
      "action": "datapipeline:*",
      "condition": null,
      "credentials_exposure": false,
      "data_access": false,
      "effective_action": "datapipeline:PutPipelineDefinition",
      "privesc": false,
      "resource_exposure": false
    },
    {
      "access_level": "Read",
      "action": "datapipeline:*",
      "condition": null,
      "credentials_exposure": false,
      "data_access": true,
      "effective_action": "datapipeline:QueryObjects",
      "privesc": false,
      "resource_exposure": false
    },
    {
      "access_level": "Tagging",
      "action": "datapipeline:*",
      "condition": null,
      "credentials_exposure": false,
      "data_access": false,
      "effective_action": "datapipeline:RemoveTags",
      "privesc": false,
      "resource_exposure": false
    },
    {
      "access_level": "Write",
      "action": "datapipeline:*",
      "condition": null,
      "credentials_exposure": false,
      "data_access": false,
      "effective_action": "datapipeline:ReportTaskProgress",
      "privesc": false,
      "resource_exposure": false
    },
    {
      "access_level": "Write",
      "action": "datapipeline:*",
      "condition": null,
      "credentials_exposure": false,
      "data_access": false,
      "effective_action": "datapipeline:ReportTaskRunnerHeartbeat",
      "privesc": false,
      "resource_exposure": false
    },
    {
      "access_level": "Write",
      "action": "datapipeline:*",
      "condition": null,
      "credentials_exposure": false,
      "data_access": false,
      "effective_action": "datapipeline:SetStatus",
      "privesc": false,
      "resource_exposure": false
    },
    {
      "access_level": "Write",
      "action": "datapipeline:*",
      "condition": null,
      "credentials_exposure": false,
      "data_access": false,
      "effective_action": "datapipeline:SetTaskStatus",
      "privesc": false,
      "resource_exposure": false
    },
    {
      "access_level": "Read",
      "action": "datapipeline:*",
      "condition": null,
      "credentials_exposure": false,
      "data_access": false,
      "effective_action": "datapipeline:ValidatePipelineDefinition",
      "privesc": false,
      "resource_exposure": false
    },
    {
      "access_level": "Permissions management",
      "action": "iam:PassRole",
      "condition": null,
      "credentials_exposure": false,
      "data_access": false,
      "effective_action": "iam:PassRole",
      "privesc": true,
      "resource_exposure": true
    }
  ],
  "grantless": false,
  "malformed": false,
  "name": "AWSDataPipeline_PowerUser",
  "privesc": true,
  "resource_exposure": true,
  "undocumented_actions": false,
  "unknown_actions": [],
  "updatedate": "2017-08-17T18:49:42+00:00",
  "version": "v2"
}