{
  "access_levels": [
    "List",
    "Read",
    "Write",
    "Permissions management"
  ],
  "arn": "arn:aws:iam::aws:policy/AWSDeadlineCloud-UserAccessFleets",
  "createdate": "2024-04-01T17:01:50Z",
  "credentials_exposure": false,
  "data_access": false,
  "deprecated": false,
  "document": {
    "Statement": [
      {
        "Action": [
          "identitystore:DescribeGroup",
          "identitystore:DescribeUser",
          "identitystore:ListGroupMembershipsForMember",
          "deadline:GetApplicationVersion",
          "ec2:DescribeInstanceTypes",
          "identitystore:ListUsers"
        ],
        "Effect": "Allow",
        "Resource": [
          "*"
        ],
        "Sid": "AdditionalPermissions"
      },
      {
        "Action": [
          "deadline:AssociateMemberToFleet",
          "deadline:DisassociateMemberFromFleet"
        ],
        "Condition": {
          "ForAnyValue:StringEquals": {
            "deadline:FleetMembershipLevels": [
              "OWNER"
            ]
          }
        },
        "Effect": "Allow",
        "Resource": [
          "*"
        ],
        "Sid": "OwnerLevelPermissions"
      },
      {
        "Action": [
          "deadline:AssociateMemberToFleet"
        ],
        "Condition": {
          "ForAnyValue:StringEquals": {
            "deadline:FleetMembershipLevels": [
              "MANAGER"
            ]
          },
          "StringEquals": {
            "deadline:AssociatedMembershipLevel": [
              "MANAGER",
              "CONTRIBUTOR",
              "VIEWER",
              ""
            ],
            "deadline:MembershipLevel": [
              "MANAGER",
              "CONTRIBUTOR",
              "VIEWER"
            ]
          }
        },
        "Effect": "Allow",
        "Resource": [
          "*"
        ],
        "Sid": "ManagerLevelMemberAssociation"
      },
      {
        "Action": [
          "deadline:DisassociateMemberFromFleet"
        ],
        "Condition": {
          "ForAnyValue:StringEquals": {
            "deadline:FleetMembershipLevels": [
              "MANAGER"
            ]
          },
          "StringEquals": {
            "deadline:AssociatedMembershipLevel": [
              "MANAGER",
              "CONTRIBUTOR",
              "VIEWER",
              ""
            ]
          }
        },
        "Effect": "Allow",
        "Resource": [
          "*"
        ],
        "Sid": "ManagerLevelMemberDisassociation"
      },
      {
        "Action": [
          "deadline:ListFleetMembers"
        ],
        "Condition": {
          "ForAnyValue:StringEquals": {
            "deadline:FleetMembershipLevels": [
              "OWNER",
              "MANAGER"
            ]
          }
        },
        "Effect": "Allow",
        "Resource": [
          "*"
        ],
        "Sid": "OwnerManagerPermissions"
      },
      {
        "Action": [
          "deadline:AssumeFleetRoleForRead",
          "deadline:GetFleet",
          "deadline:GetQueueFleetAssociation",
          "deadline:GetWorker",
          "deadline:ListQueueFleetAssociations",
          "deadline:ListSessionsForWorker",
          "deadline:ListWorkers",
          "deadline:SearchWorkers"
        ],
        "Condition": {
          "ForAnyValue:StringEquals": {
            "deadline:FleetMembershipLevels": [
              "OWNER",
              "MANAGER",
              "CONTRIBUTOR",
              "VIEWER"
            ]
          }
        },
        "Effect": "Allow",
        "Resource": [
          "*"
        ],
        "Sid": "AllLevelsPermissions"
      },
      {
        "Action": [
          "deadline:ListFleets"
        ],
        "Condition": {
          "StringEquals": {
            "deadline:RequesterPrincipalId": "${deadline:PrincipalId}"
          }
        },
        "Effect": "Allow",
        "Resource": [
          "*"
        ],
        "Sid": "ListBasedOnMembership"
      }
    ],
    "Version": "2012-10-17"
  },
  "effective_actions": [
    {
      "access_level": "Read",
      "action": "identitystore:DescribeGroup",
      "condition": null,
      "credentials_exposure": false,
      "data_access": false,
      "effective_action": "identitystore:DescribeGroup",
      "privesc": false,
      "resource_exposure": false
    },
    {
      "access_level": "Read",
      "action": "identitystore:DescribeUser",
      "condition": null,
      "credentials_exposure": false,
      "data_access": false,
      "effective_action": "identitystore:DescribeUser",
      "privesc": false,
      "resource_exposure": false
    },
    {
      "access_level": "List",
      "action": "identitystore:ListGroupMembershipsForMember",
      "condition": null,
      "credentials_exposure": false,
      "data_access": false,
      "effective_action": "identitystore:ListGroupMembershipsForMember",
      "privesc": false,
      "resource_exposure": false
    },
    {
      "access_level": "Read",
      "action": "deadline:GetApplicationVersion",
      "condition": null,
      "credentials_exposure": false,
      "data_access": false,
      "effective_action": "deadline:GetApplicationVersion",
      "privesc": false,
      "resource_exposure": false
    },
    {
      "access_level": "List",
      "action": "ec2:DescribeInstanceTypes",
      "condition": null,
      "credentials_exposure": false,
      "data_access": false,
      "effective_action": "ec2:DescribeInstanceTypes",
      "privesc": false,
      "resource_exposure": false
    },
    {
      "access_level": "List",
      "action": "identitystore:ListUsers",
      "condition": null,
      "credentials_exposure": false,
      "data_access": false,
      "effective_action": "identitystore:ListUsers",
      "privesc": false,
      "resource_exposure": false
    },
    {
      "access_level": "Permissions management",
      "action": "deadline:AssociateMemberToFleet",
      "condition": {
        "ForAnyValue:StringEquals": {
          "deadline:FleetMembershipLevels": [
            "OWNER"
          ]
        }
      },
      "credentials_exposure": false,
      "data_access": false,
      "effective_action": "deadline:AssociateMemberToFleet",
      "privesc": false,
      "resource_exposure": false
    },
    {
      "access_level": "Permissions management",
      "action": "deadline:DisassociateMemberFromFleet",
      "condition": {
        "ForAnyValue:StringEquals": {
          "deadline:FleetMembershipLevels": [
            "OWNER"
          ]
        }
      },
      "credentials_exposure": false,
      "data_access": false,
      "effective_action": "deadline:DisassociateMemberFromFleet",
      "privesc": false,
      "resource_exposure": false
    },
    {
      "access_level": "Permissions management",
      "action": "deadline:AssociateMemberToFleet",
      "condition": {
        "ForAnyValue:StringEquals": {
          "deadline:FleetMembershipLevels": [
            "MANAGER"
          ]
        },
        "StringEquals": {
          "deadline:AssociatedMembershipLevel": [
            "MANAGER",
            "CONTRIBUTOR",
            "VIEWER",
            ""
          ],
          "deadline:MembershipLevel": [
            "MANAGER",
            "CONTRIBUTOR",
            "VIEWER"
          ]
        }
      },
      "credentials_exposure": false,
      "data_access": false,
      "effective_action": "deadline:AssociateMemberToFleet",
      "privesc": false,
      "resource_exposure": false
    },
    {
      "access_level": "Permissions management",
      "action": "deadline:DisassociateMemberFromFleet",
      "condition": {
        "ForAnyValue:StringEquals": {
          "deadline:FleetMembershipLevels": [
            "MANAGER"
          ]
        },
        "StringEquals": {
          "deadline:AssociatedMembershipLevel": [
            "MANAGER",
            "CONTRIBUTOR",
            "VIEWER",
            ""
          ]
        }
      },
      "credentials_exposure": false,
      "data_access": false,
      "effective_action": "deadline:DisassociateMemberFromFleet",
      "privesc": false,
      "resource_exposure": false
    },
    {
      "access_level": "List",
      "action": "deadline:ListFleetMembers",
      "condition": {
        "ForAnyValue:StringEquals": {
          "deadline:FleetMembershipLevels": [
            "OWNER",
            "MANAGER"
          ]
        }
      },
      "credentials_exposure": false,
      "data_access": false,
      "effective_action": "deadline:ListFleetMembers",
      "privesc": false,
      "resource_exposure": false
    },
    {
      "access_level": "Write",
      "action": "deadline:AssumeFleetRoleForRead",
      "condition": {
        "ForAnyValue:StringEquals": {
          "deadline:FleetMembershipLevels": [
            "OWNER",
            "MANAGER",
            "CONTRIBUTOR",
            "VIEWER"
          ]
        }
      },
      "credentials_exposure": false,
      "data_access": false,
      "effective_action": "deadline:AssumeFleetRoleForRead",
      "privesc": false,
      "resource_exposure": false
    },
    {
      "access_level": "Read",
      "action": "deadline:GetFleet",
      "condition": {
        "ForAnyValue:StringEquals": {
          "deadline:FleetMembershipLevels": [
            "OWNER",
            "MANAGER",
            "CONTRIBUTOR",
            "VIEWER"
          ]
        }
      },
      "credentials_exposure": false,
      "data_access": false,
      "effective_action": "deadline:GetFleet",
      "privesc": false,
      "resource_exposure": false
    },
    {
      "access_level": "Read",
      "action": "deadline:GetQueueFleetAssociation",
      "condition": {
        "ForAnyValue:StringEquals": {
          "deadline:FleetMembershipLevels": [
            "OWNER",
            "MANAGER",
            "CONTRIBUTOR",
            "VIEWER"
          ]
        }
      },
      "credentials_exposure": false,
      "data_access": false,
      "effective_action": "deadline:GetQueueFleetAssociation",
      "privesc": false,
      "resource_exposure": false
    },
    {
      "access_level": "Read",
      "action": "deadline:GetWorker",
      "condition": {
        "ForAnyValue:StringEquals": {
          "deadline:FleetMembershipLevels": [
            "OWNER",
            "MANAGER",
            "CONTRIBUTOR",
            "VIEWER"
          ]
        }
      },
      "credentials_exposure": false,
      "data_access": false,
      "effective_action": "deadline:GetWorker",
      "privesc": false,
      "resource_exposure": false
    },
    {
      "access_level": "List",
      "action": "deadline:ListQueueFleetAssociations",
      "condition": {
        "ForAnyValue:StringEquals": {
          "deadline:FleetMembershipLevels": [
            "OWNER",
            "MANAGER",
            "CONTRIBUTOR",
            "VIEWER"
          ]
        }
      },
      "credentials_exposure": false,
      "data_access": false,
      "effective_action": "deadline:ListQueueFleetAssociations",
      "privesc": false,
      "resource_exposure": false
    },
    {
      "access_level": "List",
      "action": "deadline:ListSessionsForWorker",
      "condition": {
        "ForAnyValue:StringEquals": {
          "deadline:FleetMembershipLevels": [
            "OWNER",
            "MANAGER",
            "CONTRIBUTOR",
            "VIEWER"
          ]
        }
      },
      "credentials_exposure": false,
      "data_access": false,
      "effective_action": "deadline:ListSessionsForWorker",
      "privesc": false,
      "resource_exposure": false
    },
    {
      "access_level": "List",
      "action": "deadline:ListWorkers",
      "condition": {
        "ForAnyValue:StringEquals": {
          "deadline:FleetMembershipLevels": [
            "OWNER",
            "MANAGER",
            "CONTRIBUTOR",
            "VIEWER"
          ]
        }
      },
      "credentials_exposure": false,
      "data_access": false,
      "effective_action": "deadline:ListWorkers",
      "privesc": false,
      "resource_exposure": false
    },
    {
      "access_level": "List",
      "action": "deadline:SearchWorkers",
      "condition": {
        "ForAnyValue:StringEquals": {
          "deadline:FleetMembershipLevels": [
            "OWNER",
            "MANAGER",
            "CONTRIBUTOR",
            "VIEWER"
          ]
        }
      },
      "credentials_exposure": false,
      "data_access": false,
      "effective_action": "deadline:SearchWorkers",
      "privesc": false,
      "resource_exposure": false
    },
    {
      "access_level": "List",
      "action": "deadline:ListFleets",
      "condition": {
        "StringEquals": {
          "deadline:RequesterPrincipalId": "${deadline:PrincipalId}"
        }
      },
      "credentials_exposure": false,
      "data_access": false,
      "effective_action": "deadline:ListFleets",
      "privesc": false,
      "resource_exposure": false
    }
  ],
  "grantless": false,
  "malformed": false,
  "name": "AWSDeadlineCloud-UserAccessFleets",
  "privesc": false,
  "resource_exposure": false,
  "undocumented_actions": false,
  "unknown_actions": [],
  "updatedate": "2024-04-01T17:01:50+00:00",
  "version": "v1"
}