{
  "access_levels": [
    "List",
    "Tagging",
    "Write",
    "Permissions management"
  ],
  "arn": "arn:aws:iam::aws:policy/aws-service-role/AWSDeviceFarmServiceRolePolicy",
  "createdate": "2022-09-20T21:02:28Z",
  "credentials_exposure": false,
  "data_access": false,
  "deprecated": false,
  "document": {
    "Statement": [
      {
        "Action": [
          "ec2:DescribeNetworkInterfaces",
          "ec2:DescribeVpcs",
          "ec2:DescribeSubnets",
          "ec2:DescribeSecurityGroups"
        ],
        "Effect": "Allow",
        "Resource": "*"
      },
      {
        "Action": [
          "ec2:CreateNetworkInterface"
        ],
        "Effect": "Allow",
        "Resource": [
          "arn:aws:ec2:*:*:subnet/*",
          "arn:aws:ec2:*:*:security-group/*"
        ]
      },
      {
        "Action": [
          "ec2:CreateNetworkInterface"
        ],
        "Condition": {
          "StringEquals": {
            "aws:RequestTag/AWSDeviceFarmManaged": "true"
          }
        },
        "Effect": "Allow",
        "Resource": [
          "arn:aws:ec2:*:*:network-interface/*"
        ]
      },
      {
        "Action": [
          "ec2:CreateTags"
        ],
        "Condition": {
          "StringEquals": {
            "ec2:CreateAction": "CreateNetworkInterface"
          }
        },
        "Effect": "Allow",
        "Resource": "arn:aws:ec2:*:*:network-interface/*"
      },
      {
        "Action": [
          "ec2:CreateNetworkInterfacePermission",
          "ec2:DeleteNetworkInterface"
        ],
        "Condition": {
          "StringEquals": {
            "aws:ResourceTag/AWSDeviceFarmManaged": "true"
          }
        },
        "Effect": "Allow",
        "Resource": "arn:aws:ec2:*:*:network-interface/*"
      },
      {
        "Action": [
          "ec2:ModifyNetworkInterfaceAttribute"
        ],
        "Effect": "Allow",
        "Resource": [
          "arn:aws:ec2:*:*:security-group/*",
          "arn:aws:ec2:*:*:instance/*"
        ]
      },
      {
        "Action": [
          "ec2:ModifyNetworkInterfaceAttribute"
        ],
        "Condition": {
          "StringEquals": {
            "aws:ResourceTag/AWSDeviceFarmManaged": "true"
          }
        },
        "Effect": "Allow",
        "Resource": "arn:aws:ec2:*:*:network-interface/*"
      }
    ],
    "Version": "2012-10-17"
  },
  "effective_actions": [
    {
      "access_level": "List",
      "action": "ec2:DescribeNetworkInterfaces",
      "condition": null,
      "credentials_exposure": false,
      "data_access": false,
      "effective_action": "ec2:DescribeNetworkInterfaces",
      "privesc": false,
      "resource_exposure": false
    },
    {
      "access_level": "List",
      "action": "ec2:DescribeVpcs",
      "condition": null,
      "credentials_exposure": false,
      "data_access": false,
      "effective_action": "ec2:DescribeVpcs",
      "privesc": false,
      "resource_exposure": false
    },
    {
      "access_level": "List",
      "action": "ec2:DescribeSubnets",
      "condition": null,
      "credentials_exposure": false,
      "data_access": false,
      "effective_action": "ec2:DescribeSubnets",
      "privesc": false,
      "resource_exposure": false
    },
    {
      "access_level": "List",
      "action": "ec2:DescribeSecurityGroups",
      "condition": null,
      "credentials_exposure": false,
      "data_access": false,
      "effective_action": "ec2:DescribeSecurityGroups",
      "privesc": false,
      "resource_exposure": false
    },
    {
      "access_level": "Write",
      "action": "ec2:CreateNetworkInterface",
      "condition": null,
      "credentials_exposure": false,
      "data_access": false,
      "effective_action": "ec2:CreateNetworkInterface",
      "privesc": false,
      "resource_exposure": false
    },
    {
      "access_level": "Write",
      "action": "ec2:CreateNetworkInterface",
      "condition": {
        "StringEquals": {
          "aws:RequestTag/AWSDeviceFarmManaged": "true"
        }
      },
      "credentials_exposure": false,
      "data_access": false,
      "effective_action": "ec2:CreateNetworkInterface",
      "privesc": false,
      "resource_exposure": false
    },
    {
      "access_level": "Tagging",
      "action": "ec2:CreateTags",
      "condition": {
        "StringEquals": {
          "ec2:CreateAction": "CreateNetworkInterface"
        }
      },
      "credentials_exposure": false,
      "data_access": false,
      "effective_action": "ec2:CreateTags",
      "privesc": false,
      "resource_exposure": false
    },
    {
      "access_level": "Permissions management",
      "action": "ec2:CreateNetworkInterfacePermission",
      "condition": {
        "StringEquals": {
          "aws:ResourceTag/AWSDeviceFarmManaged": "true"
        }
      },
      "credentials_exposure": false,
      "data_access": false,
      "effective_action": "ec2:CreateNetworkInterfacePermission",
      "privesc": false,
      "resource_exposure": true
    },
    {
      "access_level": "Write",
      "action": "ec2:DeleteNetworkInterface",
      "condition": {
        "StringEquals": {
          "aws:ResourceTag/AWSDeviceFarmManaged": "true"
        }
      },
      "credentials_exposure": false,
      "data_access": false,
      "effective_action": "ec2:DeleteNetworkInterface",
      "privesc": false,
      "resource_exposure": false
    },
    {
      "access_level": "Write",
      "action": "ec2:ModifyNetworkInterfaceAttribute",
      "condition": null,
      "credentials_exposure": false,
      "data_access": false,
      "effective_action": "ec2:ModifyNetworkInterfaceAttribute",
      "privesc": false,
      "resource_exposure": false
    },
    {
      "access_level": "Write",
      "action": "ec2:ModifyNetworkInterfaceAttribute",
      "condition": {
        "StringEquals": {
          "aws:ResourceTag/AWSDeviceFarmManaged": "true"
        }
      },
      "credentials_exposure": false,
      "data_access": false,
      "effective_action": "ec2:ModifyNetworkInterfaceAttribute",
      "privesc": false,
      "resource_exposure": false
    }
  ],
  "grantless": false,
  "malformed": false,
  "name": "AWSDeviceFarmServiceRolePolicy",
  "privesc": false,
  "resource_exposure": true,
  "undocumented_actions": false,
  "unknown_actions": [],
  "updatedate": "2022-09-20T21:02:28+00:00",
  "version": "v1"
}