{
  "access_levels": [
    "List",
    "Read",
    "Tagging",
    "Write"
  ],
  "arn": "arn:aws:iam::aws:policy/AWSDeviceFarmFullAccess",
  "createdate": "2015-07-13T16:37:38Z",
  "credentials_exposure": false,
  "data_access": false,
  "deprecated": false,
  "document": {
    "Statement": [
      {
        "Action": [
          "devicefarm:*"
        ],
        "Effect": "Allow",
        "Resource": "*"
      }
    ],
    "Version": "2012-10-17"
  },
  "effective_actions": [
    {
      "access_level": "Write",
      "action": "devicefarm:*",
      "condition": null,
      "credentials_exposure": false,
      "data_access": false,
      "effective_action": "devicefarm:CreateDevicePool",
      "privesc": false,
      "resource_exposure": false
    },
    {
      "access_level": "Write",
      "action": "devicefarm:*",
      "condition": null,
      "credentials_exposure": false,
      "data_access": false,
      "effective_action": "devicefarm:CreateInstanceProfile",
      "privesc": false,
      "resource_exposure": false
    },
    {
      "access_level": "Write",
      "action": "devicefarm:*",
      "condition": null,
      "credentials_exposure": false,
      "data_access": false,
      "effective_action": "devicefarm:CreateNetworkProfile",
      "privesc": false,
      "resource_exposure": false
    },
    {
      "access_level": "Write",
      "action": "devicefarm:*",
      "condition": null,
      "credentials_exposure": false,
      "data_access": false,
      "effective_action": "devicefarm:CreateProject",
      "privesc": false,
      "resource_exposure": false
    },
    {
      "access_level": "Write",
      "action": "devicefarm:*",
      "condition": null,
      "credentials_exposure": false,
      "data_access": false,
      "effective_action": "devicefarm:CreateRemoteAccessSession",
      "privesc": false,
      "resource_exposure": false
    },
    {
      "access_level": "Write",
      "action": "devicefarm:*",
      "condition": null,
      "credentials_exposure": false,
      "data_access": false,
      "effective_action": "devicefarm:CreateTestGridProject",
      "privesc": false,
      "resource_exposure": false
    },
    {
      "access_level": "Write",
      "action": "devicefarm:*",
      "condition": null,
      "credentials_exposure": false,
      "data_access": false,
      "effective_action": "devicefarm:CreateTestGridUrl",
      "privesc": false,
      "resource_exposure": false
    },
    {
      "access_level": "Write",
      "action": "devicefarm:*",
      "condition": null,
      "credentials_exposure": false,
      "data_access": false,
      "effective_action": "devicefarm:CreateUpload",
      "privesc": false,
      "resource_exposure": false
    },
    {
      "access_level": "Write",
      "action": "devicefarm:*",
      "condition": null,
      "credentials_exposure": false,
      "data_access": false,
      "effective_action": "devicefarm:CreateVPCEConfiguration",
      "privesc": false,
      "resource_exposure": false
    },
    {
      "access_level": "Write",
      "action": "devicefarm:*",
      "condition": null,
      "credentials_exposure": false,
      "data_access": false,
      "effective_action": "devicefarm:DeleteDevicePool",
      "privesc": false,
      "resource_exposure": false
    },
    {
      "access_level": "Write",
      "action": "devicefarm:*",
      "condition": null,
      "credentials_exposure": false,
      "data_access": false,
      "effective_action": "devicefarm:DeleteInstanceProfile",
      "privesc": false,
      "resource_exposure": false
    },
    {
      "access_level": "Write",
      "action": "devicefarm:*",
      "condition": null,
      "credentials_exposure": false,
      "data_access": false,
      "effective_action": "devicefarm:DeleteNetworkProfile",
      "privesc": false,
      "resource_exposure": false
    },
    {
      "access_level": "Write",
      "action": "devicefarm:*",
      "condition": null,
      "credentials_exposure": false,
      "data_access": false,
      "effective_action": "devicefarm:DeleteProject",
      "privesc": false,
      "resource_exposure": false
    },
    {
      "access_level": "Write",
      "action": "devicefarm:*",
      "condition": null,
      "credentials_exposure": false,
      "data_access": false,
      "effective_action": "devicefarm:DeleteRemoteAccessSession",
      "privesc": false,
      "resource_exposure": false
    },
    {
      "access_level": "Write",
      "action": "devicefarm:*",
      "condition": null,
      "credentials_exposure": false,
      "data_access": false,
      "effective_action": "devicefarm:DeleteRun",
      "privesc": false,
      "resource_exposure": false
    },
    {
      "access_level": "Write",
      "action": "devicefarm:*",
      "condition": null,
      "credentials_exposure": false,
      "data_access": false,
      "effective_action": "devicefarm:DeleteTestGridProject",
      "privesc": false,
      "resource_exposure": false
    },
    {
      "access_level": "Write",
      "action": "devicefarm:*",
      "condition": null,
      "credentials_exposure": false,
      "data_access": false,
      "effective_action": "devicefarm:DeleteUpload",
      "privesc": false,
      "resource_exposure": false
    },
    {
      "access_level": "Write",
      "action": "devicefarm:*",
      "condition": null,
      "credentials_exposure": false,
      "data_access": false,
      "effective_action": "devicefarm:DeleteVPCEConfiguration",
      "privesc": false,
      "resource_exposure": false
    },
    {
      "access_level": "Read",
      "action": "devicefarm:*",
      "condition": null,
      "credentials_exposure": false,
      "data_access": false,
      "effective_action": "devicefarm:GetAccountSettings",
      "privesc": false,
      "resource_exposure": false
    },
    {
      "access_level": "Read",
      "action": "devicefarm:*",
      "condition": null,
      "credentials_exposure": false,
      "data_access": false,
      "effective_action": "devicefarm:GetDevice",
      "privesc": false,
      "resource_exposure": false
    },
    {
      "access_level": "Read",
      "action": "devicefarm:*",
      "condition": null,
      "credentials_exposure": false,
      "data_access": false,
      "effective_action": "devicefarm:GetDeviceInstance",
      "privesc": false,
      "resource_exposure": false
    },
    {
      "access_level": "Read",
      "action": "devicefarm:*",
      "condition": null,
      "credentials_exposure": false,
      "data_access": false,
      "effective_action": "devicefarm:GetDevicePool",
      "privesc": false,
      "resource_exposure": false
    },
    {
      "access_level": "Read",
      "action": "devicefarm:*",
      "condition": null,
      "credentials_exposure": false,
      "data_access": false,
      "effective_action": "devicefarm:GetDevicePoolCompatibility",
      "privesc": false,
      "resource_exposure": false
    },
    {
      "access_level": "Read",
      "action": "devicefarm:*",
      "condition": null,
      "credentials_exposure": false,
      "data_access": false,
      "effective_action": "devicefarm:GetInstanceProfile",
      "privesc": false,
      "resource_exposure": false
    },
    {
      "access_level": "Read",
      "action": "devicefarm:*",
      "condition": null,
      "credentials_exposure": false,
      "data_access": false,
      "effective_action": "devicefarm:GetJob",
      "privesc": false,
      "resource_exposure": false
    },
    {
      "access_level": "Read",
      "action": "devicefarm:*",
      "condition": null,
      "credentials_exposure": false,
      "data_access": false,
      "effective_action": "devicefarm:GetNetworkProfile",
      "privesc": false,
      "resource_exposure": false
    },
    {
      "access_level": "Read",
      "action": "devicefarm:*",
      "condition": null,
      "credentials_exposure": false,
      "data_access": false,
      "effective_action": "devicefarm:GetOfferingStatus",
      "privesc": false,
      "resource_exposure": false
    },
    {
      "access_level": "Read",
      "action": "devicefarm:*",
      "condition": null,
      "credentials_exposure": false,
      "data_access": false,
      "effective_action": "devicefarm:GetProject",
      "privesc": false,
      "resource_exposure": false
    },
    {
      "access_level": "Read",
      "action": "devicefarm:*",
      "condition": null,
      "credentials_exposure": false,
      "data_access": false,
      "effective_action": "devicefarm:GetRemoteAccessSession",
      "privesc": false,
      "resource_exposure": false
    },
    {
      "access_level": "Read",
      "action": "devicefarm:*",
      "condition": null,
      "credentials_exposure": false,
      "data_access": false,
      "effective_action": "devicefarm:GetRun",
      "privesc": false,
      "resource_exposure": false
    },
    {
      "access_level": "Read",
      "action": "devicefarm:*",
      "condition": null,
      "credentials_exposure": false,
      "data_access": false,
      "effective_action": "devicefarm:GetSuite",
      "privesc": false,
      "resource_exposure": false
    },
    {
      "access_level": "Read",
      "action": "devicefarm:*",
      "condition": null,
      "credentials_exposure": false,
      "data_access": false,
      "effective_action": "devicefarm:GetTest",
      "privesc": false,
      "resource_exposure": false
    },
    {
      "access_level": "Read",
      "action": "devicefarm:*",
      "condition": null,
      "credentials_exposure": false,
      "data_access": false,
      "effective_action": "devicefarm:GetTestGridProject",
      "privesc": false,
      "resource_exposure": false
    },
    {
      "access_level": "Read",
      "action": "devicefarm:*",
      "condition": null,
      "credentials_exposure": false,
      "data_access": false,
      "effective_action": "devicefarm:GetTestGridSession",
      "privesc": false,
      "resource_exposure": false
    },
    {
      "access_level": "Read",
      "action": "devicefarm:*",
      "condition": null,
      "credentials_exposure": false,
      "data_access": false,
      "effective_action": "devicefarm:GetUpload",
      "privesc": false,
      "resource_exposure": false
    },
    {
      "access_level": "Read",
      "action": "devicefarm:*",
      "condition": null,
      "credentials_exposure": false,
      "data_access": false,
      "effective_action": "devicefarm:GetVPCEConfiguration",
      "privesc": false,
      "resource_exposure": false
    },
    {
      "access_level": "Write",
      "action": "devicefarm:*",
      "condition": null,
      "credentials_exposure": false,
      "data_access": false,
      "effective_action": "devicefarm:InstallToRemoteAccessSession",
      "privesc": false,
      "resource_exposure": false
    },
    {
      "access_level": "List",
      "action": "devicefarm:*",
      "condition": null,
      "credentials_exposure": false,
      "data_access": false,
      "effective_action": "devicefarm:ListArtifacts",
      "privesc": false,
      "resource_exposure": false
    },
    {
      "access_level": "List",
      "action": "devicefarm:*",
      "condition": null,
      "credentials_exposure": false,
      "data_access": false,
      "effective_action": "devicefarm:ListDeviceInstances",
      "privesc": false,
      "resource_exposure": false
    },
    {
      "access_level": "List",
      "action": "devicefarm:*",
      "condition": null,
      "credentials_exposure": false,
      "data_access": false,
      "effective_action": "devicefarm:ListDevicePools",
      "privesc": false,
      "resource_exposure": false
    },
    {
      "access_level": "List",
      "action": "devicefarm:*",
      "condition": null,
      "credentials_exposure": false,
      "data_access": false,
      "effective_action": "devicefarm:ListDevices",
      "privesc": false,
      "resource_exposure": false
    },
    {
      "access_level": "List",
      "action": "devicefarm:*",
      "condition": null,
      "credentials_exposure": false,
      "data_access": false,
      "effective_action": "devicefarm:ListInstanceProfiles",
      "privesc": false,
      "resource_exposure": false
    },
    {
      "access_level": "List",
      "action": "devicefarm:*",
      "condition": null,
      "credentials_exposure": false,
      "data_access": false,
      "effective_action": "devicefarm:ListJobs",
      "privesc": false,
      "resource_exposure": false
    },
    {
      "access_level": "List",
      "action": "devicefarm:*",
      "condition": null,
      "credentials_exposure": false,
      "data_access": false,
      "effective_action": "devicefarm:ListNetworkProfiles",
      "privesc": false,
      "resource_exposure": false
    },
    {
      "access_level": "List",
      "action": "devicefarm:*",
      "condition": null,
      "credentials_exposure": false,
      "data_access": false,
      "effective_action": "devicefarm:ListOfferingPromotions",
      "privesc": false,
      "resource_exposure": false
    },
    {
      "access_level": "List",
      "action": "devicefarm:*",
      "condition": null,
      "credentials_exposure": false,
      "data_access": false,
      "effective_action": "devicefarm:ListOfferingTransactions",
      "privesc": false,
      "resource_exposure": false
    },
    {
      "access_level": "List",
      "action": "devicefarm:*",
      "condition": null,
      "credentials_exposure": false,
      "data_access": false,
      "effective_action": "devicefarm:ListOfferings",
      "privesc": false,
      "resource_exposure": false
    },
    {
      "access_level": "List",
      "action": "devicefarm:*",
      "condition": null,
      "credentials_exposure": false,
      "data_access": false,
      "effective_action": "devicefarm:ListProjects",
      "privesc": false,
      "resource_exposure": false
    },
    {
      "access_level": "List",
      "action": "devicefarm:*",
      "condition": null,
      "credentials_exposure": false,
      "data_access": false,
      "effective_action": "devicefarm:ListRemoteAccessSessions",
      "privesc": false,
      "resource_exposure": false
    },
    {
      "access_level": "List",
      "action": "devicefarm:*",
      "condition": null,
      "credentials_exposure": false,
      "data_access": false,
      "effective_action": "devicefarm:ListRuns",
      "privesc": false,
      "resource_exposure": false
    },
    {
      "access_level": "List",
      "action": "devicefarm:*",
      "condition": null,
      "credentials_exposure": false,
      "data_access": false,
      "effective_action": "devicefarm:ListSamples",
      "privesc": false,
      "resource_exposure": false
    },
    {
      "access_level": "List",
      "action": "devicefarm:*",
      "condition": null,
      "credentials_exposure": false,
      "data_access": false,
      "effective_action": "devicefarm:ListSuites",
      "privesc": false,
      "resource_exposure": false
    },
    {
      "access_level": "List",
      "action": "devicefarm:*",
      "condition": null,
      "credentials_exposure": false,
      "data_access": false,
      "effective_action": "devicefarm:ListTagsForResource",
      "privesc": false,
      "resource_exposure": false
    },
    {
      "access_level": "List",
      "action": "devicefarm:*",
      "condition": null,
      "credentials_exposure": false,
      "data_access": false,
      "effective_action": "devicefarm:ListTestGridProjects",
      "privesc": false,
      "resource_exposure": false
    },
    {
      "access_level": "List",
      "action": "devicefarm:*",
      "condition": null,
      "credentials_exposure": false,
      "data_access": false,
      "effective_action": "devicefarm:ListTestGridSessionActions",
      "privesc": false,
      "resource_exposure": false
    },
    {
      "access_level": "List",
      "action": "devicefarm:*",
      "condition": null,
      "credentials_exposure": false,
      "data_access": false,
      "effective_action": "devicefarm:ListTestGridSessionArtifacts",
      "privesc": false,
      "resource_exposure": false
    },
    {
      "access_level": "List",
      "action": "devicefarm:*",
      "condition": null,
      "credentials_exposure": false,
      "data_access": false,
      "effective_action": "devicefarm:ListTestGridSessions",
      "privesc": false,
      "resource_exposure": false
    },
    {
      "access_level": "List",
      "action": "devicefarm:*",
      "condition": null,
      "credentials_exposure": false,
      "data_access": false,
      "effective_action": "devicefarm:ListTests",
      "privesc": false,
      "resource_exposure": false
    },
    {
      "access_level": "List",
      "action": "devicefarm:*",
      "condition": null,
      "credentials_exposure": false,
      "data_access": false,
      "effective_action": "devicefarm:ListUniqueProblems",
      "privesc": false,
      "resource_exposure": false
    },
    {
      "access_level": "List",
      "action": "devicefarm:*",
      "condition": null,
      "credentials_exposure": false,
      "data_access": false,
      "effective_action": "devicefarm:ListUploads",
      "privesc": false,
      "resource_exposure": false
    },
    {
      "access_level": "List",
      "action": "devicefarm:*",
      "condition": null,
      "credentials_exposure": false,
      "data_access": false,
      "effective_action": "devicefarm:ListVPCEConfigurations",
      "privesc": false,
      "resource_exposure": false
    },
    {
      "access_level": "Write",
      "action": "devicefarm:*",
      "condition": null,
      "credentials_exposure": false,
      "data_access": false,
      "effective_action": "devicefarm:PurchaseOffering",
      "privesc": false,
      "resource_exposure": false
    },
    {
      "access_level": "Write",
      "action": "devicefarm:*",
      "condition": null,
      "credentials_exposure": false,
      "data_access": false,
      "effective_action": "devicefarm:RenewOffering",
      "privesc": false,
      "resource_exposure": false
    },
    {
      "access_level": "Write",
      "action": "devicefarm:*",
      "condition": null,
      "credentials_exposure": false,
      "data_access": false,
      "effective_action": "devicefarm:ScheduleRun",
      "privesc": false,
      "resource_exposure": false
    },
    {
      "access_level": "Write",
      "action": "devicefarm:*",
      "condition": null,
      "credentials_exposure": false,
      "data_access": false,
      "effective_action": "devicefarm:StopJob",
      "privesc": false,
      "resource_exposure": false
    },
    {
      "access_level": "Write",
      "action": "devicefarm:*",
      "condition": null,
      "credentials_exposure": false,
      "data_access": false,
      "effective_action": "devicefarm:StopRemoteAccessSession",
      "privesc": false,
      "resource_exposure": false
    },
    {
      "access_level": "Write",
      "action": "devicefarm:*",
      "condition": null,
      "credentials_exposure": false,
      "data_access": false,
      "effective_action": "devicefarm:StopRun",
      "privesc": false,
      "resource_exposure": false
    },
    {
      "access_level": "Tagging",
      "action": "devicefarm:*",
      "condition": null,
      "credentials_exposure": false,
      "data_access": false,
      "effective_action": "devicefarm:TagResource",
      "privesc": false,
      "resource_exposure": false
    },
    {
      "access_level": "Tagging",
      "action": "devicefarm:*",
      "condition": null,
      "credentials_exposure": false,
      "data_access": false,
      "effective_action": "devicefarm:UntagResource",
      "privesc": false,
      "resource_exposure": false
    },
    {
      "access_level": "Write",
      "action": "devicefarm:*",
      "condition": null,
      "credentials_exposure": false,
      "data_access": false,
      "effective_action": "devicefarm:UpdateDeviceInstance",
      "privesc": false,
      "resource_exposure": false
    },
    {
      "access_level": "Write",
      "action": "devicefarm:*",
      "condition": null,
      "credentials_exposure": false,
      "data_access": false,
      "effective_action": "devicefarm:UpdateDevicePool",
      "privesc": false,
      "resource_exposure": false
    },
    {
      "access_level": "Write",
      "action": "devicefarm:*",
      "condition": null,
      "credentials_exposure": false,
      "data_access": false,
      "effective_action": "devicefarm:UpdateInstanceProfile",
      "privesc": false,
      "resource_exposure": false
    },
    {
      "access_level": "Write",
      "action": "devicefarm:*",
      "condition": null,
      "credentials_exposure": false,
      "data_access": false,
      "effective_action": "devicefarm:UpdateNetworkProfile",
      "privesc": false,
      "resource_exposure": false
    },
    {
      "access_level": "Write",
      "action": "devicefarm:*",
      "condition": null,
      "credentials_exposure": false,
      "data_access": false,
      "effective_action": "devicefarm:UpdateProject",
      "privesc": false,
      "resource_exposure": false
    },
    {
      "access_level": "Write",
      "action": "devicefarm:*",
      "condition": null,
      "credentials_exposure": false,
      "data_access": false,
      "effective_action": "devicefarm:UpdateTestGridProject",
      "privesc": false,
      "resource_exposure": false
    },
    {
      "access_level": "Write",
      "action": "devicefarm:*",
      "condition": null,
      "credentials_exposure": false,
      "data_access": false,
      "effective_action": "devicefarm:UpdateUpload",
      "privesc": false,
      "resource_exposure": false
    },
    {
      "access_level": "Write",
      "action": "devicefarm:*",
      "condition": null,
      "credentials_exposure": false,
      "data_access": false,
      "effective_action": "devicefarm:UpdateVPCEConfiguration",
      "privesc": false,
      "resource_exposure": false
    }
  ],
  "grantless": false,
  "malformed": false,
  "name": "AWSDeviceFarmFullAccess",
  "privesc": false,
  "resource_exposure": false,
  "undocumented_actions": false,
  "unknown_actions": [],
  "updatedate": "2015-07-13T16:37:38+00:00",
  "version": "v1"
}