{
  "access_levels": [
    "Read",
    "Tagging",
    "Write"
  ],
  "arn": "arn:aws:iam::aws:policy/AWSElasticBeanstalkMulticontainerDocker",
  "createdate": "2023-03-23T22:04:20Z",
  "credentials_exposure": false,
  "data_access": false,
  "deprecated": false,
  "document": {
    "Statement": [
      {
        "Action": [
          "ecs:Poll",
          "ecs:StartTask",
          "ecs:StopTask",
          "ecs:DiscoverPollEndpoint",
          "ecs:StartTelemetrySession",
          "ecs:RegisterContainerInstance",
          "ecs:DeregisterContainerInstance",
          "ecs:DescribeContainerInstances",
          "ecs:Submit*",
          "ecs:DescribeTasks"
        ],
        "Effect": "Allow",
        "Resource": "*",
        "Sid": "ECSAccess"
      },
      {
        "Action": [
          "ecs:TagResource"
        ],
        "Condition": {
          "StringEquals": {
            "ecs:CreateAction": [
              "RegisterContainerInstance",
              "StartTask"
            ]
          }
        },
        "Effect": "Allow",
        "Resource": "*",
        "Sid": "AllowECSTagResource"
      }
    ],
    "Version": "2012-10-17"
  },
  "effective_actions": [
    {
      "access_level": "Write",
      "action": "ecs:Poll",
      "condition": null,
      "credentials_exposure": false,
      "data_access": false,
      "effective_action": "ecs:Poll",
      "privesc": false,
      "resource_exposure": false
    },
    {
      "access_level": "Write",
      "action": "ecs:StartTask",
      "condition": null,
      "credentials_exposure": false,
      "data_access": false,
      "effective_action": "ecs:StartTask",
      "privesc": false,
      "resource_exposure": false
    },
    {
      "access_level": "Write",
      "action": "ecs:StopTask",
      "condition": null,
      "credentials_exposure": false,
      "data_access": false,
      "effective_action": "ecs:StopTask",
      "privesc": false,
      "resource_exposure": false
    },
    {
      "access_level": "Write",
      "action": "ecs:DiscoverPollEndpoint",
      "condition": null,
      "credentials_exposure": false,
      "data_access": false,
      "effective_action": "ecs:DiscoverPollEndpoint",
      "privesc": false,
      "resource_exposure": false
    },
    {
      "access_level": "Write",
      "action": "ecs:StartTelemetrySession",
      "condition": null,
      "credentials_exposure": false,
      "data_access": false,
      "effective_action": "ecs:StartTelemetrySession",
      "privesc": false,
      "resource_exposure": false
    },
    {
      "access_level": "Write",
      "action": "ecs:RegisterContainerInstance",
      "condition": null,
      "credentials_exposure": false,
      "data_access": false,
      "effective_action": "ecs:RegisterContainerInstance",
      "privesc": false,
      "resource_exposure": false
    },
    {
      "access_level": "Write",
      "action": "ecs:DeregisterContainerInstance",
      "condition": null,
      "credentials_exposure": false,
      "data_access": false,
      "effective_action": "ecs:DeregisterContainerInstance",
      "privesc": false,
      "resource_exposure": false
    },
    {
      "access_level": "Read",
      "action": "ecs:DescribeContainerInstances",
      "condition": null,
      "credentials_exposure": false,
      "data_access": false,
      "effective_action": "ecs:DescribeContainerInstances",
      "privesc": false,
      "resource_exposure": false
    },
    {
      "access_level": "Write",
      "action": "ecs:Submit*",
      "condition": null,
      "credentials_exposure": false,
      "data_access": false,
      "effective_action": "ecs:SubmitAttachmentStateChanges",
      "privesc": false,
      "resource_exposure": false
    },
    {
      "access_level": "Write",
      "action": "ecs:Submit*",
      "condition": null,
      "credentials_exposure": false,
      "data_access": false,
      "effective_action": "ecs:SubmitContainerStateChange",
      "privesc": false,
      "resource_exposure": false
    },
    {
      "access_level": "Write",
      "action": "ecs:Submit*",
      "condition": null,
      "credentials_exposure": false,
      "data_access": false,
      "effective_action": "ecs:SubmitTaskStateChange",
      "privesc": false,
      "resource_exposure": false
    },
    {
      "access_level": "Read",
      "action": "ecs:DescribeTasks",
      "condition": null,
      "credentials_exposure": false,
      "data_access": false,
      "effective_action": "ecs:DescribeTasks",
      "privesc": false,
      "resource_exposure": false
    },
    {
      "access_level": "Tagging",
      "action": "ecs:TagResource",
      "condition": {
        "StringEquals": {
          "ecs:CreateAction": [
            "RegisterContainerInstance",
            "StartTask"
          ]
        }
      },
      "credentials_exposure": false,
      "data_access": false,
      "effective_action": "ecs:TagResource",
      "privesc": false,
      "resource_exposure": false
    }
  ],
  "grantless": false,
  "malformed": false,
  "name": "AWSElasticBeanstalkMulticontainerDocker",
  "privesc": false,
  "resource_exposure": false,
  "undocumented_actions": false,
  "unknown_actions": [],
  "updatedate": "2023-03-23T22:04:20+00:00",
  "version": "v3"
}