{
  "access_levels": [
    "List",
    "Read"
  ],
  "arn": "arn:aws:iam::aws:policy/AWSElementalMediaStoreReadOnly",
  "createdate": "2018-03-08T19:48:22Z",
  "credentials_exposure": false,
  "data_access": true,
  "deprecated": false,
  "document": {
    "Statement": [
      {
        "Action": [
          "mediastore:Get*",
          "mediastore:List*",
          "mediastore:Describe*"
        ],
        "Condition": {
          "Bool": {
            "aws:SecureTransport": "true"
          }
        },
        "Effect": "Allow",
        "Resource": "*"
      }
    ],
    "Version": "2012-10-17"
  },
  "effective_actions": [
    {
      "access_level": "Read",
      "action": "mediastore:Get*",
      "condition": {
        "Bool": {
          "aws:SecureTransport": "true"
        }
      },
      "credentials_exposure": false,
      "data_access": false,
      "effective_action": "mediastore:GetContainerPolicy",
      "privesc": false,
      "resource_exposure": false
    },
    {
      "access_level": "Read",
      "action": "mediastore:Get*",
      "condition": {
        "Bool": {
          "aws:SecureTransport": "true"
        }
      },
      "credentials_exposure": false,
      "data_access": false,
      "effective_action": "mediastore:GetCorsPolicy",
      "privesc": false,
      "resource_exposure": false
    },
    {
      "access_level": "Read",
      "action": "mediastore:Get*",
      "condition": {
        "Bool": {
          "aws:SecureTransport": "true"
        }
      },
      "credentials_exposure": false,
      "data_access": false,
      "effective_action": "mediastore:GetLifecyclePolicy",
      "privesc": false,
      "resource_exposure": false
    },
    {
      "access_level": "Read",
      "action": "mediastore:Get*",
      "condition": {
        "Bool": {
          "aws:SecureTransport": "true"
        }
      },
      "credentials_exposure": false,
      "data_access": false,
      "effective_action": "mediastore:GetMetricPolicy",
      "privesc": false,
      "resource_exposure": false
    },
    {
      "access_level": "Read",
      "action": "mediastore:Get*",
      "condition": {
        "Bool": {
          "aws:SecureTransport": "true"
        }
      },
      "credentials_exposure": false,
      "data_access": true,
      "effective_action": "mediastore:GetObject",
      "privesc": false,
      "resource_exposure": false
    },
    {
      "access_level": "List",
      "action": "mediastore:List*",
      "condition": {
        "Bool": {
          "aws:SecureTransport": "true"
        }
      },
      "credentials_exposure": false,
      "data_access": false,
      "effective_action": "mediastore:ListContainers",
      "privesc": false,
      "resource_exposure": false
    },
    {
      "access_level": "List",
      "action": "mediastore:List*",
      "condition": {
        "Bool": {
          "aws:SecureTransport": "true"
        }
      },
      "credentials_exposure": false,
      "data_access": false,
      "effective_action": "mediastore:ListItems",
      "privesc": false,
      "resource_exposure": false
    },
    {
      "access_level": "Read",
      "action": "mediastore:List*",
      "condition": {
        "Bool": {
          "aws:SecureTransport": "true"
        }
      },
      "credentials_exposure": false,
      "data_access": false,
      "effective_action": "mediastore:ListTagsForResource",
      "privesc": false,
      "resource_exposure": false
    },
    {
      "access_level": "List",
      "action": "mediastore:Describe*",
      "condition": {
        "Bool": {
          "aws:SecureTransport": "true"
        }
      },
      "credentials_exposure": false,
      "data_access": false,
      "effective_action": "mediastore:DescribeContainer",
      "privesc": false,
      "resource_exposure": false
    },
    {
      "access_level": "List",
      "action": "mediastore:Describe*",
      "condition": {
        "Bool": {
          "aws:SecureTransport": "true"
        }
      },
      "credentials_exposure": false,
      "data_access": false,
      "effective_action": "mediastore:DescribeObject",
      "privesc": false,
      "resource_exposure": false
    }
  ],
  "grantless": false,
  "malformed": false,
  "name": "AWSElementalMediaStoreReadOnly",
  "privesc": false,
  "resource_exposure": false,
  "undocumented_actions": false,
  "unknown_actions": [],
  "updatedate": "2018-03-08T19:48:22+00:00",
  "version": "v1"
}