{
  "access_levels": [
    "List",
    "Read",
    "Tagging",
    "Write",
    "Permissions management"
  ],
  "arn": "arn:aws:iam::aws:policy/AWSElementalMediaStoreFullAccess",
  "createdate": "2018-03-05T23:15:31Z",
  "credentials_exposure": false,
  "data_access": true,
  "deprecated": false,
  "document": {
    "Statement": [
      {
        "Action": [
          "mediastore:*"
        ],
        "Condition": {
          "Bool": {
            "aws:SecureTransport": "true"
          }
        },
        "Effect": "Allow",
        "Resource": "*"
      }
    ],
    "Version": "2012-10-17"
  },
  "effective_actions": [
    {
      "access_level": "Write",
      "action": "mediastore:*",
      "condition": {
        "Bool": {
          "aws:SecureTransport": "true"
        }
      },
      "credentials_exposure": false,
      "data_access": false,
      "effective_action": "mediastore:CreateContainer",
      "privesc": false,
      "resource_exposure": false
    },
    {
      "access_level": "Write",
      "action": "mediastore:*",
      "condition": {
        "Bool": {
          "aws:SecureTransport": "true"
        }
      },
      "credentials_exposure": false,
      "data_access": false,
      "effective_action": "mediastore:DeleteContainer",
      "privesc": false,
      "resource_exposure": false
    },
    {
      "access_level": "Permissions management",
      "action": "mediastore:*",
      "condition": {
        "Bool": {
          "aws:SecureTransport": "true"
        }
      },
      "credentials_exposure": false,
      "data_access": false,
      "effective_action": "mediastore:DeleteContainerPolicy",
      "privesc": false,
      "resource_exposure": true
    },
    {
      "access_level": "Write",
      "action": "mediastore:*",
      "condition": {
        "Bool": {
          "aws:SecureTransport": "true"
        }
      },
      "credentials_exposure": false,
      "data_access": false,
      "effective_action": "mediastore:DeleteCorsPolicy",
      "privesc": false,
      "resource_exposure": false
    },
    {
      "access_level": "Write",
      "action": "mediastore:*",
      "condition": {
        "Bool": {
          "aws:SecureTransport": "true"
        }
      },
      "credentials_exposure": false,
      "data_access": false,
      "effective_action": "mediastore:DeleteLifecyclePolicy",
      "privesc": false,
      "resource_exposure": false
    },
    {
      "access_level": "Write",
      "action": "mediastore:*",
      "condition": {
        "Bool": {
          "aws:SecureTransport": "true"
        }
      },
      "credentials_exposure": false,
      "data_access": false,
      "effective_action": "mediastore:DeleteMetricPolicy",
      "privesc": false,
      "resource_exposure": false
    },
    {
      "access_level": "Write",
      "action": "mediastore:*",
      "condition": {
        "Bool": {
          "aws:SecureTransport": "true"
        }
      },
      "credentials_exposure": false,
      "data_access": false,
      "effective_action": "mediastore:DeleteObject",
      "privesc": false,
      "resource_exposure": false
    },
    {
      "access_level": "List",
      "action": "mediastore:*",
      "condition": {
        "Bool": {
          "aws:SecureTransport": "true"
        }
      },
      "credentials_exposure": false,
      "data_access": false,
      "effective_action": "mediastore:DescribeContainer",
      "privesc": false,
      "resource_exposure": false
    },
    {
      "access_level": "List",
      "action": "mediastore:*",
      "condition": {
        "Bool": {
          "aws:SecureTransport": "true"
        }
      },
      "credentials_exposure": false,
      "data_access": false,
      "effective_action": "mediastore:DescribeObject",
      "privesc": false,
      "resource_exposure": false
    },
    {
      "access_level": "Read",
      "action": "mediastore:*",
      "condition": {
        "Bool": {
          "aws:SecureTransport": "true"
        }
      },
      "credentials_exposure": false,
      "data_access": false,
      "effective_action": "mediastore:GetContainerPolicy",
      "privesc": false,
      "resource_exposure": false
    },
    {
      "access_level": "Read",
      "action": "mediastore:*",
      "condition": {
        "Bool": {
          "aws:SecureTransport": "true"
        }
      },
      "credentials_exposure": false,
      "data_access": false,
      "effective_action": "mediastore:GetCorsPolicy",
      "privesc": false,
      "resource_exposure": false
    },
    {
      "access_level": "Read",
      "action": "mediastore:*",
      "condition": {
        "Bool": {
          "aws:SecureTransport": "true"
        }
      },
      "credentials_exposure": false,
      "data_access": false,
      "effective_action": "mediastore:GetLifecyclePolicy",
      "privesc": false,
      "resource_exposure": false
    },
    {
      "access_level": "Read",
      "action": "mediastore:*",
      "condition": {
        "Bool": {
          "aws:SecureTransport": "true"
        }
      },
      "credentials_exposure": false,
      "data_access": false,
      "effective_action": "mediastore:GetMetricPolicy",
      "privesc": false,
      "resource_exposure": false
    },
    {
      "access_level": "Read",
      "action": "mediastore:*",
      "condition": {
        "Bool": {
          "aws:SecureTransport": "true"
        }
      },
      "credentials_exposure": false,
      "data_access": true,
      "effective_action": "mediastore:GetObject",
      "privesc": false,
      "resource_exposure": false
    },
    {
      "access_level": "List",
      "action": "mediastore:*",
      "condition": {
        "Bool": {
          "aws:SecureTransport": "true"
        }
      },
      "credentials_exposure": false,
      "data_access": false,
      "effective_action": "mediastore:ListContainers",
      "privesc": false,
      "resource_exposure": false
    },
    {
      "access_level": "List",
      "action": "mediastore:*",
      "condition": {
        "Bool": {
          "aws:SecureTransport": "true"
        }
      },
      "credentials_exposure": false,
      "data_access": false,
      "effective_action": "mediastore:ListItems",
      "privesc": false,
      "resource_exposure": false
    },
    {
      "access_level": "Read",
      "action": "mediastore:*",
      "condition": {
        "Bool": {
          "aws:SecureTransport": "true"
        }
      },
      "credentials_exposure": false,
      "data_access": false,
      "effective_action": "mediastore:ListTagsForResource",
      "privesc": false,
      "resource_exposure": false
    },
    {
      "access_level": "Permissions management",
      "action": "mediastore:*",
      "condition": {
        "Bool": {
          "aws:SecureTransport": "true"
        }
      },
      "credentials_exposure": false,
      "data_access": false,
      "effective_action": "mediastore:PutContainerPolicy",
      "privesc": false,
      "resource_exposure": true
    },
    {
      "access_level": "Write",
      "action": "mediastore:*",
      "condition": {
        "Bool": {
          "aws:SecureTransport": "true"
        }
      },
      "credentials_exposure": false,
      "data_access": false,
      "effective_action": "mediastore:PutCorsPolicy",
      "privesc": false,
      "resource_exposure": false
    },
    {
      "access_level": "Write",
      "action": "mediastore:*",
      "condition": {
        "Bool": {
          "aws:SecureTransport": "true"
        }
      },
      "credentials_exposure": false,
      "data_access": false,
      "effective_action": "mediastore:PutLifecyclePolicy",
      "privesc": false,
      "resource_exposure": false
    },
    {
      "access_level": "Write",
      "action": "mediastore:*",
      "condition": {
        "Bool": {
          "aws:SecureTransport": "true"
        }
      },
      "credentials_exposure": false,
      "data_access": false,
      "effective_action": "mediastore:PutMetricPolicy",
      "privesc": false,
      "resource_exposure": false
    },
    {
      "access_level": "Write",
      "action": "mediastore:*",
      "condition": {
        "Bool": {
          "aws:SecureTransport": "true"
        }
      },
      "credentials_exposure": false,
      "data_access": false,
      "effective_action": "mediastore:PutObject",
      "privesc": false,
      "resource_exposure": false
    },
    {
      "access_level": "Write",
      "action": "mediastore:*",
      "condition": {
        "Bool": {
          "aws:SecureTransport": "true"
        }
      },
      "credentials_exposure": false,
      "data_access": false,
      "effective_action": "mediastore:StartAccessLogging",
      "privesc": false,
      "resource_exposure": false
    },
    {
      "access_level": "Write",
      "action": "mediastore:*",
      "condition": {
        "Bool": {
          "aws:SecureTransport": "true"
        }
      },
      "credentials_exposure": false,
      "data_access": false,
      "effective_action": "mediastore:StopAccessLogging",
      "privesc": false,
      "resource_exposure": false
    },
    {
      "access_level": "Tagging",
      "action": "mediastore:*",
      "condition": {
        "Bool": {
          "aws:SecureTransport": "true"
        }
      },
      "credentials_exposure": false,
      "data_access": false,
      "effective_action": "mediastore:TagResource",
      "privesc": false,
      "resource_exposure": false
    },
    {
      "access_level": "Tagging",
      "action": "mediastore:*",
      "condition": {
        "Bool": {
          "aws:SecureTransport": "true"
        }
      },
      "credentials_exposure": false,
      "data_access": false,
      "effective_action": "mediastore:UntagResource",
      "privesc": false,
      "resource_exposure": false
    }
  ],
  "grantless": false,
  "malformed": false,
  "name": "AWSElementalMediaStoreFullAccess",
  "privesc": false,
  "resource_exposure": true,
  "undocumented_actions": false,
  "unknown_actions": [],
  "updatedate": "2018-03-05T23:15:31+00:00",
  "version": "v1"
}