{
  "access_levels": [
    "List",
    "Read",
    "Tagging",
    "Write",
    "Permissions management"
  ],
  "arn": "arn:aws:iam::aws:policy/AWSElasticDisasterRecoveryConsoleFullAccess_v2",
  "createdate": "2025-07-02T15:37:06Z",
  "credentials_exposure": false,
  "data_access": true,
  "deprecated": false,
  "document": {
    "Statement": [
      {
        "Action": [
          "drs:*"
        ],
        "Effect": "Allow",
        "Resource": "*",
        "Sid": "ConsoleFullAccess1"
      },
      {
        "Action": [
          "kms:ListAliases",
          "kms:DescribeKey"
        ],
        "Effect": "Allow",
        "Resource": "*",
        "Sid": "ConsoleFullAccess2"
      },
      {
        "Action": [
          "ec2:DescribeAccountAttributes",
          "ec2:DescribeAvailabilityZones",
          "ec2:DescribeImages",
          "ec2:DescribeInstances",
          "ec2:DescribeInstanceTypes",
          "ec2:DescribeInstanceAttribute",
          "ec2:DescribeInstanceStatus",
          "ec2:DescribeInstanceTypeOfferings",
          "ec2:DescribeLaunchTemplateVersions",
          "ec2:DescribeLaunchTemplates",
          "ec2:DescribeSecurityGroups",
          "ec2:DescribeSnapshots",
          "ec2:DescribeSubnets",
          "ec2:DescribeVolumes",
          "ec2:GetEbsEncryptionByDefault",
          "ec2:GetEbsDefaultKmsKeyId",
          "ec2:DescribeKeyPairs",
          "ec2:DescribeCapacityReservations",
          "ec2:DescribeHosts",
          "ec2:GetInstanceTypesFromInstanceRequirements"
        ],
        "Effect": "Allow",
        "Resource": "*",
        "Sid": "ConsoleFullAccess3"
      },
      {
        "Action": [
          "license-manager:ListLicenseConfigurations"
        ],
        "Effect": "Allow",
        "Resource": "*",
        "Sid": "ConsoleFullAccess4"
      },
      {
        "Action": [
          "resource-groups:ListGroups"
        ],
        "Effect": "Allow",
        "Resource": "*",
        "Sid": "ConsoleFullAccess5"
      },
      {
        "Action": [
          "elasticloadbalancing:DescribeLoadBalancers"
        ],
        "Effect": "Allow",
        "Resource": "*",
        "Sid": "ConsoleFullAccess6"
      },
      {
        "Action": [
          "iam:ListInstanceProfiles",
          "iam:ListRoles"
        ],
        "Effect": "Allow",
        "Resource": "*",
        "Sid": "ConsoleFullAccess7"
      },
      {
        "Action": [
          "iam:PassRole"
        ],
        "Condition": {
          "StringEquals": {
            "iam:PassedToService": "ec2.amazonaws.com"
          }
        },
        "Effect": "Allow",
        "Resource": [
          "arn:aws:iam::*:role/service-role/AWSElasticDisasterRecoveryConversionServerRole",
          "arn:aws:iam::*:role/service-role/AWSElasticDisasterRecoveryRecoveryInstanceRole",
          "arn:aws:iam::*:role/service-role/AWSElasticDisasterRecoveryRecoveryInstanceWithLaunchActionsRole"
        ],
        "Sid": "ConsoleFullAccess8"
      },
      {
        "Action": [
          "ec2:DeleteSnapshot"
        ],
        "Condition": {
          "Bool": {
            "aws:ViaAWSService": "true"
          },
          "Null": {
            "aws:ResourceTag/AWSElasticDisasterRecoveryManaged": "false"
          }
        },
        "Effect": "Allow",
        "Resource": "arn:aws:ec2:*:*:snapshot/*",
        "Sid": "ConsoleFullAccess9"
      },
      {
        "Action": [
          "ec2:CreateLaunchTemplateVersion",
          "ec2:ModifyLaunchTemplate",
          "ec2:DeleteLaunchTemplateVersions",
          "ec2:CreateTags",
          "ec2:DeleteTags"
        ],
        "Condition": {
          "Null": {
            "aws:ResourceTag/AWSElasticDisasterRecoveryManaged": "false"
          }
        },
        "Effect": "Allow",
        "Resource": "arn:aws:ec2:*:*:launch-template/*",
        "Sid": "ConsoleFullAccess10"
      },
      {
        "Action": [
          "ec2:CreateLaunchTemplate"
        ],
        "Condition": {
          "Null": {
            "aws:RequestTag/AWSElasticDisasterRecoveryManaged": "false"
          }
        },
        "Effect": "Allow",
        "Resource": "arn:aws:ec2:*:*:launch-template/*",
        "Sid": "ConsoleFullAccess11"
      },
      {
        "Action": [
          "ec2:DeleteVolume"
        ],
        "Condition": {
          "Bool": {
            "aws:ViaAWSService": "true"
          },
          "Null": {
            "aws:ResourceTag/AWSElasticDisasterRecoveryManaged": "false"
          }
        },
        "Effect": "Allow",
        "Resource": "arn:aws:ec2:*:*:volume/*",
        "Sid": "ConsoleFullAccess12"
      },
      {
        "Action": [
          "ec2:StartInstances",
          "ec2:StopInstances",
          "ec2:TerminateInstances",
          "ec2:ModifyInstanceAttribute",
          "ec2:GetConsoleOutput",
          "ec2:GetConsoleScreenshot"
        ],
        "Condition": {
          "Bool": {
            "aws:ViaAWSService": "true"
          },
          "Null": {
            "aws:ResourceTag/AWSElasticDisasterRecoveryManaged": "false"
          }
        },
        "Effect": "Allow",
        "Resource": "arn:aws:ec2:*:*:instance/*",
        "Sid": "ConsoleFullAccess13"
      },
      {
        "Action": [
          "ec2:RevokeSecurityGroupEgress",
          "ec2:AuthorizeSecurityGroupIngress",
          "ec2:AuthorizeSecurityGroupEgress"
        ],
        "Condition": {
          "Bool": {
            "aws:ViaAWSService": "true"
          },
          "Null": {
            "aws:ResourceTag/AWSElasticDisasterRecoveryManaged": "false"
          }
        },
        "Effect": "Allow",
        "Resource": "arn:aws:ec2:*:*:security-group/*",
        "Sid": "ConsoleFullAccess14"
      },
      {
        "Action": [
          "ec2:CreateVolume"
        ],
        "Condition": {
          "Bool": {
            "aws:ViaAWSService": "true"
          },
          "Null": {
            "aws:RequestTag/AWSElasticDisasterRecoveryManaged": "false"
          }
        },
        "Effect": "Allow",
        "Resource": "arn:aws:ec2:*:*:volume/*",
        "Sid": "ConsoleFullAccess15"
      },
      {
        "Action": [
          "ec2:CreateSecurityGroup"
        ],
        "Effect": "Allow",
        "Resource": "arn:aws:ec2:*:*:vpc/*",
        "Sid": "ConsoleFullAccess16"
      },
      {
        "Action": [
          "ec2:CreateSecurityGroup"
        ],
        "Condition": {
          "Bool": {
            "aws:ViaAWSService": "true"
          },
          "Null": {
            "aws:RequestTag/AWSElasticDisasterRecoveryManaged": "false"
          }
        },
        "Effect": "Allow",
        "Resource": "arn:aws:ec2:*:*:security-group/*",
        "Sid": "ConsoleFullAccess17"
      },
      {
        "Action": [
          "ec2:CreateSnapshot"
        ],
        "Condition": {
          "Bool": {
            "aws:ViaAWSService": "true"
          },
          "Null": {
            "ec2:ResourceTag/AWSElasticDisasterRecoveryManaged": "false"
          }
        },
        "Effect": "Allow",
        "Resource": "arn:aws:ec2:*:*:volume/*",
        "Sid": "ConsoleFullAccess18"
      },
      {
        "Action": [
          "ec2:CreateSnapshot"
        ],
        "Condition": {
          "Bool": {
            "aws:ViaAWSService": "true"
          },
          "Null": {
            "aws:RequestTag/AWSElasticDisasterRecoveryManaged": "false"
          }
        },
        "Effect": "Allow",
        "Resource": "arn:aws:ec2:*:*:snapshot/*",
        "Sid": "ConsoleFullAccess19"
      },
      {
        "Action": [
          "ec2:DetachVolume",
          "ec2:AttachVolume"
        ],
        "Condition": {
          "Bool": {
            "aws:ViaAWSService": "true"
          },
          "Null": {
            "ec2:ResourceTag/AWSElasticDisasterRecoveryManaged": "false"
          }
        },
        "Effect": "Allow",
        "Resource": "arn:aws:ec2:*:*:instance/*",
        "Sid": "ConsoleFullAccess20"
      },
      {
        "Action": [
          "ec2:DetachVolume",
          "ec2:AttachVolume",
          "ec2:StartInstances",
          "ec2:GetConsoleOutput",
          "ec2:GetConsoleScreenshot"
        ],
        "Condition": {
          "ForAnyValue:StringEquals": {
            "aws:CalledVia": [
              "drs.amazonaws.com"
            ]
          },
          "StringEquals": {
            "ec2:ResourceTag/AWSDRS": "AllowLaunchingIntoThisInstance"
          }
        },
        "Effect": "Allow",
        "Resource": "arn:aws:ec2:*:*:instance/*",
        "Sid": "ConsoleFullAccess21"
      },
      {
        "Action": [
          "ec2:AttachVolume"
        ],
        "Condition": {
          "Bool": {
            "aws:ViaAWSService": "true"
          },
          "Null": {
            "ec2:ResourceTag/AWSElasticDisasterRecoveryManaged": "false"
          }
        },
        "Effect": "Allow",
        "Resource": "arn:aws:ec2:*:*:volume/*",
        "Sid": "ConsoleFullAccess22"
      },
      {
        "Action": [
          "ec2:DetachVolume"
        ],
        "Condition": {
          "Bool": {
            "aws:ViaAWSService": "true"
          }
        },
        "Effect": "Allow",
        "Resource": "arn:aws:ec2:*:*:volume/*",
        "Sid": "ConsoleFullAccess23"
      },
      {
        "Action": [
          "ec2:RunInstances"
        ],
        "Condition": {
          "Bool": {
            "aws:ViaAWSService": "true"
          },
          "Null": {
            "aws:RequestTag/AWSElasticDisasterRecoveryManaged": "false"
          }
        },
        "Effect": "Allow",
        "Resource": "arn:aws:ec2:*:*:instance/*",
        "Sid": "ConsoleFullAccess24"
      },
      {
        "Action": [
          "ec2:RunInstances"
        ],
        "Condition": {
          "Bool": {
            "aws:ViaAWSService": "true"
          }
        },
        "Effect": "Allow",
        "Resource": [
          "arn:aws:ec2:*:*:security-group/*",
          "arn:aws:ec2:*:*:volume/*",
          "arn:aws:ec2:*:*:subnet/*",
          "arn:aws:ec2:*:*:image/*",
          "arn:aws:ec2:*:*:network-interface/*",
          "arn:aws:ec2:*:*:launch-template/*"
        ],
        "Sid": "ConsoleFullAccess25"
      },
      {
        "Action": [
          "ec2:CreateTags"
        ],
        "Condition": {
          "Bool": {
            "aws:ViaAWSService": "true"
          },
          "StringEquals": {
            "ec2:CreateAction": [
              "CreateSecurityGroup",
              "CreateVolume",
              "CreateSnapshot",
              "RunInstances",
              "CreateNetworkInterface"
            ]
          }
        },
        "Effect": "Allow",
        "Resource": [
          "arn:aws:ec2:*:*:security-group/*",
          "arn:aws:ec2:*:*:volume/*",
          "arn:aws:ec2:*:*:snapshot/*",
          "arn:aws:ec2:*:*:instance/*",
          "arn:aws:ec2:*:*:network-interface/*"
        ],
        "Sid": "ConsoleFullAccess26"
      },
      {
        "Action": [
          "ec2:CreateTags"
        ],
        "Condition": {
          "StringEquals": {
            "ec2:CreateAction": [
              "CreateLaunchTemplate"
            ]
          }
        },
        "Effect": "Allow",
        "Resource": "arn:aws:ec2:*:*:launch-template/*",
        "Sid": "ConsoleFullAccess27"
      },
      {
        "Action": [
          "cloudformation:DescribeStacks",
          "cloudformation:ListStacks"
        ],
        "Effect": "Allow",
        "Resource": "*",
        "Sid": "ConsoleFullAccess28"
      },
      {
        "Action": [
          "s3:GetBucketLocation",
          "s3:ListAllMyBuckets"
        ],
        "Effect": "Allow",
        "Resource": "*",
        "Sid": "ConsoleFullAccess29"
      },
      {
        "Action": [
          "ssm:DescribeInstanceInformation",
          "ssm:DescribeParameters"
        ],
        "Condition": {
          "ForAnyValue:StringEquals": {
            "aws:CalledVia": [
              "drs.amazonaws.com"
            ]
          }
        },
        "Effect": "Allow",
        "Resource": [
          "*"
        ],
        "Sid": "ConsoleFullAccess30"
      },
      {
        "Action": [
          "ssm:SendCommand",
          "ssm:StartAutomationExecution"
        ],
        "Condition": {
          "ForAnyValue:StringEquals": {
            "aws:CalledVia": [
              "drs.amazonaws.com"
            ]
          }
        },
        "Effect": "Allow",
        "Resource": [
          "arn:aws:ssm:*:*:automation-definition/AWS-CreateImage:$DEFAULT",
          "arn:aws:ssm:*:*:document/AWSMigration-ValidateNetworkConnectivity",
          "arn:aws:ssm:*:*:document/AWSMigration-VerifyMountedVolumes",
          "arn:aws:ssm:*:*:document/AWSMigration-ValidateHttpResponse",
          "arn:aws:ssm:*:*:document/AWSMigration-ValidateDiskSpace",
          "arn:aws:ssm:*:*:document/AWSMigration-VerifyProcessIsRunning",
          "arn:aws:ssm:*:*:document/AWSMigration-LinuxTimeSyncSetting",
          "arn:aws:ssm:*:*:document/AWSEC2-ApplicationInsightsCloudwatchAgentInstallAndConfigure",
          "arn:aws:ssm:*:*:automation-execution/*"
        ],
        "Sid": "ConsoleFullAccess31"
      },
      {
        "Action": [
          "ssm:SendCommand"
        ],
        "Condition": {
          "ForAnyValue:StringEquals": {
            "aws:CalledVia": [
              "drs.amazonaws.com"
            ]
          },
          "Null": {
            "aws:ResourceTag/AWSElasticDisasterRecoveryManaged": "false"
          }
        },
        "Effect": "Allow",
        "Resource": [
          "arn:aws:ec2:*:*:instance/*"
        ],
        "Sid": "ConsoleFullAccess32"
      },
      {
        "Action": [
          "ssm:ListDocuments",
          "ssm:ListCommandInvocations"
        ],
        "Effect": "Allow",
        "Resource": "*",
        "Sid": "ConsoleFullAccess33"
      },
      {
        "Action": [
          "ssm:GetParameter",
          "ssm:PutParameter"
        ],
        "Condition": {
          "StringEquals": {
            "aws:ResourceAccount": "${aws:PrincipalAccount}"
          }
        },
        "Effect": "Allow",
        "Resource": "arn:aws:ssm:*:*:parameter/ManagedByAWSElasticDisasterRecoveryService-*",
        "Sid": "ConsoleFullAccess34"
      },
      {
        "Action": [
          "ssm:DescribeDocument",
          "ssm:GetDocument"
        ],
        "Effect": "Allow",
        "Resource": "arn:aws:ssm:*:*:document/*",
        "Sid": "ConsoleFullAccess35"
      },
      {
        "Action": [
          "ssm:GetParameters"
        ],
        "Condition": {
          "ForAnyValue:StringEquals": {
            "aws:CalledVia": "ssm.amazonaws.com"
          }
        },
        "Effect": "Allow",
        "Resource": [
          "arn:aws:ssm:*:*:parameter/ManagedByAWSElasticDisasterRecovery-*"
        ],
        "Sid": "ConsoleFullAccess36"
      },
      {
        "Action": [
          "ssm:GetAutomationExecution"
        ],
        "Condition": {
          "Null": {
            "aws:ResourceTag/AWSElasticDisasterRecoveryManaged": "false"
          }
        },
        "Effect": "Allow",
        "Resource": "arn:aws:ssm:*:*:automation-execution/*",
        "Sid": "ConsoleFullAccess37"
      },
      {
        "Action": [
          "ec2:AssociateIamInstanceProfile"
        ],
        "Condition": {
          "Bool": {
            "aws:ViaAWSService": "true"
          },
          "Null": {
            "aws:ResourceTag/AWSElasticDisasterRecoveryManaged": "false"
          }
        },
        "Effect": "Allow",
        "Resource": [
          "arn:aws:ec2:*:*:instance/*"
        ],
        "Sid": "ConsoleFullAccess38"
      },
      {
        "Action": [
          "ec2:CreateFleet"
        ],
        "Condition": {
          "ForAnyValue:StringEquals": {
            "aws:CalledVia": [
              "drs.amazonaws.com"
            ]
          }
        },
        "Effect": "Allow",
        "Resource": [
          "arn:aws:ec2:*:*:instance/*",
          "arn:aws:ec2:*:*:fleet/*",
          "arn:aws:ec2:*:*:volume/*",
          "arn:aws:ec2:*:*:subnet/*",
          "arn:aws:ec2:*:*:image/*",
          "arn:aws:ec2:*:*:launch-template/*"
        ],
        "Sid": "ConsoleFullAccess39"
      },
      {
        "Action": [
          "ec2:CreateTags"
        ],
        "Condition": {
          "ForAnyValue:StringEquals": {
            "aws:CalledVia": [
              "drs.amazonaws.com"
            ]
          },
          "StringEquals": {
            "ec2:CreateAction": [
              "CreateFleet"
            ]
          }
        },
        "Effect": "Allow",
        "Resource": [
          "arn:aws:ec2:*:*:security-group/*",
          "arn:aws:ec2:*:*:volume/*",
          "arn:aws:ec2:*:*:snapshot/*",
          "arn:aws:ec2:*:*:instance/*"
        ],
        "Sid": "ConsoleFullAccess40"
      },
      {
        "Action": [
          "ec2:CreateVolume"
        ],
        "Condition": {
          "Bool": {
            "aws:ViaAWSService": "true"
          },
          "Null": {
            "aws:ResourceTag/AWSElasticDisasterRecoveryManaged": "false"
          }
        },
        "Effect": "Allow",
        "Resource": "arn:aws:ec2:*:*:snapshot/*",
        "Sid": "ConsoleFullAccess41"
      },
      {
        "Action": [
          "ec2:CreateNetworkInterface"
        ],
        "Condition": {
          "Bool": {
            "aws:ViaAWSService": "true"
          },
          "Null": {
            "aws:RequestTag/AWSElasticDisasterRecoveryManaged": "false"
          }
        },
        "Effect": "Allow",
        "Resource": "arn:aws:ec2:*:*:network-interface/*",
        "Sid": "ConsoleFullAccess42"
      },
      {
        "Action": [
          "ec2:CreateNetworkInterface"
        ],
        "Effect": "Allow",
        "Resource": [
          "arn:aws:ec2:*:*:subnet/*",
          "arn:aws:ec2:*:*:security-group/*"
        ],
        "Sid": "ConsoleFullAccess43"
      },
      {
        "Action": [
          "ec2:CreateNetworkInterfacePermission"
        ],
        "Condition": {
          "Bool": {
            "aws:ViaAWSService": "true"
          },
          "Null": {
            "aws:ResourceTag/AWSElasticDisasterRecoveryManaged": "false"
          }
        },
        "Effect": "Allow",
        "Resource": "arn:aws:ec2:*:*:network-interface/*",
        "Sid": "ConsoleFullAccess44"
      }
    ],
    "Version": "2012-10-17"
  },
  "effective_actions": [
    {
      "access_level": "Write",
      "action": "drs:*",
      "condition": null,
      "credentials_exposure": false,
      "data_access": false,
      "effective_action": "drs:AssociateFailbackClientToRecoveryInstanceForDrs",
      "privesc": false,
      "resource_exposure": false
    },
    {
      "access_level": "Write",
      "action": "drs:*",
      "condition": null,
      "credentials_exposure": false,
      "data_access": false,
      "effective_action": "drs:AssociateSourceNetworkStack",
      "privesc": false,
      "resource_exposure": false
    },
    {
      "access_level": "Write",
      "action": "drs:*",
      "condition": null,
      "credentials_exposure": false,
      "data_access": false,
      "effective_action": "drs:BatchCreateVolumeSnapshotGroupForDrs",
      "privesc": false,
      "resource_exposure": false
    },
    {
      "access_level": "Write",
      "action": "drs:*",
      "condition": null,
      "credentials_exposure": false,
      "data_access": false,
      "effective_action": "drs:BatchDeleteSnapshotRequestForDrs",
      "privesc": false,
      "resource_exposure": false
    },
    {
      "access_level": "Write",
      "action": "drs:*",
      "condition": null,
      "credentials_exposure": false,
      "data_access": false,
      "effective_action": "drs:CreateConvertedSnapshotForDrs",
      "privesc": false,
      "resource_exposure": false
    },
    {
      "access_level": "Write",
      "action": "drs:*",
      "condition": null,
      "credentials_exposure": false,
      "data_access": false,
      "effective_action": "drs:CreateExtendedSourceServer",
      "privesc": false,
      "resource_exposure": false
    },
    {
      "access_level": "Write",
      "action": "drs:*",
      "condition": null,
      "credentials_exposure": false,
      "data_access": false,
      "effective_action": "drs:CreateLaunchConfigurationTemplate",
      "privesc": false,
      "resource_exposure": false
    },
    {
      "access_level": "Write",
      "action": "drs:*",
      "condition": null,
      "credentials_exposure": false,
      "data_access": false,
      "effective_action": "drs:CreateRecoveryInstanceForDrs",
      "privesc": false,
      "resource_exposure": false
    },
    {
      "access_level": "Write",
      "action": "drs:*",
      "condition": null,
      "credentials_exposure": false,
      "data_access": false,
      "effective_action": "drs:CreateReplicationConfigurationTemplate",
      "privesc": false,
      "resource_exposure": false
    },
    {
      "access_level": "Write",
      "action": "drs:*",
      "condition": null,
      "credentials_exposure": false,
      "data_access": false,
      "effective_action": "drs:CreateSourceNetwork",
      "privesc": false,
      "resource_exposure": false
    },
    {
      "access_level": "Write",
      "action": "drs:*",
      "condition": null,
      "credentials_exposure": false,
      "data_access": false,
      "effective_action": "drs:CreateSourceServerForDrs",
      "privesc": false,
      "resource_exposure": false
    },
    {
      "access_level": "Write",
      "action": "drs:*",
      "condition": null,
      "credentials_exposure": false,
      "data_access": false,
      "effective_action": "drs:DeleteJob",
      "privesc": false,
      "resource_exposure": false
    },
    {
      "access_level": "Write",
      "action": "drs:*",
      "condition": null,
      "credentials_exposure": false,
      "data_access": false,
      "effective_action": "drs:DeleteLaunchAction",
      "privesc": false,
      "resource_exposure": false
    },
    {
      "access_level": "Write",
      "action": "drs:*",
      "condition": null,
      "credentials_exposure": false,
      "data_access": false,
      "effective_action": "drs:DeleteLaunchConfigurationTemplate",
      "privesc": false,
      "resource_exposure": false
    },
    {
      "access_level": "Write",
      "action": "drs:*",
      "condition": null,
      "credentials_exposure": false,
      "data_access": false,
      "effective_action": "drs:DeleteRecoveryInstance",
      "privesc": false,
      "resource_exposure": false
    },
    {
      "access_level": "Write",
      "action": "drs:*",
      "condition": null,
      "credentials_exposure": false,
      "data_access": false,
      "effective_action": "drs:DeleteReplicationConfigurationTemplate",
      "privesc": false,
      "resource_exposure": false
    },
    {
      "access_level": "Write",
      "action": "drs:*",
      "condition": null,
      "credentials_exposure": false,
      "data_access": false,
      "effective_action": "drs:DeleteSourceNetwork",
      "privesc": false,
      "resource_exposure": false
    },
    {
      "access_level": "Write",
      "action": "drs:*",
      "condition": null,
      "credentials_exposure": false,
      "data_access": false,
      "effective_action": "drs:DeleteSourceServer",
      "privesc": false,
      "resource_exposure": false
    },
    {
      "access_level": "Read",
      "action": "drs:*",
      "condition": null,
      "credentials_exposure": false,
      "data_access": false,
      "effective_action": "drs:DescribeJobLogItems",
      "privesc": false,
      "resource_exposure": false
    },
    {
      "access_level": "Read",
      "action": "drs:*",
      "condition": null,
      "credentials_exposure": false,
      "data_access": false,
      "effective_action": "drs:DescribeJobs",
      "privesc": false,
      "resource_exposure": false
    },
    {
      "access_level": "Read",
      "action": "drs:*",
      "condition": null,
      "credentials_exposure": false,
      "data_access": false,
      "effective_action": "drs:DescribeLaunchConfigurationTemplates",
      "privesc": false,
      "resource_exposure": false
    },
    {
      "access_level": "Read",
      "action": "drs:*",
      "condition": null,
      "credentials_exposure": false,
      "data_access": false,
      "effective_action": "drs:DescribeRecoveryInstances",
      "privesc": false,
      "resource_exposure": false
    },
    {
      "access_level": "Read",
      "action": "drs:*",
      "condition": null,
      "credentials_exposure": false,
      "data_access": false,
      "effective_action": "drs:DescribeRecoverySnapshots",
      "privesc": false,
      "resource_exposure": false
    },
    {
      "access_level": "Read",
      "action": "drs:*",
      "condition": null,
      "credentials_exposure": false,
      "data_access": false,
      "effective_action": "drs:DescribeReplicationConfigurationTemplates",
      "privesc": false,
      "resource_exposure": false
    },
    {
      "access_level": "Read",
      "action": "drs:*",
      "condition": null,
      "credentials_exposure": false,
      "data_access": false,
      "effective_action": "drs:DescribeReplicationServerAssociationsForDrs",
      "privesc": false,
      "resource_exposure": false
    },
    {
      "access_level": "Read",
      "action": "drs:*",
      "condition": null,
      "credentials_exposure": false,
      "data_access": false,
      "effective_action": "drs:DescribeSnapshotRequestsForDrs",
      "privesc": false,
      "resource_exposure": false
    },
    {
      "access_level": "Read",
      "action": "drs:*",
      "condition": null,
      "credentials_exposure": false,
      "data_access": false,
      "effective_action": "drs:DescribeSourceNetworks",
      "privesc": false,
      "resource_exposure": false
    },
    {
      "access_level": "Read",
      "action": "drs:*",
      "condition": null,
      "credentials_exposure": false,
      "data_access": false,
      "effective_action": "drs:DescribeSourceServers",
      "privesc": false,
      "resource_exposure": false
    },
    {
      "access_level": "Write",
      "action": "drs:*",
      "condition": null,
      "credentials_exposure": false,
      "data_access": false,
      "effective_action": "drs:DisconnectRecoveryInstance",
      "privesc": false,
      "resource_exposure": false
    },
    {
      "access_level": "Write",
      "action": "drs:*",
      "condition": null,
      "credentials_exposure": false,
      "data_access": false,
      "effective_action": "drs:DisconnectSourceServer",
      "privesc": false,
      "resource_exposure": false
    },
    {
      "access_level": "Write",
      "action": "drs:*",
      "condition": null,
      "credentials_exposure": false,
      "data_access": false,
      "effective_action": "drs:ExportSourceNetworkCfnTemplate",
      "privesc": false,
      "resource_exposure": false
    },
    {
      "access_level": "Read",
      "action": "drs:*",
      "condition": null,
      "credentials_exposure": false,
      "data_access": false,
      "effective_action": "drs:GetAgentCommandForDrs",
      "privesc": false,
      "resource_exposure": false
    },
    {
      "access_level": "Read",
      "action": "drs:*",
      "condition": null,
      "credentials_exposure": false,
      "data_access": false,
      "effective_action": "drs:GetAgentConfirmedResumeInfoForDrs",
      "privesc": false,
      "resource_exposure": false
    },
    {
      "access_level": "Read",
      "action": "drs:*",
      "condition": null,
      "credentials_exposure": false,
      "data_access": false,
      "effective_action": "drs:GetAgentInstallationAssetsForDrs",
      "privesc": false,
      "resource_exposure": false
    },
    {
      "access_level": "Read",
      "action": "drs:*",
      "condition": null,
      "credentials_exposure": false,
      "data_access": false,
      "effective_action": "drs:GetAgentReplicationInfoForDrs",
      "privesc": false,
      "resource_exposure": false
    },
    {
      "access_level": "Read",
      "action": "drs:*",
      "condition": null,
      "credentials_exposure": false,
      "data_access": false,
      "effective_action": "drs:GetAgentRuntimeConfigurationForDrs",
      "privesc": false,
      "resource_exposure": false
    },
    {
      "access_level": "Read",
      "action": "drs:*",
      "condition": null,
      "credentials_exposure": false,
      "data_access": false,
      "effective_action": "drs:GetAgentSnapshotCreditsForDrs",
      "privesc": false,
      "resource_exposure": false
    },
    {
      "access_level": "Read",
      "action": "drs:*",
      "condition": null,
      "credentials_exposure": false,
      "data_access": false,
      "effective_action": "drs:GetChannelCommandsForDrs",
      "privesc": false,
      "resource_exposure": false
    },
    {
      "access_level": "Read",
      "action": "drs:*",
      "condition": null,
      "credentials_exposure": false,
      "data_access": false,
      "effective_action": "drs:GetFailbackCommandForDrs",
      "privesc": false,
      "resource_exposure": false
    },
    {
      "access_level": "Read",
      "action": "drs:*",
      "condition": null,
      "credentials_exposure": false,
      "data_access": false,
      "effective_action": "drs:GetFailbackLaunchRequestedForDrs",
      "privesc": false,
      "resource_exposure": false
    },
    {
      "access_level": "Read",
      "action": "drs:*",
      "condition": null,
      "credentials_exposure": false,
      "data_access": false,
      "effective_action": "drs:GetFailbackReplicationConfiguration",
      "privesc": false,
      "resource_exposure": false
    },
    {
      "access_level": "Read",
      "action": "drs:*",
      "condition": null,
      "credentials_exposure": false,
      "data_access": false,
      "effective_action": "drs:GetLaunchConfiguration",
      "privesc": false,
      "resource_exposure": false
    },
    {
      "access_level": "Read",
      "action": "drs:*",
      "condition": null,
      "credentials_exposure": false,
      "data_access": false,
      "effective_action": "drs:GetReplicationConfiguration",
      "privesc": false,
      "resource_exposure": false
    },
    {
      "access_level": "Read",
      "action": "drs:*",
      "condition": null,
      "credentials_exposure": false,
      "data_access": false,
      "effective_action": "drs:GetSuggestedFailbackClientDeviceMappingForDrs",
      "privesc": false,
      "resource_exposure": false
    },
    {
      "access_level": "Write",
      "action": "drs:*",
      "condition": null,
      "credentials_exposure": false,
      "data_access": false,
      "effective_action": "drs:InitializeService",
      "privesc": false,
      "resource_exposure": false
    },
    {
      "access_level": "Write",
      "action": "drs:*",
      "condition": null,
      "credentials_exposure": false,
      "data_access": false,
      "effective_action": "drs:IssueAgentCertificateForDrs",
      "privesc": false,
      "resource_exposure": false
    },
    {
      "access_level": "Read",
      "action": "drs:*",
      "condition": null,
      "credentials_exposure": false,
      "data_access": false,
      "effective_action": "drs:ListExtensibleSourceServers",
      "privesc": false,
      "resource_exposure": false
    },
    {
      "access_level": "Read",
      "action": "drs:*",
      "condition": null,
      "credentials_exposure": false,
      "data_access": false,
      "effective_action": "drs:ListLaunchActions",
      "privesc": false,
      "resource_exposure": false
    },
    {
      "access_level": "Read",
      "action": "drs:*",
      "condition": null,
      "credentials_exposure": false,
      "data_access": false,
      "effective_action": "drs:ListStagingAccounts",
      "privesc": false,
      "resource_exposure": false
    },
    {
      "access_level": "Read",
      "action": "drs:*",
      "condition": null,
      "credentials_exposure": false,
      "data_access": false,
      "effective_action": "drs:ListTagsForResource",
      "privesc": false,
      "resource_exposure": false
    },
    {
      "access_level": "Write",
      "action": "drs:*",
      "condition": null,
      "credentials_exposure": false,
      "data_access": false,
      "effective_action": "drs:NotifyAgentAuthenticationForDrs",
      "privesc": false,
      "resource_exposure": false
    },
    {
      "access_level": "Write",
      "action": "drs:*",
      "condition": null,
      "credentials_exposure": false,
      "data_access": false,
      "effective_action": "drs:NotifyAgentConnectedForDrs",
      "privesc": false,
      "resource_exposure": false
    },
    {
      "access_level": "Write",
      "action": "drs:*",
      "condition": null,
      "credentials_exposure": false,
      "data_access": false,
      "effective_action": "drs:NotifyAgentDisconnectedForDrs",
      "privesc": false,
      "resource_exposure": false
    },
    {
      "access_level": "Write",
      "action": "drs:*",
      "condition": null,
      "credentials_exposure": false,
      "data_access": false,
      "effective_action": "drs:NotifyAgentReplicationProgressForDrs",
      "privesc": false,
      "resource_exposure": false
    },
    {
      "access_level": "Write",
      "action": "drs:*",
      "condition": null,
      "credentials_exposure": false,
      "data_access": false,
      "effective_action": "drs:NotifyConsistencyAttainedForDrs",
      "privesc": false,
      "resource_exposure": false
    },
    {
      "access_level": "Write",
      "action": "drs:*",
      "condition": null,
      "credentials_exposure": false,
      "data_access": false,
      "effective_action": "drs:NotifyReplicationServerAuthenticationForDrs",
      "privesc": false,
      "resource_exposure": false
    },
    {
      "access_level": "Write",
      "action": "drs:*",
      "condition": null,
      "credentials_exposure": false,
      "data_access": false,
      "effective_action": "drs:NotifyVolumeEventForDrs",
      "privesc": false,
      "resource_exposure": false
    },
    {
      "access_level": "Write",
      "action": "drs:*",
      "condition": null,
      "credentials_exposure": false,
      "data_access": false,
      "effective_action": "drs:PutLaunchAction",
      "privesc": false,
      "resource_exposure": false
    },
    {
      "access_level": "Write",
      "action": "drs:*",
      "condition": null,
      "credentials_exposure": false,
      "data_access": false,
      "effective_action": "drs:RetryDataReplication",
      "privesc": false,
      "resource_exposure": false
    },
    {
      "access_level": "Write",
      "action": "drs:*",
      "condition": null,
      "credentials_exposure": false,
      "data_access": false,
      "effective_action": "drs:ReverseReplication",
      "privesc": false,
      "resource_exposure": false
    },
    {
      "access_level": "Write",
      "action": "drs:*",
      "condition": null,
      "credentials_exposure": false,
      "data_access": false,
      "effective_action": "drs:SendAgentLogsForDrs",
      "privesc": false,
      "resource_exposure": false
    },
    {
      "access_level": "Write",
      "action": "drs:*",
      "condition": null,
      "credentials_exposure": false,
      "data_access": false,
      "effective_action": "drs:SendAgentMetricsForDrs",
      "privesc": false,
      "resource_exposure": false
    },
    {
      "access_level": "Write",
      "action": "drs:*",
      "condition": null,
      "credentials_exposure": false,
      "data_access": false,
      "effective_action": "drs:SendChannelCommandResultForDrs",
      "privesc": false,
      "resource_exposure": false
    },
    {
      "access_level": "Write",
      "action": "drs:*",
      "condition": null,
      "credentials_exposure": false,
      "data_access": false,
      "effective_action": "drs:SendClientLogsForDrs",
      "privesc": false,
      "resource_exposure": false
    },
    {
      "access_level": "Write",
      "action": "drs:*",
      "condition": null,
      "credentials_exposure": false,
      "data_access": false,
      "effective_action": "drs:SendClientMetricsForDrs",
      "privesc": false,
      "resource_exposure": false
    },
    {
      "access_level": "Write",
      "action": "drs:*",
      "condition": null,
      "credentials_exposure": false,
      "data_access": false,
      "effective_action": "drs:SendVolumeStatsForDrs",
      "privesc": false,
      "resource_exposure": false
    },
    {
      "access_level": "Write",
      "action": "drs:*",
      "condition": null,
      "credentials_exposure": false,
      "data_access": false,
      "effective_action": "drs:StartFailbackLaunch",
      "privesc": false,
      "resource_exposure": false
    },
    {
      "access_level": "Write",
      "action": "drs:*",
      "condition": null,
      "credentials_exposure": false,
      "data_access": false,
      "effective_action": "drs:StartRecovery",
      "privesc": false,
      "resource_exposure": false
    },
    {
      "access_level": "Write",
      "action": "drs:*",
      "condition": null,
      "credentials_exposure": false,
      "data_access": false,
      "effective_action": "drs:StartReplication",
      "privesc": false,
      "resource_exposure": false
    },
    {
      "access_level": "Write",
      "action": "drs:*",
      "condition": null,
      "credentials_exposure": false,
      "data_access": false,
      "effective_action": "drs:StartSourceNetworkRecovery",
      "privesc": false,
      "resource_exposure": false
    },
    {
      "access_level": "Write",
      "action": "drs:*",
      "condition": null,
      "credentials_exposure": false,
      "data_access": false,
      "effective_action": "drs:StartSourceNetworkReplication",
      "privesc": false,
      "resource_exposure": false
    },
    {
      "access_level": "Write",
      "action": "drs:*",
      "condition": null,
      "credentials_exposure": false,
      "data_access": false,
      "effective_action": "drs:StopFailback",
      "privesc": false,
      "resource_exposure": false
    },
    {
      "access_level": "Write",
      "action": "drs:*",
      "condition": null,
      "credentials_exposure": false,
      "data_access": false,
      "effective_action": "drs:StopReplication",
      "privesc": false,
      "resource_exposure": false
    },
    {
      "access_level": "Write",
      "action": "drs:*",
      "condition": null,
      "credentials_exposure": false,
      "data_access": false,
      "effective_action": "drs:StopSourceNetworkReplication",
      "privesc": false,
      "resource_exposure": false
    },
    {
      "access_level": "Tagging",
      "action": "drs:*",
      "condition": null,
      "credentials_exposure": false,
      "data_access": false,
      "effective_action": "drs:TagResource",
      "privesc": false,
      "resource_exposure": false
    },
    {
      "access_level": "Write",
      "action": "drs:*",
      "condition": null,
      "credentials_exposure": false,
      "data_access": false,
      "effective_action": "drs:TerminateRecoveryInstances",
      "privesc": false,
      "resource_exposure": false
    },
    {
      "access_level": "Tagging",
      "action": "drs:*",
      "condition": null,
      "credentials_exposure": false,
      "data_access": false,
      "effective_action": "drs:UntagResource",
      "privesc": false,
      "resource_exposure": false
    },
    {
      "access_level": "Write",
      "action": "drs:*",
      "condition": null,
      "credentials_exposure": false,
      "data_access": false,
      "effective_action": "drs:UpdateAgentBacklogForDrs",
      "privesc": false,
      "resource_exposure": false
    },
    {
      "access_level": "Write",
      "action": "drs:*",
      "condition": null,
      "credentials_exposure": false,
      "data_access": false,
      "effective_action": "drs:UpdateAgentConversionInfoForDrs",
      "privesc": false,
      "resource_exposure": false
    },
    {
      "access_level": "Write",
      "action": "drs:*",
      "condition": null,
      "credentials_exposure": false,
      "data_access": false,
      "effective_action": "drs:UpdateAgentReplicationInfoForDrs",
      "privesc": false,
      "resource_exposure": false
    },
    {
      "access_level": "Write",
      "action": "drs:*",
      "condition": null,
      "credentials_exposure": false,
      "data_access": false,
      "effective_action": "drs:UpdateAgentReplicationProcessStateForDrs",
      "privesc": false,
      "resource_exposure": false
    },
    {
      "access_level": "Write",
      "action": "drs:*",
      "condition": null,
      "credentials_exposure": false,
      "data_access": false,
      "effective_action": "drs:UpdateAgentSourcePropertiesForDrs",
      "privesc": false,
      "resource_exposure": false
    },
    {
      "access_level": "Write",
      "action": "drs:*",
      "condition": null,
      "credentials_exposure": false,
      "data_access": false,
      "effective_action": "drs:UpdateFailbackClientDeviceMappingForDrs",
      "privesc": false,
      "resource_exposure": false
    },
    {
      "access_level": "Write",
      "action": "drs:*",
      "condition": null,
      "credentials_exposure": false,
      "data_access": false,
      "effective_action": "drs:UpdateFailbackClientLastSeenForDrs",
      "privesc": false,
      "resource_exposure": false
    },
    {
      "access_level": "Write",
      "action": "drs:*",
      "condition": null,
      "credentials_exposure": false,
      "data_access": false,
      "effective_action": "drs:UpdateFailbackReplicationConfiguration",
      "privesc": false,
      "resource_exposure": false
    },
    {
      "access_level": "Write",
      "action": "drs:*",
      "condition": null,
      "credentials_exposure": false,
      "data_access": false,
      "effective_action": "drs:UpdateLaunchConfiguration",
      "privesc": false,
      "resource_exposure": false
    },
    {
      "access_level": "Write",
      "action": "drs:*",
      "condition": null,
      "credentials_exposure": false,
      "data_access": false,
      "effective_action": "drs:UpdateLaunchConfigurationTemplate",
      "privesc": false,
      "resource_exposure": false
    },
    {
      "access_level": "Write",
      "action": "drs:*",
      "condition": null,
      "credentials_exposure": false,
      "data_access": false,
      "effective_action": "drs:UpdateReplicationCertificateForDrs",
      "privesc": false,
      "resource_exposure": false
    },
    {
      "access_level": "Write",
      "action": "drs:*",
      "condition": null,
      "credentials_exposure": false,
      "data_access": false,
      "effective_action": "drs:UpdateReplicationConfiguration",
      "privesc": false,
      "resource_exposure": false
    },
    {
      "access_level": "Write",
      "action": "drs:*",
      "condition": null,
      "credentials_exposure": false,
      "data_access": false,
      "effective_action": "drs:UpdateReplicationConfigurationTemplate",
      "privesc": false,
      "resource_exposure": false
    },
    {
      "access_level": "List",
      "action": "kms:ListAliases",
      "condition": null,
      "credentials_exposure": false,
      "data_access": false,
      "effective_action": "kms:ListAliases",
      "privesc": false,
      "resource_exposure": false
    },
    {
      "access_level": "Read",
      "action": "kms:DescribeKey",
      "condition": null,
      "credentials_exposure": false,
      "data_access": false,
      "effective_action": "kms:DescribeKey",
      "privesc": false,
      "resource_exposure": false
    },
    {
      "access_level": "List",
      "action": "ec2:DescribeAccountAttributes",
      "condition": null,
      "credentials_exposure": false,
      "data_access": false,
      "effective_action": "ec2:DescribeAccountAttributes",
      "privesc": false,
      "resource_exposure": false
    },
    {
      "access_level": "List",
      "action": "ec2:DescribeAvailabilityZones",
      "condition": null,
      "credentials_exposure": false,
      "data_access": false,
      "effective_action": "ec2:DescribeAvailabilityZones",
      "privesc": false,
      "resource_exposure": false
    },
    {
      "access_level": "List",
      "action": "ec2:DescribeImages",
      "condition": null,
      "credentials_exposure": false,
      "data_access": false,
      "effective_action": "ec2:DescribeImages",
      "privesc": false,
      "resource_exposure": false
    },
    {
      "access_level": "List",
      "action": "ec2:DescribeInstances",
      "condition": null,
      "credentials_exposure": false,
      "data_access": false,
      "effective_action": "ec2:DescribeInstances",
      "privesc": false,
      "resource_exposure": false
    },
    {
      "access_level": "List",
      "action": "ec2:DescribeInstanceTypes",
      "condition": null,
      "credentials_exposure": false,
      "data_access": false,
      "effective_action": "ec2:DescribeInstanceTypes",
      "privesc": false,
      "resource_exposure": false
    },
    {
      "access_level": "List",
      "action": "ec2:DescribeInstanceAttribute",
      "condition": null,
      "credentials_exposure": false,
      "data_access": false,
      "effective_action": "ec2:DescribeInstanceAttribute",
      "privesc": false,
      "resource_exposure": false
    },
    {
      "access_level": "List",
      "action": "ec2:DescribeInstanceStatus",
      "condition": null,
      "credentials_exposure": false,
      "data_access": false,
      "effective_action": "ec2:DescribeInstanceStatus",
      "privesc": false,
      "resource_exposure": false
    },
    {
      "access_level": "List",
      "action": "ec2:DescribeInstanceTypeOfferings",
      "condition": null,
      "credentials_exposure": false,
      "data_access": false,
      "effective_action": "ec2:DescribeInstanceTypeOfferings",
      "privesc": false,
      "resource_exposure": false
    },
    {
      "access_level": "List",
      "action": "ec2:DescribeLaunchTemplateVersions",
      "condition": null,
      "credentials_exposure": false,
      "data_access": false,
      "effective_action": "ec2:DescribeLaunchTemplateVersions",
      "privesc": false,
      "resource_exposure": false
    },
    {
      "access_level": "List",
      "action": "ec2:DescribeLaunchTemplates",
      "condition": null,
      "credentials_exposure": false,
      "data_access": false,
      "effective_action": "ec2:DescribeLaunchTemplates",
      "privesc": false,
      "resource_exposure": false
    },
    {
      "access_level": "List",
      "action": "ec2:DescribeSecurityGroups",
      "condition": null,
      "credentials_exposure": false,
      "data_access": false,
      "effective_action": "ec2:DescribeSecurityGroups",
      "privesc": false,
      "resource_exposure": false
    },
    {
      "access_level": "List",
      "action": "ec2:DescribeSnapshots",
      "condition": null,
      "credentials_exposure": false,
      "data_access": false,
      "effective_action": "ec2:DescribeSnapshots",
      "privesc": false,
      "resource_exposure": false
    },
    {
      "access_level": "List",
      "action": "ec2:DescribeSubnets",
      "condition": null,
      "credentials_exposure": false,
      "data_access": false,
      "effective_action": "ec2:DescribeSubnets",
      "privesc": false,
      "resource_exposure": false
    },
    {
      "access_level": "List",
      "action": "ec2:DescribeVolumes",
      "condition": null,
      "credentials_exposure": false,
      "data_access": false,
      "effective_action": "ec2:DescribeVolumes",
      "privesc": false,
      "resource_exposure": false
    },
    {
      "access_level": "Read",
      "action": "ec2:GetEbsEncryptionByDefault",
      "condition": null,
      "credentials_exposure": false,
      "data_access": false,
      "effective_action": "ec2:GetEbsEncryptionByDefault",
      "privesc": false,
      "resource_exposure": false
    },
    {
      "access_level": "Read",
      "action": "ec2:GetEbsDefaultKmsKeyId",
      "condition": null,
      "credentials_exposure": false,
      "data_access": false,
      "effective_action": "ec2:GetEbsDefaultKmsKeyId",
      "privesc": false,
      "resource_exposure": false
    },
    {
      "access_level": "List",
      "action": "ec2:DescribeKeyPairs",
      "condition": null,
      "credentials_exposure": false,
      "data_access": false,
      "effective_action": "ec2:DescribeKeyPairs",
      "privesc": false,
      "resource_exposure": false
    },
    {
      "access_level": "List",
      "action": "ec2:DescribeCapacityReservations",
      "condition": null,
      "credentials_exposure": false,
      "data_access": false,
      "effective_action": "ec2:DescribeCapacityReservations",
      "privesc": false,
      "resource_exposure": false
    },
    {
      "access_level": "List",
      "action": "ec2:DescribeHosts",
      "condition": null,
      "credentials_exposure": false,
      "data_access": false,
      "effective_action": "ec2:DescribeHosts",
      "privesc": false,
      "resource_exposure": false
    },
    {
      "access_level": "List",
      "action": "ec2:GetInstanceTypesFromInstanceRequirements",
      "condition": null,
      "credentials_exposure": false,
      "data_access": false,
      "effective_action": "ec2:GetInstanceTypesFromInstanceRequirements",
      "privesc": false,
      "resource_exposure": false
    },
    {
      "access_level": "Read",
      "action": "license-manager:ListLicenseConfigurations",
      "condition": null,
      "credentials_exposure": false,
      "data_access": false,
      "effective_action": "license-manager:ListLicenseConfigurations",
      "privesc": false,
      "resource_exposure": false
    },
    {
      "access_level": "List",
      "action": "resource-groups:ListGroups",
      "condition": null,
      "credentials_exposure": false,
      "data_access": false,
      "effective_action": "resource-groups:ListGroups",
      "privesc": false,
      "resource_exposure": false
    },
    {
      "access_level": "List",
      "action": "elasticloadbalancing:DescribeLoadBalancers",
      "condition": null,
      "credentials_exposure": false,
      "data_access": false,
      "effective_action": "elasticloadbalancing:DescribeLoadBalancers",
      "privesc": false,
      "resource_exposure": false
    },
    {
      "access_level": "List",
      "action": "iam:ListInstanceProfiles",
      "condition": null,
      "credentials_exposure": false,
      "data_access": false,
      "effective_action": "iam:ListInstanceProfiles",
      "privesc": false,
      "resource_exposure": false
    },
    {
      "access_level": "List",
      "action": "iam:ListRoles",
      "condition": null,
      "credentials_exposure": false,
      "data_access": false,
      "effective_action": "iam:ListRoles",
      "privesc": false,
      "resource_exposure": false
    },
    {
      "access_level": "Permissions management",
      "action": "iam:PassRole",
      "condition": {
        "StringEquals": {
          "iam:PassedToService": "ec2.amazonaws.com"
        }
      },
      "credentials_exposure": false,
      "data_access": false,
      "effective_action": "iam:PassRole",
      "privesc": true,
      "resource_exposure": true
    },
    {
      "access_level": "Write",
      "action": "ec2:DeleteSnapshot",
      "condition": {
        "Bool": {
          "aws:ViaAWSService": "true"
        },
        "Null": {
          "aws:ResourceTag/AWSElasticDisasterRecoveryManaged": "false"
        }
      },
      "credentials_exposure": false,
      "data_access": false,
      "effective_action": "ec2:DeleteSnapshot",
      "privesc": false,
      "resource_exposure": false
    },
    {
      "access_level": "Write",
      "action": "ec2:CreateLaunchTemplateVersion",
      "condition": {
        "Null": {
          "aws:ResourceTag/AWSElasticDisasterRecoveryManaged": "false"
        }
      },
      "credentials_exposure": false,
      "data_access": false,
      "effective_action": "ec2:CreateLaunchTemplateVersion",
      "privesc": false,
      "resource_exposure": false
    },
    {
      "access_level": "Write",
      "action": "ec2:ModifyLaunchTemplate",
      "condition": {
        "Null": {
          "aws:ResourceTag/AWSElasticDisasterRecoveryManaged": "false"
        }
      },
      "credentials_exposure": false,
      "data_access": false,
      "effective_action": "ec2:ModifyLaunchTemplate",
      "privesc": false,
      "resource_exposure": false
    },
    {
      "access_level": "Write",
      "action": "ec2:DeleteLaunchTemplateVersions",
      "condition": {
        "Null": {
          "aws:ResourceTag/AWSElasticDisasterRecoveryManaged": "false"
        }
      },
      "credentials_exposure": false,
      "data_access": false,
      "effective_action": "ec2:DeleteLaunchTemplateVersions",
      "privesc": false,
      "resource_exposure": false
    },
    {
      "access_level": "Tagging",
      "action": "ec2:CreateTags",
      "condition": {
        "Null": {
          "aws:ResourceTag/AWSElasticDisasterRecoveryManaged": "false"
        }
      },
      "credentials_exposure": false,
      "data_access": false,
      "effective_action": "ec2:CreateTags",
      "privesc": false,
      "resource_exposure": false
    },
    {
      "access_level": "Tagging",
      "action": "ec2:DeleteTags",
      "condition": {
        "Null": {
          "aws:ResourceTag/AWSElasticDisasterRecoveryManaged": "false"
        }
      },
      "credentials_exposure": false,
      "data_access": false,
      "effective_action": "ec2:DeleteTags",
      "privesc": false,
      "resource_exposure": false
    },
    {
      "access_level": "Write",
      "action": "ec2:CreateLaunchTemplate",
      "condition": {
        "Null": {
          "aws:RequestTag/AWSElasticDisasterRecoveryManaged": "false"
        }
      },
      "credentials_exposure": false,
      "data_access": false,
      "effective_action": "ec2:CreateLaunchTemplate",
      "privesc": false,
      "resource_exposure": false
    },
    {
      "access_level": "Write",
      "action": "ec2:DeleteVolume",
      "condition": {
        "Bool": {
          "aws:ViaAWSService": "true"
        },
        "Null": {
          "aws:ResourceTag/AWSElasticDisasterRecoveryManaged": "false"
        }
      },
      "credentials_exposure": false,
      "data_access": false,
      "effective_action": "ec2:DeleteVolume",
      "privesc": false,
      "resource_exposure": false
    },
    {
      "access_level": "Write",
      "action": "ec2:StartInstances",
      "condition": {
        "Bool": {
          "aws:ViaAWSService": "true"
        },
        "Null": {
          "aws:ResourceTag/AWSElasticDisasterRecoveryManaged": "false"
        }
      },
      "credentials_exposure": false,
      "data_access": false,
      "effective_action": "ec2:StartInstances",
      "privesc": false,
      "resource_exposure": false
    },
    {
      "access_level": "Write",
      "action": "ec2:StopInstances",
      "condition": {
        "Bool": {
          "aws:ViaAWSService": "true"
        },
        "Null": {
          "aws:ResourceTag/AWSElasticDisasterRecoveryManaged": "false"
        }
      },
      "credentials_exposure": false,
      "data_access": false,
      "effective_action": "ec2:StopInstances",
      "privesc": false,
      "resource_exposure": false
    },
    {
      "access_level": "Write",
      "action": "ec2:TerminateInstances",
      "condition": {
        "Bool": {
          "aws:ViaAWSService": "true"
        },
        "Null": {
          "aws:ResourceTag/AWSElasticDisasterRecoveryManaged": "false"
        }
      },
      "credentials_exposure": false,
      "data_access": false,
      "effective_action": "ec2:TerminateInstances",
      "privesc": false,
      "resource_exposure": false
    },
    {
      "access_level": "Write",
      "action": "ec2:ModifyInstanceAttribute",
      "condition": {
        "Bool": {
          "aws:ViaAWSService": "true"
        },
        "Null": {
          "aws:ResourceTag/AWSElasticDisasterRecoveryManaged": "false"
        }
      },
      "credentials_exposure": false,
      "data_access": false,
      "effective_action": "ec2:ModifyInstanceAttribute",
      "privesc": false,
      "resource_exposure": false
    },
    {
      "access_level": "Read",
      "action": "ec2:GetConsoleOutput",
      "condition": {
        "Bool": {
          "aws:ViaAWSService": "true"
        },
        "Null": {
          "aws:ResourceTag/AWSElasticDisasterRecoveryManaged": "false"
        }
      },
      "credentials_exposure": false,
      "data_access": false,
      "effective_action": "ec2:GetConsoleOutput",
      "privesc": false,
      "resource_exposure": false
    },
    {
      "access_level": "Read",
      "action": "ec2:GetConsoleScreenshot",
      "condition": {
        "Bool": {
          "aws:ViaAWSService": "true"
        },
        "Null": {
          "aws:ResourceTag/AWSElasticDisasterRecoveryManaged": "false"
        }
      },
      "credentials_exposure": false,
      "data_access": false,
      "effective_action": "ec2:GetConsoleScreenshot",
      "privesc": false,
      "resource_exposure": false
    },
    {
      "access_level": "Write",
      "action": "ec2:RevokeSecurityGroupEgress",
      "condition": {
        "Bool": {
          "aws:ViaAWSService": "true"
        },
        "Null": {
          "aws:ResourceTag/AWSElasticDisasterRecoveryManaged": "false"
        }
      },
      "credentials_exposure": false,
      "data_access": false,
      "effective_action": "ec2:RevokeSecurityGroupEgress",
      "privesc": false,
      "resource_exposure": false
    },
    {
      "access_level": "Write",
      "action": "ec2:AuthorizeSecurityGroupIngress",
      "condition": {
        "Bool": {
          "aws:ViaAWSService": "true"
        },
        "Null": {
          "aws:ResourceTag/AWSElasticDisasterRecoveryManaged": "false"
        }
      },
      "credentials_exposure": false,
      "data_access": false,
      "effective_action": "ec2:AuthorizeSecurityGroupIngress",
      "privesc": false,
      "resource_exposure": false
    },
    {
      "access_level": "Write",
      "action": "ec2:AuthorizeSecurityGroupEgress",
      "condition": {
        "Bool": {
          "aws:ViaAWSService": "true"
        },
        "Null": {
          "aws:ResourceTag/AWSElasticDisasterRecoveryManaged": "false"
        }
      },
      "credentials_exposure": false,
      "data_access": false,
      "effective_action": "ec2:AuthorizeSecurityGroupEgress",
      "privesc": false,
      "resource_exposure": false
    },
    {
      "access_level": "Write",
      "action": "ec2:CreateVolume",
      "condition": {
        "Bool": {
          "aws:ViaAWSService": "true"
        },
        "Null": {
          "aws:RequestTag/AWSElasticDisasterRecoveryManaged": "false"
        }
      },
      "credentials_exposure": false,
      "data_access": false,
      "effective_action": "ec2:CreateVolume",
      "privesc": false,
      "resource_exposure": false
    },
    {
      "access_level": "Write",
      "action": "ec2:CreateSecurityGroup",
      "condition": null,
      "credentials_exposure": false,
      "data_access": false,
      "effective_action": "ec2:CreateSecurityGroup",
      "privesc": false,
      "resource_exposure": false
    },
    {
      "access_level": "Write",
      "action": "ec2:CreateSecurityGroup",
      "condition": {
        "Bool": {
          "aws:ViaAWSService": "true"
        },
        "Null": {
          "aws:RequestTag/AWSElasticDisasterRecoveryManaged": "false"
        }
      },
      "credentials_exposure": false,
      "data_access": false,
      "effective_action": "ec2:CreateSecurityGroup",
      "privesc": false,
      "resource_exposure": false
    },
    {
      "access_level": "Write",
      "action": "ec2:CreateSnapshot",
      "condition": {
        "Bool": {
          "aws:ViaAWSService": "true"
        },
        "Null": {
          "ec2:ResourceTag/AWSElasticDisasterRecoveryManaged": "false"
        }
      },
      "credentials_exposure": false,
      "data_access": false,
      "effective_action": "ec2:CreateSnapshot",
      "privesc": false,
      "resource_exposure": false
    },
    {
      "access_level": "Write",
      "action": "ec2:CreateSnapshot",
      "condition": {
        "Bool": {
          "aws:ViaAWSService": "true"
        },
        "Null": {
          "aws:RequestTag/AWSElasticDisasterRecoveryManaged": "false"
        }
      },
      "credentials_exposure": false,
      "data_access": false,
      "effective_action": "ec2:CreateSnapshot",
      "privesc": false,
      "resource_exposure": false
    },
    {
      "access_level": "Write",
      "action": "ec2:DetachVolume",
      "condition": {
        "Bool": {
          "aws:ViaAWSService": "true"
        },
        "Null": {
          "ec2:ResourceTag/AWSElasticDisasterRecoveryManaged": "false"
        }
      },
      "credentials_exposure": false,
      "data_access": false,
      "effective_action": "ec2:DetachVolume",
      "privesc": false,
      "resource_exposure": false
    },
    {
      "access_level": "Write",
      "action": "ec2:AttachVolume",
      "condition": {
        "Bool": {
          "aws:ViaAWSService": "true"
        },
        "Null": {
          "ec2:ResourceTag/AWSElasticDisasterRecoveryManaged": "false"
        }
      },
      "credentials_exposure": false,
      "data_access": false,
      "effective_action": "ec2:AttachVolume",
      "privesc": false,
      "resource_exposure": false
    },
    {
      "access_level": "Write",
      "action": "ec2:DetachVolume",
      "condition": {
        "ForAnyValue:StringEquals": {
          "aws:CalledVia": [
            "drs.amazonaws.com"
          ]
        },
        "StringEquals": {
          "ec2:ResourceTag/AWSDRS": "AllowLaunchingIntoThisInstance"
        }
      },
      "credentials_exposure": false,
      "data_access": false,
      "effective_action": "ec2:DetachVolume",
      "privesc": false,
      "resource_exposure": false
    },
    {
      "access_level": "Write",
      "action": "ec2:AttachVolume",
      "condition": {
        "ForAnyValue:StringEquals": {
          "aws:CalledVia": [
            "drs.amazonaws.com"
          ]
        },
        "StringEquals": {
          "ec2:ResourceTag/AWSDRS": "AllowLaunchingIntoThisInstance"
        }
      },
      "credentials_exposure": false,
      "data_access": false,
      "effective_action": "ec2:AttachVolume",
      "privesc": false,
      "resource_exposure": false
    },
    {
      "access_level": "Write",
      "action": "ec2:StartInstances",
      "condition": {
        "ForAnyValue:StringEquals": {
          "aws:CalledVia": [
            "drs.amazonaws.com"
          ]
        },
        "StringEquals": {
          "ec2:ResourceTag/AWSDRS": "AllowLaunchingIntoThisInstance"
        }
      },
      "credentials_exposure": false,
      "data_access": false,
      "effective_action": "ec2:StartInstances",
      "privesc": false,
      "resource_exposure": false
    },
    {
      "access_level": "Read",
      "action": "ec2:GetConsoleOutput",
      "condition": {
        "ForAnyValue:StringEquals": {
          "aws:CalledVia": [
            "drs.amazonaws.com"
          ]
        },
        "StringEquals": {
          "ec2:ResourceTag/AWSDRS": "AllowLaunchingIntoThisInstance"
        }
      },
      "credentials_exposure": false,
      "data_access": false,
      "effective_action": "ec2:GetConsoleOutput",
      "privesc": false,
      "resource_exposure": false
    },
    {
      "access_level": "Read",
      "action": "ec2:GetConsoleScreenshot",
      "condition": {
        "ForAnyValue:StringEquals": {
          "aws:CalledVia": [
            "drs.amazonaws.com"
          ]
        },
        "StringEquals": {
          "ec2:ResourceTag/AWSDRS": "AllowLaunchingIntoThisInstance"
        }
      },
      "credentials_exposure": false,
      "data_access": false,
      "effective_action": "ec2:GetConsoleScreenshot",
      "privesc": false,
      "resource_exposure": false
    },
    {
      "access_level": "Write",
      "action": "ec2:AttachVolume",
      "condition": {
        "Bool": {
          "aws:ViaAWSService": "true"
        },
        "Null": {
          "ec2:ResourceTag/AWSElasticDisasterRecoveryManaged": "false"
        }
      },
      "credentials_exposure": false,
      "data_access": false,
      "effective_action": "ec2:AttachVolume",
      "privesc": false,
      "resource_exposure": false
    },
    {
      "access_level": "Write",
      "action": "ec2:DetachVolume",
      "condition": {
        "Bool": {
          "aws:ViaAWSService": "true"
        }
      },
      "credentials_exposure": false,
      "data_access": false,
      "effective_action": "ec2:DetachVolume",
      "privesc": false,
      "resource_exposure": false
    },
    {
      "access_level": "Write",
      "action": "ec2:RunInstances",
      "condition": {
        "Bool": {
          "aws:ViaAWSService": "true"
        },
        "Null": {
          "aws:RequestTag/AWSElasticDisasterRecoveryManaged": "false"
        }
      },
      "credentials_exposure": false,
      "data_access": false,
      "effective_action": "ec2:RunInstances",
      "privesc": false,
      "resource_exposure": false
    },
    {
      "access_level": "Write",
      "action": "ec2:RunInstances",
      "condition": {
        "Bool": {
          "aws:ViaAWSService": "true"
        }
      },
      "credentials_exposure": false,
      "data_access": false,
      "effective_action": "ec2:RunInstances",
      "privesc": false,
      "resource_exposure": false
    },
    {
      "access_level": "Tagging",
      "action": "ec2:CreateTags",
      "condition": {
        "Bool": {
          "aws:ViaAWSService": "true"
        },
        "StringEquals": {
          "ec2:CreateAction": [
            "CreateSecurityGroup",
            "CreateVolume",
            "CreateSnapshot",
            "RunInstances",
            "CreateNetworkInterface"
          ]
        }
      },
      "credentials_exposure": false,
      "data_access": false,
      "effective_action": "ec2:CreateTags",
      "privesc": false,
      "resource_exposure": false
    },
    {
      "access_level": "Tagging",
      "action": "ec2:CreateTags",
      "condition": {
        "StringEquals": {
          "ec2:CreateAction": [
            "CreateLaunchTemplate"
          ]
        }
      },
      "credentials_exposure": false,
      "data_access": false,
      "effective_action": "ec2:CreateTags",
      "privesc": false,
      "resource_exposure": false
    },
    {
      "access_level": "List",
      "action": "cloudformation:DescribeStacks",
      "condition": null,
      "credentials_exposure": false,
      "data_access": false,
      "effective_action": "cloudformation:DescribeStacks",
      "privesc": false,
      "resource_exposure": false
    },
    {
      "access_level": "List",
      "action": "cloudformation:ListStacks",
      "condition": null,
      "credentials_exposure": false,
      "data_access": false,
      "effective_action": "cloudformation:ListStacks",
      "privesc": false,
      "resource_exposure": false
    },
    {
      "access_level": "Read",
      "action": "s3:GetBucketLocation",
      "condition": null,
      "credentials_exposure": false,
      "data_access": false,
      "effective_action": "s3:GetBucketLocation",
      "privesc": false,
      "resource_exposure": false
    },
    {
      "access_level": "List",
      "action": "s3:ListAllMyBuckets",
      "condition": null,
      "credentials_exposure": false,
      "data_access": false,
      "effective_action": "s3:ListAllMyBuckets",
      "privesc": false,
      "resource_exposure": false
    },
    {
      "access_level": "Read",
      "action": "ssm:DescribeInstanceInformation",
      "condition": {
        "ForAnyValue:StringEquals": {
          "aws:CalledVia": [
            "drs.amazonaws.com"
          ]
        }
      },
      "credentials_exposure": false,
      "data_access": false,
      "effective_action": "ssm:DescribeInstanceInformation",
      "privesc": false,
      "resource_exposure": false
    },
    {
      "access_level": "List",
      "action": "ssm:DescribeParameters",
      "condition": {
        "ForAnyValue:StringEquals": {
          "aws:CalledVia": [
            "drs.amazonaws.com"
          ]
        }
      },
      "credentials_exposure": false,
      "data_access": false,
      "effective_action": "ssm:DescribeParameters",
      "privesc": false,
      "resource_exposure": false
    },
    {
      "access_level": "Write",
      "action": "ssm:SendCommand",
      "condition": {
        "ForAnyValue:StringEquals": {
          "aws:CalledVia": [
            "drs.amazonaws.com"
          ]
        }
      },
      "credentials_exposure": false,
      "data_access": false,
      "effective_action": "ssm:SendCommand",
      "privesc": false,
      "resource_exposure": false
    },
    {
      "access_level": "Write",
      "action": "ssm:StartAutomationExecution",
      "condition": {
        "ForAnyValue:StringEquals": {
          "aws:CalledVia": [
            "drs.amazonaws.com"
          ]
        }
      },
      "credentials_exposure": false,
      "data_access": false,
      "effective_action": "ssm:StartAutomationExecution",
      "privesc": false,
      "resource_exposure": false
    },
    {
      "access_level": "Write",
      "action": "ssm:SendCommand",
      "condition": {
        "ForAnyValue:StringEquals": {
          "aws:CalledVia": [
            "drs.amazonaws.com"
          ]
        },
        "Null": {
          "aws:ResourceTag/AWSElasticDisasterRecoveryManaged": "false"
        }
      },
      "credentials_exposure": false,
      "data_access": false,
      "effective_action": "ssm:SendCommand",
      "privesc": false,
      "resource_exposure": false
    },
    {
      "access_level": "List",
      "action": "ssm:ListDocuments",
      "condition": null,
      "credentials_exposure": false,
      "data_access": false,
      "effective_action": "ssm:ListDocuments",
      "privesc": false,
      "resource_exposure": false
    },
    {
      "access_level": "List",
      "action": "ssm:ListCommandInvocations",
      "condition": null,
      "credentials_exposure": false,
      "data_access": false,
      "effective_action": "ssm:ListCommandInvocations",
      "privesc": false,
      "resource_exposure": false
    },
    {
      "access_level": "Read",
      "action": "ssm:GetParameter",
      "condition": {
        "StringEquals": {
          "aws:ResourceAccount": "${aws:PrincipalAccount}"
        }
      },
      "credentials_exposure": false,
      "data_access": true,
      "effective_action": "ssm:GetParameter",
      "privesc": false,
      "resource_exposure": false
    },
    {
      "access_level": "Write",
      "action": "ssm:PutParameter",
      "condition": {
        "StringEquals": {
          "aws:ResourceAccount": "${aws:PrincipalAccount}"
        }
      },
      "credentials_exposure": false,
      "data_access": false,
      "effective_action": "ssm:PutParameter",
      "privesc": false,
      "resource_exposure": false
    },
    {
      "access_level": "Read",
      "action": "ssm:DescribeDocument",
      "condition": null,
      "credentials_exposure": false,
      "data_access": false,
      "effective_action": "ssm:DescribeDocument",
      "privesc": false,
      "resource_exposure": false
    },
    {
      "access_level": "Read",
      "action": "ssm:GetDocument",
      "condition": null,
      "credentials_exposure": false,
      "data_access": true,
      "effective_action": "ssm:GetDocument",
      "privesc": false,
      "resource_exposure": false
    },
    {
      "access_level": "Read",
      "action": "ssm:GetParameters",
      "condition": {
        "ForAnyValue:StringEquals": {
          "aws:CalledVia": "ssm.amazonaws.com"
        }
      },
      "credentials_exposure": false,
      "data_access": true,
      "effective_action": "ssm:GetParameters",
      "privesc": false,
      "resource_exposure": false
    },
    {
      "access_level": "Read",
      "action": "ssm:GetAutomationExecution",
      "condition": {
        "Null": {
          "aws:ResourceTag/AWSElasticDisasterRecoveryManaged": "false"
        }
      },
      "credentials_exposure": false,
      "data_access": false,
      "effective_action": "ssm:GetAutomationExecution",
      "privesc": false,
      "resource_exposure": false
    },
    {
      "access_level": "Write",
      "action": "ec2:AssociateIamInstanceProfile",
      "condition": {
        "Bool": {
          "aws:ViaAWSService": "true"
        },
        "Null": {
          "aws:ResourceTag/AWSElasticDisasterRecoveryManaged": "false"
        }
      },
      "credentials_exposure": false,
      "data_access": false,
      "effective_action": "ec2:AssociateIamInstanceProfile",
      "privesc": false,
      "resource_exposure": false
    },
    {
      "access_level": "Write",
      "action": "ec2:CreateFleet",
      "condition": {
        "ForAnyValue:StringEquals": {
          "aws:CalledVia": [
            "drs.amazonaws.com"
          ]
        }
      },
      "credentials_exposure": false,
      "data_access": false,
      "effective_action": "ec2:CreateFleet",
      "privesc": false,
      "resource_exposure": false
    },
    {
      "access_level": "Tagging",
      "action": "ec2:CreateTags",
      "condition": {
        "ForAnyValue:StringEquals": {
          "aws:CalledVia": [
            "drs.amazonaws.com"
          ]
        },
        "StringEquals": {
          "ec2:CreateAction": [
            "CreateFleet"
          ]
        }
      },
      "credentials_exposure": false,
      "data_access": false,
      "effective_action": "ec2:CreateTags",
      "privesc": false,
      "resource_exposure": false
    },
    {
      "access_level": "Write",
      "action": "ec2:CreateVolume",
      "condition": {
        "Bool": {
          "aws:ViaAWSService": "true"
        },
        "Null": {
          "aws:ResourceTag/AWSElasticDisasterRecoveryManaged": "false"
        }
      },
      "credentials_exposure": false,
      "data_access": false,
      "effective_action": "ec2:CreateVolume",
      "privesc": false,
      "resource_exposure": false
    },
    {
      "access_level": "Write",
      "action": "ec2:CreateNetworkInterface",
      "condition": {
        "Bool": {
          "aws:ViaAWSService": "true"
        },
        "Null": {
          "aws:RequestTag/AWSElasticDisasterRecoveryManaged": "false"
        }
      },
      "credentials_exposure": false,
      "data_access": false,
      "effective_action": "ec2:CreateNetworkInterface",
      "privesc": false,
      "resource_exposure": false
    },
    {
      "access_level": "Write",
      "action": "ec2:CreateNetworkInterface",
      "condition": null,
      "credentials_exposure": false,
      "data_access": false,
      "effective_action": "ec2:CreateNetworkInterface",
      "privesc": false,
      "resource_exposure": false
    },
    {
      "access_level": "Permissions management",
      "action": "ec2:CreateNetworkInterfacePermission",
      "condition": {
        "Bool": {
          "aws:ViaAWSService": "true"
        },
        "Null": {
          "aws:ResourceTag/AWSElasticDisasterRecoveryManaged": "false"
        }
      },
      "credentials_exposure": false,
      "data_access": false,
      "effective_action": "ec2:CreateNetworkInterfacePermission",
      "privesc": false,
      "resource_exposure": true
    }
  ],
  "grantless": false,
  "malformed": false,
  "name": "AWSElasticDisasterRecoveryConsoleFullAccess_v2",
  "privesc": true,
  "resource_exposure": true,
  "undocumented_actions": false,
  "unknown_actions": [],
  "updatedate": "2025-07-02T15:37:06+00:00",
  "version": "v5"
}