{
  "access_levels": [
    "List",
    "Read",
    "Tagging",
    "Write"
  ],
  "arn": "arn:aws:iam::aws:policy/AWSElementalMediaConnectFullAccess",
  "createdate": "2025-02-12T20:07:07Z",
  "credentials_exposure": false,
  "data_access": false,
  "deprecated": false,
  "document": {
    "Statement": [
      {
        "Action": [
          "mediaconnect:*"
        ],
        "Effect": "Allow",
        "Resource": "*"
      }
    ],
    "Version": "2012-10-17"
  },
  "effective_actions": [
    {
      "access_level": "Write",
      "action": "mediaconnect:*",
      "condition": null,
      "credentials_exposure": false,
      "data_access": false,
      "effective_action": "mediaconnect:AddBridgeOutputs",
      "privesc": false,
      "resource_exposure": false
    },
    {
      "access_level": "Write",
      "action": "mediaconnect:*",
      "condition": null,
      "credentials_exposure": false,
      "data_access": false,
      "effective_action": "mediaconnect:AddBridgeSources",
      "privesc": false,
      "resource_exposure": false
    },
    {
      "access_level": "Write",
      "action": "mediaconnect:*",
      "condition": null,
      "credentials_exposure": false,
      "data_access": false,
      "effective_action": "mediaconnect:AddFlowMediaStreams",
      "privesc": false,
      "resource_exposure": false
    },
    {
      "access_level": "Write",
      "action": "mediaconnect:*",
      "condition": null,
      "credentials_exposure": false,
      "data_access": false,
      "effective_action": "mediaconnect:AddFlowOutputs",
      "privesc": false,
      "resource_exposure": false
    },
    {
      "access_level": "Write",
      "action": "mediaconnect:*",
      "condition": null,
      "credentials_exposure": false,
      "data_access": false,
      "effective_action": "mediaconnect:AddFlowSources",
      "privesc": false,
      "resource_exposure": false
    },
    {
      "access_level": "Write",
      "action": "mediaconnect:*",
      "condition": null,
      "credentials_exposure": false,
      "data_access": false,
      "effective_action": "mediaconnect:AddFlowVpcInterfaces",
      "privesc": false,
      "resource_exposure": false
    },
    {
      "access_level": "Write",
      "action": "mediaconnect:*",
      "condition": null,
      "credentials_exposure": false,
      "data_access": false,
      "effective_action": "mediaconnect:CreateBridge",
      "privesc": false,
      "resource_exposure": false
    },
    {
      "access_level": "Write",
      "action": "mediaconnect:*",
      "condition": null,
      "credentials_exposure": false,
      "data_access": false,
      "effective_action": "mediaconnect:CreateFlow",
      "privesc": false,
      "resource_exposure": false
    },
    {
      "access_level": "Write",
      "action": "mediaconnect:*",
      "condition": null,
      "credentials_exposure": false,
      "data_access": false,
      "effective_action": "mediaconnect:CreateGateway",
      "privesc": false,
      "resource_exposure": false
    },
    {
      "access_level": "Write",
      "action": "mediaconnect:*",
      "condition": null,
      "credentials_exposure": false,
      "data_access": false,
      "effective_action": "mediaconnect:DeleteBridge",
      "privesc": false,
      "resource_exposure": false
    },
    {
      "access_level": "Write",
      "action": "mediaconnect:*",
      "condition": null,
      "credentials_exposure": false,
      "data_access": false,
      "effective_action": "mediaconnect:DeleteFlow",
      "privesc": false,
      "resource_exposure": false
    },
    {
      "access_level": "Write",
      "action": "mediaconnect:*",
      "condition": null,
      "credentials_exposure": false,
      "data_access": false,
      "effective_action": "mediaconnect:DeleteGateway",
      "privesc": false,
      "resource_exposure": false
    },
    {
      "access_level": "Write",
      "action": "mediaconnect:*",
      "condition": null,
      "credentials_exposure": false,
      "data_access": false,
      "effective_action": "mediaconnect:DeregisterGatewayInstance",
      "privesc": false,
      "resource_exposure": false
    },
    {
      "access_level": "Read",
      "action": "mediaconnect:*",
      "condition": null,
      "credentials_exposure": false,
      "data_access": false,
      "effective_action": "mediaconnect:DescribeBridge",
      "privesc": false,
      "resource_exposure": false
    },
    {
      "access_level": "Read",
      "action": "mediaconnect:*",
      "condition": null,
      "credentials_exposure": false,
      "data_access": false,
      "effective_action": "mediaconnect:DescribeFlow",
      "privesc": false,
      "resource_exposure": false
    },
    {
      "access_level": "Read",
      "action": "mediaconnect:*",
      "condition": null,
      "credentials_exposure": false,
      "data_access": false,
      "effective_action": "mediaconnect:DescribeFlowSourceMetadata",
      "privesc": false,
      "resource_exposure": false
    },
    {
      "access_level": "Read",
      "action": "mediaconnect:*",
      "condition": null,
      "credentials_exposure": false,
      "data_access": false,
      "effective_action": "mediaconnect:DescribeFlowSourceThumbnail",
      "privesc": false,
      "resource_exposure": false
    },
    {
      "access_level": "Read",
      "action": "mediaconnect:*",
      "condition": null,
      "credentials_exposure": false,
      "data_access": false,
      "effective_action": "mediaconnect:DescribeGateway",
      "privesc": false,
      "resource_exposure": false
    },
    {
      "access_level": "Read",
      "action": "mediaconnect:*",
      "condition": null,
      "credentials_exposure": false,
      "data_access": false,
      "effective_action": "mediaconnect:DescribeGatewayInstance",
      "privesc": false,
      "resource_exposure": false
    },
    {
      "access_level": "Read",
      "action": "mediaconnect:*",
      "condition": null,
      "credentials_exposure": false,
      "data_access": false,
      "effective_action": "mediaconnect:DescribeOffering",
      "privesc": false,
      "resource_exposure": false
    },
    {
      "access_level": "Read",
      "action": "mediaconnect:*",
      "condition": null,
      "credentials_exposure": false,
      "data_access": false,
      "effective_action": "mediaconnect:DescribeReservation",
      "privesc": false,
      "resource_exposure": false
    },
    {
      "access_level": "Write",
      "action": "mediaconnect:*",
      "condition": null,
      "credentials_exposure": false,
      "data_access": false,
      "effective_action": "mediaconnect:DiscoverGatewayPollEndpoint",
      "privesc": false,
      "resource_exposure": false
    },
    {
      "access_level": "Write",
      "action": "mediaconnect:*",
      "condition": null,
      "credentials_exposure": false,
      "data_access": false,
      "effective_action": "mediaconnect:GrantFlowEntitlements",
      "privesc": false,
      "resource_exposure": false
    },
    {
      "access_level": "List",
      "action": "mediaconnect:*",
      "condition": null,
      "credentials_exposure": false,
      "data_access": false,
      "effective_action": "mediaconnect:ListBridges",
      "privesc": false,
      "resource_exposure": false
    },
    {
      "access_level": "List",
      "action": "mediaconnect:*",
      "condition": null,
      "credentials_exposure": false,
      "data_access": false,
      "effective_action": "mediaconnect:ListEntitlements",
      "privesc": false,
      "resource_exposure": false
    },
    {
      "access_level": "List",
      "action": "mediaconnect:*",
      "condition": null,
      "credentials_exposure": false,
      "data_access": false,
      "effective_action": "mediaconnect:ListFlows",
      "privesc": false,
      "resource_exposure": false
    },
    {
      "access_level": "List",
      "action": "mediaconnect:*",
      "condition": null,
      "credentials_exposure": false,
      "data_access": false,
      "effective_action": "mediaconnect:ListGatewayInstances",
      "privesc": false,
      "resource_exposure": false
    },
    {
      "access_level": "List",
      "action": "mediaconnect:*",
      "condition": null,
      "credentials_exposure": false,
      "data_access": false,
      "effective_action": "mediaconnect:ListGateways",
      "privesc": false,
      "resource_exposure": false
    },
    {
      "access_level": "List",
      "action": "mediaconnect:*",
      "condition": null,
      "credentials_exposure": false,
      "data_access": false,
      "effective_action": "mediaconnect:ListOfferings",
      "privesc": false,
      "resource_exposure": false
    },
    {
      "access_level": "List",
      "action": "mediaconnect:*",
      "condition": null,
      "credentials_exposure": false,
      "data_access": false,
      "effective_action": "mediaconnect:ListReservations",
      "privesc": false,
      "resource_exposure": false
    },
    {
      "access_level": "Read",
      "action": "mediaconnect:*",
      "condition": null,
      "credentials_exposure": false,
      "data_access": false,
      "effective_action": "mediaconnect:ListTagsForResource",
      "privesc": false,
      "resource_exposure": false
    },
    {
      "access_level": "Write",
      "action": "mediaconnect:*",
      "condition": null,
      "credentials_exposure": false,
      "data_access": false,
      "effective_action": "mediaconnect:PollGateway",
      "privesc": false,
      "resource_exposure": false
    },
    {
      "access_level": "Write",
      "action": "mediaconnect:*",
      "condition": null,
      "credentials_exposure": false,
      "data_access": false,
      "effective_action": "mediaconnect:PurchaseOffering",
      "privesc": false,
      "resource_exposure": false
    },
    {
      "access_level": "Write",
      "action": "mediaconnect:*",
      "condition": null,
      "credentials_exposure": false,
      "data_access": false,
      "effective_action": "mediaconnect:RemoveBridgeOutput",
      "privesc": false,
      "resource_exposure": false
    },
    {
      "access_level": "Write",
      "action": "mediaconnect:*",
      "condition": null,
      "credentials_exposure": false,
      "data_access": false,
      "effective_action": "mediaconnect:RemoveBridgeSource",
      "privesc": false,
      "resource_exposure": false
    },
    {
      "access_level": "Write",
      "action": "mediaconnect:*",
      "condition": null,
      "credentials_exposure": false,
      "data_access": false,
      "effective_action": "mediaconnect:RemoveFlowMediaStream",
      "privesc": false,
      "resource_exposure": false
    },
    {
      "access_level": "Write",
      "action": "mediaconnect:*",
      "condition": null,
      "credentials_exposure": false,
      "data_access": false,
      "effective_action": "mediaconnect:RemoveFlowOutput",
      "privesc": false,
      "resource_exposure": false
    },
    {
      "access_level": "Write",
      "action": "mediaconnect:*",
      "condition": null,
      "credentials_exposure": false,
      "data_access": false,
      "effective_action": "mediaconnect:RemoveFlowSource",
      "privesc": false,
      "resource_exposure": false
    },
    {
      "access_level": "Write",
      "action": "mediaconnect:*",
      "condition": null,
      "credentials_exposure": false,
      "data_access": false,
      "effective_action": "mediaconnect:RemoveFlowVpcInterface",
      "privesc": false,
      "resource_exposure": false
    },
    {
      "access_level": "Write",
      "action": "mediaconnect:*",
      "condition": null,
      "credentials_exposure": false,
      "data_access": false,
      "effective_action": "mediaconnect:RevokeFlowEntitlement",
      "privesc": false,
      "resource_exposure": false
    },
    {
      "access_level": "Write",
      "action": "mediaconnect:*",
      "condition": null,
      "credentials_exposure": false,
      "data_access": false,
      "effective_action": "mediaconnect:StartFlow",
      "privesc": false,
      "resource_exposure": false
    },
    {
      "access_level": "Write",
      "action": "mediaconnect:*",
      "condition": null,
      "credentials_exposure": false,
      "data_access": false,
      "effective_action": "mediaconnect:StopFlow",
      "privesc": false,
      "resource_exposure": false
    },
    {
      "access_level": "Write",
      "action": "mediaconnect:*",
      "condition": null,
      "credentials_exposure": false,
      "data_access": false,
      "effective_action": "mediaconnect:SubmitGatewayStateChange",
      "privesc": false,
      "resource_exposure": false
    },
    {
      "access_level": "Tagging",
      "action": "mediaconnect:*",
      "condition": null,
      "credentials_exposure": false,
      "data_access": false,
      "effective_action": "mediaconnect:TagResource",
      "privesc": false,
      "resource_exposure": false
    },
    {
      "access_level": "Tagging",
      "action": "mediaconnect:*",
      "condition": null,
      "credentials_exposure": false,
      "data_access": false,
      "effective_action": "mediaconnect:UntagResource",
      "privesc": false,
      "resource_exposure": false
    },
    {
      "access_level": "Write",
      "action": "mediaconnect:*",
      "condition": null,
      "credentials_exposure": false,
      "data_access": false,
      "effective_action": "mediaconnect:UpdateBridge",
      "privesc": false,
      "resource_exposure": false
    },
    {
      "access_level": "Write",
      "action": "mediaconnect:*",
      "condition": null,
      "credentials_exposure": false,
      "data_access": false,
      "effective_action": "mediaconnect:UpdateBridgeOutput",
      "privesc": false,
      "resource_exposure": false
    },
    {
      "access_level": "Write",
      "action": "mediaconnect:*",
      "condition": null,
      "credentials_exposure": false,
      "data_access": false,
      "effective_action": "mediaconnect:UpdateBridgeSource",
      "privesc": false,
      "resource_exposure": false
    },
    {
      "access_level": "Write",
      "action": "mediaconnect:*",
      "condition": null,
      "credentials_exposure": false,
      "data_access": false,
      "effective_action": "mediaconnect:UpdateBridgeState",
      "privesc": false,
      "resource_exposure": false
    },
    {
      "access_level": "Write",
      "action": "mediaconnect:*",
      "condition": null,
      "credentials_exposure": false,
      "data_access": false,
      "effective_action": "mediaconnect:UpdateFlow",
      "privesc": false,
      "resource_exposure": false
    },
    {
      "access_level": "Write",
      "action": "mediaconnect:*",
      "condition": null,
      "credentials_exposure": false,
      "data_access": false,
      "effective_action": "mediaconnect:UpdateFlowEntitlement",
      "privesc": false,
      "resource_exposure": false
    },
    {
      "access_level": "Write",
      "action": "mediaconnect:*",
      "condition": null,
      "credentials_exposure": false,
      "data_access": false,
      "effective_action": "mediaconnect:UpdateFlowMediaStream",
      "privesc": false,
      "resource_exposure": false
    },
    {
      "access_level": "Write",
      "action": "mediaconnect:*",
      "condition": null,
      "credentials_exposure": false,
      "data_access": false,
      "effective_action": "mediaconnect:UpdateFlowOutput",
      "privesc": false,
      "resource_exposure": false
    },
    {
      "access_level": "Write",
      "action": "mediaconnect:*",
      "condition": null,
      "credentials_exposure": false,
      "data_access": false,
      "effective_action": "mediaconnect:UpdateFlowSource",
      "privesc": false,
      "resource_exposure": false
    },
    {
      "access_level": "Write",
      "action": "mediaconnect:*",
      "condition": null,
      "credentials_exposure": false,
      "data_access": false,
      "effective_action": "mediaconnect:UpdateGatewayInstance",
      "privesc": false,
      "resource_exposure": false
    }
  ],
  "grantless": false,
  "malformed": false,
  "name": "AWSElementalMediaConnectFullAccess",
  "privesc": false,
  "resource_exposure": false,
  "undocumented_actions": false,
  "unknown_actions": [],
  "updatedate": "2025-02-12T20:07:07+00:00",
  "version": "v1"
}