{
  "access_levels": [
    "List",
    "Read"
  ],
  "arn": "arn:aws:iam::aws:policy/aws-service-role/AWSEC2CapacityManagerServiceRolePolicy",
  "createdate": "2025-10-09T22:04:07Z",
  "credentials_exposure": false,
  "data_access": false,
  "deprecated": false,
  "document": {
    "Statement": [
      {
        "Action": [
          "organizations:ListAccounts",
          "organizations:ListChildren",
          "organizations:ListAWSServiceAccessForOrganization",
          "organizations:DescribeOrganization"
        ],
        "Effect": "Allow",
        "Resource": "*",
        "Sid": "AllowOrganizationsDefaultReadActions"
      },
      {
        "Action": [
          "organizations:ListDelegatedAdministrators"
        ],
        "Condition": {
          "StringLikeIfExists": {
            "organizations:ServicePrincipal": [
              "ec2.capacitymanager.amazonaws.com"
            ]
          }
        },
        "Effect": "Allow",
        "Resource": [
          "*"
        ],
        "Sid": "AllowOrganizationsListDelegatedAdministratorsAction"
      }
    ],
    "Version": "2012-10-17"
  },
  "effective_actions": [
    {
      "access_level": "List",
      "action": "organizations:ListAccounts",
      "condition": null,
      "credentials_exposure": false,
      "data_access": false,
      "effective_action": "organizations:ListAccounts",
      "privesc": false,
      "resource_exposure": false
    },
    {
      "access_level": "List",
      "action": "organizations:ListChildren",
      "condition": null,
      "credentials_exposure": false,
      "data_access": false,
      "effective_action": "organizations:ListChildren",
      "privesc": false,
      "resource_exposure": false
    },
    {
      "access_level": "List",
      "action": "organizations:ListAWSServiceAccessForOrganization",
      "condition": null,
      "credentials_exposure": false,
      "data_access": false,
      "effective_action": "organizations:ListAWSServiceAccessForOrganization",
      "privesc": false,
      "resource_exposure": false
    },
    {
      "access_level": "Read",
      "action": "organizations:DescribeOrganization",
      "condition": null,
      "credentials_exposure": false,
      "data_access": false,
      "effective_action": "organizations:DescribeOrganization",
      "privesc": false,
      "resource_exposure": false
    },
    {
      "access_level": "List",
      "action": "organizations:ListDelegatedAdministrators",
      "condition": {
        "StringLikeIfExists": {
          "organizations:ServicePrincipal": [
            "ec2.capacitymanager.amazonaws.com"
          ]
        }
      },
      "credentials_exposure": false,
      "data_access": false,
      "effective_action": "organizations:ListDelegatedAdministrators",
      "privesc": false,
      "resource_exposure": false
    }
  ],
  "grantless": false,
  "malformed": false,
  "name": "AWSEC2CapacityManagerServiceRolePolicy",
  "privesc": false,
  "resource_exposure": false,
  "undocumented_actions": false,
  "unknown_actions": [],
  "updatedate": "2025-10-09T22:04:07+00:00",
  "version": "v1"
}