{
  "access_levels": [
    "List",
    "Read"
  ],
  "arn": "arn:aws:iam::aws:policy/AWSElementalMediaConvertReadOnly",
  "createdate": "2019-06-10T22:52:18Z",
  "credentials_exposure": false,
  "data_access": false,
  "deprecated": false,
  "document": {
    "Statement": [
      {
        "Action": [
          "mediaconvert:Get*",
          "mediaconvert:List*",
          "mediaconvert:DescribeEndpoints",
          "s3:ListAllMyBuckets",
          "s3:ListBucket"
        ],
        "Effect": "Allow",
        "Resource": "*"
      }
    ],
    "Version": "2012-10-17"
  },
  "effective_actions": [
    {
      "access_level": "Read",
      "action": "mediaconvert:Get*",
      "condition": null,
      "credentials_exposure": false,
      "data_access": false,
      "effective_action": "mediaconvert:GetJob",
      "privesc": false,
      "resource_exposure": false
    },
    {
      "access_level": "Read",
      "action": "mediaconvert:Get*",
      "condition": null,
      "credentials_exposure": false,
      "data_access": false,
      "effective_action": "mediaconvert:GetJobTemplate",
      "privesc": false,
      "resource_exposure": false
    },
    {
      "access_level": "Read",
      "action": "mediaconvert:Get*",
      "condition": null,
      "credentials_exposure": false,
      "data_access": false,
      "effective_action": "mediaconvert:GetPolicy",
      "privesc": false,
      "resource_exposure": false
    },
    {
      "access_level": "Read",
      "action": "mediaconvert:Get*",
      "condition": null,
      "credentials_exposure": false,
      "data_access": false,
      "effective_action": "mediaconvert:GetPreset",
      "privesc": false,
      "resource_exposure": false
    },
    {
      "access_level": "Read",
      "action": "mediaconvert:Get*",
      "condition": null,
      "credentials_exposure": false,
      "data_access": false,
      "effective_action": "mediaconvert:GetQueue",
      "privesc": false,
      "resource_exposure": false
    },
    {
      "access_level": "List",
      "action": "mediaconvert:List*",
      "condition": null,
      "credentials_exposure": false,
      "data_access": false,
      "effective_action": "mediaconvert:ListJobTemplates",
      "privesc": false,
      "resource_exposure": false
    },
    {
      "access_level": "List",
      "action": "mediaconvert:List*",
      "condition": null,
      "credentials_exposure": false,
      "data_access": false,
      "effective_action": "mediaconvert:ListJobs",
      "privesc": false,
      "resource_exposure": false
    },
    {
      "access_level": "List",
      "action": "mediaconvert:List*",
      "condition": null,
      "credentials_exposure": false,
      "data_access": false,
      "effective_action": "mediaconvert:ListPresets",
      "privesc": false,
      "resource_exposure": false
    },
    {
      "access_level": "List",
      "action": "mediaconvert:List*",
      "condition": null,
      "credentials_exposure": false,
      "data_access": false,
      "effective_action": "mediaconvert:ListQueues",
      "privesc": false,
      "resource_exposure": false
    },
    {
      "access_level": "Read",
      "action": "mediaconvert:List*",
      "condition": null,
      "credentials_exposure": false,
      "data_access": false,
      "effective_action": "mediaconvert:ListTagsForResource",
      "privesc": false,
      "resource_exposure": false
    },
    {
      "access_level": "List",
      "action": "mediaconvert:List*",
      "condition": null,
      "credentials_exposure": false,
      "data_access": false,
      "effective_action": "mediaconvert:ListVersions",
      "privesc": false,
      "resource_exposure": false
    },
    {
      "access_level": "List",
      "action": "mediaconvert:DescribeEndpoints",
      "condition": null,
      "credentials_exposure": false,
      "data_access": false,
      "effective_action": "mediaconvert:DescribeEndpoints",
      "privesc": false,
      "resource_exposure": false
    },
    {
      "access_level": "List",
      "action": "s3:ListAllMyBuckets",
      "condition": null,
      "credentials_exposure": false,
      "data_access": false,
      "effective_action": "s3:ListAllMyBuckets",
      "privesc": false,
      "resource_exposure": false
    },
    {
      "access_level": "List",
      "action": "s3:ListBucket",
      "condition": null,
      "credentials_exposure": false,
      "data_access": false,
      "effective_action": "s3:ListBucket",
      "privesc": false,
      "resource_exposure": false
    }
  ],
  "grantless": false,
  "malformed": false,
  "name": "AWSElementalMediaConvertReadOnly",
  "privesc": false,
  "resource_exposure": false,
  "undocumented_actions": false,
  "unknown_actions": [],
  "updatedate": "2019-06-10T22:52:18+00:00",
  "version": "v2"
}