{
  "access_levels": [
    "List",
    "Read",
    "Tagging",
    "Write",
    "Permissions management"
  ],
  "arn": "arn:aws:iam::aws:policy/AWSEntityResolutionConsoleFullAccess",
  "createdate": "2023-10-16T18:46:10Z",
  "credentials_exposure": false,
  "data_access": false,
  "deprecated": false,
  "document": {
    "Statement": [
      {
        "Action": [
          "entityresolution:*"
        ],
        "Effect": "Allow",
        "Resource": "*",
        "Sid": "EntityResolutionAccess"
      },
      {
        "Action": [
          "glue:GetSchema",
          "glue:SearchTables",
          "glue:GetSchemaByDefinition",
          "glue:GetSchemaVersion",
          "glue:GetSchemaVersionsDiff",
          "glue:GetDatabase",
          "glue:GetDatabases",
          "glue:GetTable",
          "glue:GetTables",
          "glue:GetTableVersion",
          "glue:GetTableVersions"
        ],
        "Effect": "Allow",
        "Resource": "*",
        "Sid": "GlueSourcesConsoleDisplay"
      },
      {
        "Action": [
          "s3:ListAllMyBuckets"
        ],
        "Effect": "Allow",
        "Resource": "*",
        "Sid": "S3BucketsConsoleDisplay"
      },
      {
        "Action": [
          "s3:ListBucket",
          "s3:GetBucketLocation",
          "s3:ListBucketVersions",
          "s3:GetBucketVersioning"
        ],
        "Effect": "Allow",
        "Resource": "*",
        "Sid": "S3SourcesConsoleDisplay"
      },
      {
        "Action": [
          "tag:GetTagKeys",
          "tag:GetTagValues"
        ],
        "Effect": "Allow",
        "Resource": "*",
        "Sid": "TaggingConsoleDisplay"
      },
      {
        "Action": [
          "kms:DescribeKey",
          "kms:ListAliases"
        ],
        "Effect": "Allow",
        "Resource": "*",
        "Sid": "KMSConsoleDisplay"
      },
      {
        "Action": [
          "iam:ListRoles"
        ],
        "Effect": "Allow",
        "Resource": "*",
        "Sid": "ListRolesToPickRoleForPassing"
      },
      {
        "Action": [
          "iam:PassRole"
        ],
        "Condition": {
          "StringEquals": {
            "iam:PassedToService": [
              "entityresolution.amazonaws.com"
            ]
          }
        },
        "Effect": "Allow",
        "Resource": "arn:aws:iam::*:role/*entityresolution*",
        "Sid": "PassRoleToEntityResolutionService"
      },
      {
        "Action": [
          "events:DeleteRule",
          "events:PutTargets",
          "events:PutRule"
        ],
        "Effect": "Allow",
        "Resource": [
          "arn:aws:events:*:*:rule/entity-resolution-automatic*"
        ],
        "Sid": "ManageEventBridgeRules"
      },
      {
        "Action": [
          "dataexchange:GetDataSet"
        ],
        "Effect": "Allow",
        "Resource": "*",
        "Sid": "ADXReadAccess"
      }
    ],
    "Version": "2012-10-17"
  },
  "effective_actions": [
    {
      "access_level": "Permissions management",
      "action": "entityresolution:*",
      "condition": null,
      "credentials_exposure": false,
      "data_access": false,
      "effective_action": "entityresolution:AddPolicyStatement",
      "privesc": false,
      "resource_exposure": false
    },
    {
      "access_level": "Write",
      "action": "entityresolution:*",
      "condition": null,
      "credentials_exposure": false,
      "data_access": false,
      "effective_action": "entityresolution:BatchDeleteUniqueId",
      "privesc": false,
      "resource_exposure": false
    },
    {
      "access_level": "Write",
      "action": "entityresolution:*",
      "condition": null,
      "credentials_exposure": false,
      "data_access": false,
      "effective_action": "entityresolution:CreateIdMappingWorkflow",
      "privesc": false,
      "resource_exposure": false
    },
    {
      "access_level": "Write",
      "action": "entityresolution:*",
      "condition": null,
      "credentials_exposure": false,
      "data_access": false,
      "effective_action": "entityresolution:CreateIdNamespace",
      "privesc": false,
      "resource_exposure": false
    },
    {
      "access_level": "Write",
      "action": "entityresolution:*",
      "condition": null,
      "credentials_exposure": false,
      "data_access": false,
      "effective_action": "entityresolution:CreateMatchingWorkflow",
      "privesc": false,
      "resource_exposure": false
    },
    {
      "access_level": "Write",
      "action": "entityresolution:*",
      "condition": null,
      "credentials_exposure": false,
      "data_access": false,
      "effective_action": "entityresolution:CreateSchemaMapping",
      "privesc": false,
      "resource_exposure": false
    },
    {
      "access_level": "Write",
      "action": "entityresolution:*",
      "condition": null,
      "credentials_exposure": false,
      "data_access": false,
      "effective_action": "entityresolution:DeleteIdMappingWorkflow",
      "privesc": false,
      "resource_exposure": false
    },
    {
      "access_level": "Write",
      "action": "entityresolution:*",
      "condition": null,
      "credentials_exposure": false,
      "data_access": false,
      "effective_action": "entityresolution:DeleteIdNamespace",
      "privesc": false,
      "resource_exposure": false
    },
    {
      "access_level": "Write",
      "action": "entityresolution:*",
      "condition": null,
      "credentials_exposure": false,
      "data_access": false,
      "effective_action": "entityresolution:DeleteMatchingWorkflow",
      "privesc": false,
      "resource_exposure": false
    },
    {
      "access_level": "Permissions management",
      "action": "entityresolution:*",
      "condition": null,
      "credentials_exposure": false,
      "data_access": false,
      "effective_action": "entityresolution:DeletePolicyStatement",
      "privesc": false,
      "resource_exposure": false
    },
    {
      "access_level": "Write",
      "action": "entityresolution:*",
      "condition": null,
      "credentials_exposure": false,
      "data_access": false,
      "effective_action": "entityresolution:DeleteSchemaMapping",
      "privesc": false,
      "resource_exposure": false
    },
    {
      "access_level": "Write",
      "action": "entityresolution:*",
      "condition": null,
      "credentials_exposure": false,
      "data_access": false,
      "effective_action": "entityresolution:GenerateMatchId",
      "privesc": false,
      "resource_exposure": false
    },
    {
      "access_level": "Read",
      "action": "entityresolution:*",
      "condition": null,
      "credentials_exposure": false,
      "data_access": false,
      "effective_action": "entityresolution:GetIdMappingJob",
      "privesc": false,
      "resource_exposure": false
    },
    {
      "access_level": "Read",
      "action": "entityresolution:*",
      "condition": null,
      "credentials_exposure": false,
      "data_access": false,
      "effective_action": "entityresolution:GetIdMappingWorkflow",
      "privesc": false,
      "resource_exposure": false
    },
    {
      "access_level": "Read",
      "action": "entityresolution:*",
      "condition": null,
      "credentials_exposure": false,
      "data_access": false,
      "effective_action": "entityresolution:GetIdNamespace",
      "privesc": false,
      "resource_exposure": false
    },
    {
      "access_level": "Read",
      "action": "entityresolution:*",
      "condition": null,
      "credentials_exposure": false,
      "data_access": false,
      "effective_action": "entityresolution:GetMatchId",
      "privesc": false,
      "resource_exposure": false
    },
    {
      "access_level": "Read",
      "action": "entityresolution:*",
      "condition": null,
      "credentials_exposure": false,
      "data_access": false,
      "effective_action": "entityresolution:GetMatchingJob",
      "privesc": false,
      "resource_exposure": false
    },
    {
      "access_level": "Read",
      "action": "entityresolution:*",
      "condition": null,
      "credentials_exposure": false,
      "data_access": false,
      "effective_action": "entityresolution:GetMatchingWorkflow",
      "privesc": false,
      "resource_exposure": false
    },
    {
      "access_level": "Read",
      "action": "entityresolution:*",
      "condition": null,
      "credentials_exposure": false,
      "data_access": false,
      "effective_action": "entityresolution:GetPolicy",
      "privesc": false,
      "resource_exposure": false
    },
    {
      "access_level": "Read",
      "action": "entityresolution:*",
      "condition": null,
      "credentials_exposure": false,
      "data_access": false,
      "effective_action": "entityresolution:GetProviderService",
      "privesc": false,
      "resource_exposure": false
    },
    {
      "access_level": "Read",
      "action": "entityresolution:*",
      "condition": null,
      "credentials_exposure": false,
      "data_access": false,
      "effective_action": "entityresolution:GetSchemaMapping",
      "privesc": false,
      "resource_exposure": false
    },
    {
      "access_level": "List",
      "action": "entityresolution:*",
      "condition": null,
      "credentials_exposure": false,
      "data_access": false,
      "effective_action": "entityresolution:ListIdMappingJobs",
      "privesc": false,
      "resource_exposure": false
    },
    {
      "access_level": "List",
      "action": "entityresolution:*",
      "condition": null,
      "credentials_exposure": false,
      "data_access": false,
      "effective_action": "entityresolution:ListIdMappingWorkflows",
      "privesc": false,
      "resource_exposure": false
    },
    {
      "access_level": "List",
      "action": "entityresolution:*",
      "condition": null,
      "credentials_exposure": false,
      "data_access": false,
      "effective_action": "entityresolution:ListIdNamespaces",
      "privesc": false,
      "resource_exposure": false
    },
    {
      "access_level": "List",
      "action": "entityresolution:*",
      "condition": null,
      "credentials_exposure": false,
      "data_access": false,
      "effective_action": "entityresolution:ListMatchingJobs",
      "privesc": false,
      "resource_exposure": false
    },
    {
      "access_level": "List",
      "action": "entityresolution:*",
      "condition": null,
      "credentials_exposure": false,
      "data_access": false,
      "effective_action": "entityresolution:ListMatchingWorkflows",
      "privesc": false,
      "resource_exposure": false
    },
    {
      "access_level": "List",
      "action": "entityresolution:*",
      "condition": null,
      "credentials_exposure": false,
      "data_access": false,
      "effective_action": "entityresolution:ListProviderServices",
      "privesc": false,
      "resource_exposure": false
    },
    {
      "access_level": "List",
      "action": "entityresolution:*",
      "condition": null,
      "credentials_exposure": false,
      "data_access": false,
      "effective_action": "entityresolution:ListSchemaMappings",
      "privesc": false,
      "resource_exposure": false
    },
    {
      "access_level": "Read",
      "action": "entityresolution:*",
      "condition": null,
      "credentials_exposure": false,
      "data_access": false,
      "effective_action": "entityresolution:ListTagsForResource",
      "privesc": false,
      "resource_exposure": false
    },
    {
      "access_level": "Permissions management",
      "action": "entityresolution:*",
      "condition": null,
      "credentials_exposure": false,
      "data_access": false,
      "effective_action": "entityresolution:PutPolicy",
      "privesc": false,
      "resource_exposure": false
    },
    {
      "access_level": "Write",
      "action": "entityresolution:*",
      "condition": null,
      "credentials_exposure": false,
      "data_access": false,
      "effective_action": "entityresolution:StartIdMappingJob",
      "privesc": false,
      "resource_exposure": false
    },
    {
      "access_level": "Write",
      "action": "entityresolution:*",
      "condition": null,
      "credentials_exposure": false,
      "data_access": false,
      "effective_action": "entityresolution:StartMatchingJob",
      "privesc": false,
      "resource_exposure": false
    },
    {
      "access_level": "Tagging",
      "action": "entityresolution:*",
      "condition": null,
      "credentials_exposure": false,
      "data_access": false,
      "effective_action": "entityresolution:TagResource",
      "privesc": false,
      "resource_exposure": false
    },
    {
      "access_level": "Tagging",
      "action": "entityresolution:*",
      "condition": null,
      "credentials_exposure": false,
      "data_access": false,
      "effective_action": "entityresolution:UntagResource",
      "privesc": false,
      "resource_exposure": false
    },
    {
      "access_level": "Write",
      "action": "entityresolution:*",
      "condition": null,
      "credentials_exposure": false,
      "data_access": false,
      "effective_action": "entityresolution:UpdateIdMappingWorkflow",
      "privesc": false,
      "resource_exposure": false
    },
    {
      "access_level": "Write",
      "action": "entityresolution:*",
      "condition": null,
      "credentials_exposure": false,
      "data_access": false,
      "effective_action": "entityresolution:UpdateIdNamespace",
      "privesc": false,
      "resource_exposure": false
    },
    {
      "access_level": "Write",
      "action": "entityresolution:*",
      "condition": null,
      "credentials_exposure": false,
      "data_access": false,
      "effective_action": "entityresolution:UpdateMatchingWorkflow",
      "privesc": false,
      "resource_exposure": false
    },
    {
      "access_level": "Write",
      "action": "entityresolution:*",
      "condition": null,
      "credentials_exposure": false,
      "data_access": false,
      "effective_action": "entityresolution:UpdateSchemaMapping",
      "privesc": false,
      "resource_exposure": false
    },
    {
      "access_level": "Permissions management",
      "action": "entityresolution:*",
      "condition": null,
      "credentials_exposure": false,
      "data_access": false,
      "effective_action": "entityresolution:UseIdNamespace",
      "privesc": false,
      "resource_exposure": false
    },
    {
      "access_level": "Permissions management",
      "action": "entityresolution:*",
      "condition": null,
      "credentials_exposure": false,
      "data_access": false,
      "effective_action": "entityresolution:UseWorkflow",
      "privesc": false,
      "resource_exposure": false
    },
    {
      "access_level": "Read",
      "action": "glue:GetSchema",
      "condition": null,
      "credentials_exposure": false,
      "data_access": false,
      "effective_action": "glue:GetSchema",
      "privesc": false,
      "resource_exposure": false
    },
    {
      "access_level": "Read",
      "action": "glue:SearchTables",
      "condition": null,
      "credentials_exposure": false,
      "data_access": false,
      "effective_action": "glue:SearchTables",
      "privesc": false,
      "resource_exposure": false
    },
    {
      "access_level": "Read",
      "action": "glue:GetSchemaByDefinition",
      "condition": null,
      "credentials_exposure": false,
      "data_access": false,
      "effective_action": "glue:GetSchemaByDefinition",
      "privesc": false,
      "resource_exposure": false
    },
    {
      "access_level": "Read",
      "action": "glue:GetSchemaVersion",
      "condition": null,
      "credentials_exposure": false,
      "data_access": false,
      "effective_action": "glue:GetSchemaVersion",
      "privesc": false,
      "resource_exposure": false
    },
    {
      "access_level": "Read",
      "action": "glue:GetSchemaVersionsDiff",
      "condition": null,
      "credentials_exposure": false,
      "data_access": false,
      "effective_action": "glue:GetSchemaVersionsDiff",
      "privesc": false,
      "resource_exposure": false
    },
    {
      "access_level": "Read",
      "action": "glue:GetDatabase",
      "condition": null,
      "credentials_exposure": false,
      "data_access": false,
      "effective_action": "glue:GetDatabase",
      "privesc": false,
      "resource_exposure": false
    },
    {
      "access_level": "Read",
      "action": "glue:GetDatabases",
      "condition": null,
      "credentials_exposure": false,
      "data_access": false,
      "effective_action": "glue:GetDatabases",
      "privesc": false,
      "resource_exposure": false
    },
    {
      "access_level": "Read",
      "action": "glue:GetTable",
      "condition": null,
      "credentials_exposure": false,
      "data_access": false,
      "effective_action": "glue:GetTable",
      "privesc": false,
      "resource_exposure": false
    },
    {
      "access_level": "Read",
      "action": "glue:GetTables",
      "condition": null,
      "credentials_exposure": false,
      "data_access": false,
      "effective_action": "glue:GetTables",
      "privesc": false,
      "resource_exposure": false
    },
    {
      "access_level": "Read",
      "action": "glue:GetTableVersion",
      "condition": null,
      "credentials_exposure": false,
      "data_access": false,
      "effective_action": "glue:GetTableVersion",
      "privesc": false,
      "resource_exposure": false
    },
    {
      "access_level": "Read",
      "action": "glue:GetTableVersions",
      "condition": null,
      "credentials_exposure": false,
      "data_access": false,
      "effective_action": "glue:GetTableVersions",
      "privesc": false,
      "resource_exposure": false
    },
    {
      "access_level": "List",
      "action": "s3:ListAllMyBuckets",
      "condition": null,
      "credentials_exposure": false,
      "data_access": false,
      "effective_action": "s3:ListAllMyBuckets",
      "privesc": false,
      "resource_exposure": false
    },
    {
      "access_level": "List",
      "action": "s3:ListBucket",
      "condition": null,
      "credentials_exposure": false,
      "data_access": false,
      "effective_action": "s3:ListBucket",
      "privesc": false,
      "resource_exposure": false
    },
    {
      "access_level": "Read",
      "action": "s3:GetBucketLocation",
      "condition": null,
      "credentials_exposure": false,
      "data_access": false,
      "effective_action": "s3:GetBucketLocation",
      "privesc": false,
      "resource_exposure": false
    },
    {
      "access_level": "List",
      "action": "s3:ListBucketVersions",
      "condition": null,
      "credentials_exposure": false,
      "data_access": false,
      "effective_action": "s3:ListBucketVersions",
      "privesc": false,
      "resource_exposure": false
    },
    {
      "access_level": "Read",
      "action": "s3:GetBucketVersioning",
      "condition": null,
      "credentials_exposure": false,
      "data_access": false,
      "effective_action": "s3:GetBucketVersioning",
      "privesc": false,
      "resource_exposure": false
    },
    {
      "access_level": "Read",
      "action": "tag:GetTagKeys",
      "condition": null,
      "credentials_exposure": false,
      "data_access": false,
      "effective_action": "tag:GetTagKeys",
      "privesc": false,
      "resource_exposure": false
    },
    {
      "access_level": "Read",
      "action": "tag:GetTagValues",
      "condition": null,
      "credentials_exposure": false,
      "data_access": false,
      "effective_action": "tag:GetTagValues",
      "privesc": false,
      "resource_exposure": false
    },
    {
      "access_level": "Read",
      "action": "kms:DescribeKey",
      "condition": null,
      "credentials_exposure": false,
      "data_access": false,
      "effective_action": "kms:DescribeKey",
      "privesc": false,
      "resource_exposure": false
    },
    {
      "access_level": "List",
      "action": "kms:ListAliases",
      "condition": null,
      "credentials_exposure": false,
      "data_access": false,
      "effective_action": "kms:ListAliases",
      "privesc": false,
      "resource_exposure": false
    },
    {
      "access_level": "List",
      "action": "iam:ListRoles",
      "condition": null,
      "credentials_exposure": false,
      "data_access": false,
      "effective_action": "iam:ListRoles",
      "privesc": false,
      "resource_exposure": false
    },
    {
      "access_level": "Permissions management",
      "action": "iam:PassRole",
      "condition": {
        "StringEquals": {
          "iam:PassedToService": [
            "entityresolution.amazonaws.com"
          ]
        }
      },
      "credentials_exposure": false,
      "data_access": false,
      "effective_action": "iam:PassRole",
      "privesc": true,
      "resource_exposure": true
    },
    {
      "access_level": "Write",
      "action": "events:DeleteRule",
      "condition": null,
      "credentials_exposure": false,
      "data_access": false,
      "effective_action": "events:DeleteRule",
      "privesc": false,
      "resource_exposure": false
    },
    {
      "access_level": "Write",
      "action": "events:PutTargets",
      "condition": null,
      "credentials_exposure": false,
      "data_access": false,
      "effective_action": "events:PutTargets",
      "privesc": false,
      "resource_exposure": false
    },
    {
      "access_level": "Write",
      "action": "events:PutRule",
      "condition": null,
      "credentials_exposure": false,
      "data_access": false,
      "effective_action": "events:PutRule",
      "privesc": false,
      "resource_exposure": false
    },
    {
      "access_level": "Read",
      "action": "dataexchange:GetDataSet",
      "condition": null,
      "credentials_exposure": false,
      "data_access": false,
      "effective_action": "dataexchange:GetDataSet",
      "privesc": false,
      "resource_exposure": false
    }
  ],
  "grantless": false,
  "malformed": false,
  "name": "AWSEntityResolutionConsoleFullAccess",
  "privesc": true,
  "resource_exposure": true,
  "undocumented_actions": false,
  "unknown_actions": [],
  "updatedate": "2023-10-16T18:46:10+00:00",
  "version": "v2"
}