{
  "access_levels": [
    "List",
    "Read",
    "Write"
  ],
  "arn": "arn:aws:iam::aws:policy/AWSElasticBeanstalkWebTier",
  "createdate": "2020-09-09T19:38:36Z",
  "credentials_exposure": true,
  "data_access": true,
  "deprecated": false,
  "document": {
    "Statement": [
      {
        "Action": [
          "s3:Get*",
          "s3:List*",
          "s3:PutObject"
        ],
        "Effect": "Allow",
        "Resource": [
          "arn:aws:s3:::elasticbeanstalk-*",
          "arn:aws:s3:::elasticbeanstalk-*/*"
        ],
        "Sid": "BucketAccess"
      },
      {
        "Action": [
          "xray:PutTraceSegments",
          "xray:PutTelemetryRecords",
          "xray:GetSamplingRules",
          "xray:GetSamplingTargets",
          "xray:GetSamplingStatisticSummaries"
        ],
        "Effect": "Allow",
        "Resource": "*",
        "Sid": "XRayAccess"
      },
      {
        "Action": [
          "logs:PutLogEvents",
          "logs:CreateLogStream",
          "logs:DescribeLogStreams",
          "logs:DescribeLogGroups"
        ],
        "Effect": "Allow",
        "Resource": [
          "arn:aws:logs:*:*:log-group:/aws/elasticbeanstalk*"
        ],
        "Sid": "CloudWatchLogsAccess"
      },
      {
        "Action": [
          "elasticbeanstalk:PutInstanceStatistics"
        ],
        "Effect": "Allow",
        "Resource": [
          "arn:aws:elasticbeanstalk:*:*:application/*",
          "arn:aws:elasticbeanstalk:*:*:environment/*"
        ],
        "Sid": "ElasticBeanstalkHealthAccess"
      }
    ],
    "Version": "2012-10-17"
  },
  "effective_actions": [
    {
      "access_level": "Read",
      "action": "s3:Get*",
      "condition": null,
      "credentials_exposure": false,
      "data_access": false,
      "effective_action": "s3:GetAccelerateConfiguration",
      "privesc": false,
      "resource_exposure": false
    },
    {
      "access_level": "Read",
      "action": "s3:Get*",
      "condition": null,
      "credentials_exposure": false,
      "data_access": false,
      "effective_action": "s3:GetAccessGrant",
      "privesc": false,
      "resource_exposure": false
    },
    {
      "access_level": "Read",
      "action": "s3:Get*",
      "condition": null,
      "credentials_exposure": false,
      "data_access": false,
      "effective_action": "s3:GetAccessGrantsInstance",
      "privesc": false,
      "resource_exposure": false
    },
    {
      "access_level": "Read",
      "action": "s3:Get*",
      "condition": null,
      "credentials_exposure": false,
      "data_access": false,
      "effective_action": "s3:GetAccessGrantsInstanceForPrefix",
      "privesc": false,
      "resource_exposure": false
    },
    {
      "access_level": "Read",
      "action": "s3:Get*",
      "condition": null,
      "credentials_exposure": false,
      "data_access": false,
      "effective_action": "s3:GetAccessGrantsInstanceResourcePolicy",
      "privesc": false,
      "resource_exposure": false
    },
    {
      "access_level": "Read",
      "action": "s3:Get*",
      "condition": null,
      "credentials_exposure": false,
      "data_access": false,
      "effective_action": "s3:GetAccessGrantsLocation",
      "privesc": false,
      "resource_exposure": false
    },
    {
      "access_level": "Read",
      "action": "s3:Get*",
      "condition": null,
      "credentials_exposure": false,
      "data_access": false,
      "effective_action": "s3:GetAccessPoint",
      "privesc": false,
      "resource_exposure": false
    },
    {
      "access_level": "Read",
      "action": "s3:Get*",
      "condition": null,
      "credentials_exposure": false,
      "data_access": false,
      "effective_action": "s3:GetAccessPointConfigurationForObjectLambda",
      "privesc": false,
      "resource_exposure": false
    },
    {
      "access_level": "Read",
      "action": "s3:Get*",
      "condition": null,
      "credentials_exposure": false,
      "data_access": false,
      "effective_action": "s3:GetAccessPointForObjectLambda",
      "privesc": false,
      "resource_exposure": false
    },
    {
      "access_level": "Read",
      "action": "s3:Get*",
      "condition": null,
      "credentials_exposure": false,
      "data_access": false,
      "effective_action": "s3:GetAccessPointPolicy",
      "privesc": false,
      "resource_exposure": false
    },
    {
      "access_level": "Read",
      "action": "s3:Get*",
      "condition": null,
      "credentials_exposure": false,
      "data_access": false,
      "effective_action": "s3:GetAccessPointPolicyForObjectLambda",
      "privesc": false,
      "resource_exposure": false
    },
    {
      "access_level": "Read",
      "action": "s3:Get*",
      "condition": null,
      "credentials_exposure": false,
      "data_access": false,
      "effective_action": "s3:GetAccessPointPolicyStatus",
      "privesc": false,
      "resource_exposure": false
    },
    {
      "access_level": "Read",
      "action": "s3:Get*",
      "condition": null,
      "credentials_exposure": false,
      "data_access": false,
      "effective_action": "s3:GetAccessPointPolicyStatusForObjectLambda",
      "privesc": false,
      "resource_exposure": false
    },
    {
      "access_level": "Read",
      "action": "s3:Get*",
      "condition": null,
      "credentials_exposure": false,
      "data_access": false,
      "effective_action": "s3:GetAccountPublicAccessBlock",
      "privesc": false,
      "resource_exposure": false
    },
    {
      "access_level": "Read",
      "action": "s3:Get*",
      "condition": null,
      "credentials_exposure": false,
      "data_access": false,
      "effective_action": "s3:GetAnalyticsConfiguration",
      "privesc": false,
      "resource_exposure": false
    },
    {
      "access_level": "Read",
      "action": "s3:Get*",
      "condition": null,
      "credentials_exposure": false,
      "data_access": false,
      "effective_action": "s3:GetBucketAcl",
      "privesc": false,
      "resource_exposure": false
    },
    {
      "access_level": "Read",
      "action": "s3:Get*",
      "condition": null,
      "credentials_exposure": false,
      "data_access": false,
      "effective_action": "s3:GetBucketCORS",
      "privesc": false,
      "resource_exposure": false
    },
    {
      "access_level": "Read",
      "action": "s3:Get*",
      "condition": null,
      "credentials_exposure": false,
      "data_access": false,
      "effective_action": "s3:GetBucketLocation",
      "privesc": false,
      "resource_exposure": false
    },
    {
      "access_level": "Read",
      "action": "s3:Get*",
      "condition": null,
      "credentials_exposure": false,
      "data_access": false,
      "effective_action": "s3:GetBucketLogging",
      "privesc": false,
      "resource_exposure": false
    },
    {
      "access_level": "Read",
      "action": "s3:Get*",
      "condition": null,
      "credentials_exposure": false,
      "data_access": false,
      "effective_action": "s3:GetBucketMetadataTableConfiguration",
      "privesc": false,
      "resource_exposure": false
    },
    {
      "access_level": "Read",
      "action": "s3:Get*",
      "condition": null,
      "credentials_exposure": false,
      "data_access": false,
      "effective_action": "s3:GetBucketNotification",
      "privesc": false,
      "resource_exposure": false
    },
    {
      "access_level": "Read",
      "action": "s3:Get*",
      "condition": null,
      "credentials_exposure": false,
      "data_access": false,
      "effective_action": "s3:GetBucketObjectLockConfiguration",
      "privesc": false,
      "resource_exposure": false
    },
    {
      "access_level": "Read",
      "action": "s3:Get*",
      "condition": null,
      "credentials_exposure": false,
      "data_access": false,
      "effective_action": "s3:GetBucketOwnershipControls",
      "privesc": false,
      "resource_exposure": false
    },
    {
      "access_level": "Read",
      "action": "s3:Get*",
      "condition": null,
      "credentials_exposure": false,
      "data_access": false,
      "effective_action": "s3:GetBucketPolicy",
      "privesc": false,
      "resource_exposure": false
    },
    {
      "access_level": "Read",
      "action": "s3:Get*",
      "condition": null,
      "credentials_exposure": false,
      "data_access": false,
      "effective_action": "s3:GetBucketPolicyStatus",
      "privesc": false,
      "resource_exposure": false
    },
    {
      "access_level": "Read",
      "action": "s3:Get*",
      "condition": null,
      "credentials_exposure": false,
      "data_access": false,
      "effective_action": "s3:GetBucketPublicAccessBlock",
      "privesc": false,
      "resource_exposure": false
    },
    {
      "access_level": "Read",
      "action": "s3:Get*",
      "condition": null,
      "credentials_exposure": false,
      "data_access": false,
      "effective_action": "s3:GetBucketRequestPayment",
      "privesc": false,
      "resource_exposure": false
    },
    {
      "access_level": "Read",
      "action": "s3:Get*",
      "condition": null,
      "credentials_exposure": false,
      "data_access": false,
      "effective_action": "s3:GetBucketTagging",
      "privesc": false,
      "resource_exposure": false
    },
    {
      "access_level": "Read",
      "action": "s3:Get*",
      "condition": null,
      "credentials_exposure": false,
      "data_access": false,
      "effective_action": "s3:GetBucketVersioning",
      "privesc": false,
      "resource_exposure": false
    },
    {
      "access_level": "Read",
      "action": "s3:Get*",
      "condition": null,
      "credentials_exposure": false,
      "data_access": false,
      "effective_action": "s3:GetBucketWebsite",
      "privesc": false,
      "resource_exposure": false
    },
    {
      "access_level": "Read",
      "action": "s3:Get*",
      "condition": null,
      "credentials_exposure": true,
      "data_access": false,
      "effective_action": "s3:GetDataAccess",
      "privesc": false,
      "resource_exposure": false
    },
    {
      "access_level": "Read",
      "action": "s3:Get*",
      "condition": null,
      "credentials_exposure": false,
      "data_access": false,
      "effective_action": "s3:GetEncryptionConfiguration",
      "privesc": false,
      "resource_exposure": false
    },
    {
      "access_level": "Read",
      "action": "s3:Get*",
      "condition": null,
      "credentials_exposure": false,
      "data_access": false,
      "effective_action": "s3:GetIntelligentTieringConfiguration",
      "privesc": false,
      "resource_exposure": false
    },
    {
      "access_level": "Read",
      "action": "s3:Get*",
      "condition": null,
      "credentials_exposure": false,
      "data_access": false,
      "effective_action": "s3:GetInventoryConfiguration",
      "privesc": false,
      "resource_exposure": false
    },
    {
      "access_level": "Read",
      "action": "s3:Get*",
      "condition": null,
      "credentials_exposure": false,
      "data_access": false,
      "effective_action": "s3:GetJobTagging",
      "privesc": false,
      "resource_exposure": false
    },
    {
      "access_level": "Read",
      "action": "s3:Get*",
      "condition": null,
      "credentials_exposure": false,
      "data_access": false,
      "effective_action": "s3:GetLifecycleConfiguration",
      "privesc": false,
      "resource_exposure": false
    },
    {
      "access_level": "Read",
      "action": "s3:Get*",
      "condition": null,
      "credentials_exposure": false,
      "data_access": false,
      "effective_action": "s3:GetMetricsConfiguration",
      "privesc": false,
      "resource_exposure": false
    },
    {
      "access_level": "Read",
      "action": "s3:Get*",
      "condition": null,
      "credentials_exposure": false,
      "data_access": false,
      "effective_action": "s3:GetMultiRegionAccessPoint",
      "privesc": false,
      "resource_exposure": false
    },
    {
      "access_level": "Read",
      "action": "s3:Get*",
      "condition": null,
      "credentials_exposure": false,
      "data_access": false,
      "effective_action": "s3:GetMultiRegionAccessPointPolicy",
      "privesc": false,
      "resource_exposure": false
    },
    {
      "access_level": "Read",
      "action": "s3:Get*",
      "condition": null,
      "credentials_exposure": false,
      "data_access": false,
      "effective_action": "s3:GetMultiRegionAccessPointPolicyStatus",
      "privesc": false,
      "resource_exposure": false
    },
    {
      "access_level": "Read",
      "action": "s3:Get*",
      "condition": null,
      "credentials_exposure": false,
      "data_access": false,
      "effective_action": "s3:GetMultiRegionAccessPointRoutes",
      "privesc": false,
      "resource_exposure": false
    },
    {
      "access_level": "Read",
      "action": "s3:Get*",
      "condition": null,
      "credentials_exposure": false,
      "data_access": true,
      "effective_action": "s3:GetObject",
      "privesc": false,
      "resource_exposure": false
    },
    {
      "access_level": "Read",
      "action": "s3:Get*",
      "condition": null,
      "credentials_exposure": false,
      "data_access": false,
      "effective_action": "s3:GetObjectAcl",
      "privesc": false,
      "resource_exposure": false
    },
    {
      "access_level": "Read",
      "action": "s3:Get*",
      "condition": null,
      "credentials_exposure": false,
      "data_access": false,
      "effective_action": "s3:GetObjectAttributes",
      "privesc": false,
      "resource_exposure": false
    },
    {
      "access_level": "Read",
      "action": "s3:Get*",
      "condition": null,
      "credentials_exposure": false,
      "data_access": false,
      "effective_action": "s3:GetObjectLegalHold",
      "privesc": false,
      "resource_exposure": false
    },
    {
      "access_level": "Read",
      "action": "s3:Get*",
      "condition": null,
      "credentials_exposure": false,
      "data_access": false,
      "effective_action": "s3:GetObjectRetention",
      "privesc": false,
      "resource_exposure": false
    },
    {
      "access_level": "Read",
      "action": "s3:Get*",
      "condition": null,
      "credentials_exposure": false,
      "data_access": false,
      "effective_action": "s3:GetObjectTagging",
      "privesc": false,
      "resource_exposure": false
    },
    {
      "access_level": "Read",
      "action": "s3:Get*",
      "condition": null,
      "credentials_exposure": false,
      "data_access": false,
      "effective_action": "s3:GetObjectTorrent",
      "privesc": false,
      "resource_exposure": false
    },
    {
      "access_level": "Read",
      "action": "s3:Get*",
      "condition": null,
      "credentials_exposure": false,
      "data_access": true,
      "effective_action": "s3:GetObjectVersion",
      "privesc": false,
      "resource_exposure": false
    },
    {
      "access_level": "Read",
      "action": "s3:Get*",
      "condition": null,
      "credentials_exposure": false,
      "data_access": false,
      "effective_action": "s3:GetObjectVersionAcl",
      "privesc": false,
      "resource_exposure": false
    },
    {
      "access_level": "Read",
      "action": "s3:Get*",
      "condition": null,
      "credentials_exposure": false,
      "data_access": false,
      "effective_action": "s3:GetObjectVersionAttributes",
      "privesc": false,
      "resource_exposure": false
    },
    {
      "access_level": "Read",
      "action": "s3:Get*",
      "condition": null,
      "credentials_exposure": false,
      "data_access": false,
      "effective_action": "s3:GetObjectVersionForReplication",
      "privesc": false,
      "resource_exposure": false
    },
    {
      "access_level": "Read",
      "action": "s3:Get*",
      "condition": null,
      "credentials_exposure": false,
      "data_access": false,
      "effective_action": "s3:GetObjectVersionTagging",
      "privesc": false,
      "resource_exposure": false
    },
    {
      "access_level": "Read",
      "action": "s3:Get*",
      "condition": null,
      "credentials_exposure": false,
      "data_access": false,
      "effective_action": "s3:GetObjectVersionTorrent",
      "privesc": false,
      "resource_exposure": false
    },
    {
      "access_level": "Read",
      "action": "s3:Get*",
      "condition": null,
      "credentials_exposure": false,
      "data_access": false,
      "effective_action": "s3:GetReplicationConfiguration",
      "privesc": false,
      "resource_exposure": false
    },
    {
      "access_level": "Read",
      "action": "s3:Get*",
      "condition": null,
      "credentials_exposure": false,
      "data_access": false,
      "effective_action": "s3:GetStorageLensConfiguration",
      "privesc": false,
      "resource_exposure": false
    },
    {
      "access_level": "Read",
      "action": "s3:Get*",
      "condition": null,
      "credentials_exposure": false,
      "data_access": false,
      "effective_action": "s3:GetStorageLensConfigurationTagging",
      "privesc": false,
      "resource_exposure": false
    },
    {
      "access_level": "Read",
      "action": "s3:Get*",
      "condition": null,
      "credentials_exposure": false,
      "data_access": false,
      "effective_action": "s3:GetStorageLensDashboard",
      "privesc": false,
      "resource_exposure": false
    },
    {
      "access_level": "Read",
      "action": "s3:Get*",
      "condition": null,
      "credentials_exposure": false,
      "data_access": false,
      "effective_action": "s3:GetStorageLensGroup",
      "privesc": false,
      "resource_exposure": false
    },
    {
      "access_level": "List",
      "action": "s3:List*",
      "condition": null,
      "credentials_exposure": false,
      "data_access": false,
      "effective_action": "s3:ListAccessGrants",
      "privesc": false,
      "resource_exposure": false
    },
    {
      "access_level": "List",
      "action": "s3:List*",
      "condition": null,
      "credentials_exposure": false,
      "data_access": false,
      "effective_action": "s3:ListAccessGrantsInstances",
      "privesc": false,
      "resource_exposure": false
    },
    {
      "access_level": "List",
      "action": "s3:List*",
      "condition": null,
      "credentials_exposure": false,
      "data_access": false,
      "effective_action": "s3:ListAccessGrantsLocations",
      "privesc": false,
      "resource_exposure": false
    },
    {
      "access_level": "List",
      "action": "s3:List*",
      "condition": null,
      "credentials_exposure": false,
      "data_access": false,
      "effective_action": "s3:ListAccessPoints",
      "privesc": false,
      "resource_exposure": false
    },
    {
      "access_level": "List",
      "action": "s3:List*",
      "condition": null,
      "credentials_exposure": false,
      "data_access": false,
      "effective_action": "s3:ListAccessPointsForObjectLambda",
      "privesc": false,
      "resource_exposure": false
    },
    {
      "access_level": "List",
      "action": "s3:List*",
      "condition": null,
      "credentials_exposure": false,
      "data_access": false,
      "effective_action": "s3:ListAllMyBuckets",
      "privesc": false,
      "resource_exposure": false
    },
    {
      "access_level": "List",
      "action": "s3:List*",
      "condition": null,
      "credentials_exposure": false,
      "data_access": false,
      "effective_action": "s3:ListBucket",
      "privesc": false,
      "resource_exposure": false
    },
    {
      "access_level": "List",
      "action": "s3:List*",
      "condition": null,
      "credentials_exposure": false,
      "data_access": false,
      "effective_action": "s3:ListBucketMultipartUploads",
      "privesc": false,
      "resource_exposure": false
    },
    {
      "access_level": "List",
      "action": "s3:List*",
      "condition": null,
      "credentials_exposure": false,
      "data_access": false,
      "effective_action": "s3:ListBucketVersions",
      "privesc": false,
      "resource_exposure": false
    },
    {
      "access_level": "List",
      "action": "s3:List*",
      "condition": null,
      "credentials_exposure": false,
      "data_access": false,
      "effective_action": "s3:ListCallerAccessGrants",
      "privesc": false,
      "resource_exposure": false
    },
    {
      "access_level": "List",
      "action": "s3:List*",
      "condition": null,
      "credentials_exposure": false,
      "data_access": false,
      "effective_action": "s3:ListJobs",
      "privesc": false,
      "resource_exposure": false
    },
    {
      "access_level": "List",
      "action": "s3:List*",
      "condition": null,
      "credentials_exposure": false,
      "data_access": false,
      "effective_action": "s3:ListMultiRegionAccessPoints",
      "privesc": false,
      "resource_exposure": false
    },
    {
      "access_level": "List",
      "action": "s3:List*",
      "condition": null,
      "credentials_exposure": false,
      "data_access": false,
      "effective_action": "s3:ListMultipartUploadParts",
      "privesc": false,
      "resource_exposure": false
    },
    {
      "access_level": "List",
      "action": "s3:List*",
      "condition": null,
      "credentials_exposure": false,
      "data_access": false,
      "effective_action": "s3:ListStorageLensConfigurations",
      "privesc": false,
      "resource_exposure": false
    },
    {
      "access_level": "List",
      "action": "s3:List*",
      "condition": null,
      "credentials_exposure": false,
      "data_access": false,
      "effective_action": "s3:ListStorageLensGroups",
      "privesc": false,
      "resource_exposure": false
    },
    {
      "access_level": "List",
      "action": "s3:List*",
      "condition": null,
      "credentials_exposure": false,
      "data_access": false,
      "effective_action": "s3:ListTagsForResource",
      "privesc": false,
      "resource_exposure": false
    },
    {
      "access_level": "Write",
      "action": "s3:PutObject",
      "condition": null,
      "credentials_exposure": false,
      "data_access": false,
      "effective_action": "s3:PutObject",
      "privesc": false,
      "resource_exposure": false
    },
    {
      "access_level": "Write",
      "action": "xray:PutTraceSegments",
      "condition": null,
      "credentials_exposure": false,
      "data_access": false,
      "effective_action": "xray:PutTraceSegments",
      "privesc": false,
      "resource_exposure": false
    },
    {
      "access_level": "Write",
      "action": "xray:PutTelemetryRecords",
      "condition": null,
      "credentials_exposure": false,
      "data_access": false,
      "effective_action": "xray:PutTelemetryRecords",
      "privesc": false,
      "resource_exposure": false
    },
    {
      "access_level": "Read",
      "action": "xray:GetSamplingRules",
      "condition": null,
      "credentials_exposure": false,
      "data_access": false,
      "effective_action": "xray:GetSamplingRules",
      "privesc": false,
      "resource_exposure": false
    },
    {
      "access_level": "Read",
      "action": "xray:GetSamplingTargets",
      "condition": null,
      "credentials_exposure": false,
      "data_access": false,
      "effective_action": "xray:GetSamplingTargets",
      "privesc": false,
      "resource_exposure": false
    },
    {
      "access_level": "Read",
      "action": "xray:GetSamplingStatisticSummaries",
      "condition": null,
      "credentials_exposure": false,
      "data_access": false,
      "effective_action": "xray:GetSamplingStatisticSummaries",
      "privesc": false,
      "resource_exposure": false
    },
    {
      "access_level": "Write",
      "action": "logs:PutLogEvents",
      "condition": null,
      "credentials_exposure": false,
      "data_access": false,
      "effective_action": "logs:PutLogEvents",
      "privesc": false,
      "resource_exposure": false
    },
    {
      "access_level": "Write",
      "action": "logs:CreateLogStream",
      "condition": null,
      "credentials_exposure": false,
      "data_access": false,
      "effective_action": "logs:CreateLogStream",
      "privesc": false,
      "resource_exposure": false
    },
    {
      "access_level": "List",
      "action": "logs:DescribeLogStreams",
      "condition": null,
      "credentials_exposure": false,
      "data_access": false,
      "effective_action": "logs:DescribeLogStreams",
      "privesc": false,
      "resource_exposure": false
    },
    {
      "access_level": "List",
      "action": "logs:DescribeLogGroups",
      "condition": null,
      "credentials_exposure": false,
      "data_access": false,
      "effective_action": "logs:DescribeLogGroups",
      "privesc": false,
      "resource_exposure": false
    },
    {
      "access_level": "Write",
      "action": "elasticbeanstalk:PutInstanceStatistics",
      "condition": null,
      "credentials_exposure": false,
      "data_access": false,
      "effective_action": "elasticbeanstalk:PutInstanceStatistics",
      "privesc": false,
      "resource_exposure": false
    }
  ],
  "grantless": false,
  "malformed": false,
  "name": "AWSElasticBeanstalkWebTier",
  "privesc": false,
  "resource_exposure": false,
  "undocumented_actions": false,
  "unknown_actions": [],
  "updatedate": "2020-09-09T19:38:36+00:00",
  "version": "v7"
}