{
  "access_levels": [
    "List",
    "Read",
    "Tagging",
    "Write",
    "Permissions management"
  ],
  "arn": "arn:aws:iam::aws:policy/AWSElasticBeanstalkManagedUpdatesCustomerRolePolicy",
  "createdate": "2025-02-27T16:07:07Z",
  "credentials_exposure": false,
  "data_access": true,
  "deprecated": false,
  "document": {
    "Statement": [
      {
        "Action": [
          "elasticbeanstalk:*"
        ],
        "Effect": "Allow",
        "Resource": "*",
        "Sid": "ElasticBeanstalkPermissions"
      },
      {
        "Action": [
          "iam:PassRole"
        ],
        "Condition": {
          "StringEquals": {
            "iam:PassedToService": [
              "elasticbeanstalk.amazonaws.com",
              "ec2.amazonaws.com",
              "ec2.amazonaws.com.cn",
              "autoscaling.amazonaws.com",
              "elasticloadbalancing.amazonaws.com",
              "ecs.amazonaws.com",
              "cloudformation.amazonaws.com"
            ]
          }
        },
        "Effect": "Allow",
        "Resource": "arn:aws:iam::*:role/*",
        "Sid": "AllowPassRoleToElasticBeanstalkAndDownstreamServices"
      },
      {
        "Action": [
          "autoscaling:DescribeAccountLimits",
          "autoscaling:DescribeAutoScalingGroups",
          "autoscaling:DescribeAutoScalingInstances",
          "autoscaling:DescribeLaunchConfigurations",
          "autoscaling:DescribeLoadBalancers",
          "autoscaling:DescribeNotificationConfigurations",
          "autoscaling:DescribeScalingActivities",
          "autoscaling:DescribeScheduledActions",
          "ec2:DescribeAccountAttributes",
          "ec2:DescribeAddresses",
          "ec2:DescribeAvailabilityZones",
          "ec2:DescribeImages",
          "ec2:DescribeInstanceAttribute",
          "ec2:DescribeInstances",
          "ec2:DescribeKeyPairs",
          "ec2:DescribeLaunchTemplates",
          "ec2:DescribeLaunchTemplateVersions",
          "ec2:DescribeSecurityGroups",
          "ec2:DescribeSnapshots",
          "ec2:DescribeSpotInstanceRequests",
          "ec2:DescribeSubnets",
          "ec2:DescribeVpcClassicLink",
          "ec2:DescribeVpcs",
          "elasticloadbalancing:DescribeInstanceHealth",
          "elasticloadbalancing:DescribeLoadBalancers",
          "elasticloadbalancing:DescribeTargetGroups",
          "elasticloadbalancing:DescribeTargetHealth",
          "logs:DescribeLogGroups",
          "rds:DescribeDBEngineVersions",
          "rds:DescribeDBInstances",
          "rds:DescribeOrderableDBInstanceOptions",
          "sns:ListSubscriptionsByTopic"
        ],
        "Effect": "Allow",
        "Resource": [
          "*"
        ],
        "Sid": "ReadOnlyPermissions"
      },
      {
        "Action": [
          "ec2:AllocateAddress",
          "ec2:AssociateAddress",
          "ec2:AuthorizeSecurityGroupEgress",
          "ec2:AuthorizeSecurityGroupIngress",
          "ec2:CreateLaunchTemplate",
          "ec2:CreateLaunchTemplateVersion",
          "ec2:CreateSecurityGroup",
          "ec2:DeleteLaunchTemplate",
          "ec2:DeleteLaunchTemplateVersions",
          "ec2:DeleteSecurityGroup",
          "ec2:DisassociateAddress",
          "ec2:ReleaseAddress",
          "ec2:RevokeSecurityGroupEgress",
          "ec2:RevokeSecurityGroupIngress"
        ],
        "Effect": "Allow",
        "Resource": "*",
        "Sid": "EC2BroadOperationPermissions"
      },
      {
        "Action": [
          "ec2:RunInstances"
        ],
        "Condition": {
          "ArnLike": {
            "ec2:LaunchTemplate": "arn:aws:ec2:*:*:launch-template/*"
          }
        },
        "Effect": "Allow",
        "Resource": "*",
        "Sid": "EC2RunInstancesOperationPermissions"
      },
      {
        "Action": [
          "ec2:TerminateInstances"
        ],
        "Condition": {
          "StringLike": {
            "ec2:ResourceTag/aws:cloudformation:stack-id": [
              "arn:aws:cloudformation:*:*:stack/awseb-e-*",
              "arn:aws:cloudformation:*:*:stack/eb-*"
            ]
          }
        },
        "Effect": "Allow",
        "Resource": "arn:aws:ec2:*:*:instance/*",
        "Sid": "EC2TerminateInstancesOperationPermissions"
      },
      {
        "Action": [
          "ecs:CreateCluster",
          "ecs:DescribeClusters",
          "ecs:RegisterTaskDefinition"
        ],
        "Effect": "Allow",
        "Resource": "*",
        "Sid": "ECSBroadOperationPermissions"
      },
      {
        "Action": [
          "ecs:DeleteCluster"
        ],
        "Effect": "Allow",
        "Resource": "arn:aws:ecs:*:*:cluster/awseb-*",
        "Sid": "ECSDeleteClusterOperationPermissions"
      },
      {
        "Action": [
          "autoscaling:AttachInstances",
          "autoscaling:CreateAutoScalingGroup",
          "autoscaling:CreateLaunchConfiguration",
          "autoscaling:CreateOrUpdateTags",
          "autoscaling:DeleteLaunchConfiguration",
          "autoscaling:DeleteAutoScalingGroup",
          "autoscaling:DeleteScheduledAction",
          "autoscaling:DetachInstances",
          "autoscaling:DeletePolicy",
          "autoscaling:PutScalingPolicy",
          "autoscaling:PutScheduledUpdateGroupAction",
          "autoscaling:PutNotificationConfiguration",
          "autoscaling:ResumeProcesses",
          "autoscaling:SetDesiredCapacity",
          "autoscaling:SuspendProcesses",
          "autoscaling:TerminateInstanceInAutoScalingGroup",
          "autoscaling:UpdateAutoScalingGroup"
        ],
        "Effect": "Allow",
        "Resource": [
          "arn:aws:autoscaling:*:*:launchConfiguration:*:launchConfigurationName/awseb-e-*",
          "arn:aws:autoscaling:*:*:launchConfiguration:*:launchConfigurationName/eb-*",
          "arn:aws:autoscaling:*:*:autoScalingGroup:*:autoScalingGroupName/awseb-e-*",
          "arn:aws:autoscaling:*:*:autoScalingGroup:*:autoScalingGroupName/eb-*"
        ],
        "Sid": "ASGOperationPermissions"
      },
      {
        "Action": [
          "cloudformation:*"
        ],
        "Effect": "Allow",
        "Resource": [
          "arn:aws:cloudformation:*:*:stack/awseb-*",
          "arn:aws:cloudformation:*:*:stack/eb-*"
        ],
        "Sid": "CFNOperationPermissions"
      },
      {
        "Action": [
          "elasticloadbalancing:AddTags",
          "elasticloadbalancing:ApplySecurityGroupsToLoadBalancer",
          "elasticloadbalancing:ConfigureHealthCheck",
          "elasticloadbalancing:CreateLoadBalancer",
          "elasticloadbalancing:DeleteLoadBalancer",
          "elasticloadbalancing:DeregisterInstancesFromLoadBalancer",
          "elasticloadbalancing:DeregisterTargets",
          "elasticloadbalancing:RegisterInstancesWithLoadBalancer",
          "elasticloadbalancing:RegisterTargets"
        ],
        "Effect": "Allow",
        "Resource": [
          "arn:aws:elasticloadbalancing:*:*:targetgroup/awseb-*",
          "arn:aws:elasticloadbalancing:*:*:targetgroup/eb-*",
          "arn:aws:elasticloadbalancing:*:*:loadbalancer/awseb-*",
          "arn:aws:elasticloadbalancing:*:*:loadbalancer/eb-*",
          "arn:aws:elasticloadbalancing:*:*:loadbalancer/*/awseb-*/*",
          "arn:aws:elasticloadbalancing:*:*:loadbalancer/*/eb-*/*"
        ],
        "Sid": "ELBOperationPermissions"
      },
      {
        "Action": [
          "logs:CreateLogGroup",
          "logs:DeleteLogGroup",
          "logs:PutRetentionPolicy"
        ],
        "Effect": "Allow",
        "Resource": "arn:aws:logs:*:*:log-group:/aws/elasticbeanstalk/*",
        "Sid": "CWLogsOperationPermissions"
      },
      {
        "Action": [
          "s3:DeleteObject",
          "s3:GetObject",
          "s3:GetObjectAcl",
          "s3:GetObjectVersion",
          "s3:GetObjectVersionAcl",
          "s3:PutObject",
          "s3:PutObjectAcl",
          "s3:PutObjectVersionAcl"
        ],
        "Effect": "Allow",
        "Resource": "arn:aws:s3:::elasticbeanstalk-*/*",
        "Sid": "S3ObjectOperationPermissions"
      },
      {
        "Action": [
          "s3:GetBucketLocation",
          "s3:GetBucketPolicy",
          "s3:ListBucket",
          "s3:PutBucketPolicy"
        ],
        "Effect": "Allow",
        "Resource": "arn:aws:s3:::elasticbeanstalk-*",
        "Sid": "S3BucketOperationPermissions"
      },
      {
        "Action": [
          "sns:CreateTopic",
          "sns:GetTopicAttributes",
          "sns:SetTopicAttributes",
          "sns:Subscribe"
        ],
        "Effect": "Allow",
        "Resource": "arn:aws:sns:*:*:ElasticBeanstalkNotifications-*",
        "Sid": "SNSOperationPermissions"
      },
      {
        "Action": [
          "sqs:GetQueueAttributes",
          "sqs:GetQueueUrl"
        ],
        "Effect": "Allow",
        "Resource": [
          "arn:aws:sqs:*:*:awseb-e-*",
          "arn:aws:sqs:*:*:eb-*"
        ],
        "Sid": "SQSOperationPermissions"
      },
      {
        "Action": [
          "cloudwatch:PutMetricAlarm"
        ],
        "Effect": "Allow",
        "Resource": [
          "arn:aws:cloudwatch:*:*:alarm:awseb-*",
          "arn:aws:cloudwatch:*:*:alarm:eb-*"
        ],
        "Sid": "CWPutMetricAlarmOperationPermissions"
      },
      {
        "Action": [
          "ecs:TagResource"
        ],
        "Condition": {
          "StringEquals": {
            "ecs:CreateAction": [
              "CreateCluster",
              "RegisterTaskDefinition"
            ]
          }
        },
        "Effect": "Allow",
        "Resource": "*",
        "Sid": "AllowECSTagResource"
      },
      {
        "Action": [
          "ec2:createTags"
        ],
        "Condition": {
          "StringEquals": {
            "ec2:CreateAction": [
              "CreateLaunchTemplate",
              "RunInstances"
            ]
          }
        },
        "Effect": "Allow",
        "Resource": "*",
        "Sid": "LaunchTemplateTagPropagationPermissions"
      }
    ],
    "Version": "2012-10-17"
  },
  "effective_actions": [
    {
      "access_level": "Write",
      "action": "elasticbeanstalk:*",
      "condition": null,
      "credentials_exposure": false,
      "data_access": false,
      "effective_action": "elasticbeanstalk:AbortEnvironmentUpdate",
      "privesc": false,
      "resource_exposure": false
    },
    {
      "access_level": "Tagging",
      "action": "elasticbeanstalk:*",
      "condition": null,
      "credentials_exposure": false,
      "data_access": false,
      "effective_action": "elasticbeanstalk:AddTags",
      "privesc": false,
      "resource_exposure": false
    },
    {
      "access_level": "Write",
      "action": "elasticbeanstalk:*",
      "condition": null,
      "credentials_exposure": false,
      "data_access": false,
      "effective_action": "elasticbeanstalk:ApplyEnvironmentManagedAction",
      "privesc": false,
      "resource_exposure": false
    },
    {
      "access_level": "Write",
      "action": "elasticbeanstalk:*",
      "condition": null,
      "credentials_exposure": false,
      "data_access": false,
      "effective_action": "elasticbeanstalk:AssociateEnvironmentOperationsRole",
      "privesc": false,
      "resource_exposure": false
    },
    {
      "access_level": "Read",
      "action": "elasticbeanstalk:*",
      "condition": null,
      "credentials_exposure": false,
      "data_access": false,
      "effective_action": "elasticbeanstalk:CheckDNSAvailability",
      "privesc": false,
      "resource_exposure": false
    },
    {
      "access_level": "Write",
      "action": "elasticbeanstalk:*",
      "condition": null,
      "credentials_exposure": false,
      "data_access": false,
      "effective_action": "elasticbeanstalk:ComposeEnvironments",
      "privesc": false,
      "resource_exposure": false
    },
    {
      "access_level": "Write",
      "action": "elasticbeanstalk:*",
      "condition": null,
      "credentials_exposure": false,
      "data_access": false,
      "effective_action": "elasticbeanstalk:CreateApplication",
      "privesc": false,
      "resource_exposure": false
    },
    {
      "access_level": "Write",
      "action": "elasticbeanstalk:*",
      "condition": null,
      "credentials_exposure": false,
      "data_access": false,
      "effective_action": "elasticbeanstalk:CreateApplicationVersion",
      "privesc": false,
      "resource_exposure": false
    },
    {
      "access_level": "Write",
      "action": "elasticbeanstalk:*",
      "condition": null,
      "credentials_exposure": false,
      "data_access": false,
      "effective_action": "elasticbeanstalk:CreateConfigurationTemplate",
      "privesc": false,
      "resource_exposure": false
    },
    {
      "access_level": "Write",
      "action": "elasticbeanstalk:*",
      "condition": null,
      "credentials_exposure": false,
      "data_access": false,
      "effective_action": "elasticbeanstalk:CreateEnvironment",
      "privesc": false,
      "resource_exposure": false
    },
    {
      "access_level": "Write",
      "action": "elasticbeanstalk:*",
      "condition": null,
      "credentials_exposure": false,
      "data_access": false,
      "effective_action": "elasticbeanstalk:CreatePlatformVersion",
      "privesc": false,
      "resource_exposure": false
    },
    {
      "access_level": "Write",
      "action": "elasticbeanstalk:*",
      "condition": null,
      "credentials_exposure": false,
      "data_access": false,
      "effective_action": "elasticbeanstalk:CreateStorageLocation",
      "privesc": false,
      "resource_exposure": false
    },
    {
      "access_level": "Write",
      "action": "elasticbeanstalk:*",
      "condition": null,
      "credentials_exposure": false,
      "data_access": false,
      "effective_action": "elasticbeanstalk:DeleteApplication",
      "privesc": false,
      "resource_exposure": false
    },
    {
      "access_level": "Write",
      "action": "elasticbeanstalk:*",
      "condition": null,
      "credentials_exposure": false,
      "data_access": false,
      "effective_action": "elasticbeanstalk:DeleteApplicationVersion",
      "privesc": false,
      "resource_exposure": false
    },
    {
      "access_level": "Write",
      "action": "elasticbeanstalk:*",
      "condition": null,
      "credentials_exposure": false,
      "data_access": false,
      "effective_action": "elasticbeanstalk:DeleteConfigurationTemplate",
      "privesc": false,
      "resource_exposure": false
    },
    {
      "access_level": "Write",
      "action": "elasticbeanstalk:*",
      "condition": null,
      "credentials_exposure": false,
      "data_access": false,
      "effective_action": "elasticbeanstalk:DeleteEnvironmentConfiguration",
      "privesc": false,
      "resource_exposure": false
    },
    {
      "access_level": "Write",
      "action": "elasticbeanstalk:*",
      "condition": null,
      "credentials_exposure": false,
      "data_access": false,
      "effective_action": "elasticbeanstalk:DeletePlatformVersion",
      "privesc": false,
      "resource_exposure": false
    },
    {
      "access_level": "Read",
      "action": "elasticbeanstalk:*",
      "condition": null,
      "credentials_exposure": false,
      "data_access": false,
      "effective_action": "elasticbeanstalk:DescribeAccountAttributes",
      "privesc": false,
      "resource_exposure": false
    },
    {
      "access_level": "List",
      "action": "elasticbeanstalk:*",
      "condition": null,
      "credentials_exposure": false,
      "data_access": false,
      "effective_action": "elasticbeanstalk:DescribeApplicationVersions",
      "privesc": false,
      "resource_exposure": false
    },
    {
      "access_level": "List",
      "action": "elasticbeanstalk:*",
      "condition": null,
      "credentials_exposure": false,
      "data_access": false,
      "effective_action": "elasticbeanstalk:DescribeApplications",
      "privesc": false,
      "resource_exposure": false
    },
    {
      "access_level": "Read",
      "action": "elasticbeanstalk:*",
      "condition": null,
      "credentials_exposure": false,
      "data_access": false,
      "effective_action": "elasticbeanstalk:DescribeConfigurationOptions",
      "privesc": false,
      "resource_exposure": false
    },
    {
      "access_level": "Read",
      "action": "elasticbeanstalk:*",
      "condition": null,
      "credentials_exposure": false,
      "data_access": false,
      "effective_action": "elasticbeanstalk:DescribeConfigurationSettings",
      "privesc": false,
      "resource_exposure": false
    },
    {
      "access_level": "Read",
      "action": "elasticbeanstalk:*",
      "condition": null,
      "credentials_exposure": false,
      "data_access": false,
      "effective_action": "elasticbeanstalk:DescribeEnvironmentHealth",
      "privesc": false,
      "resource_exposure": false
    },
    {
      "access_level": "Read",
      "action": "elasticbeanstalk:*",
      "condition": null,
      "credentials_exposure": false,
      "data_access": false,
      "effective_action": "elasticbeanstalk:DescribeEnvironmentManagedActionHistory",
      "privesc": false,
      "resource_exposure": false
    },
    {
      "access_level": "Read",
      "action": "elasticbeanstalk:*",
      "condition": null,
      "credentials_exposure": false,
      "data_access": false,
      "effective_action": "elasticbeanstalk:DescribeEnvironmentManagedActions",
      "privesc": false,
      "resource_exposure": false
    },
    {
      "access_level": "Read",
      "action": "elasticbeanstalk:*",
      "condition": null,
      "credentials_exposure": false,
      "data_access": false,
      "effective_action": "elasticbeanstalk:DescribeEnvironmentResources",
      "privesc": false,
      "resource_exposure": false
    },
    {
      "access_level": "List",
      "action": "elasticbeanstalk:*",
      "condition": null,
      "credentials_exposure": false,
      "data_access": false,
      "effective_action": "elasticbeanstalk:DescribeEnvironments",
      "privesc": false,
      "resource_exposure": false
    },
    {
      "access_level": "Read",
      "action": "elasticbeanstalk:*",
      "condition": null,
      "credentials_exposure": false,
      "data_access": false,
      "effective_action": "elasticbeanstalk:DescribeEvents",
      "privesc": false,
      "resource_exposure": false
    },
    {
      "access_level": "Read",
      "action": "elasticbeanstalk:*",
      "condition": null,
      "credentials_exposure": false,
      "data_access": false,
      "effective_action": "elasticbeanstalk:DescribeInstancesHealth",
      "privesc": false,
      "resource_exposure": false
    },
    {
      "access_level": "Read",
      "action": "elasticbeanstalk:*",
      "condition": null,
      "credentials_exposure": false,
      "data_access": false,
      "effective_action": "elasticbeanstalk:DescribePlatformVersion",
      "privesc": false,
      "resource_exposure": false
    },
    {
      "access_level": "Write",
      "action": "elasticbeanstalk:*",
      "condition": null,
      "credentials_exposure": false,
      "data_access": false,
      "effective_action": "elasticbeanstalk:DisassociateEnvironmentOperationsRole",
      "privesc": false,
      "resource_exposure": false
    },
    {
      "access_level": "List",
      "action": "elasticbeanstalk:*",
      "condition": null,
      "credentials_exposure": false,
      "data_access": false,
      "effective_action": "elasticbeanstalk:ListAvailableSolutionStacks",
      "privesc": false,
      "resource_exposure": false
    },
    {
      "access_level": "List",
      "action": "elasticbeanstalk:*",
      "condition": null,
      "credentials_exposure": false,
      "data_access": false,
      "effective_action": "elasticbeanstalk:ListPlatformBranches",
      "privesc": false,
      "resource_exposure": false
    },
    {
      "access_level": "List",
      "action": "elasticbeanstalk:*",
      "condition": null,
      "credentials_exposure": false,
      "data_access": false,
      "effective_action": "elasticbeanstalk:ListPlatformVersions",
      "privesc": false,
      "resource_exposure": false
    },
    {
      "access_level": "Read",
      "action": "elasticbeanstalk:*",
      "condition": null,
      "credentials_exposure": false,
      "data_access": false,
      "effective_action": "elasticbeanstalk:ListTagsForResource",
      "privesc": false,
      "resource_exposure": false
    },
    {
      "access_level": "Write",
      "action": "elasticbeanstalk:*",
      "condition": null,
      "credentials_exposure": false,
      "data_access": false,
      "effective_action": "elasticbeanstalk:PutInstanceStatistics",
      "privesc": false,
      "resource_exposure": false
    },
    {
      "access_level": "Write",
      "action": "elasticbeanstalk:*",
      "condition": null,
      "credentials_exposure": false,
      "data_access": false,
      "effective_action": "elasticbeanstalk:RebuildEnvironment",
      "privesc": false,
      "resource_exposure": false
    },
    {
      "access_level": "Tagging",
      "action": "elasticbeanstalk:*",
      "condition": null,
      "credentials_exposure": false,
      "data_access": false,
      "effective_action": "elasticbeanstalk:RemoveTags",
      "privesc": false,
      "resource_exposure": false
    },
    {
      "access_level": "Read",
      "action": "elasticbeanstalk:*",
      "condition": null,
      "credentials_exposure": false,
      "data_access": false,
      "effective_action": "elasticbeanstalk:RequestEnvironmentInfo",
      "privesc": false,
      "resource_exposure": false
    },
    {
      "access_level": "Write",
      "action": "elasticbeanstalk:*",
      "condition": null,
      "credentials_exposure": false,
      "data_access": false,
      "effective_action": "elasticbeanstalk:RestartAppServer",
      "privesc": false,
      "resource_exposure": false
    },
    {
      "access_level": "Read",
      "action": "elasticbeanstalk:*",
      "condition": null,
      "credentials_exposure": false,
      "data_access": false,
      "effective_action": "elasticbeanstalk:RetrieveEnvironmentInfo",
      "privesc": false,
      "resource_exposure": false
    },
    {
      "access_level": "Write",
      "action": "elasticbeanstalk:*",
      "condition": null,
      "credentials_exposure": false,
      "data_access": false,
      "effective_action": "elasticbeanstalk:SwapEnvironmentCNAMEs",
      "privesc": false,
      "resource_exposure": false
    },
    {
      "access_level": "Write",
      "action": "elasticbeanstalk:*",
      "condition": null,
      "credentials_exposure": false,
      "data_access": false,
      "effective_action": "elasticbeanstalk:TerminateEnvironment",
      "privesc": false,
      "resource_exposure": false
    },
    {
      "access_level": "Write",
      "action": "elasticbeanstalk:*",
      "condition": null,
      "credentials_exposure": false,
      "data_access": false,
      "effective_action": "elasticbeanstalk:UpdateApplication",
      "privesc": false,
      "resource_exposure": false
    },
    {
      "access_level": "Write",
      "action": "elasticbeanstalk:*",
      "condition": null,
      "credentials_exposure": false,
      "data_access": false,
      "effective_action": "elasticbeanstalk:UpdateApplicationResourceLifecycle",
      "privesc": false,
      "resource_exposure": false
    },
    {
      "access_level": "Write",
      "action": "elasticbeanstalk:*",
      "condition": null,
      "credentials_exposure": false,
      "data_access": false,
      "effective_action": "elasticbeanstalk:UpdateApplicationVersion",
      "privesc": false,
      "resource_exposure": false
    },
    {
      "access_level": "Write",
      "action": "elasticbeanstalk:*",
      "condition": null,
      "credentials_exposure": false,
      "data_access": false,
      "effective_action": "elasticbeanstalk:UpdateConfigurationTemplate",
      "privesc": false,
      "resource_exposure": false
    },
    {
      "access_level": "Write",
      "action": "elasticbeanstalk:*",
      "condition": null,
      "credentials_exposure": false,
      "data_access": false,
      "effective_action": "elasticbeanstalk:UpdateEnvironment",
      "privesc": false,
      "resource_exposure": false
    },
    {
      "access_level": "Tagging",
      "action": "elasticbeanstalk:*",
      "condition": null,
      "credentials_exposure": false,
      "data_access": false,
      "effective_action": "elasticbeanstalk:UpdateTagsForResource",
      "privesc": false,
      "resource_exposure": false
    },
    {
      "access_level": "Read",
      "action": "elasticbeanstalk:*",
      "condition": null,
      "credentials_exposure": false,
      "data_access": false,
      "effective_action": "elasticbeanstalk:ValidateConfigurationSettings",
      "privesc": false,
      "resource_exposure": false
    },
    {
      "access_level": "Permissions management",
      "action": "iam:PassRole",
      "condition": {
        "StringEquals": {
          "iam:PassedToService": [
            "elasticbeanstalk.amazonaws.com",
            "ec2.amazonaws.com",
            "ec2.amazonaws.com.cn",
            "autoscaling.amazonaws.com",
            "elasticloadbalancing.amazonaws.com",
            "ecs.amazonaws.com",
            "cloudformation.amazonaws.com"
          ]
        }
      },
      "credentials_exposure": false,
      "data_access": false,
      "effective_action": "iam:PassRole",
      "privesc": true,
      "resource_exposure": true
    },
    {
      "access_level": "List",
      "action": "autoscaling:DescribeAccountLimits",
      "condition": null,
      "credentials_exposure": false,
      "data_access": false,
      "effective_action": "autoscaling:DescribeAccountLimits",
      "privesc": false,
      "resource_exposure": false
    },
    {
      "access_level": "List",
      "action": "autoscaling:DescribeAutoScalingGroups",
      "condition": null,
      "credentials_exposure": false,
      "data_access": false,
      "effective_action": "autoscaling:DescribeAutoScalingGroups",
      "privesc": false,
      "resource_exposure": false
    },
    {
      "access_level": "List",
      "action": "autoscaling:DescribeAutoScalingInstances",
      "condition": null,
      "credentials_exposure": false,
      "data_access": false,
      "effective_action": "autoscaling:DescribeAutoScalingInstances",
      "privesc": false,
      "resource_exposure": false
    },
    {
      "access_level": "List",
      "action": "autoscaling:DescribeLaunchConfigurations",
      "condition": null,
      "credentials_exposure": false,
      "data_access": false,
      "effective_action": "autoscaling:DescribeLaunchConfigurations",
      "privesc": false,
      "resource_exposure": false
    },
    {
      "access_level": "List",
      "action": "autoscaling:DescribeLoadBalancers",
      "condition": null,
      "credentials_exposure": false,
      "data_access": false,
      "effective_action": "autoscaling:DescribeLoadBalancers",
      "privesc": false,
      "resource_exposure": false
    },
    {
      "access_level": "List",
      "action": "autoscaling:DescribeNotificationConfigurations",
      "condition": null,
      "credentials_exposure": false,
      "data_access": false,
      "effective_action": "autoscaling:DescribeNotificationConfigurations",
      "privesc": false,
      "resource_exposure": false
    },
    {
      "access_level": "List",
      "action": "autoscaling:DescribeScalingActivities",
      "condition": null,
      "credentials_exposure": false,
      "data_access": false,
      "effective_action": "autoscaling:DescribeScalingActivities",
      "privesc": false,
      "resource_exposure": false
    },
    {
      "access_level": "List",
      "action": "autoscaling:DescribeScheduledActions",
      "condition": null,
      "credentials_exposure": false,
      "data_access": false,
      "effective_action": "autoscaling:DescribeScheduledActions",
      "privesc": false,
      "resource_exposure": false
    },
    {
      "access_level": "List",
      "action": "ec2:DescribeAccountAttributes",
      "condition": null,
      "credentials_exposure": false,
      "data_access": false,
      "effective_action": "ec2:DescribeAccountAttributes",
      "privesc": false,
      "resource_exposure": false
    },
    {
      "access_level": "List",
      "action": "ec2:DescribeAddresses",
      "condition": null,
      "credentials_exposure": false,
      "data_access": false,
      "effective_action": "ec2:DescribeAddresses",
      "privesc": false,
      "resource_exposure": false
    },
    {
      "access_level": "List",
      "action": "ec2:DescribeAvailabilityZones",
      "condition": null,
      "credentials_exposure": false,
      "data_access": false,
      "effective_action": "ec2:DescribeAvailabilityZones",
      "privesc": false,
      "resource_exposure": false
    },
    {
      "access_level": "List",
      "action": "ec2:DescribeImages",
      "condition": null,
      "credentials_exposure": false,
      "data_access": false,
      "effective_action": "ec2:DescribeImages",
      "privesc": false,
      "resource_exposure": false
    },
    {
      "access_level": "List",
      "action": "ec2:DescribeInstanceAttribute",
      "condition": null,
      "credentials_exposure": false,
      "data_access": false,
      "effective_action": "ec2:DescribeInstanceAttribute",
      "privesc": false,
      "resource_exposure": false
    },
    {
      "access_level": "List",
      "action": "ec2:DescribeInstances",
      "condition": null,
      "credentials_exposure": false,
      "data_access": false,
      "effective_action": "ec2:DescribeInstances",
      "privesc": false,
      "resource_exposure": false
    },
    {
      "access_level": "List",
      "action": "ec2:DescribeKeyPairs",
      "condition": null,
      "credentials_exposure": false,
      "data_access": false,
      "effective_action": "ec2:DescribeKeyPairs",
      "privesc": false,
      "resource_exposure": false
    },
    {
      "access_level": "List",
      "action": "ec2:DescribeLaunchTemplates",
      "condition": null,
      "credentials_exposure": false,
      "data_access": false,
      "effective_action": "ec2:DescribeLaunchTemplates",
      "privesc": false,
      "resource_exposure": false
    },
    {
      "access_level": "List",
      "action": "ec2:DescribeLaunchTemplateVersions",
      "condition": null,
      "credentials_exposure": false,
      "data_access": false,
      "effective_action": "ec2:DescribeLaunchTemplateVersions",
      "privesc": false,
      "resource_exposure": false
    },
    {
      "access_level": "List",
      "action": "ec2:DescribeSecurityGroups",
      "condition": null,
      "credentials_exposure": false,
      "data_access": false,
      "effective_action": "ec2:DescribeSecurityGroups",
      "privesc": false,
      "resource_exposure": false
    },
    {
      "access_level": "List",
      "action": "ec2:DescribeSnapshots",
      "condition": null,
      "credentials_exposure": false,
      "data_access": false,
      "effective_action": "ec2:DescribeSnapshots",
      "privesc": false,
      "resource_exposure": false
    },
    {
      "access_level": "List",
      "action": "ec2:DescribeSpotInstanceRequests",
      "condition": null,
      "credentials_exposure": false,
      "data_access": false,
      "effective_action": "ec2:DescribeSpotInstanceRequests",
      "privesc": false,
      "resource_exposure": false
    },
    {
      "access_level": "List",
      "action": "ec2:DescribeSubnets",
      "condition": null,
      "credentials_exposure": false,
      "data_access": false,
      "effective_action": "ec2:DescribeSubnets",
      "privesc": false,
      "resource_exposure": false
    },
    {
      "access_level": "List",
      "action": "ec2:DescribeVpcClassicLink",
      "condition": null,
      "credentials_exposure": false,
      "data_access": false,
      "effective_action": "ec2:DescribeVpcClassicLink",
      "privesc": false,
      "resource_exposure": false
    },
    {
      "access_level": "List",
      "action": "ec2:DescribeVpcs",
      "condition": null,
      "credentials_exposure": false,
      "data_access": false,
      "effective_action": "ec2:DescribeVpcs",
      "privesc": false,
      "resource_exposure": false
    },
    {
      "access_level": "Read",
      "action": "elasticloadbalancing:DescribeInstanceHealth",
      "condition": null,
      "credentials_exposure": false,
      "data_access": false,
      "effective_action": "elasticloadbalancing:DescribeInstanceHealth",
      "privesc": false,
      "resource_exposure": false
    },
    {
      "access_level": "List",
      "action": "elasticloadbalancing:DescribeLoadBalancers",
      "condition": null,
      "credentials_exposure": false,
      "data_access": false,
      "effective_action": "elasticloadbalancing:DescribeLoadBalancers",
      "privesc": false,
      "resource_exposure": false
    },
    {
      "access_level": "Read",
      "action": "elasticloadbalancing:DescribeTargetGroups",
      "condition": null,
      "credentials_exposure": false,
      "data_access": false,
      "effective_action": "elasticloadbalancing:DescribeTargetGroups",
      "privesc": false,
      "resource_exposure": false
    },
    {
      "access_level": "Read",
      "action": "elasticloadbalancing:DescribeTargetHealth",
      "condition": null,
      "credentials_exposure": false,
      "data_access": false,
      "effective_action": "elasticloadbalancing:DescribeTargetHealth",
      "privesc": false,
      "resource_exposure": false
    },
    {
      "access_level": "List",
      "action": "logs:DescribeLogGroups",
      "condition": null,
      "credentials_exposure": false,
      "data_access": false,
      "effective_action": "logs:DescribeLogGroups",
      "privesc": false,
      "resource_exposure": false
    },
    {
      "access_level": "List",
      "action": "rds:DescribeDBEngineVersions",
      "condition": null,
      "credentials_exposure": false,
      "data_access": false,
      "effective_action": "rds:DescribeDBEngineVersions",
      "privesc": false,
      "resource_exposure": false
    },
    {
      "access_level": "List",
      "action": "rds:DescribeDBInstances",
      "condition": null,
      "credentials_exposure": false,
      "data_access": false,
      "effective_action": "rds:DescribeDBInstances",
      "privesc": false,
      "resource_exposure": false
    },
    {
      "access_level": "List",
      "action": "rds:DescribeOrderableDBInstanceOptions",
      "condition": null,
      "credentials_exposure": false,
      "data_access": false,
      "effective_action": "rds:DescribeOrderableDBInstanceOptions",
      "privesc": false,
      "resource_exposure": false
    },
    {
      "access_level": "List",
      "action": "sns:ListSubscriptionsByTopic",
      "condition": null,
      "credentials_exposure": false,
      "data_access": false,
      "effective_action": "sns:ListSubscriptionsByTopic",
      "privesc": false,
      "resource_exposure": false
    },
    {
      "access_level": "Write",
      "action": "ec2:AllocateAddress",
      "condition": null,
      "credentials_exposure": false,
      "data_access": false,
      "effective_action": "ec2:AllocateAddress",
      "privesc": false,
      "resource_exposure": false
    },
    {
      "access_level": "Write",
      "action": "ec2:AssociateAddress",
      "condition": null,
      "credentials_exposure": false,
      "data_access": false,
      "effective_action": "ec2:AssociateAddress",
      "privesc": false,
      "resource_exposure": false
    },
    {
      "access_level": "Write",
      "action": "ec2:AuthorizeSecurityGroupEgress",
      "condition": null,
      "credentials_exposure": false,
      "data_access": false,
      "effective_action": "ec2:AuthorizeSecurityGroupEgress",
      "privesc": false,
      "resource_exposure": false
    },
    {
      "access_level": "Write",
      "action": "ec2:AuthorizeSecurityGroupIngress",
      "condition": null,
      "credentials_exposure": false,
      "data_access": false,
      "effective_action": "ec2:AuthorizeSecurityGroupIngress",
      "privesc": false,
      "resource_exposure": false
    },
    {
      "access_level": "Write",
      "action": "ec2:CreateLaunchTemplate",
      "condition": null,
      "credentials_exposure": false,
      "data_access": false,
      "effective_action": "ec2:CreateLaunchTemplate",
      "privesc": false,
      "resource_exposure": false
    },
    {
      "access_level": "Write",
      "action": "ec2:CreateLaunchTemplateVersion",
      "condition": null,
      "credentials_exposure": false,
      "data_access": false,
      "effective_action": "ec2:CreateLaunchTemplateVersion",
      "privesc": false,
      "resource_exposure": false
    },
    {
      "access_level": "Write",
      "action": "ec2:CreateSecurityGroup",
      "condition": null,
      "credentials_exposure": false,
      "data_access": false,
      "effective_action": "ec2:CreateSecurityGroup",
      "privesc": false,
      "resource_exposure": false
    },
    {
      "access_level": "Write",
      "action": "ec2:DeleteLaunchTemplate",
      "condition": null,
      "credentials_exposure": false,
      "data_access": false,
      "effective_action": "ec2:DeleteLaunchTemplate",
      "privesc": false,
      "resource_exposure": false
    },
    {
      "access_level": "Write",
      "action": "ec2:DeleteLaunchTemplateVersions",
      "condition": null,
      "credentials_exposure": false,
      "data_access": false,
      "effective_action": "ec2:DeleteLaunchTemplateVersions",
      "privesc": false,
      "resource_exposure": false
    },
    {
      "access_level": "Write",
      "action": "ec2:DeleteSecurityGroup",
      "condition": null,
      "credentials_exposure": false,
      "data_access": false,
      "effective_action": "ec2:DeleteSecurityGroup",
      "privesc": false,
      "resource_exposure": false
    },
    {
      "access_level": "Write",
      "action": "ec2:DisassociateAddress",
      "condition": null,
      "credentials_exposure": false,
      "data_access": false,
      "effective_action": "ec2:DisassociateAddress",
      "privesc": false,
      "resource_exposure": false
    },
    {
      "access_level": "Write",
      "action": "ec2:ReleaseAddress",
      "condition": null,
      "credentials_exposure": false,
      "data_access": false,
      "effective_action": "ec2:ReleaseAddress",
      "privesc": false,
      "resource_exposure": false
    },
    {
      "access_level": "Write",
      "action": "ec2:RevokeSecurityGroupEgress",
      "condition": null,
      "credentials_exposure": false,
      "data_access": false,
      "effective_action": "ec2:RevokeSecurityGroupEgress",
      "privesc": false,
      "resource_exposure": false
    },
    {
      "access_level": "Write",
      "action": "ec2:RevokeSecurityGroupIngress",
      "condition": null,
      "credentials_exposure": false,
      "data_access": false,
      "effective_action": "ec2:RevokeSecurityGroupIngress",
      "privesc": false,
      "resource_exposure": false
    },
    {
      "access_level": "Write",
      "action": "ec2:RunInstances",
      "condition": {
        "ArnLike": {
          "ec2:LaunchTemplate": "arn:aws:ec2:*:*:launch-template/*"
        }
      },
      "credentials_exposure": false,
      "data_access": false,
      "effective_action": "ec2:RunInstances",
      "privesc": false,
      "resource_exposure": false
    },
    {
      "access_level": "Write",
      "action": "ec2:TerminateInstances",
      "condition": {
        "StringLike": {
          "ec2:ResourceTag/aws:cloudformation:stack-id": [
            "arn:aws:cloudformation:*:*:stack/awseb-e-*",
            "arn:aws:cloudformation:*:*:stack/eb-*"
          ]
        }
      },
      "credentials_exposure": false,
      "data_access": false,
      "effective_action": "ec2:TerminateInstances",
      "privesc": false,
      "resource_exposure": false
    },
    {
      "access_level": "Write",
      "action": "ecs:CreateCluster",
      "condition": null,
      "credentials_exposure": false,
      "data_access": false,
      "effective_action": "ecs:CreateCluster",
      "privesc": false,
      "resource_exposure": false
    },
    {
      "access_level": "Read",
      "action": "ecs:DescribeClusters",
      "condition": null,
      "credentials_exposure": false,
      "data_access": false,
      "effective_action": "ecs:DescribeClusters",
      "privesc": false,
      "resource_exposure": false
    },
    {
      "access_level": "Write",
      "action": "ecs:RegisterTaskDefinition",
      "condition": null,
      "credentials_exposure": false,
      "data_access": false,
      "effective_action": "ecs:RegisterTaskDefinition",
      "privesc": false,
      "resource_exposure": false
    },
    {
      "access_level": "Write",
      "action": "ecs:DeleteCluster",
      "condition": null,
      "credentials_exposure": false,
      "data_access": false,
      "effective_action": "ecs:DeleteCluster",
      "privesc": false,
      "resource_exposure": false
    },
    {
      "access_level": "Write",
      "action": "autoscaling:AttachInstances",
      "condition": null,
      "credentials_exposure": false,
      "data_access": false,
      "effective_action": "autoscaling:AttachInstances",
      "privesc": false,
      "resource_exposure": false
    },
    {
      "access_level": "Write",
      "action": "autoscaling:CreateAutoScalingGroup",
      "condition": null,
      "credentials_exposure": false,
      "data_access": false,
      "effective_action": "autoscaling:CreateAutoScalingGroup",
      "privesc": false,
      "resource_exposure": false
    },
    {
      "access_level": "Write",
      "action": "autoscaling:CreateLaunchConfiguration",
      "condition": null,
      "credentials_exposure": false,
      "data_access": false,
      "effective_action": "autoscaling:CreateLaunchConfiguration",
      "privesc": false,
      "resource_exposure": false
    },
    {
      "access_level": "Tagging",
      "action": "autoscaling:CreateOrUpdateTags",
      "condition": null,
      "credentials_exposure": false,
      "data_access": false,
      "effective_action": "autoscaling:CreateOrUpdateTags",
      "privesc": false,
      "resource_exposure": false
    },
    {
      "access_level": "Write",
      "action": "autoscaling:DeleteLaunchConfiguration",
      "condition": null,
      "credentials_exposure": false,
      "data_access": false,
      "effective_action": "autoscaling:DeleteLaunchConfiguration",
      "privesc": false,
      "resource_exposure": false
    },
    {
      "access_level": "Write",
      "action": "autoscaling:DeleteAutoScalingGroup",
      "condition": null,
      "credentials_exposure": false,
      "data_access": false,
      "effective_action": "autoscaling:DeleteAutoScalingGroup",
      "privesc": false,
      "resource_exposure": false
    },
    {
      "access_level": "Write",
      "action": "autoscaling:DeleteScheduledAction",
      "condition": null,
      "credentials_exposure": false,
      "data_access": false,
      "effective_action": "autoscaling:DeleteScheduledAction",
      "privesc": false,
      "resource_exposure": false
    },
    {
      "access_level": "Write",
      "action": "autoscaling:DetachInstances",
      "condition": null,
      "credentials_exposure": false,
      "data_access": false,
      "effective_action": "autoscaling:DetachInstances",
      "privesc": false,
      "resource_exposure": false
    },
    {
      "access_level": "Write",
      "action": "autoscaling:DeletePolicy",
      "condition": null,
      "credentials_exposure": false,
      "data_access": false,
      "effective_action": "autoscaling:DeletePolicy",
      "privesc": false,
      "resource_exposure": false
    },
    {
      "access_level": "Write",
      "action": "autoscaling:PutScalingPolicy",
      "condition": null,
      "credentials_exposure": false,
      "data_access": false,
      "effective_action": "autoscaling:PutScalingPolicy",
      "privesc": false,
      "resource_exposure": false
    },
    {
      "access_level": "Write",
      "action": "autoscaling:PutScheduledUpdateGroupAction",
      "condition": null,
      "credentials_exposure": false,
      "data_access": false,
      "effective_action": "autoscaling:PutScheduledUpdateGroupAction",
      "privesc": false,
      "resource_exposure": false
    },
    {
      "access_level": "Write",
      "action": "autoscaling:PutNotificationConfiguration",
      "condition": null,
      "credentials_exposure": false,
      "data_access": false,
      "effective_action": "autoscaling:PutNotificationConfiguration",
      "privesc": false,
      "resource_exposure": false
    },
    {
      "access_level": "Write",
      "action": "autoscaling:ResumeProcesses",
      "condition": null,
      "credentials_exposure": false,
      "data_access": false,
      "effective_action": "autoscaling:ResumeProcesses",
      "privesc": false,
      "resource_exposure": false
    },
    {
      "access_level": "Write",
      "action": "autoscaling:SetDesiredCapacity",
      "condition": null,
      "credentials_exposure": false,
      "data_access": false,
      "effective_action": "autoscaling:SetDesiredCapacity",
      "privesc": false,
      "resource_exposure": false
    },
    {
      "access_level": "Write",
      "action": "autoscaling:SuspendProcesses",
      "condition": null,
      "credentials_exposure": false,
      "data_access": false,
      "effective_action": "autoscaling:SuspendProcesses",
      "privesc": false,
      "resource_exposure": false
    },
    {
      "access_level": "Write",
      "action": "autoscaling:TerminateInstanceInAutoScalingGroup",
      "condition": null,
      "credentials_exposure": false,
      "data_access": false,
      "effective_action": "autoscaling:TerminateInstanceInAutoScalingGroup",
      "privesc": false,
      "resource_exposure": false
    },
    {
      "access_level": "Write",
      "action": "autoscaling:UpdateAutoScalingGroup",
      "condition": null,
      "credentials_exposure": false,
      "data_access": false,
      "effective_action": "autoscaling:UpdateAutoScalingGroup",
      "privesc": false,
      "resource_exposure": false
    },
    {
      "access_level": "Write",
      "action": "cloudformation:*",
      "condition": null,
      "credentials_exposure": false,
      "data_access": false,
      "effective_action": "cloudformation:CancelResourceRequest",
      "privesc": false,
      "resource_exposure": false
    },
    {
      "access_level": "Write",
      "action": "cloudformation:*",
      "condition": null,
      "credentials_exposure": false,
      "data_access": false,
      "effective_action": "cloudformation:CreateResource",
      "privesc": false,
      "resource_exposure": false
    },
    {
      "access_level": "Write",
      "action": "cloudformation:*",
      "condition": null,
      "credentials_exposure": false,
      "data_access": false,
      "effective_action": "cloudformation:DeleteResource",
      "privesc": false,
      "resource_exposure": false
    },
    {
      "access_level": "Read",
      "action": "cloudformation:*",
      "condition": null,
      "credentials_exposure": false,
      "data_access": false,
      "effective_action": "cloudformation:GetResource",
      "privesc": false,
      "resource_exposure": false
    },
    {
      "access_level": "Read",
      "action": "cloudformation:*",
      "condition": null,
      "credentials_exposure": false,
      "data_access": false,
      "effective_action": "cloudformation:GetResourceRequestStatus",
      "privesc": false,
      "resource_exposure": false
    },
    {
      "access_level": "Read",
      "action": "cloudformation:*",
      "condition": null,
      "credentials_exposure": false,
      "data_access": false,
      "effective_action": "cloudformation:ListResourceRequests",
      "privesc": false,
      "resource_exposure": false
    },
    {
      "access_level": "Read",
      "action": "cloudformation:*",
      "condition": null,
      "credentials_exposure": false,
      "data_access": false,
      "effective_action": "cloudformation:ListResources",
      "privesc": false,
      "resource_exposure": false
    },
    {
      "access_level": "Write",
      "action": "cloudformation:*",
      "condition": null,
      "credentials_exposure": false,
      "data_access": false,
      "effective_action": "cloudformation:UpdateResource",
      "privesc": false,
      "resource_exposure": false
    },
    {
      "access_level": "Write",
      "action": "cloudformation:*",
      "condition": null,
      "credentials_exposure": false,
      "data_access": false,
      "effective_action": "cloudformation:ActivateOrganizationsAccess",
      "privesc": false,
      "resource_exposure": false
    },
    {
      "access_level": "Write",
      "action": "cloudformation:*",
      "condition": null,
      "credentials_exposure": false,
      "data_access": false,
      "effective_action": "cloudformation:ActivateType",
      "privesc": false,
      "resource_exposure": false
    },
    {
      "access_level": "Read",
      "action": "cloudformation:*",
      "condition": null,
      "credentials_exposure": false,
      "data_access": false,
      "effective_action": "cloudformation:BatchDescribeTypeConfigurations",
      "privesc": false,
      "resource_exposure": false
    },
    {
      "access_level": "Write",
      "action": "cloudformation:*",
      "condition": null,
      "credentials_exposure": false,
      "data_access": false,
      "effective_action": "cloudformation:CancelUpdateStack",
      "privesc": false,
      "resource_exposure": false
    },
    {
      "access_level": "Write",
      "action": "cloudformation:*",
      "condition": null,
      "credentials_exposure": false,
      "data_access": false,
      "effective_action": "cloudformation:ContinueUpdateRollback",
      "privesc": false,
      "resource_exposure": false
    },
    {
      "access_level": "Write",
      "action": "cloudformation:*",
      "condition": null,
      "credentials_exposure": false,
      "data_access": false,
      "effective_action": "cloudformation:CreateChangeSet",
      "privesc": false,
      "resource_exposure": false
    },
    {
      "access_level": "Write",
      "action": "cloudformation:*",
      "condition": null,
      "credentials_exposure": false,
      "data_access": false,
      "effective_action": "cloudformation:CreateGeneratedTemplate",
      "privesc": false,
      "resource_exposure": false
    },
    {
      "access_level": "Write",
      "action": "cloudformation:*",
      "condition": null,
      "credentials_exposure": false,
      "data_access": false,
      "effective_action": "cloudformation:CreateStack",
      "privesc": false,
      "resource_exposure": false
    },
    {
      "access_level": "Write",
      "action": "cloudformation:*",
      "condition": null,
      "credentials_exposure": false,
      "data_access": false,
      "effective_action": "cloudformation:CreateStackInstances",
      "privesc": false,
      "resource_exposure": false
    },
    {
      "access_level": "Write",
      "action": "cloudformation:*",
      "condition": null,
      "credentials_exposure": false,
      "data_access": false,
      "effective_action": "cloudformation:CreateStackRefactor",
      "privesc": false,
      "resource_exposure": false
    },
    {
      "access_level": "Write",
      "action": "cloudformation:*",
      "condition": null,
      "credentials_exposure": false,
      "data_access": false,
      "effective_action": "cloudformation:CreateStackSet",
      "privesc": false,
      "resource_exposure": false
    },
    {
      "access_level": "Write",
      "action": "cloudformation:*",
      "condition": null,
      "credentials_exposure": false,
      "data_access": false,
      "effective_action": "cloudformation:CreateUploadBucket",
      "privesc": false,
      "resource_exposure": false
    },
    {
      "access_level": "Write",
      "action": "cloudformation:*",
      "condition": null,
      "credentials_exposure": false,
      "data_access": false,
      "effective_action": "cloudformation:DeactivateOrganizationsAccess",
      "privesc": false,
      "resource_exposure": false
    },
    {
      "access_level": "Write",
      "action": "cloudformation:*",
      "condition": null,
      "credentials_exposure": false,
      "data_access": false,
      "effective_action": "cloudformation:DeactivateType",
      "privesc": false,
      "resource_exposure": false
    },
    {
      "access_level": "Write",
      "action": "cloudformation:*",
      "condition": null,
      "credentials_exposure": false,
      "data_access": false,
      "effective_action": "cloudformation:DeleteChangeSet",
      "privesc": false,
      "resource_exposure": false
    },
    {
      "access_level": "Write",
      "action": "cloudformation:*",
      "condition": null,
      "credentials_exposure": false,
      "data_access": false,
      "effective_action": "cloudformation:DeleteGeneratedTemplate",
      "privesc": false,
      "resource_exposure": false
    },
    {
      "access_level": "Write",
      "action": "cloudformation:*",
      "condition": null,
      "credentials_exposure": false,
      "data_access": false,
      "effective_action": "cloudformation:DeleteStack",
      "privesc": false,
      "resource_exposure": false
    },
    {
      "access_level": "Write",
      "action": "cloudformation:*",
      "condition": null,
      "credentials_exposure": false,
      "data_access": false,
      "effective_action": "cloudformation:DeleteStackInstances",
      "privesc": false,
      "resource_exposure": false
    },
    {
      "access_level": "Write",
      "action": "cloudformation:*",
      "condition": null,
      "credentials_exposure": false,
      "data_access": false,
      "effective_action": "cloudformation:DeleteStackSet",
      "privesc": false,
      "resource_exposure": false
    },
    {
      "access_level": "Write",
      "action": "cloudformation:*",
      "condition": null,
      "credentials_exposure": false,
      "data_access": false,
      "effective_action": "cloudformation:DeregisterType",
      "privesc": false,
      "resource_exposure": false
    },
    {
      "access_level": "Read",
      "action": "cloudformation:*",
      "condition": null,
      "credentials_exposure": false,
      "data_access": false,
      "effective_action": "cloudformation:DescribeAccountLimits",
      "privesc": false,
      "resource_exposure": false
    },
    {
      "access_level": "Read",
      "action": "cloudformation:*",
      "condition": null,
      "credentials_exposure": false,
      "data_access": false,
      "effective_action": "cloudformation:DescribeChangeSet",
      "privesc": false,
      "resource_exposure": false
    },
    {
      "access_level": "Read",
      "action": "cloudformation:*",
      "condition": null,
      "credentials_exposure": false,
      "data_access": false,
      "effective_action": "cloudformation:DescribeChangeSetHooks",
      "privesc": false,
      "resource_exposure": false
    },
    {
      "access_level": "Read",
      "action": "cloudformation:*",
      "condition": null,
      "credentials_exposure": false,
      "data_access": false,
      "effective_action": "cloudformation:DescribeGeneratedTemplate",
      "privesc": false,
      "resource_exposure": false
    },
    {
      "access_level": "Read",
      "action": "cloudformation:*",
      "condition": null,
      "credentials_exposure": false,
      "data_access": false,
      "effective_action": "cloudformation:DescribeOrganizationsAccess",
      "privesc": false,
      "resource_exposure": false
    },
    {
      "access_level": "Read",
      "action": "cloudformation:*",
      "condition": null,
      "credentials_exposure": false,
      "data_access": false,
      "effective_action": "cloudformation:DescribePublisher",
      "privesc": false,
      "resource_exposure": false
    },
    {
      "access_level": "Read",
      "action": "cloudformation:*",
      "condition": null,
      "credentials_exposure": false,
      "data_access": false,
      "effective_action": "cloudformation:DescribeResourceScan",
      "privesc": false,
      "resource_exposure": false
    },
    {
      "access_level": "Read",
      "action": "cloudformation:*",
      "condition": null,
      "credentials_exposure": false,
      "data_access": false,
      "effective_action": "cloudformation:DescribeStackDriftDetectionStatus",
      "privesc": false,
      "resource_exposure": false
    },
    {
      "access_level": "Read",
      "action": "cloudformation:*",
      "condition": null,
      "credentials_exposure": false,
      "data_access": false,
      "effective_action": "cloudformation:DescribeStackEvents",
      "privesc": false,
      "resource_exposure": false
    },
    {
      "access_level": "Read",
      "action": "cloudformation:*",
      "condition": null,
      "credentials_exposure": false,
      "data_access": false,
      "effective_action": "cloudformation:DescribeStackInstance",
      "privesc": false,
      "resource_exposure": false
    },
    {
      "access_level": "Read",
      "action": "cloudformation:*",
      "condition": null,
      "credentials_exposure": false,
      "data_access": false,
      "effective_action": "cloudformation:DescribeStackRefactor",
      "privesc": false,
      "resource_exposure": false
    },
    {
      "access_level": "Read",
      "action": "cloudformation:*",
      "condition": null,
      "credentials_exposure": false,
      "data_access": false,
      "effective_action": "cloudformation:DescribeStackResource",
      "privesc": false,
      "resource_exposure": false
    },
    {
      "access_level": "Read",
      "action": "cloudformation:*",
      "condition": null,
      "credentials_exposure": false,
      "data_access": false,
      "effective_action": "cloudformation:DescribeStackResourceDrifts",
      "privesc": false,
      "resource_exposure": false
    },
    {
      "access_level": "Read",
      "action": "cloudformation:*",
      "condition": null,
      "credentials_exposure": false,
      "data_access": false,
      "effective_action": "cloudformation:DescribeStackResources",
      "privesc": false,
      "resource_exposure": false
    },
    {
      "access_level": "Read",
      "action": "cloudformation:*",
      "condition": null,
      "credentials_exposure": false,
      "data_access": false,
      "effective_action": "cloudformation:DescribeStackSet",
      "privesc": false,
      "resource_exposure": false
    },
    {
      "access_level": "Read",
      "action": "cloudformation:*",
      "condition": null,
      "credentials_exposure": false,
      "data_access": false,
      "effective_action": "cloudformation:DescribeStackSetOperation",
      "privesc": false,
      "resource_exposure": false
    },
    {
      "access_level": "List",
      "action": "cloudformation:*",
      "condition": null,
      "credentials_exposure": false,
      "data_access": false,
      "effective_action": "cloudformation:DescribeStacks",
      "privesc": false,
      "resource_exposure": false
    },
    {
      "access_level": "Read",
      "action": "cloudformation:*",
      "condition": null,
      "credentials_exposure": false,
      "data_access": false,
      "effective_action": "cloudformation:DescribeType",
      "privesc": false,
      "resource_exposure": false
    },
    {
      "access_level": "Read",
      "action": "cloudformation:*",
      "condition": null,
      "credentials_exposure": false,
      "data_access": false,
      "effective_action": "cloudformation:DescribeTypeRegistration",
      "privesc": false,
      "resource_exposure": false
    },
    {
      "access_level": "Read",
      "action": "cloudformation:*",
      "condition": null,
      "credentials_exposure": false,
      "data_access": false,
      "effective_action": "cloudformation:DetectStackDrift",
      "privesc": false,
      "resource_exposure": false
    },
    {
      "access_level": "Read",
      "action": "cloudformation:*",
      "condition": null,
      "credentials_exposure": false,
      "data_access": false,
      "effective_action": "cloudformation:DetectStackResourceDrift",
      "privesc": false,
      "resource_exposure": false
    },
    {
      "access_level": "Read",
      "action": "cloudformation:*",
      "condition": null,
      "credentials_exposure": false,
      "data_access": false,
      "effective_action": "cloudformation:DetectStackSetDrift",
      "privesc": false,
      "resource_exposure": false
    },
    {
      "access_level": "Read",
      "action": "cloudformation:*",
      "condition": null,
      "credentials_exposure": false,
      "data_access": false,
      "effective_action": "cloudformation:EstimateTemplateCost",
      "privesc": false,
      "resource_exposure": false
    },
    {
      "access_level": "Write",
      "action": "cloudformation:*",
      "condition": null,
      "credentials_exposure": false,
      "data_access": false,
      "effective_action": "cloudformation:ExecuteChangeSet",
      "privesc": false,
      "resource_exposure": false
    },
    {
      "access_level": "Write",
      "action": "cloudformation:*",
      "condition": null,
      "credentials_exposure": false,
      "data_access": false,
      "effective_action": "cloudformation:ExecuteStackRefactor",
      "privesc": false,
      "resource_exposure": false
    },
    {
      "access_level": "Read",
      "action": "cloudformation:*",
      "condition": null,
      "credentials_exposure": false,
      "data_access": false,
      "effective_action": "cloudformation:GetGeneratedTemplate",
      "privesc": false,
      "resource_exposure": false
    },
    {
      "access_level": "Read",
      "action": "cloudformation:*",
      "condition": null,
      "credentials_exposure": false,
      "data_access": false,
      "effective_action": "cloudformation:GetStackPolicy",
      "privesc": false,
      "resource_exposure": false
    },
    {
      "access_level": "Read",
      "action": "cloudformation:*",
      "condition": null,
      "credentials_exposure": false,
      "data_access": true,
      "effective_action": "cloudformation:GetTemplate",
      "privesc": false,
      "resource_exposure": false
    },
    {
      "access_level": "Read",
      "action": "cloudformation:*",
      "condition": null,
      "credentials_exposure": false,
      "data_access": false,
      "effective_action": "cloudformation:GetTemplateSummary",
      "privesc": false,
      "resource_exposure": false
    },
    {
      "access_level": "Write",
      "action": "cloudformation:*",
      "condition": null,
      "credentials_exposure": false,
      "data_access": false,
      "effective_action": "cloudformation:ImportStacksToStackSet",
      "privesc": false,
      "resource_exposure": false
    },
    {
      "access_level": "List",
      "action": "cloudformation:*",
      "condition": null,
      "credentials_exposure": false,
      "data_access": false,
      "effective_action": "cloudformation:ListAllHookResults",
      "privesc": false,
      "resource_exposure": false
    },
    {
      "access_level": "List",
      "action": "cloudformation:*",
      "condition": null,
      "credentials_exposure": false,
      "data_access": false,
      "effective_action": "cloudformation:ListChangeSets",
      "privesc": false,
      "resource_exposure": false
    },
    {
      "access_level": "List",
      "action": "cloudformation:*",
      "condition": null,
      "credentials_exposure": false,
      "data_access": false,
      "effective_action": "cloudformation:ListExports",
      "privesc": false,
      "resource_exposure": false
    },
    {
      "access_level": "List",
      "action": "cloudformation:*",
      "condition": null,
      "credentials_exposure": false,
      "data_access": false,
      "effective_action": "cloudformation:ListGeneratedTemplates",
      "privesc": false,
      "resource_exposure": false
    },
    {
      "access_level": "List",
      "action": "cloudformation:*",
      "condition": null,
      "credentials_exposure": false,
      "data_access": false,
      "effective_action": "cloudformation:ListHookResults",
      "privesc": false,
      "resource_exposure": false
    },
    {
      "access_level": "List",
      "action": "cloudformation:*",
      "condition": null,
      "credentials_exposure": false,
      "data_access": false,
      "effective_action": "cloudformation:ListImports",
      "privesc": false,
      "resource_exposure": false
    },
    {
      "access_level": "List",
      "action": "cloudformation:*",
      "condition": null,
      "credentials_exposure": false,
      "data_access": false,
      "effective_action": "cloudformation:ListResourceScanRelatedResources",
      "privesc": false,
      "resource_exposure": false
    },
    {
      "access_level": "List",
      "action": "cloudformation:*",
      "condition": null,
      "credentials_exposure": false,
      "data_access": false,
      "effective_action": "cloudformation:ListResourceScanResources",
      "privesc": false,
      "resource_exposure": false
    },
    {
      "access_level": "List",
      "action": "cloudformation:*",
      "condition": null,
      "credentials_exposure": false,
      "data_access": false,
      "effective_action": "cloudformation:ListResourceScans",
      "privesc": false,
      "resource_exposure": false
    },
    {
      "access_level": "List",
      "action": "cloudformation:*",
      "condition": null,
      "credentials_exposure": false,
      "data_access": false,
      "effective_action": "cloudformation:ListStackInstanceResourceDrifts",
      "privesc": false,
      "resource_exposure": false
    },
    {
      "access_level": "List",
      "action": "cloudformation:*",
      "condition": null,
      "credentials_exposure": false,
      "data_access": false,
      "effective_action": "cloudformation:ListStackInstances",
      "privesc": false,
      "resource_exposure": false
    },
    {
      "access_level": "List",
      "action": "cloudformation:*",
      "condition": null,
      "credentials_exposure": false,
      "data_access": false,
      "effective_action": "cloudformation:ListStackRefactorActions",
      "privesc": false,
      "resource_exposure": false
    },
    {
      "access_level": "List",
      "action": "cloudformation:*",
      "condition": null,
      "credentials_exposure": false,
      "data_access": false,
      "effective_action": "cloudformation:ListStackRefactors",
      "privesc": false,
      "resource_exposure": false
    },
    {
      "access_level": "List",
      "action": "cloudformation:*",
      "condition": null,
      "credentials_exposure": false,
      "data_access": false,
      "effective_action": "cloudformation:ListStackResources",
      "privesc": false,
      "resource_exposure": false
    },
    {
      "access_level": "List",
      "action": "cloudformation:*",
      "condition": null,
      "credentials_exposure": false,
      "data_access": false,
      "effective_action": "cloudformation:ListStackSetAutoDeploymentTargets",
      "privesc": false,
      "resource_exposure": false
    },
    {
      "access_level": "List",
      "action": "cloudformation:*",
      "condition": null,
      "credentials_exposure": false,
      "data_access": false,
      "effective_action": "cloudformation:ListStackSetOperationResults",
      "privesc": false,
      "resource_exposure": false
    },
    {
      "access_level": "List",
      "action": "cloudformation:*",
      "condition": null,
      "credentials_exposure": false,
      "data_access": false,
      "effective_action": "cloudformation:ListStackSetOperations",
      "privesc": false,
      "resource_exposure": false
    },
    {
      "access_level": "List",
      "action": "cloudformation:*",
      "condition": null,
      "credentials_exposure": false,
      "data_access": false,
      "effective_action": "cloudformation:ListStackSets",
      "privesc": false,
      "resource_exposure": false
    },
    {
      "access_level": "List",
      "action": "cloudformation:*",
      "condition": null,
      "credentials_exposure": false,
      "data_access": false,
      "effective_action": "cloudformation:ListStacks",
      "privesc": false,
      "resource_exposure": false
    },
    {
      "access_level": "List",
      "action": "cloudformation:*",
      "condition": null,
      "credentials_exposure": false,
      "data_access": false,
      "effective_action": "cloudformation:ListTypeRegistrations",
      "privesc": false,
      "resource_exposure": false
    },
    {
      "access_level": "List",
      "action": "cloudformation:*",
      "condition": null,
      "credentials_exposure": false,
      "data_access": false,
      "effective_action": "cloudformation:ListTypeVersions",
      "privesc": false,
      "resource_exposure": false
    },
    {
      "access_level": "List",
      "action": "cloudformation:*",
      "condition": null,
      "credentials_exposure": false,
      "data_access": false,
      "effective_action": "cloudformation:ListTypes",
      "privesc": false,
      "resource_exposure": false
    },
    {
      "access_level": "Write",
      "action": "cloudformation:*",
      "condition": null,
      "credentials_exposure": false,
      "data_access": false,
      "effective_action": "cloudformation:PublishType",
      "privesc": false,
      "resource_exposure": false
    },
    {
      "access_level": "Write",
      "action": "cloudformation:*",
      "condition": null,
      "credentials_exposure": false,
      "data_access": false,
      "effective_action": "cloudformation:RecordHandlerProgress",
      "privesc": false,
      "resource_exposure": false
    },
    {
      "access_level": "Write",
      "action": "cloudformation:*",
      "condition": null,
      "credentials_exposure": false,
      "data_access": false,
      "effective_action": "cloudformation:RegisterPublisher",
      "privesc": false,
      "resource_exposure": false
    },
    {
      "access_level": "Write",
      "action": "cloudformation:*",
      "condition": null,
      "credentials_exposure": false,
      "data_access": false,
      "effective_action": "cloudformation:RegisterType",
      "privesc": false,
      "resource_exposure": false
    },
    {
      "access_level": "Write",
      "action": "cloudformation:*",
      "condition": null,
      "credentials_exposure": false,
      "data_access": false,
      "effective_action": "cloudformation:RollbackStack",
      "privesc": false,
      "resource_exposure": false
    },
    {
      "access_level": "Permissions management",
      "action": "cloudformation:*",
      "condition": null,
      "credentials_exposure": false,
      "data_access": false,
      "effective_action": "cloudformation:SetStackPolicy",
      "privesc": false,
      "resource_exposure": true
    },
    {
      "access_level": "Write",
      "action": "cloudformation:*",
      "condition": null,
      "credentials_exposure": false,
      "data_access": false,
      "effective_action": "cloudformation:SetTypeConfiguration",
      "privesc": false,
      "resource_exposure": false
    },
    {
      "access_level": "Write",
      "action": "cloudformation:*",
      "condition": null,
      "credentials_exposure": false,
      "data_access": false,
      "effective_action": "cloudformation:SetTypeDefaultVersion",
      "privesc": false,
      "resource_exposure": false
    },
    {
      "access_level": "Write",
      "action": "cloudformation:*",
      "condition": null,
      "credentials_exposure": false,
      "data_access": false,
      "effective_action": "cloudformation:SignalResource",
      "privesc": false,
      "resource_exposure": false
    },
    {
      "access_level": "Write",
      "action": "cloudformation:*",
      "condition": null,
      "credentials_exposure": false,
      "data_access": false,
      "effective_action": "cloudformation:StartResourceScan",
      "privesc": false,
      "resource_exposure": false
    },
    {
      "access_level": "Write",
      "action": "cloudformation:*",
      "condition": null,
      "credentials_exposure": false,
      "data_access": false,
      "effective_action": "cloudformation:StopStackSetOperation",
      "privesc": false,
      "resource_exposure": false
    },
    {
      "access_level": "Tagging",
      "action": "cloudformation:*",
      "condition": null,
      "credentials_exposure": false,
      "data_access": false,
      "effective_action": "cloudformation:TagResource",
      "privesc": false,
      "resource_exposure": false
    },
    {
      "access_level": "Write",
      "action": "cloudformation:*",
      "condition": null,
      "credentials_exposure": false,
      "data_access": false,
      "effective_action": "cloudformation:TestType",
      "privesc": false,
      "resource_exposure": false
    },
    {
      "access_level": "Tagging",
      "action": "cloudformation:*",
      "condition": null,
      "credentials_exposure": false,
      "data_access": false,
      "effective_action": "cloudformation:UntagResource",
      "privesc": false,
      "resource_exposure": false
    },
    {
      "access_level": "Write",
      "action": "cloudformation:*",
      "condition": null,
      "credentials_exposure": false,
      "data_access": false,
      "effective_action": "cloudformation:UpdateGeneratedTemplate",
      "privesc": false,
      "resource_exposure": false
    },
    {
      "access_level": "Write",
      "action": "cloudformation:*",
      "condition": null,
      "credentials_exposure": false,
      "data_access": false,
      "effective_action": "cloudformation:UpdateStack",
      "privesc": false,
      "resource_exposure": false
    },
    {
      "access_level": "Write",
      "action": "cloudformation:*",
      "condition": null,
      "credentials_exposure": false,
      "data_access": false,
      "effective_action": "cloudformation:UpdateStackInstances",
      "privesc": false,
      "resource_exposure": false
    },
    {
      "access_level": "Write",
      "action": "cloudformation:*",
      "condition": null,
      "credentials_exposure": false,
      "data_access": false,
      "effective_action": "cloudformation:UpdateStackSet",
      "privesc": false,
      "resource_exposure": false
    },
    {
      "access_level": "Write",
      "action": "cloudformation:*",
      "condition": null,
      "credentials_exposure": false,
      "data_access": false,
      "effective_action": "cloudformation:UpdateTerminationProtection",
      "privesc": false,
      "resource_exposure": false
    },
    {
      "access_level": "Read",
      "action": "cloudformation:*",
      "condition": null,
      "credentials_exposure": false,
      "data_access": false,
      "effective_action": "cloudformation:ValidateTemplate",
      "privesc": false,
      "resource_exposure": false
    },
    {
      "access_level": "Tagging",
      "action": "elasticloadbalancing:AddTags",
      "condition": null,
      "credentials_exposure": false,
      "data_access": false,
      "effective_action": "elasticloadbalancing:AddTags",
      "privesc": false,
      "resource_exposure": false
    },
    {
      "access_level": "Write",
      "action": "elasticloadbalancing:ApplySecurityGroupsToLoadBalancer",
      "condition": null,
      "credentials_exposure": false,
      "data_access": false,
      "effective_action": "elasticloadbalancing:ApplySecurityGroupsToLoadBalancer",
      "privesc": false,
      "resource_exposure": false
    },
    {
      "access_level": "Write",
      "action": "elasticloadbalancing:ConfigureHealthCheck",
      "condition": null,
      "credentials_exposure": false,
      "data_access": false,
      "effective_action": "elasticloadbalancing:ConfigureHealthCheck",
      "privesc": false,
      "resource_exposure": false
    },
    {
      "access_level": "Write",
      "action": "elasticloadbalancing:CreateLoadBalancer",
      "condition": null,
      "credentials_exposure": false,
      "data_access": false,
      "effective_action": "elasticloadbalancing:CreateLoadBalancer",
      "privesc": false,
      "resource_exposure": false
    },
    {
      "access_level": "Write",
      "action": "elasticloadbalancing:DeleteLoadBalancer",
      "condition": null,
      "credentials_exposure": false,
      "data_access": false,
      "effective_action": "elasticloadbalancing:DeleteLoadBalancer",
      "privesc": false,
      "resource_exposure": false
    },
    {
      "access_level": "Write",
      "action": "elasticloadbalancing:DeregisterInstancesFromLoadBalancer",
      "condition": null,
      "credentials_exposure": false,
      "data_access": false,
      "effective_action": "elasticloadbalancing:DeregisterInstancesFromLoadBalancer",
      "privesc": false,
      "resource_exposure": false
    },
    {
      "access_level": "Write",
      "action": "elasticloadbalancing:DeregisterTargets",
      "condition": null,
      "credentials_exposure": false,
      "data_access": false,
      "effective_action": "elasticloadbalancing:DeregisterTargets",
      "privesc": false,
      "resource_exposure": false
    },
    {
      "access_level": "Write",
      "action": "elasticloadbalancing:RegisterInstancesWithLoadBalancer",
      "condition": null,
      "credentials_exposure": false,
      "data_access": false,
      "effective_action": "elasticloadbalancing:RegisterInstancesWithLoadBalancer",
      "privesc": false,
      "resource_exposure": false
    },
    {
      "access_level": "Write",
      "action": "elasticloadbalancing:RegisterTargets",
      "condition": null,
      "credentials_exposure": false,
      "data_access": false,
      "effective_action": "elasticloadbalancing:RegisterTargets",
      "privesc": false,
      "resource_exposure": false
    },
    {
      "access_level": "Write",
      "action": "logs:CreateLogGroup",
      "condition": null,
      "credentials_exposure": false,
      "data_access": false,
      "effective_action": "logs:CreateLogGroup",
      "privesc": false,
      "resource_exposure": false
    },
    {
      "access_level": "Write",
      "action": "logs:DeleteLogGroup",
      "condition": null,
      "credentials_exposure": false,
      "data_access": false,
      "effective_action": "logs:DeleteLogGroup",
      "privesc": false,
      "resource_exposure": false
    },
    {
      "access_level": "Write",
      "action": "logs:PutRetentionPolicy",
      "condition": null,
      "credentials_exposure": false,
      "data_access": false,
      "effective_action": "logs:PutRetentionPolicy",
      "privesc": false,
      "resource_exposure": false
    },
    {
      "access_level": "Write",
      "action": "s3:DeleteObject",
      "condition": null,
      "credentials_exposure": false,
      "data_access": false,
      "effective_action": "s3:DeleteObject",
      "privesc": false,
      "resource_exposure": false
    },
    {
      "access_level": "Read",
      "action": "s3:GetObject",
      "condition": null,
      "credentials_exposure": false,
      "data_access": true,
      "effective_action": "s3:GetObject",
      "privesc": false,
      "resource_exposure": false
    },
    {
      "access_level": "Read",
      "action": "s3:GetObjectAcl",
      "condition": null,
      "credentials_exposure": false,
      "data_access": false,
      "effective_action": "s3:GetObjectAcl",
      "privesc": false,
      "resource_exposure": false
    },
    {
      "access_level": "Read",
      "action": "s3:GetObjectVersion",
      "condition": null,
      "credentials_exposure": false,
      "data_access": true,
      "effective_action": "s3:GetObjectVersion",
      "privesc": false,
      "resource_exposure": false
    },
    {
      "access_level": "Read",
      "action": "s3:GetObjectVersionAcl",
      "condition": null,
      "credentials_exposure": false,
      "data_access": false,
      "effective_action": "s3:GetObjectVersionAcl",
      "privesc": false,
      "resource_exposure": false
    },
    {
      "access_level": "Write",
      "action": "s3:PutObject",
      "condition": null,
      "credentials_exposure": false,
      "data_access": false,
      "effective_action": "s3:PutObject",
      "privesc": false,
      "resource_exposure": false
    },
    {
      "access_level": "Permissions management",
      "action": "s3:PutObjectAcl",
      "condition": null,
      "credentials_exposure": false,
      "data_access": false,
      "effective_action": "s3:PutObjectAcl",
      "privesc": false,
      "resource_exposure": true
    },
    {
      "access_level": "Permissions management",
      "action": "s3:PutObjectVersionAcl",
      "condition": null,
      "credentials_exposure": false,
      "data_access": false,
      "effective_action": "s3:PutObjectVersionAcl",
      "privesc": false,
      "resource_exposure": true
    },
    {
      "access_level": "Read",
      "action": "s3:GetBucketLocation",
      "condition": null,
      "credentials_exposure": false,
      "data_access": false,
      "effective_action": "s3:GetBucketLocation",
      "privesc": false,
      "resource_exposure": false
    },
    {
      "access_level": "Read",
      "action": "s3:GetBucketPolicy",
      "condition": null,
      "credentials_exposure": false,
      "data_access": false,
      "effective_action": "s3:GetBucketPolicy",
      "privesc": false,
      "resource_exposure": false
    },
    {
      "access_level": "List",
      "action": "s3:ListBucket",
      "condition": null,
      "credentials_exposure": false,
      "data_access": false,
      "effective_action": "s3:ListBucket",
      "privesc": false,
      "resource_exposure": false
    },
    {
      "access_level": "Permissions management",
      "action": "s3:PutBucketPolicy",
      "condition": null,
      "credentials_exposure": false,
      "data_access": false,
      "effective_action": "s3:PutBucketPolicy",
      "privesc": false,
      "resource_exposure": true
    },
    {
      "access_level": "Permissions management",
      "action": "sns:CreateTopic",
      "condition": null,
      "credentials_exposure": false,
      "data_access": false,
      "effective_action": "sns:CreateTopic",
      "privesc": false,
      "resource_exposure": true
    },
    {
      "access_level": "Read",
      "action": "sns:GetTopicAttributes",
      "condition": null,
      "credentials_exposure": false,
      "data_access": false,
      "effective_action": "sns:GetTopicAttributes",
      "privesc": false,
      "resource_exposure": false
    },
    {
      "access_level": "Permissions management",
      "action": "sns:SetTopicAttributes",
      "condition": null,
      "credentials_exposure": false,
      "data_access": false,
      "effective_action": "sns:SetTopicAttributes",
      "privesc": false,
      "resource_exposure": true
    },
    {
      "access_level": "Write",
      "action": "sns:Subscribe",
      "condition": null,
      "credentials_exposure": false,
      "data_access": false,
      "effective_action": "sns:Subscribe",
      "privesc": false,
      "resource_exposure": false
    },
    {
      "access_level": "Read",
      "action": "sqs:GetQueueAttributes",
      "condition": null,
      "credentials_exposure": false,
      "data_access": false,
      "effective_action": "sqs:GetQueueAttributes",
      "privesc": false,
      "resource_exposure": false
    },
    {
      "access_level": "Read",
      "action": "sqs:GetQueueUrl",
      "condition": null,
      "credentials_exposure": false,
      "data_access": false,
      "effective_action": "sqs:GetQueueUrl",
      "privesc": false,
      "resource_exposure": false
    },
    {
      "access_level": "Write",
      "action": "cloudwatch:PutMetricAlarm",
      "condition": null,
      "credentials_exposure": false,
      "data_access": false,
      "effective_action": "cloudwatch:PutMetricAlarm",
      "privesc": false,
      "resource_exposure": false
    },
    {
      "access_level": "Tagging",
      "action": "ecs:TagResource",
      "condition": {
        "StringEquals": {
          "ecs:CreateAction": [
            "CreateCluster",
            "RegisterTaskDefinition"
          ]
        }
      },
      "credentials_exposure": false,
      "data_access": false,
      "effective_action": "ecs:TagResource",
      "privesc": false,
      "resource_exposure": false
    },
    {
      "access_level": "Tagging",
      "action": "ec2:createTags",
      "condition": {
        "StringEquals": {
          "ec2:CreateAction": [
            "CreateLaunchTemplate",
            "RunInstances"
          ]
        }
      },
      "credentials_exposure": false,
      "data_access": false,
      "effective_action": "ec2:CreateTags",
      "privesc": false,
      "resource_exposure": false
    }
  ],
  "grantless": false,
  "malformed": false,
  "name": "AWSElasticBeanstalkManagedUpdatesCustomerRolePolicy",
  "privesc": true,
  "resource_exposure": true,
  "undocumented_actions": false,
  "unknown_actions": [],
  "updatedate": "2025-02-27T16:07:07+00:00",
  "version": "v7"
}