{
  "access_levels": [
    "List",
    "Read",
    "Tagging",
    "Write"
  ],
  "arn": "arn:aws:iam::aws:policy/AWSElementalMediaPackageV2FullAccess",
  "createdate": "2023-07-25T20:29:37Z",
  "credentials_exposure": false,
  "data_access": false,
  "deprecated": false,
  "document": {
    "Statement": [
      {
        "Action": [
          "mediapackagev2:*"
        ],
        "Effect": "Allow",
        "Resource": "*"
      }
    ],
    "Version": "2012-10-17"
  },
  "effective_actions": [
    {
      "access_level": "Write",
      "action": "mediapackagev2:*",
      "condition": null,
      "credentials_exposure": false,
      "data_access": false,
      "effective_action": "mediapackagev2:CancelHarvestJob",
      "privesc": false,
      "resource_exposure": false
    },
    {
      "access_level": "Write",
      "action": "mediapackagev2:*",
      "condition": null,
      "credentials_exposure": false,
      "data_access": false,
      "effective_action": "mediapackagev2:CreateChannel",
      "privesc": false,
      "resource_exposure": false
    },
    {
      "access_level": "Write",
      "action": "mediapackagev2:*",
      "condition": null,
      "credentials_exposure": false,
      "data_access": false,
      "effective_action": "mediapackagev2:CreateChannelGroup",
      "privesc": false,
      "resource_exposure": false
    },
    {
      "access_level": "Write",
      "action": "mediapackagev2:*",
      "condition": null,
      "credentials_exposure": false,
      "data_access": false,
      "effective_action": "mediapackagev2:CreateHarvestJob",
      "privesc": false,
      "resource_exposure": false
    },
    {
      "access_level": "Write",
      "action": "mediapackagev2:*",
      "condition": null,
      "credentials_exposure": false,
      "data_access": false,
      "effective_action": "mediapackagev2:CreateOriginEndpoint",
      "privesc": false,
      "resource_exposure": false
    },
    {
      "access_level": "Write",
      "action": "mediapackagev2:*",
      "condition": null,
      "credentials_exposure": false,
      "data_access": false,
      "effective_action": "mediapackagev2:DeleteChannel",
      "privesc": false,
      "resource_exposure": false
    },
    {
      "access_level": "Write",
      "action": "mediapackagev2:*",
      "condition": null,
      "credentials_exposure": false,
      "data_access": false,
      "effective_action": "mediapackagev2:DeleteChannelGroup",
      "privesc": false,
      "resource_exposure": false
    },
    {
      "access_level": "Write",
      "action": "mediapackagev2:*",
      "condition": null,
      "credentials_exposure": false,
      "data_access": false,
      "effective_action": "mediapackagev2:DeleteChannelPolicy",
      "privesc": false,
      "resource_exposure": false
    },
    {
      "access_level": "Write",
      "action": "mediapackagev2:*",
      "condition": null,
      "credentials_exposure": false,
      "data_access": false,
      "effective_action": "mediapackagev2:DeleteOriginEndpoint",
      "privesc": false,
      "resource_exposure": false
    },
    {
      "access_level": "Write",
      "action": "mediapackagev2:*",
      "condition": null,
      "credentials_exposure": false,
      "data_access": false,
      "effective_action": "mediapackagev2:DeleteOriginEndpointPolicy",
      "privesc": false,
      "resource_exposure": false
    },
    {
      "access_level": "Read",
      "action": "mediapackagev2:*",
      "condition": null,
      "credentials_exposure": false,
      "data_access": false,
      "effective_action": "mediapackagev2:GetChannel",
      "privesc": false,
      "resource_exposure": false
    },
    {
      "access_level": "Read",
      "action": "mediapackagev2:*",
      "condition": null,
      "credentials_exposure": false,
      "data_access": false,
      "effective_action": "mediapackagev2:GetChannelGroup",
      "privesc": false,
      "resource_exposure": false
    },
    {
      "access_level": "Read",
      "action": "mediapackagev2:*",
      "condition": null,
      "credentials_exposure": false,
      "data_access": false,
      "effective_action": "mediapackagev2:GetChannelPolicy",
      "privesc": false,
      "resource_exposure": false
    },
    {
      "access_level": "Read",
      "action": "mediapackagev2:*",
      "condition": null,
      "credentials_exposure": false,
      "data_access": false,
      "effective_action": "mediapackagev2:GetHarvestJob",
      "privesc": false,
      "resource_exposure": false
    },
    {
      "access_level": "Read",
      "action": "mediapackagev2:*",
      "condition": null,
      "credentials_exposure": false,
      "data_access": false,
      "effective_action": "mediapackagev2:GetHeadObject",
      "privesc": false,
      "resource_exposure": false
    },
    {
      "access_level": "Read",
      "action": "mediapackagev2:*",
      "condition": null,
      "credentials_exposure": false,
      "data_access": false,
      "effective_action": "mediapackagev2:GetObject",
      "privesc": false,
      "resource_exposure": false
    },
    {
      "access_level": "Read",
      "action": "mediapackagev2:*",
      "condition": null,
      "credentials_exposure": false,
      "data_access": false,
      "effective_action": "mediapackagev2:GetOriginEndpoint",
      "privesc": false,
      "resource_exposure": false
    },
    {
      "access_level": "Read",
      "action": "mediapackagev2:*",
      "condition": null,
      "credentials_exposure": false,
      "data_access": false,
      "effective_action": "mediapackagev2:GetOriginEndpointPolicy",
      "privesc": false,
      "resource_exposure": false
    },
    {
      "access_level": "Read",
      "action": "mediapackagev2:*",
      "condition": null,
      "credentials_exposure": false,
      "data_access": false,
      "effective_action": "mediapackagev2:HarvestObject",
      "privesc": false,
      "resource_exposure": false
    },
    {
      "access_level": "List",
      "action": "mediapackagev2:*",
      "condition": null,
      "credentials_exposure": false,
      "data_access": false,
      "effective_action": "mediapackagev2:ListChannelGroups",
      "privesc": false,
      "resource_exposure": false
    },
    {
      "access_level": "List",
      "action": "mediapackagev2:*",
      "condition": null,
      "credentials_exposure": false,
      "data_access": false,
      "effective_action": "mediapackagev2:ListChannels",
      "privesc": false,
      "resource_exposure": false
    },
    {
      "access_level": "List",
      "action": "mediapackagev2:*",
      "condition": null,
      "credentials_exposure": false,
      "data_access": false,
      "effective_action": "mediapackagev2:ListHarvestJobs",
      "privesc": false,
      "resource_exposure": false
    },
    {
      "access_level": "List",
      "action": "mediapackagev2:*",
      "condition": null,
      "credentials_exposure": false,
      "data_access": false,
      "effective_action": "mediapackagev2:ListOriginEndpoints",
      "privesc": false,
      "resource_exposure": false
    },
    {
      "access_level": "Read",
      "action": "mediapackagev2:*",
      "condition": null,
      "credentials_exposure": false,
      "data_access": false,
      "effective_action": "mediapackagev2:ListTagsForResource",
      "privesc": false,
      "resource_exposure": false
    },
    {
      "access_level": "Write",
      "action": "mediapackagev2:*",
      "condition": null,
      "credentials_exposure": false,
      "data_access": false,
      "effective_action": "mediapackagev2:PutChannelPolicy",
      "privesc": false,
      "resource_exposure": false
    },
    {
      "access_level": "Write",
      "action": "mediapackagev2:*",
      "condition": null,
      "credentials_exposure": false,
      "data_access": false,
      "effective_action": "mediapackagev2:PutObject",
      "privesc": false,
      "resource_exposure": false
    },
    {
      "access_level": "Write",
      "action": "mediapackagev2:*",
      "condition": null,
      "credentials_exposure": false,
      "data_access": false,
      "effective_action": "mediapackagev2:PutOriginEndpointPolicy",
      "privesc": false,
      "resource_exposure": false
    },
    {
      "access_level": "Write",
      "action": "mediapackagev2:*",
      "condition": null,
      "credentials_exposure": false,
      "data_access": false,
      "effective_action": "mediapackagev2:ResetChannelState",
      "privesc": false,
      "resource_exposure": false
    },
    {
      "access_level": "Write",
      "action": "mediapackagev2:*",
      "condition": null,
      "credentials_exposure": false,
      "data_access": false,
      "effective_action": "mediapackagev2:ResetOriginEndpointState",
      "privesc": false,
      "resource_exposure": false
    },
    {
      "access_level": "Tagging",
      "action": "mediapackagev2:*",
      "condition": null,
      "credentials_exposure": false,
      "data_access": false,
      "effective_action": "mediapackagev2:TagResource",
      "privesc": false,
      "resource_exposure": false
    },
    {
      "access_level": "Tagging",
      "action": "mediapackagev2:*",
      "condition": null,
      "credentials_exposure": false,
      "data_access": false,
      "effective_action": "mediapackagev2:UntagResource",
      "privesc": false,
      "resource_exposure": false
    },
    {
      "access_level": "Write",
      "action": "mediapackagev2:*",
      "condition": null,
      "credentials_exposure": false,
      "data_access": false,
      "effective_action": "mediapackagev2:UpdateChannel",
      "privesc": false,
      "resource_exposure": false
    },
    {
      "access_level": "Write",
      "action": "mediapackagev2:*",
      "condition": null,
      "credentials_exposure": false,
      "data_access": false,
      "effective_action": "mediapackagev2:UpdateChannelGroup",
      "privesc": false,
      "resource_exposure": false
    },
    {
      "access_level": "Write",
      "action": "mediapackagev2:*",
      "condition": null,
      "credentials_exposure": false,
      "data_access": false,
      "effective_action": "mediapackagev2:UpdateOriginEndpoint",
      "privesc": false,
      "resource_exposure": false
    }
  ],
  "grantless": false,
  "malformed": false,
  "name": "AWSElementalMediaPackageV2FullAccess",
  "privesc": false,
  "resource_exposure": false,
  "undocumented_actions": false,
  "unknown_actions": [],
  "updatedate": "2023-07-25T20:29:37+00:00",
  "version": "v1"
}