{
  "access_levels": [
    "Read",
    "Write",
    "Permissions management"
  ],
  "arn": "arn:aws:iam::aws:policy/service-role/AWSElasticDisasterRecoveryStagingAccountPolicy_v2",
  "createdate": "2023-11-27T13:32:09Z",
  "credentials_exposure": false,
  "data_access": false,
  "deprecated": false,
  "document": {
    "Statement": [
      {
        "Action": [
          "drs:DescribeSourceServers",
          "drs:DescribeRecoverySnapshots",
          "drs:CreateConvertedSnapshotForDrs",
          "drs:GetReplicationConfiguration",
          "drs:DescribeJobs",
          "drs:DescribeJobLogItems"
        ],
        "Effect": "Allow",
        "Resource": "*",
        "Sid": "DRSStagingAccountPolicyv21"
      },
      {
        "Action": [
          "ec2:ModifySnapshotAttribute"
        ],
        "Condition": {
          "Null": {
            "aws:ResourceTag/AWSElasticDisasterRecoveryManaged": "false"
          },
          "StringEquals": {
            "ec2:Add/userId": "${aws:SourceIdentity}"
          }
        },
        "Effect": "Allow",
        "Resource": "arn:aws:ec2:*:*:snapshot/*",
        "Sid": "DRSStagingAccountPolicyv22"
      },
      {
        "Action": [
          "drs:IssueAgentCertificateForDrs"
        ],
        "Effect": "Allow",
        "Resource": [
          "arn:aws:drs:*:*:source-server/*"
        ],
        "Sid": "DRSStagingAccountPolicyv23"
      }
    ],
    "Version": "2012-10-17"
  },
  "effective_actions": [
    {
      "access_level": "Read",
      "action": "drs:DescribeSourceServers",
      "condition": null,
      "credentials_exposure": false,
      "data_access": false,
      "effective_action": "drs:DescribeSourceServers",
      "privesc": false,
      "resource_exposure": false
    },
    {
      "access_level": "Read",
      "action": "drs:DescribeRecoverySnapshots",
      "condition": null,
      "credentials_exposure": false,
      "data_access": false,
      "effective_action": "drs:DescribeRecoverySnapshots",
      "privesc": false,
      "resource_exposure": false
    },
    {
      "access_level": "Write",
      "action": "drs:CreateConvertedSnapshotForDrs",
      "condition": null,
      "credentials_exposure": false,
      "data_access": false,
      "effective_action": "drs:CreateConvertedSnapshotForDrs",
      "privesc": false,
      "resource_exposure": false
    },
    {
      "access_level": "Read",
      "action": "drs:GetReplicationConfiguration",
      "condition": null,
      "credentials_exposure": false,
      "data_access": false,
      "effective_action": "drs:GetReplicationConfiguration",
      "privesc": false,
      "resource_exposure": false
    },
    {
      "access_level": "Read",
      "action": "drs:DescribeJobs",
      "condition": null,
      "credentials_exposure": false,
      "data_access": false,
      "effective_action": "drs:DescribeJobs",
      "privesc": false,
      "resource_exposure": false
    },
    {
      "access_level": "Read",
      "action": "drs:DescribeJobLogItems",
      "condition": null,
      "credentials_exposure": false,
      "data_access": false,
      "effective_action": "drs:DescribeJobLogItems",
      "privesc": false,
      "resource_exposure": false
    },
    {
      "access_level": "Permissions management",
      "action": "ec2:ModifySnapshotAttribute",
      "condition": {
        "Null": {
          "aws:ResourceTag/AWSElasticDisasterRecoveryManaged": "false"
        },
        "StringEquals": {
          "ec2:Add/userId": "${aws:SourceIdentity}"
        }
      },
      "credentials_exposure": false,
      "data_access": false,
      "effective_action": "ec2:ModifySnapshotAttribute",
      "privesc": false,
      "resource_exposure": true
    },
    {
      "access_level": "Write",
      "action": "drs:IssueAgentCertificateForDrs",
      "condition": null,
      "credentials_exposure": false,
      "data_access": false,
      "effective_action": "drs:IssueAgentCertificateForDrs",
      "privesc": false,
      "resource_exposure": false
    }
  ],
  "grantless": false,
  "malformed": false,
  "name": "AWSElasticDisasterRecoveryStagingAccountPolicy_v2",
  "privesc": false,
  "resource_exposure": true,
  "undocumented_actions": false,
  "unknown_actions": [],
  "updatedate": "2023-11-27T13:32:09+00:00",
  "version": "v2"
}