{
  "access_levels": [
    "List",
    "Read",
    "Tagging",
    "Write"
  ],
  "arn": "arn:aws:iam::aws:policy/service-role/AWSElasticDisasterRecoveryReplicationServerPolicy",
  "createdate": "2023-11-27T13:28:14Z",
  "credentials_exposure": false,
  "data_access": false,
  "deprecated": false,
  "document": {
    "Statement": [
      {
        "Action": [
          "drs:SendClientMetricsForDrs",
          "drs:SendClientLogsForDrs"
        ],
        "Effect": "Allow",
        "Resource": "*",
        "Sid": "DRSReplicationServerPolicy1"
      },
      {
        "Action": [
          "drs:GetChannelCommandsForDrs",
          "drs:SendChannelCommandResultForDrs"
        ],
        "Effect": "Allow",
        "Resource": "*",
        "Sid": "DRSReplicationServerPolicy2"
      },
      {
        "Action": [
          "drs:GetAgentSnapshotCreditsForDrs",
          "drs:DescribeReplicationServerAssociationsForDrs",
          "drs:DescribeSnapshotRequestsForDrs",
          "drs:BatchDeleteSnapshotRequestForDrs",
          "drs:NotifyAgentAuthenticationForDrs",
          "drs:BatchCreateVolumeSnapshotGroupForDrs",
          "drs:UpdateAgentReplicationProcessStateForDrs",
          "drs:NotifyAgentReplicationProgressForDrs",
          "drs:NotifyAgentConnectedForDrs",
          "drs:NotifyAgentDisconnectedForDrs",
          "drs:NotifyVolumeEventForDrs",
          "drs:SendVolumeStatsForDrs"
        ],
        "Effect": "Allow",
        "Resource": "*",
        "Sid": "DRSReplicationServerPolicy3"
      },
      {
        "Action": [
          "ec2:DescribeInstances",
          "ec2:DescribeSnapshots"
        ],
        "Effect": "Allow",
        "Resource": "*",
        "Sid": "DRSReplicationServerPolicy4"
      },
      {
        "Action": [
          "ec2:CreateSnapshot"
        ],
        "Condition": {
          "Null": {
            "aws:ResourceTag/AWSElasticDisasterRecoveryManaged": "false"
          }
        },
        "Effect": "Allow",
        "Resource": "arn:aws:ec2:*:*:volume/*",
        "Sid": "DRSReplicationServerPolicy5"
      },
      {
        "Action": [
          "ec2:CreateSnapshot"
        ],
        "Condition": {
          "Null": {
            "aws:RequestTag/AWSElasticDisasterRecoveryManaged": "false"
          }
        },
        "Effect": "Allow",
        "Resource": "arn:aws:ec2:*:*:snapshot/*",
        "Sid": "DRSReplicationServerPolicy6"
      },
      {
        "Action": [
          "ec2:CreateTags"
        ],
        "Condition": {
          "StringEquals": {
            "ec2:CreateAction": "CreateSnapshot"
          }
        },
        "Effect": "Allow",
        "Resource": "*",
        "Sid": "DRSReplicationServerPolicy7"
      }
    ],
    "Version": "2012-10-17"
  },
  "effective_actions": [
    {
      "access_level": "Write",
      "action": "drs:SendClientMetricsForDrs",
      "condition": null,
      "credentials_exposure": false,
      "data_access": false,
      "effective_action": "drs:SendClientMetricsForDrs",
      "privesc": false,
      "resource_exposure": false
    },
    {
      "access_level": "Write",
      "action": "drs:SendClientLogsForDrs",
      "condition": null,
      "credentials_exposure": false,
      "data_access": false,
      "effective_action": "drs:SendClientLogsForDrs",
      "privesc": false,
      "resource_exposure": false
    },
    {
      "access_level": "Read",
      "action": "drs:GetChannelCommandsForDrs",
      "condition": null,
      "credentials_exposure": false,
      "data_access": false,
      "effective_action": "drs:GetChannelCommandsForDrs",
      "privesc": false,
      "resource_exposure": false
    },
    {
      "access_level": "Write",
      "action": "drs:SendChannelCommandResultForDrs",
      "condition": null,
      "credentials_exposure": false,
      "data_access": false,
      "effective_action": "drs:SendChannelCommandResultForDrs",
      "privesc": false,
      "resource_exposure": false
    },
    {
      "access_level": "Read",
      "action": "drs:GetAgentSnapshotCreditsForDrs",
      "condition": null,
      "credentials_exposure": false,
      "data_access": false,
      "effective_action": "drs:GetAgentSnapshotCreditsForDrs",
      "privesc": false,
      "resource_exposure": false
    },
    {
      "access_level": "Read",
      "action": "drs:DescribeReplicationServerAssociationsForDrs",
      "condition": null,
      "credentials_exposure": false,
      "data_access": false,
      "effective_action": "drs:DescribeReplicationServerAssociationsForDrs",
      "privesc": false,
      "resource_exposure": false
    },
    {
      "access_level": "Read",
      "action": "drs:DescribeSnapshotRequestsForDrs",
      "condition": null,
      "credentials_exposure": false,
      "data_access": false,
      "effective_action": "drs:DescribeSnapshotRequestsForDrs",
      "privesc": false,
      "resource_exposure": false
    },
    {
      "access_level": "Write",
      "action": "drs:BatchDeleteSnapshotRequestForDrs",
      "condition": null,
      "credentials_exposure": false,
      "data_access": false,
      "effective_action": "drs:BatchDeleteSnapshotRequestForDrs",
      "privesc": false,
      "resource_exposure": false
    },
    {
      "access_level": "Write",
      "action": "drs:NotifyAgentAuthenticationForDrs",
      "condition": null,
      "credentials_exposure": false,
      "data_access": false,
      "effective_action": "drs:NotifyAgentAuthenticationForDrs",
      "privesc": false,
      "resource_exposure": false
    },
    {
      "access_level": "Write",
      "action": "drs:BatchCreateVolumeSnapshotGroupForDrs",
      "condition": null,
      "credentials_exposure": false,
      "data_access": false,
      "effective_action": "drs:BatchCreateVolumeSnapshotGroupForDrs",
      "privesc": false,
      "resource_exposure": false
    },
    {
      "access_level": "Write",
      "action": "drs:UpdateAgentReplicationProcessStateForDrs",
      "condition": null,
      "credentials_exposure": false,
      "data_access": false,
      "effective_action": "drs:UpdateAgentReplicationProcessStateForDrs",
      "privesc": false,
      "resource_exposure": false
    },
    {
      "access_level": "Write",
      "action": "drs:NotifyAgentReplicationProgressForDrs",
      "condition": null,
      "credentials_exposure": false,
      "data_access": false,
      "effective_action": "drs:NotifyAgentReplicationProgressForDrs",
      "privesc": false,
      "resource_exposure": false
    },
    {
      "access_level": "Write",
      "action": "drs:NotifyAgentConnectedForDrs",
      "condition": null,
      "credentials_exposure": false,
      "data_access": false,
      "effective_action": "drs:NotifyAgentConnectedForDrs",
      "privesc": false,
      "resource_exposure": false
    },
    {
      "access_level": "Write",
      "action": "drs:NotifyAgentDisconnectedForDrs",
      "condition": null,
      "credentials_exposure": false,
      "data_access": false,
      "effective_action": "drs:NotifyAgentDisconnectedForDrs",
      "privesc": false,
      "resource_exposure": false
    },
    {
      "access_level": "Write",
      "action": "drs:NotifyVolumeEventForDrs",
      "condition": null,
      "credentials_exposure": false,
      "data_access": false,
      "effective_action": "drs:NotifyVolumeEventForDrs",
      "privesc": false,
      "resource_exposure": false
    },
    {
      "access_level": "Write",
      "action": "drs:SendVolumeStatsForDrs",
      "condition": null,
      "credentials_exposure": false,
      "data_access": false,
      "effective_action": "drs:SendVolumeStatsForDrs",
      "privesc": false,
      "resource_exposure": false
    },
    {
      "access_level": "List",
      "action": "ec2:DescribeInstances",
      "condition": null,
      "credentials_exposure": false,
      "data_access": false,
      "effective_action": "ec2:DescribeInstances",
      "privesc": false,
      "resource_exposure": false
    },
    {
      "access_level": "List",
      "action": "ec2:DescribeSnapshots",
      "condition": null,
      "credentials_exposure": false,
      "data_access": false,
      "effective_action": "ec2:DescribeSnapshots",
      "privesc": false,
      "resource_exposure": false
    },
    {
      "access_level": "Write",
      "action": "ec2:CreateSnapshot",
      "condition": {
        "Null": {
          "aws:ResourceTag/AWSElasticDisasterRecoveryManaged": "false"
        }
      },
      "credentials_exposure": false,
      "data_access": false,
      "effective_action": "ec2:CreateSnapshot",
      "privesc": false,
      "resource_exposure": false
    },
    {
      "access_level": "Write",
      "action": "ec2:CreateSnapshot",
      "condition": {
        "Null": {
          "aws:RequestTag/AWSElasticDisasterRecoveryManaged": "false"
        }
      },
      "credentials_exposure": false,
      "data_access": false,
      "effective_action": "ec2:CreateSnapshot",
      "privesc": false,
      "resource_exposure": false
    },
    {
      "access_level": "Tagging",
      "action": "ec2:CreateTags",
      "condition": {
        "StringEquals": {
          "ec2:CreateAction": "CreateSnapshot"
        }
      },
      "credentials_exposure": false,
      "data_access": false,
      "effective_action": "ec2:CreateTags",
      "privesc": false,
      "resource_exposure": false
    }
  ],
  "grantless": false,
  "malformed": false,
  "name": "AWSElasticDisasterRecoveryReplicationServerPolicy",
  "privesc": false,
  "resource_exposure": false,
  "undocumented_actions": false,
  "unknown_actions": [],
  "updatedate": "2023-11-27T13:28:14+00:00",
  "version": "v3"
}