{
  "access_levels": [
    "List",
    "Read",
    "Tagging",
    "Write"
  ],
  "arn": "arn:aws:iam::aws:policy/AWSElementalMediaLiveFullAccess",
  "createdate": "2020-07-08T17:07:14Z",
  "credentials_exposure": false,
  "data_access": false,
  "deprecated": false,
  "document": {
    "Statement": [
      {
        "Action": [
          "medialive:*"
        ],
        "Effect": "Allow",
        "Resource": "*"
      }
    ],
    "Version": "2012-10-17"
  },
  "effective_actions": [
    {
      "access_level": "Write",
      "action": "medialive:*",
      "condition": null,
      "credentials_exposure": false,
      "data_access": false,
      "effective_action": "medialive:AcceptInputDeviceTransfer",
      "privesc": false,
      "resource_exposure": false
    },
    {
      "access_level": "Write",
      "action": "medialive:*",
      "condition": null,
      "credentials_exposure": false,
      "data_access": false,
      "effective_action": "medialive:BatchDelete",
      "privesc": false,
      "resource_exposure": false
    },
    {
      "access_level": "Write",
      "action": "medialive:*",
      "condition": null,
      "credentials_exposure": false,
      "data_access": false,
      "effective_action": "medialive:BatchStart",
      "privesc": false,
      "resource_exposure": false
    },
    {
      "access_level": "Write",
      "action": "medialive:*",
      "condition": null,
      "credentials_exposure": false,
      "data_access": false,
      "effective_action": "medialive:BatchStop",
      "privesc": false,
      "resource_exposure": false
    },
    {
      "access_level": "Write",
      "action": "medialive:*",
      "condition": null,
      "credentials_exposure": false,
      "data_access": false,
      "effective_action": "medialive:BatchUpdateSchedule",
      "privesc": false,
      "resource_exposure": false
    },
    {
      "access_level": "Write",
      "action": "medialive:*",
      "condition": null,
      "credentials_exposure": false,
      "data_access": false,
      "effective_action": "medialive:CancelInputDeviceTransfer",
      "privesc": false,
      "resource_exposure": false
    },
    {
      "access_level": "Write",
      "action": "medialive:*",
      "condition": null,
      "credentials_exposure": false,
      "data_access": false,
      "effective_action": "medialive:ClaimDevice",
      "privesc": false,
      "resource_exposure": false
    },
    {
      "access_level": "Write",
      "action": "medialive:*",
      "condition": null,
      "credentials_exposure": false,
      "data_access": false,
      "effective_action": "medialive:CreateChannel",
      "privesc": false,
      "resource_exposure": false
    },
    {
      "access_level": "Write",
      "action": "medialive:*",
      "condition": null,
      "credentials_exposure": false,
      "data_access": false,
      "effective_action": "medialive:CreateChannelPlacementGroup",
      "privesc": false,
      "resource_exposure": false
    },
    {
      "access_level": "Write",
      "action": "medialive:*",
      "condition": null,
      "credentials_exposure": false,
      "data_access": false,
      "effective_action": "medialive:CreateCloudWatchAlarmTemplate",
      "privesc": false,
      "resource_exposure": false
    },
    {
      "access_level": "Write",
      "action": "medialive:*",
      "condition": null,
      "credentials_exposure": false,
      "data_access": false,
      "effective_action": "medialive:CreateCloudWatchAlarmTemplateGroup",
      "privesc": false,
      "resource_exposure": false
    },
    {
      "access_level": "Write",
      "action": "medialive:*",
      "condition": null,
      "credentials_exposure": false,
      "data_access": false,
      "effective_action": "medialive:CreateCluster",
      "privesc": false,
      "resource_exposure": false
    },
    {
      "access_level": "Write",
      "action": "medialive:*",
      "condition": null,
      "credentials_exposure": false,
      "data_access": false,
      "effective_action": "medialive:CreateEventBridgeRuleTemplate",
      "privesc": false,
      "resource_exposure": false
    },
    {
      "access_level": "Write",
      "action": "medialive:*",
      "condition": null,
      "credentials_exposure": false,
      "data_access": false,
      "effective_action": "medialive:CreateEventBridgeRuleTemplateGroup",
      "privesc": false,
      "resource_exposure": false
    },
    {
      "access_level": "Write",
      "action": "medialive:*",
      "condition": null,
      "credentials_exposure": false,
      "data_access": false,
      "effective_action": "medialive:CreateInput",
      "privesc": false,
      "resource_exposure": false
    },
    {
      "access_level": "Write",
      "action": "medialive:*",
      "condition": null,
      "credentials_exposure": false,
      "data_access": false,
      "effective_action": "medialive:CreateInputSecurityGroup",
      "privesc": false,
      "resource_exposure": false
    },
    {
      "access_level": "Write",
      "action": "medialive:*",
      "condition": null,
      "credentials_exposure": false,
      "data_access": false,
      "effective_action": "medialive:CreateMultiplex",
      "privesc": false,
      "resource_exposure": false
    },
    {
      "access_level": "Write",
      "action": "medialive:*",
      "condition": null,
      "credentials_exposure": false,
      "data_access": false,
      "effective_action": "medialive:CreateMultiplexProgram",
      "privesc": false,
      "resource_exposure": false
    },
    {
      "access_level": "Write",
      "action": "medialive:*",
      "condition": null,
      "credentials_exposure": false,
      "data_access": false,
      "effective_action": "medialive:CreateNetwork",
      "privesc": false,
      "resource_exposure": false
    },
    {
      "access_level": "Write",
      "action": "medialive:*",
      "condition": null,
      "credentials_exposure": false,
      "data_access": false,
      "effective_action": "medialive:CreateNode",
      "privesc": false,
      "resource_exposure": false
    },
    {
      "access_level": "Write",
      "action": "medialive:*",
      "condition": null,
      "credentials_exposure": false,
      "data_access": false,
      "effective_action": "medialive:CreateNodeRegistrationScript",
      "privesc": false,
      "resource_exposure": false
    },
    {
      "access_level": "Write",
      "action": "medialive:*",
      "condition": null,
      "credentials_exposure": false,
      "data_access": false,
      "effective_action": "medialive:CreatePartnerInput",
      "privesc": false,
      "resource_exposure": false
    },
    {
      "access_level": "Write",
      "action": "medialive:*",
      "condition": null,
      "credentials_exposure": false,
      "data_access": false,
      "effective_action": "medialive:CreateSdiSource",
      "privesc": false,
      "resource_exposure": false
    },
    {
      "access_level": "Write",
      "action": "medialive:*",
      "condition": null,
      "credentials_exposure": false,
      "data_access": false,
      "effective_action": "medialive:CreateSignalMap",
      "privesc": false,
      "resource_exposure": false
    },
    {
      "access_level": "Tagging",
      "action": "medialive:*",
      "condition": null,
      "credentials_exposure": false,
      "data_access": false,
      "effective_action": "medialive:CreateTags",
      "privesc": false,
      "resource_exposure": false
    },
    {
      "access_level": "Write",
      "action": "medialive:*",
      "condition": null,
      "credentials_exposure": false,
      "data_access": false,
      "effective_action": "medialive:DeleteChannel",
      "privesc": false,
      "resource_exposure": false
    },
    {
      "access_level": "Write",
      "action": "medialive:*",
      "condition": null,
      "credentials_exposure": false,
      "data_access": false,
      "effective_action": "medialive:DeleteChannelPlacementGroup",
      "privesc": false,
      "resource_exposure": false
    },
    {
      "access_level": "Write",
      "action": "medialive:*",
      "condition": null,
      "credentials_exposure": false,
      "data_access": false,
      "effective_action": "medialive:DeleteCloudWatchAlarmTemplate",
      "privesc": false,
      "resource_exposure": false
    },
    {
      "access_level": "Write",
      "action": "medialive:*",
      "condition": null,
      "credentials_exposure": false,
      "data_access": false,
      "effective_action": "medialive:DeleteCloudWatchAlarmTemplateGroup",
      "privesc": false,
      "resource_exposure": false
    },
    {
      "access_level": "Write",
      "action": "medialive:*",
      "condition": null,
      "credentials_exposure": false,
      "data_access": false,
      "effective_action": "medialive:DeleteCluster",
      "privesc": false,
      "resource_exposure": false
    },
    {
      "access_level": "Write",
      "action": "medialive:*",
      "condition": null,
      "credentials_exposure": false,
      "data_access": false,
      "effective_action": "medialive:DeleteEventBridgeRuleTemplate",
      "privesc": false,
      "resource_exposure": false
    },
    {
      "access_level": "Write",
      "action": "medialive:*",
      "condition": null,
      "credentials_exposure": false,
      "data_access": false,
      "effective_action": "medialive:DeleteEventBridgeRuleTemplateGroup",
      "privesc": false,
      "resource_exposure": false
    },
    {
      "access_level": "Write",
      "action": "medialive:*",
      "condition": null,
      "credentials_exposure": false,
      "data_access": false,
      "effective_action": "medialive:DeleteInput",
      "privesc": false,
      "resource_exposure": false
    },
    {
      "access_level": "Write",
      "action": "medialive:*",
      "condition": null,
      "credentials_exposure": false,
      "data_access": false,
      "effective_action": "medialive:DeleteInputSecurityGroup",
      "privesc": false,
      "resource_exposure": false
    },
    {
      "access_level": "Write",
      "action": "medialive:*",
      "condition": null,
      "credentials_exposure": false,
      "data_access": false,
      "effective_action": "medialive:DeleteMultiplex",
      "privesc": false,
      "resource_exposure": false
    },
    {
      "access_level": "Write",
      "action": "medialive:*",
      "condition": null,
      "credentials_exposure": false,
      "data_access": false,
      "effective_action": "medialive:DeleteMultiplexProgram",
      "privesc": false,
      "resource_exposure": false
    },
    {
      "access_level": "Write",
      "action": "medialive:*",
      "condition": null,
      "credentials_exposure": false,
      "data_access": false,
      "effective_action": "medialive:DeleteNetwork",
      "privesc": false,
      "resource_exposure": false
    },
    {
      "access_level": "Write",
      "action": "medialive:*",
      "condition": null,
      "credentials_exposure": false,
      "data_access": false,
      "effective_action": "medialive:DeleteNode",
      "privesc": false,
      "resource_exposure": false
    },
    {
      "access_level": "Write",
      "action": "medialive:*",
      "condition": null,
      "credentials_exposure": false,
      "data_access": false,
      "effective_action": "medialive:DeleteReservation",
      "privesc": false,
      "resource_exposure": false
    },
    {
      "access_level": "Write",
      "action": "medialive:*",
      "condition": null,
      "credentials_exposure": false,
      "data_access": false,
      "effective_action": "medialive:DeleteSchedule",
      "privesc": false,
      "resource_exposure": false
    },
    {
      "access_level": "Write",
      "action": "medialive:*",
      "condition": null,
      "credentials_exposure": false,
      "data_access": false,
      "effective_action": "medialive:DeleteSdiSource",
      "privesc": false,
      "resource_exposure": false
    },
    {
      "access_level": "Write",
      "action": "medialive:*",
      "condition": null,
      "credentials_exposure": false,
      "data_access": false,
      "effective_action": "medialive:DeleteSignalMap",
      "privesc": false,
      "resource_exposure": false
    },
    {
      "access_level": "Tagging",
      "action": "medialive:*",
      "condition": null,
      "credentials_exposure": false,
      "data_access": false,
      "effective_action": "medialive:DeleteTags",
      "privesc": false,
      "resource_exposure": false
    },
    {
      "access_level": "Read",
      "action": "medialive:*",
      "condition": null,
      "credentials_exposure": false,
      "data_access": false,
      "effective_action": "medialive:DescribeAccountConfiguration",
      "privesc": false,
      "resource_exposure": false
    },
    {
      "access_level": "Read",
      "action": "medialive:*",
      "condition": null,
      "credentials_exposure": false,
      "data_access": false,
      "effective_action": "medialive:DescribeChannel",
      "privesc": false,
      "resource_exposure": false
    },
    {
      "access_level": "Read",
      "action": "medialive:*",
      "condition": null,
      "credentials_exposure": false,
      "data_access": false,
      "effective_action": "medialive:DescribeChannelPlacementGroup",
      "privesc": false,
      "resource_exposure": false
    },
    {
      "access_level": "Read",
      "action": "medialive:*",
      "condition": null,
      "credentials_exposure": false,
      "data_access": false,
      "effective_action": "medialive:DescribeCluster",
      "privesc": false,
      "resource_exposure": false
    },
    {
      "access_level": "Read",
      "action": "medialive:*",
      "condition": null,
      "credentials_exposure": false,
      "data_access": false,
      "effective_action": "medialive:DescribeInput",
      "privesc": false,
      "resource_exposure": false
    },
    {
      "access_level": "Read",
      "action": "medialive:*",
      "condition": null,
      "credentials_exposure": false,
      "data_access": false,
      "effective_action": "medialive:DescribeInputDevice",
      "privesc": false,
      "resource_exposure": false
    },
    {
      "access_level": "Read",
      "action": "medialive:*",
      "condition": null,
      "credentials_exposure": false,
      "data_access": false,
      "effective_action": "medialive:DescribeInputDeviceThumbnail",
      "privesc": false,
      "resource_exposure": false
    },
    {
      "access_level": "Read",
      "action": "medialive:*",
      "condition": null,
      "credentials_exposure": false,
      "data_access": false,
      "effective_action": "medialive:DescribeInputSecurityGroup",
      "privesc": false,
      "resource_exposure": false
    },
    {
      "access_level": "Read",
      "action": "medialive:*",
      "condition": null,
      "credentials_exposure": false,
      "data_access": false,
      "effective_action": "medialive:DescribeMultiplex",
      "privesc": false,
      "resource_exposure": false
    },
    {
      "access_level": "Read",
      "action": "medialive:*",
      "condition": null,
      "credentials_exposure": false,
      "data_access": false,
      "effective_action": "medialive:DescribeMultiplexProgram",
      "privesc": false,
      "resource_exposure": false
    },
    {
      "access_level": "Read",
      "action": "medialive:*",
      "condition": null,
      "credentials_exposure": false,
      "data_access": false,
      "effective_action": "medialive:DescribeNetwork",
      "privesc": false,
      "resource_exposure": false
    },
    {
      "access_level": "Read",
      "action": "medialive:*",
      "condition": null,
      "credentials_exposure": false,
      "data_access": false,
      "effective_action": "medialive:DescribeNode",
      "privesc": false,
      "resource_exposure": false
    },
    {
      "access_level": "Read",
      "action": "medialive:*",
      "condition": null,
      "credentials_exposure": false,
      "data_access": false,
      "effective_action": "medialive:DescribeOffering",
      "privesc": false,
      "resource_exposure": false
    },
    {
      "access_level": "Read",
      "action": "medialive:*",
      "condition": null,
      "credentials_exposure": false,
      "data_access": false,
      "effective_action": "medialive:DescribeReservation",
      "privesc": false,
      "resource_exposure": false
    },
    {
      "access_level": "Read",
      "action": "medialive:*",
      "condition": null,
      "credentials_exposure": false,
      "data_access": false,
      "effective_action": "medialive:DescribeSchedule",
      "privesc": false,
      "resource_exposure": false
    },
    {
      "access_level": "Read",
      "action": "medialive:*",
      "condition": null,
      "credentials_exposure": false,
      "data_access": false,
      "effective_action": "medialive:DescribeSdiSource",
      "privesc": false,
      "resource_exposure": false
    },
    {
      "access_level": "Read",
      "action": "medialive:*",
      "condition": null,
      "credentials_exposure": false,
      "data_access": false,
      "effective_action": "medialive:DescribeThumbnails",
      "privesc": false,
      "resource_exposure": false
    },
    {
      "access_level": "Read",
      "action": "medialive:*",
      "condition": null,
      "credentials_exposure": false,
      "data_access": false,
      "effective_action": "medialive:GetCloudWatchAlarmTemplate",
      "privesc": false,
      "resource_exposure": false
    },
    {
      "access_level": "Read",
      "action": "medialive:*",
      "condition": null,
      "credentials_exposure": false,
      "data_access": false,
      "effective_action": "medialive:GetCloudWatchAlarmTemplateGroup",
      "privesc": false,
      "resource_exposure": false
    },
    {
      "access_level": "Read",
      "action": "medialive:*",
      "condition": null,
      "credentials_exposure": false,
      "data_access": false,
      "effective_action": "medialive:GetEventBridgeRuleTemplate",
      "privesc": false,
      "resource_exposure": false
    },
    {
      "access_level": "Read",
      "action": "medialive:*",
      "condition": null,
      "credentials_exposure": false,
      "data_access": false,
      "effective_action": "medialive:GetEventBridgeRuleTemplateGroup",
      "privesc": false,
      "resource_exposure": false
    },
    {
      "access_level": "Read",
      "action": "medialive:*",
      "condition": null,
      "credentials_exposure": false,
      "data_access": false,
      "effective_action": "medialive:GetSignalMap",
      "privesc": false,
      "resource_exposure": false
    },
    {
      "access_level": "List",
      "action": "medialive:*",
      "condition": null,
      "credentials_exposure": false,
      "data_access": false,
      "effective_action": "medialive:ListAlerts",
      "privesc": false,
      "resource_exposure": false
    },
    {
      "access_level": "List",
      "action": "medialive:*",
      "condition": null,
      "credentials_exposure": false,
      "data_access": false,
      "effective_action": "medialive:ListChannelPlacementGroups",
      "privesc": false,
      "resource_exposure": false
    },
    {
      "access_level": "List",
      "action": "medialive:*",
      "condition": null,
      "credentials_exposure": false,
      "data_access": false,
      "effective_action": "medialive:ListChannels",
      "privesc": false,
      "resource_exposure": false
    },
    {
      "access_level": "List",
      "action": "medialive:*",
      "condition": null,
      "credentials_exposure": false,
      "data_access": false,
      "effective_action": "medialive:ListCloudWatchAlarmTemplateGroups",
      "privesc": false,
      "resource_exposure": false
    },
    {
      "access_level": "List",
      "action": "medialive:*",
      "condition": null,
      "credentials_exposure": false,
      "data_access": false,
      "effective_action": "medialive:ListCloudWatchAlarmTemplates",
      "privesc": false,
      "resource_exposure": false
    },
    {
      "access_level": "List",
      "action": "medialive:*",
      "condition": null,
      "credentials_exposure": false,
      "data_access": false,
      "effective_action": "medialive:ListClusterAlerts",
      "privesc": false,
      "resource_exposure": false
    },
    {
      "access_level": "List",
      "action": "medialive:*",
      "condition": null,
      "credentials_exposure": false,
      "data_access": false,
      "effective_action": "medialive:ListClusters",
      "privesc": false,
      "resource_exposure": false
    },
    {
      "access_level": "List",
      "action": "medialive:*",
      "condition": null,
      "credentials_exposure": false,
      "data_access": false,
      "effective_action": "medialive:ListEventBridgeRuleTemplateGroups",
      "privesc": false,
      "resource_exposure": false
    },
    {
      "access_level": "List",
      "action": "medialive:*",
      "condition": null,
      "credentials_exposure": false,
      "data_access": false,
      "effective_action": "medialive:ListEventBridgeRuleTemplates",
      "privesc": false,
      "resource_exposure": false
    },
    {
      "access_level": "List",
      "action": "medialive:*",
      "condition": null,
      "credentials_exposure": false,
      "data_access": false,
      "effective_action": "medialive:ListInputDeviceTransfers",
      "privesc": false,
      "resource_exposure": false
    },
    {
      "access_level": "List",
      "action": "medialive:*",
      "condition": null,
      "credentials_exposure": false,
      "data_access": false,
      "effective_action": "medialive:ListInputDevices",
      "privesc": false,
      "resource_exposure": false
    },
    {
      "access_level": "List",
      "action": "medialive:*",
      "condition": null,
      "credentials_exposure": false,
      "data_access": false,
      "effective_action": "medialive:ListInputSecurityGroups",
      "privesc": false,
      "resource_exposure": false
    },
    {
      "access_level": "List",
      "action": "medialive:*",
      "condition": null,
      "credentials_exposure": false,
      "data_access": false,
      "effective_action": "medialive:ListInputs",
      "privesc": false,
      "resource_exposure": false
    },
    {
      "access_level": "List",
      "action": "medialive:*",
      "condition": null,
      "credentials_exposure": false,
      "data_access": false,
      "effective_action": "medialive:ListMultiplexAlerts",
      "privesc": false,
      "resource_exposure": false
    },
    {
      "access_level": "List",
      "action": "medialive:*",
      "condition": null,
      "credentials_exposure": false,
      "data_access": false,
      "effective_action": "medialive:ListMultiplexPrograms",
      "privesc": false,
      "resource_exposure": false
    },
    {
      "access_level": "List",
      "action": "medialive:*",
      "condition": null,
      "credentials_exposure": false,
      "data_access": false,
      "effective_action": "medialive:ListMultiplexes",
      "privesc": false,
      "resource_exposure": false
    },
    {
      "access_level": "List",
      "action": "medialive:*",
      "condition": null,
      "credentials_exposure": false,
      "data_access": false,
      "effective_action": "medialive:ListNetworks",
      "privesc": false,
      "resource_exposure": false
    },
    {
      "access_level": "List",
      "action": "medialive:*",
      "condition": null,
      "credentials_exposure": false,
      "data_access": false,
      "effective_action": "medialive:ListNodes",
      "privesc": false,
      "resource_exposure": false
    },
    {
      "access_level": "List",
      "action": "medialive:*",
      "condition": null,
      "credentials_exposure": false,
      "data_access": false,
      "effective_action": "medialive:ListOfferings",
      "privesc": false,
      "resource_exposure": false
    },
    {
      "access_level": "List",
      "action": "medialive:*",
      "condition": null,
      "credentials_exposure": false,
      "data_access": false,
      "effective_action": "medialive:ListReservations",
      "privesc": false,
      "resource_exposure": false
    },
    {
      "access_level": "List",
      "action": "medialive:*",
      "condition": null,
      "credentials_exposure": false,
      "data_access": false,
      "effective_action": "medialive:ListSdiSources",
      "privesc": false,
      "resource_exposure": false
    },
    {
      "access_level": "List",
      "action": "medialive:*",
      "condition": null,
      "credentials_exposure": false,
      "data_access": false,
      "effective_action": "medialive:ListSignalMaps",
      "privesc": false,
      "resource_exposure": false
    },
    {
      "access_level": "List",
      "action": "medialive:*",
      "condition": null,
      "credentials_exposure": false,
      "data_access": false,
      "effective_action": "medialive:ListTagsForResource",
      "privesc": false,
      "resource_exposure": false
    },
    {
      "access_level": "List",
      "action": "medialive:*",
      "condition": null,
      "credentials_exposure": false,
      "data_access": false,
      "effective_action": "medialive:ListVersions",
      "privesc": false,
      "resource_exposure": false
    },
    {
      "access_level": "Write",
      "action": "medialive:*",
      "condition": null,
      "credentials_exposure": false,
      "data_access": false,
      "effective_action": "medialive:PollAnywhere",
      "privesc": false,
      "resource_exposure": false
    },
    {
      "access_level": "Write",
      "action": "medialive:*",
      "condition": null,
      "credentials_exposure": false,
      "data_access": false,
      "effective_action": "medialive:PurchaseOffering",
      "privesc": false,
      "resource_exposure": false
    },
    {
      "access_level": "Write",
      "action": "medialive:*",
      "condition": null,
      "credentials_exposure": false,
      "data_access": false,
      "effective_action": "medialive:RebootInputDevice",
      "privesc": false,
      "resource_exposure": false
    },
    {
      "access_level": "Write",
      "action": "medialive:*",
      "condition": null,
      "credentials_exposure": false,
      "data_access": false,
      "effective_action": "medialive:RejectInputDeviceTransfer",
      "privesc": false,
      "resource_exposure": false
    },
    {
      "access_level": "Write",
      "action": "medialive:*",
      "condition": null,
      "credentials_exposure": false,
      "data_access": false,
      "effective_action": "medialive:RestartChannelPipelines",
      "privesc": false,
      "resource_exposure": false
    },
    {
      "access_level": "Write",
      "action": "medialive:*",
      "condition": null,
      "credentials_exposure": false,
      "data_access": false,
      "effective_action": "medialive:StartChannel",
      "privesc": false,
      "resource_exposure": false
    },
    {
      "access_level": "Write",
      "action": "medialive:*",
      "condition": null,
      "credentials_exposure": false,
      "data_access": false,
      "effective_action": "medialive:StartDeleteMonitorDeployment",
      "privesc": false,
      "resource_exposure": false
    },
    {
      "access_level": "Write",
      "action": "medialive:*",
      "condition": null,
      "credentials_exposure": false,
      "data_access": false,
      "effective_action": "medialive:StartInputDevice",
      "privesc": false,
      "resource_exposure": false
    },
    {
      "access_level": "Write",
      "action": "medialive:*",
      "condition": null,
      "credentials_exposure": false,
      "data_access": false,
      "effective_action": "medialive:StartInputDeviceMaintenanceWindow",
      "privesc": false,
      "resource_exposure": false
    },
    {
      "access_level": "Write",
      "action": "medialive:*",
      "condition": null,
      "credentials_exposure": false,
      "data_access": false,
      "effective_action": "medialive:StartMonitorDeployment",
      "privesc": false,
      "resource_exposure": false
    },
    {
      "access_level": "Write",
      "action": "medialive:*",
      "condition": null,
      "credentials_exposure": false,
      "data_access": false,
      "effective_action": "medialive:StartMultiplex",
      "privesc": false,
      "resource_exposure": false
    },
    {
      "access_level": "Write",
      "action": "medialive:*",
      "condition": null,
      "credentials_exposure": false,
      "data_access": false,
      "effective_action": "medialive:StartUpdateSignalMap",
      "privesc": false,
      "resource_exposure": false
    },
    {
      "access_level": "Write",
      "action": "medialive:*",
      "condition": null,
      "credentials_exposure": false,
      "data_access": false,
      "effective_action": "medialive:StopChannel",
      "privesc": false,
      "resource_exposure": false
    },
    {
      "access_level": "Write",
      "action": "medialive:*",
      "condition": null,
      "credentials_exposure": false,
      "data_access": false,
      "effective_action": "medialive:StopInputDevice",
      "privesc": false,
      "resource_exposure": false
    },
    {
      "access_level": "Write",
      "action": "medialive:*",
      "condition": null,
      "credentials_exposure": false,
      "data_access": false,
      "effective_action": "medialive:StopMultiplex",
      "privesc": false,
      "resource_exposure": false
    },
    {
      "access_level": "Write",
      "action": "medialive:*",
      "condition": null,
      "credentials_exposure": false,
      "data_access": false,
      "effective_action": "medialive:SubmitAnywhereStateChange",
      "privesc": false,
      "resource_exposure": false
    },
    {
      "access_level": "Write",
      "action": "medialive:*",
      "condition": null,
      "credentials_exposure": false,
      "data_access": false,
      "effective_action": "medialive:TransferInputDevice",
      "privesc": false,
      "resource_exposure": false
    },
    {
      "access_level": "Write",
      "action": "medialive:*",
      "condition": null,
      "credentials_exposure": false,
      "data_access": false,
      "effective_action": "medialive:UpdateAccountConfiguration",
      "privesc": false,
      "resource_exposure": false
    },
    {
      "access_level": "Write",
      "action": "medialive:*",
      "condition": null,
      "credentials_exposure": false,
      "data_access": false,
      "effective_action": "medialive:UpdateChannel",
      "privesc": false,
      "resource_exposure": false
    },
    {
      "access_level": "Write",
      "action": "medialive:*",
      "condition": null,
      "credentials_exposure": false,
      "data_access": false,
      "effective_action": "medialive:UpdateChannelClass",
      "privesc": false,
      "resource_exposure": false
    },
    {
      "access_level": "Write",
      "action": "medialive:*",
      "condition": null,
      "credentials_exposure": false,
      "data_access": false,
      "effective_action": "medialive:UpdateChannelPlacementGroup",
      "privesc": false,
      "resource_exposure": false
    },
    {
      "access_level": "Write",
      "action": "medialive:*",
      "condition": null,
      "credentials_exposure": false,
      "data_access": false,
      "effective_action": "medialive:UpdateCloudWatchAlarmTemplate",
      "privesc": false,
      "resource_exposure": false
    },
    {
      "access_level": "Write",
      "action": "medialive:*",
      "condition": null,
      "credentials_exposure": false,
      "data_access": false,
      "effective_action": "medialive:UpdateCloudWatchAlarmTemplateGroup",
      "privesc": false,
      "resource_exposure": false
    },
    {
      "access_level": "Write",
      "action": "medialive:*",
      "condition": null,
      "credentials_exposure": false,
      "data_access": false,
      "effective_action": "medialive:UpdateCluster",
      "privesc": false,
      "resource_exposure": false
    },
    {
      "access_level": "Write",
      "action": "medialive:*",
      "condition": null,
      "credentials_exposure": false,
      "data_access": false,
      "effective_action": "medialive:UpdateEventBridgeRuleTemplate",
      "privesc": false,
      "resource_exposure": false
    },
    {
      "access_level": "Write",
      "action": "medialive:*",
      "condition": null,
      "credentials_exposure": false,
      "data_access": false,
      "effective_action": "medialive:UpdateEventBridgeRuleTemplateGroup",
      "privesc": false,
      "resource_exposure": false
    },
    {
      "access_level": "Write",
      "action": "medialive:*",
      "condition": null,
      "credentials_exposure": false,
      "data_access": false,
      "effective_action": "medialive:UpdateInput",
      "privesc": false,
      "resource_exposure": false
    },
    {
      "access_level": "Write",
      "action": "medialive:*",
      "condition": null,
      "credentials_exposure": false,
      "data_access": false,
      "effective_action": "medialive:UpdateInputDevice",
      "privesc": false,
      "resource_exposure": false
    },
    {
      "access_level": "Write",
      "action": "medialive:*",
      "condition": null,
      "credentials_exposure": false,
      "data_access": false,
      "effective_action": "medialive:UpdateInputSecurityGroup",
      "privesc": false,
      "resource_exposure": false
    },
    {
      "access_level": "Write",
      "action": "medialive:*",
      "condition": null,
      "credentials_exposure": false,
      "data_access": false,
      "effective_action": "medialive:UpdateMultiplex",
      "privesc": false,
      "resource_exposure": false
    },
    {
      "access_level": "Write",
      "action": "medialive:*",
      "condition": null,
      "credentials_exposure": false,
      "data_access": false,
      "effective_action": "medialive:UpdateMultiplexProgram",
      "privesc": false,
      "resource_exposure": false
    },
    {
      "access_level": "Write",
      "action": "medialive:*",
      "condition": null,
      "credentials_exposure": false,
      "data_access": false,
      "effective_action": "medialive:UpdateNetwork",
      "privesc": false,
      "resource_exposure": false
    },
    {
      "access_level": "Write",
      "action": "medialive:*",
      "condition": null,
      "credentials_exposure": false,
      "data_access": false,
      "effective_action": "medialive:UpdateNode",
      "privesc": false,
      "resource_exposure": false
    },
    {
      "access_level": "Write",
      "action": "medialive:*",
      "condition": null,
      "credentials_exposure": false,
      "data_access": false,
      "effective_action": "medialive:UpdateNodeState",
      "privesc": false,
      "resource_exposure": false
    },
    {
      "access_level": "Write",
      "action": "medialive:*",
      "condition": null,
      "credentials_exposure": false,
      "data_access": false,
      "effective_action": "medialive:UpdateReservation",
      "privesc": false,
      "resource_exposure": false
    },
    {
      "access_level": "Write",
      "action": "medialive:*",
      "condition": null,
      "credentials_exposure": false,
      "data_access": false,
      "effective_action": "medialive:UpdateSdiSource",
      "privesc": false,
      "resource_exposure": false
    }
  ],
  "grantless": false,
  "malformed": false,
  "name": "AWSElementalMediaLiveFullAccess",
  "privesc": false,
  "resource_exposure": false,
  "undocumented_actions": false,
  "unknown_actions": [],
  "updatedate": "2020-07-08T17:07:14+00:00",
  "version": "v1"
}