{
  "access_levels": [
    "List",
    "Read",
    "Tagging",
    "Write",
    "Permissions management"
  ],
  "arn": "arn:aws:iam::aws:policy/aws-service-role/AWSElasticDisasterRecoveryServiceRolePolicy",
  "createdate": "2025-01-05T14:07:06Z",
  "credentials_exposure": false,
  "data_access": false,
  "deprecated": false,
  "document": {
    "Statement": [
      {
        "Action": [
          "drs:ListTagsForResource"
        ],
        "Effect": "Allow",
        "Resource": "*",
        "Sid": "DRSServiceRolePolicy1"
      },
      {
        "Action": [
          "drs:TagResource"
        ],
        "Effect": "Allow",
        "Resource": "arn:aws:drs:*:*:recovery-instance/*",
        "Sid": "DRSServiceRolePolicy2"
      },
      {
        "Action": [
          "drs:CreateRecoveryInstanceForDrs",
          "drs:TagResource"
        ],
        "Effect": "Allow",
        "Resource": "arn:aws:drs:*:*:source-server/*",
        "Sid": "DRSServiceRolePolicy3"
      },
      {
        "Action": [
          "iam:GetInstanceProfile"
        ],
        "Effect": "Allow",
        "Resource": "*",
        "Sid": "DRSServiceRolePolicy4"
      },
      {
        "Action": [
          "kms:ListRetirableGrants"
        ],
        "Effect": "Allow",
        "Resource": "*",
        "Sid": "DRSServiceRolePolicy5"
      },
      {
        "Action": [
          "ec2:DescribeAccountAttributes",
          "ec2:DescribeAvailabilityZones",
          "ec2:DescribeImages",
          "ec2:DescribeInstances",
          "ec2:DescribeInstanceTypes",
          "ec2:DescribeInstanceAttribute",
          "ec2:DescribeInstanceStatus",
          "ec2:DescribeLaunchTemplateVersions",
          "ec2:DescribeLaunchTemplates",
          "ec2:DescribeSecurityGroups",
          "ec2:DescribeSnapshots",
          "ec2:DescribeSubnets",
          "ec2:DescribeVolumes",
          "ec2:DescribeVolumeAttribute",
          "ec2:GetEbsDefaultKmsKeyId",
          "ec2:GetEbsEncryptionByDefault",
          "ec2:DescribeVpcAttribute",
          "ec2:DescribeInternetGateways",
          "ec2:DescribeVpcs",
          "ec2:DescribeNetworkAcls",
          "ec2:DescribeRouteTables",
          "ec2:DescribeDhcpOptions",
          "ec2:DescribeManagedPrefixLists",
          "ec2:GetManagedPrefixListEntries",
          "ec2:GetManagedPrefixListAssociations",
          "ec2:DescribeNetworkInterfaces"
        ],
        "Effect": "Allow",
        "Resource": "*",
        "Sid": "DRSServiceRolePolicy6"
      },
      {
        "Action": [
          "ec2:RegisterImage"
        ],
        "Effect": "Allow",
        "Resource": "*",
        "Sid": "DRSServiceRolePolicy7"
      },
      {
        "Action": [
          "ec2:DeregisterImage"
        ],
        "Condition": {
          "Null": {
            "aws:ResourceTag/AWSElasticDisasterRecoveryManaged": "false"
          }
        },
        "Effect": "Allow",
        "Resource": "*",
        "Sid": "DRSServiceRolePolicy8"
      },
      {
        "Action": [
          "ec2:DeleteSnapshot"
        ],
        "Condition": {
          "Null": {
            "aws:ResourceTag/AWSElasticDisasterRecoveryManaged": "false"
          }
        },
        "Effect": "Allow",
        "Resource": "arn:aws:ec2:*:*:snapshot/*",
        "Sid": "DRSServiceRolePolicy9"
      },
      {
        "Action": [
          "ec2:CreateLaunchTemplateVersion",
          "ec2:ModifyLaunchTemplate",
          "ec2:DeleteLaunchTemplate",
          "ec2:DeleteLaunchTemplateVersions"
        ],
        "Condition": {
          "Null": {
            "aws:ResourceTag/AWSElasticDisasterRecoveryManaged": "false"
          }
        },
        "Effect": "Allow",
        "Resource": "arn:aws:ec2:*:*:launch-template/*",
        "Sid": "DRSServiceRolePolicy10"
      },
      {
        "Action": [
          "ec2:DeleteVolume",
          "ec2:ModifyVolume"
        ],
        "Condition": {
          "Null": {
            "aws:ResourceTag/AWSElasticDisasterRecoveryManaged": "false"
          }
        },
        "Effect": "Allow",
        "Resource": "arn:aws:ec2:*:*:volume/*",
        "Sid": "DRSServiceRolePolicy11"
      },
      {
        "Action": [
          "ec2:StartInstances",
          "ec2:StopInstances",
          "ec2:TerminateInstances",
          "ec2:ModifyInstanceAttribute",
          "ec2:GetConsoleOutput",
          "ec2:GetConsoleScreenshot"
        ],
        "Condition": {
          "Null": {
            "aws:ResourceTag/AWSElasticDisasterRecoveryManaged": "false"
          }
        },
        "Effect": "Allow",
        "Resource": "arn:aws:ec2:*:*:instance/*",
        "Sid": "DRSServiceRolePolicy12"
      },
      {
        "Action": [
          "ec2:RevokeSecurityGroupEgress",
          "ec2:AuthorizeSecurityGroupIngress",
          "ec2:AuthorizeSecurityGroupEgress"
        ],
        "Condition": {
          "Null": {
            "aws:ResourceTag/AWSElasticDisasterRecoveryManaged": "false"
          }
        },
        "Effect": "Allow",
        "Resource": "arn:aws:ec2:*:*:security-group/*",
        "Sid": "DRSServiceRolePolicy13"
      },
      {
        "Action": [
          "ec2:CreateVolume"
        ],
        "Condition": {
          "Null": {
            "aws:RequestTag/AWSElasticDisasterRecoveryManaged": "false"
          }
        },
        "Effect": "Allow",
        "Resource": "arn:aws:ec2:*:*:volume/*",
        "Sid": "DRSServiceRolePolicy14"
      },
      {
        "Action": [
          "ec2:CreateSecurityGroup"
        ],
        "Condition": {
          "Null": {
            "aws:RequestTag/AWSElasticDisasterRecoveryManaged": "false"
          }
        },
        "Effect": "Allow",
        "Resource": "arn:aws:ec2:*:*:security-group/*",
        "Sid": "DRSServiceRolePolicy15"
      },
      {
        "Action": [
          "ec2:CreateSecurityGroup"
        ],
        "Effect": "Allow",
        "Resource": "arn:aws:ec2:*:*:vpc/*",
        "Sid": "DRSServiceRolePolicy16"
      },
      {
        "Action": [
          "ec2:CreateLaunchTemplate"
        ],
        "Condition": {
          "Null": {
            "aws:RequestTag/AWSElasticDisasterRecoveryManaged": "false"
          }
        },
        "Effect": "Allow",
        "Resource": "arn:aws:ec2:*:*:launch-template/*",
        "Sid": "DRSServiceRolePolicy17"
      },
      {
        "Action": [
          "ec2:CreateSnapshot"
        ],
        "Condition": {
          "Null": {
            "aws:ResourceTag/AWSElasticDisasterRecoveryManaged": "false"
          }
        },
        "Effect": "Allow",
        "Resource": "arn:aws:ec2:*:*:volume/*",
        "Sid": "DRSServiceRolePolicy18"
      },
      {
        "Action": [
          "ec2:CreateSnapshot"
        ],
        "Condition": {
          "Null": {
            "aws:RequestTag/AWSElasticDisasterRecoveryManaged": "false"
          }
        },
        "Effect": "Allow",
        "Resource": "arn:aws:ec2:*:*:snapshot/*",
        "Sid": "DRSServiceRolePolicy19"
      },
      {
        "Action": [
          "ec2:DetachVolume",
          "ec2:AttachVolume"
        ],
        "Condition": {
          "Null": {
            "aws:ResourceTag/AWSElasticDisasterRecoveryManaged": "false"
          }
        },
        "Effect": "Allow",
        "Resource": "arn:aws:ec2:*:*:instance/*",
        "Sid": "DRSServiceRolePolicy20"
      },
      {
        "Action": [
          "ec2:AttachVolume"
        ],
        "Condition": {
          "Null": {
            "aws:ResourceTag/AWSElasticDisasterRecoveryManaged": "false"
          }
        },
        "Effect": "Allow",
        "Resource": "arn:aws:ec2:*:*:volume/*",
        "Sid": "DRSServiceRolePolicy21"
      },
      {
        "Action": [
          "ec2:DetachVolume"
        ],
        "Effect": "Allow",
        "Resource": "arn:aws:ec2:*:*:volume/*",
        "Sid": "DRSServiceRolePolicy22"
      },
      {
        "Action": [
          "ec2:RunInstances"
        ],
        "Condition": {
          "Null": {
            "aws:RequestTag/AWSElasticDisasterRecoveryManaged": "false"
          }
        },
        "Effect": "Allow",
        "Resource": "arn:aws:ec2:*:*:instance/*",
        "Sid": "DRSServiceRolePolicy23"
      },
      {
        "Action": [
          "ec2:RunInstances"
        ],
        "Effect": "Allow",
        "Resource": [
          "arn:aws:ec2:*:*:security-group/*",
          "arn:aws:ec2:*:*:volume/*",
          "arn:aws:ec2:*:*:subnet/*",
          "arn:aws:ec2:*:*:image/*",
          "arn:aws:ec2:*:*:network-interface/*",
          "arn:aws:ec2:*:*:launch-template/*"
        ],
        "Sid": "DRSServiceRolePolicy24"
      },
      {
        "Action": [
          "iam:PassRole"
        ],
        "Condition": {
          "StringEquals": {
            "iam:PassedToService": "ec2.amazonaws.com"
          }
        },
        "Effect": "Allow",
        "Resource": [
          "arn:aws:iam::*:role/service-role/AWSElasticDisasterRecoveryReplicationServerRole",
          "arn:aws:iam::*:role/service-role/AWSElasticDisasterRecoveryConversionServerRole",
          "arn:aws:iam::*:role/service-role/AWSElasticDisasterRecoveryRecoveryInstanceRole"
        ],
        "Sid": "DRSServiceRolePolicy25"
      },
      {
        "Action": [
          "ec2:CreateTags"
        ],
        "Condition": {
          "StringEquals": {
            "ec2:CreateAction": [
              "CreateLaunchTemplate",
              "CreateSecurityGroup",
              "CreateVolume",
              "CreateSnapshot",
              "RunInstances",
              "CreateNetworkInterface"
            ]
          }
        },
        "Effect": "Allow",
        "Resource": [
          "arn:aws:ec2:*:*:launch-template/*",
          "arn:aws:ec2:*:*:security-group/*",
          "arn:aws:ec2:*:*:volume/*",
          "arn:aws:ec2:*:*:snapshot/*",
          "arn:aws:ec2:*:*:instance/*",
          "arn:aws:ec2:*:*:network-interface/*"
        ],
        "Sid": "DRSServiceRolePolicy26"
      },
      {
        "Action": [
          "ec2:CreateTags"
        ],
        "Condition": {
          "Null": {
            "aws:RequestTag/AWSElasticDisasterRecoveryManaged": "false"
          }
        },
        "Effect": "Allow",
        "Resource": [
          "arn:aws:ec2:*:*:image/*"
        ],
        "Sid": "DRSServiceRolePolicy27"
      },
      {
        "Action": [
          "cloudwatch:GetMetricData"
        ],
        "Effect": "Allow",
        "Resource": "*",
        "Sid": "DRSServiceRolePolicy28"
      },
      {
        "Action": [
          "ec2:CreateVolume"
        ],
        "Condition": {
          "Null": {
            "aws:ResourceTag/AWSElasticDisasterRecoveryManaged": "false"
          }
        },
        "Effect": "Allow",
        "Resource": "arn:aws:ec2:*:*:snapshot/*",
        "Sid": "DRSServiceRolePolicy29"
      },
      {
        "Action": [
          "ec2:CreateNetworkInterface"
        ],
        "Condition": {
          "Null": {
            "aws:RequestTag/AWSElasticDisasterRecoveryManaged": "false"
          }
        },
        "Effect": "Allow",
        "Resource": "arn:aws:ec2:*:*:network-interface/*",
        "Sid": "DRSServiceRolePolicy30"
      },
      {
        "Action": [
          "ec2:CreateNetworkInterface"
        ],
        "Effect": "Allow",
        "Resource": [
          "arn:aws:ec2:*:*:subnet/*",
          "arn:aws:ec2:*:*:security-group/*"
        ],
        "Sid": "DRSServiceRolePolicy31"
      },
      {
        "Action": [
          "ec2:CreateNetworkInterfacePermission",
          "ec2:DeleteNetworkInterface",
          "ec2:ModifyNetworkInterfaceAttribute"
        ],
        "Condition": {
          "Null": {
            "aws:ResourceTag/AWSElasticDisasterRecoveryManaged": "false"
          }
        },
        "Effect": "Allow",
        "Resource": "arn:aws:ec2:*:*:network-interface/*",
        "Sid": "DRSServiceRolePolicy32"
      },
      {
        "Action": [
          "ec2:ModifyNetworkInterfaceAttribute"
        ],
        "Effect": "Allow",
        "Resource": [
          "arn:aws:ec2:*:*:instance/*"
        ],
        "Sid": "DRSServiceRolePolicy33"
      }
    ],
    "Version": "2012-10-17"
  },
  "effective_actions": [
    {
      "access_level": "Read",
      "action": "drs:ListTagsForResource",
      "condition": null,
      "credentials_exposure": false,
      "data_access": false,
      "effective_action": "drs:ListTagsForResource",
      "privesc": false,
      "resource_exposure": false
    },
    {
      "access_level": "Tagging",
      "action": "drs:TagResource",
      "condition": null,
      "credentials_exposure": false,
      "data_access": false,
      "effective_action": "drs:TagResource",
      "privesc": false,
      "resource_exposure": false
    },
    {
      "access_level": "Write",
      "action": "drs:CreateRecoveryInstanceForDrs",
      "condition": null,
      "credentials_exposure": false,
      "data_access": false,
      "effective_action": "drs:CreateRecoveryInstanceForDrs",
      "privesc": false,
      "resource_exposure": false
    },
    {
      "access_level": "Tagging",
      "action": "drs:TagResource",
      "condition": null,
      "credentials_exposure": false,
      "data_access": false,
      "effective_action": "drs:TagResource",
      "privesc": false,
      "resource_exposure": false
    },
    {
      "access_level": "Read",
      "action": "iam:GetInstanceProfile",
      "condition": null,
      "credentials_exposure": false,
      "data_access": false,
      "effective_action": "iam:GetInstanceProfile",
      "privesc": false,
      "resource_exposure": false
    },
    {
      "access_level": "List",
      "action": "kms:ListRetirableGrants",
      "condition": null,
      "credentials_exposure": false,
      "data_access": false,
      "effective_action": "kms:ListRetirableGrants",
      "privesc": false,
      "resource_exposure": false
    },
    {
      "access_level": "List",
      "action": "ec2:DescribeAccountAttributes",
      "condition": null,
      "credentials_exposure": false,
      "data_access": false,
      "effective_action": "ec2:DescribeAccountAttributes",
      "privesc": false,
      "resource_exposure": false
    },
    {
      "access_level": "List",
      "action": "ec2:DescribeAvailabilityZones",
      "condition": null,
      "credentials_exposure": false,
      "data_access": false,
      "effective_action": "ec2:DescribeAvailabilityZones",
      "privesc": false,
      "resource_exposure": false
    },
    {
      "access_level": "List",
      "action": "ec2:DescribeImages",
      "condition": null,
      "credentials_exposure": false,
      "data_access": false,
      "effective_action": "ec2:DescribeImages",
      "privesc": false,
      "resource_exposure": false
    },
    {
      "access_level": "List",
      "action": "ec2:DescribeInstances",
      "condition": null,
      "credentials_exposure": false,
      "data_access": false,
      "effective_action": "ec2:DescribeInstances",
      "privesc": false,
      "resource_exposure": false
    },
    {
      "access_level": "List",
      "action": "ec2:DescribeInstanceTypes",
      "condition": null,
      "credentials_exposure": false,
      "data_access": false,
      "effective_action": "ec2:DescribeInstanceTypes",
      "privesc": false,
      "resource_exposure": false
    },
    {
      "access_level": "List",
      "action": "ec2:DescribeInstanceAttribute",
      "condition": null,
      "credentials_exposure": false,
      "data_access": false,
      "effective_action": "ec2:DescribeInstanceAttribute",
      "privesc": false,
      "resource_exposure": false
    },
    {
      "access_level": "List",
      "action": "ec2:DescribeInstanceStatus",
      "condition": null,
      "credentials_exposure": false,
      "data_access": false,
      "effective_action": "ec2:DescribeInstanceStatus",
      "privesc": false,
      "resource_exposure": false
    },
    {
      "access_level": "List",
      "action": "ec2:DescribeLaunchTemplateVersions",
      "condition": null,
      "credentials_exposure": false,
      "data_access": false,
      "effective_action": "ec2:DescribeLaunchTemplateVersions",
      "privesc": false,
      "resource_exposure": false
    },
    {
      "access_level": "List",
      "action": "ec2:DescribeLaunchTemplates",
      "condition": null,
      "credentials_exposure": false,
      "data_access": false,
      "effective_action": "ec2:DescribeLaunchTemplates",
      "privesc": false,
      "resource_exposure": false
    },
    {
      "access_level": "List",
      "action": "ec2:DescribeSecurityGroups",
      "condition": null,
      "credentials_exposure": false,
      "data_access": false,
      "effective_action": "ec2:DescribeSecurityGroups",
      "privesc": false,
      "resource_exposure": false
    },
    {
      "access_level": "List",
      "action": "ec2:DescribeSnapshots",
      "condition": null,
      "credentials_exposure": false,
      "data_access": false,
      "effective_action": "ec2:DescribeSnapshots",
      "privesc": false,
      "resource_exposure": false
    },
    {
      "access_level": "List",
      "action": "ec2:DescribeSubnets",
      "condition": null,
      "credentials_exposure": false,
      "data_access": false,
      "effective_action": "ec2:DescribeSubnets",
      "privesc": false,
      "resource_exposure": false
    },
    {
      "access_level": "List",
      "action": "ec2:DescribeVolumes",
      "condition": null,
      "credentials_exposure": false,
      "data_access": false,
      "effective_action": "ec2:DescribeVolumes",
      "privesc": false,
      "resource_exposure": false
    },
    {
      "access_level": "List",
      "action": "ec2:DescribeVolumeAttribute",
      "condition": null,
      "credentials_exposure": false,
      "data_access": false,
      "effective_action": "ec2:DescribeVolumeAttribute",
      "privesc": false,
      "resource_exposure": false
    },
    {
      "access_level": "Read",
      "action": "ec2:GetEbsDefaultKmsKeyId",
      "condition": null,
      "credentials_exposure": false,
      "data_access": false,
      "effective_action": "ec2:GetEbsDefaultKmsKeyId",
      "privesc": false,
      "resource_exposure": false
    },
    {
      "access_level": "Read",
      "action": "ec2:GetEbsEncryptionByDefault",
      "condition": null,
      "credentials_exposure": false,
      "data_access": false,
      "effective_action": "ec2:GetEbsEncryptionByDefault",
      "privesc": false,
      "resource_exposure": false
    },
    {
      "access_level": "List",
      "action": "ec2:DescribeVpcAttribute",
      "condition": null,
      "credentials_exposure": false,
      "data_access": false,
      "effective_action": "ec2:DescribeVpcAttribute",
      "privesc": false,
      "resource_exposure": false
    },
    {
      "access_level": "List",
      "action": "ec2:DescribeInternetGateways",
      "condition": null,
      "credentials_exposure": false,
      "data_access": false,
      "effective_action": "ec2:DescribeInternetGateways",
      "privesc": false,
      "resource_exposure": false
    },
    {
      "access_level": "List",
      "action": "ec2:DescribeVpcs",
      "condition": null,
      "credentials_exposure": false,
      "data_access": false,
      "effective_action": "ec2:DescribeVpcs",
      "privesc": false,
      "resource_exposure": false
    },
    {
      "access_level": "List",
      "action": "ec2:DescribeNetworkAcls",
      "condition": null,
      "credentials_exposure": false,
      "data_access": false,
      "effective_action": "ec2:DescribeNetworkAcls",
      "privesc": false,
      "resource_exposure": false
    },
    {
      "access_level": "List",
      "action": "ec2:DescribeRouteTables",
      "condition": null,
      "credentials_exposure": false,
      "data_access": false,
      "effective_action": "ec2:DescribeRouteTables",
      "privesc": false,
      "resource_exposure": false
    },
    {
      "access_level": "List",
      "action": "ec2:DescribeDhcpOptions",
      "condition": null,
      "credentials_exposure": false,
      "data_access": false,
      "effective_action": "ec2:DescribeDhcpOptions",
      "privesc": false,
      "resource_exposure": false
    },
    {
      "access_level": "List",
      "action": "ec2:DescribeManagedPrefixLists",
      "condition": null,
      "credentials_exposure": false,
      "data_access": false,
      "effective_action": "ec2:DescribeManagedPrefixLists",
      "privesc": false,
      "resource_exposure": false
    },
    {
      "access_level": "Read",
      "action": "ec2:GetManagedPrefixListEntries",
      "condition": null,
      "credentials_exposure": false,
      "data_access": false,
      "effective_action": "ec2:GetManagedPrefixListEntries",
      "privesc": false,
      "resource_exposure": false
    },
    {
      "access_level": "Read",
      "action": "ec2:GetManagedPrefixListAssociations",
      "condition": null,
      "credentials_exposure": false,
      "data_access": false,
      "effective_action": "ec2:GetManagedPrefixListAssociations",
      "privesc": false,
      "resource_exposure": false
    },
    {
      "access_level": "List",
      "action": "ec2:DescribeNetworkInterfaces",
      "condition": null,
      "credentials_exposure": false,
      "data_access": false,
      "effective_action": "ec2:DescribeNetworkInterfaces",
      "privesc": false,
      "resource_exposure": false
    },
    {
      "access_level": "Write",
      "action": "ec2:RegisterImage",
      "condition": null,
      "credentials_exposure": false,
      "data_access": false,
      "effective_action": "ec2:RegisterImage",
      "privesc": false,
      "resource_exposure": false
    },
    {
      "access_level": "Write",
      "action": "ec2:DeregisterImage",
      "condition": {
        "Null": {
          "aws:ResourceTag/AWSElasticDisasterRecoveryManaged": "false"
        }
      },
      "credentials_exposure": false,
      "data_access": false,
      "effective_action": "ec2:DeregisterImage",
      "privesc": false,
      "resource_exposure": false
    },
    {
      "access_level": "Write",
      "action": "ec2:DeleteSnapshot",
      "condition": {
        "Null": {
          "aws:ResourceTag/AWSElasticDisasterRecoveryManaged": "false"
        }
      },
      "credentials_exposure": false,
      "data_access": false,
      "effective_action": "ec2:DeleteSnapshot",
      "privesc": false,
      "resource_exposure": false
    },
    {
      "access_level": "Write",
      "action": "ec2:CreateLaunchTemplateVersion",
      "condition": {
        "Null": {
          "aws:ResourceTag/AWSElasticDisasterRecoveryManaged": "false"
        }
      },
      "credentials_exposure": false,
      "data_access": false,
      "effective_action": "ec2:CreateLaunchTemplateVersion",
      "privesc": false,
      "resource_exposure": false
    },
    {
      "access_level": "Write",
      "action": "ec2:ModifyLaunchTemplate",
      "condition": {
        "Null": {
          "aws:ResourceTag/AWSElasticDisasterRecoveryManaged": "false"
        }
      },
      "credentials_exposure": false,
      "data_access": false,
      "effective_action": "ec2:ModifyLaunchTemplate",
      "privesc": false,
      "resource_exposure": false
    },
    {
      "access_level": "Write",
      "action": "ec2:DeleteLaunchTemplate",
      "condition": {
        "Null": {
          "aws:ResourceTag/AWSElasticDisasterRecoveryManaged": "false"
        }
      },
      "credentials_exposure": false,
      "data_access": false,
      "effective_action": "ec2:DeleteLaunchTemplate",
      "privesc": false,
      "resource_exposure": false
    },
    {
      "access_level": "Write",
      "action": "ec2:DeleteLaunchTemplateVersions",
      "condition": {
        "Null": {
          "aws:ResourceTag/AWSElasticDisasterRecoveryManaged": "false"
        }
      },
      "credentials_exposure": false,
      "data_access": false,
      "effective_action": "ec2:DeleteLaunchTemplateVersions",
      "privesc": false,
      "resource_exposure": false
    },
    {
      "access_level": "Write",
      "action": "ec2:DeleteVolume",
      "condition": {
        "Null": {
          "aws:ResourceTag/AWSElasticDisasterRecoveryManaged": "false"
        }
      },
      "credentials_exposure": false,
      "data_access": false,
      "effective_action": "ec2:DeleteVolume",
      "privesc": false,
      "resource_exposure": false
    },
    {
      "access_level": "Write",
      "action": "ec2:ModifyVolume",
      "condition": {
        "Null": {
          "aws:ResourceTag/AWSElasticDisasterRecoveryManaged": "false"
        }
      },
      "credentials_exposure": false,
      "data_access": false,
      "effective_action": "ec2:ModifyVolume",
      "privesc": false,
      "resource_exposure": false
    },
    {
      "access_level": "Write",
      "action": "ec2:StartInstances",
      "condition": {
        "Null": {
          "aws:ResourceTag/AWSElasticDisasterRecoveryManaged": "false"
        }
      },
      "credentials_exposure": false,
      "data_access": false,
      "effective_action": "ec2:StartInstances",
      "privesc": false,
      "resource_exposure": false
    },
    {
      "access_level": "Write",
      "action": "ec2:StopInstances",
      "condition": {
        "Null": {
          "aws:ResourceTag/AWSElasticDisasterRecoveryManaged": "false"
        }
      },
      "credentials_exposure": false,
      "data_access": false,
      "effective_action": "ec2:StopInstances",
      "privesc": false,
      "resource_exposure": false
    },
    {
      "access_level": "Write",
      "action": "ec2:TerminateInstances",
      "condition": {
        "Null": {
          "aws:ResourceTag/AWSElasticDisasterRecoveryManaged": "false"
        }
      },
      "credentials_exposure": false,
      "data_access": false,
      "effective_action": "ec2:TerminateInstances",
      "privesc": false,
      "resource_exposure": false
    },
    {
      "access_level": "Write",
      "action": "ec2:ModifyInstanceAttribute",
      "condition": {
        "Null": {
          "aws:ResourceTag/AWSElasticDisasterRecoveryManaged": "false"
        }
      },
      "credentials_exposure": false,
      "data_access": false,
      "effective_action": "ec2:ModifyInstanceAttribute",
      "privesc": false,
      "resource_exposure": false
    },
    {
      "access_level": "Read",
      "action": "ec2:GetConsoleOutput",
      "condition": {
        "Null": {
          "aws:ResourceTag/AWSElasticDisasterRecoveryManaged": "false"
        }
      },
      "credentials_exposure": false,
      "data_access": false,
      "effective_action": "ec2:GetConsoleOutput",
      "privesc": false,
      "resource_exposure": false
    },
    {
      "access_level": "Read",
      "action": "ec2:GetConsoleScreenshot",
      "condition": {
        "Null": {
          "aws:ResourceTag/AWSElasticDisasterRecoveryManaged": "false"
        }
      },
      "credentials_exposure": false,
      "data_access": false,
      "effective_action": "ec2:GetConsoleScreenshot",
      "privesc": false,
      "resource_exposure": false
    },
    {
      "access_level": "Write",
      "action": "ec2:RevokeSecurityGroupEgress",
      "condition": {
        "Null": {
          "aws:ResourceTag/AWSElasticDisasterRecoveryManaged": "false"
        }
      },
      "credentials_exposure": false,
      "data_access": false,
      "effective_action": "ec2:RevokeSecurityGroupEgress",
      "privesc": false,
      "resource_exposure": false
    },
    {
      "access_level": "Write",
      "action": "ec2:AuthorizeSecurityGroupIngress",
      "condition": {
        "Null": {
          "aws:ResourceTag/AWSElasticDisasterRecoveryManaged": "false"
        }
      },
      "credentials_exposure": false,
      "data_access": false,
      "effective_action": "ec2:AuthorizeSecurityGroupIngress",
      "privesc": false,
      "resource_exposure": false
    },
    {
      "access_level": "Write",
      "action": "ec2:AuthorizeSecurityGroupEgress",
      "condition": {
        "Null": {
          "aws:ResourceTag/AWSElasticDisasterRecoveryManaged": "false"
        }
      },
      "credentials_exposure": false,
      "data_access": false,
      "effective_action": "ec2:AuthorizeSecurityGroupEgress",
      "privesc": false,
      "resource_exposure": false
    },
    {
      "access_level": "Write",
      "action": "ec2:CreateVolume",
      "condition": {
        "Null": {
          "aws:RequestTag/AWSElasticDisasterRecoveryManaged": "false"
        }
      },
      "credentials_exposure": false,
      "data_access": false,
      "effective_action": "ec2:CreateVolume",
      "privesc": false,
      "resource_exposure": false
    },
    {
      "access_level": "Write",
      "action": "ec2:CreateSecurityGroup",
      "condition": {
        "Null": {
          "aws:RequestTag/AWSElasticDisasterRecoveryManaged": "false"
        }
      },
      "credentials_exposure": false,
      "data_access": false,
      "effective_action": "ec2:CreateSecurityGroup",
      "privesc": false,
      "resource_exposure": false
    },
    {
      "access_level": "Write",
      "action": "ec2:CreateSecurityGroup",
      "condition": null,
      "credentials_exposure": false,
      "data_access": false,
      "effective_action": "ec2:CreateSecurityGroup",
      "privesc": false,
      "resource_exposure": false
    },
    {
      "access_level": "Write",
      "action": "ec2:CreateLaunchTemplate",
      "condition": {
        "Null": {
          "aws:RequestTag/AWSElasticDisasterRecoveryManaged": "false"
        }
      },
      "credentials_exposure": false,
      "data_access": false,
      "effective_action": "ec2:CreateLaunchTemplate",
      "privesc": false,
      "resource_exposure": false
    },
    {
      "access_level": "Write",
      "action": "ec2:CreateSnapshot",
      "condition": {
        "Null": {
          "aws:ResourceTag/AWSElasticDisasterRecoveryManaged": "false"
        }
      },
      "credentials_exposure": false,
      "data_access": false,
      "effective_action": "ec2:CreateSnapshot",
      "privesc": false,
      "resource_exposure": false
    },
    {
      "access_level": "Write",
      "action": "ec2:CreateSnapshot",
      "condition": {
        "Null": {
          "aws:RequestTag/AWSElasticDisasterRecoveryManaged": "false"
        }
      },
      "credentials_exposure": false,
      "data_access": false,
      "effective_action": "ec2:CreateSnapshot",
      "privesc": false,
      "resource_exposure": false
    },
    {
      "access_level": "Write",
      "action": "ec2:DetachVolume",
      "condition": {
        "Null": {
          "aws:ResourceTag/AWSElasticDisasterRecoveryManaged": "false"
        }
      },
      "credentials_exposure": false,
      "data_access": false,
      "effective_action": "ec2:DetachVolume",
      "privesc": false,
      "resource_exposure": false
    },
    {
      "access_level": "Write",
      "action": "ec2:AttachVolume",
      "condition": {
        "Null": {
          "aws:ResourceTag/AWSElasticDisasterRecoveryManaged": "false"
        }
      },
      "credentials_exposure": false,
      "data_access": false,
      "effective_action": "ec2:AttachVolume",
      "privesc": false,
      "resource_exposure": false
    },
    {
      "access_level": "Write",
      "action": "ec2:AttachVolume",
      "condition": {
        "Null": {
          "aws:ResourceTag/AWSElasticDisasterRecoveryManaged": "false"
        }
      },
      "credentials_exposure": false,
      "data_access": false,
      "effective_action": "ec2:AttachVolume",
      "privesc": false,
      "resource_exposure": false
    },
    {
      "access_level": "Write",
      "action": "ec2:DetachVolume",
      "condition": null,
      "credentials_exposure": false,
      "data_access": false,
      "effective_action": "ec2:DetachVolume",
      "privesc": false,
      "resource_exposure": false
    },
    {
      "access_level": "Write",
      "action": "ec2:RunInstances",
      "condition": {
        "Null": {
          "aws:RequestTag/AWSElasticDisasterRecoveryManaged": "false"
        }
      },
      "credentials_exposure": false,
      "data_access": false,
      "effective_action": "ec2:RunInstances",
      "privesc": false,
      "resource_exposure": false
    },
    {
      "access_level": "Write",
      "action": "ec2:RunInstances",
      "condition": null,
      "credentials_exposure": false,
      "data_access": false,
      "effective_action": "ec2:RunInstances",
      "privesc": false,
      "resource_exposure": false
    },
    {
      "access_level": "Permissions management",
      "action": "iam:PassRole",
      "condition": {
        "StringEquals": {
          "iam:PassedToService": "ec2.amazonaws.com"
        }
      },
      "credentials_exposure": false,
      "data_access": false,
      "effective_action": "iam:PassRole",
      "privesc": true,
      "resource_exposure": true
    },
    {
      "access_level": "Tagging",
      "action": "ec2:CreateTags",
      "condition": {
        "StringEquals": {
          "ec2:CreateAction": [
            "CreateLaunchTemplate",
            "CreateSecurityGroup",
            "CreateVolume",
            "CreateSnapshot",
            "RunInstances",
            "CreateNetworkInterface"
          ]
        }
      },
      "credentials_exposure": false,
      "data_access": false,
      "effective_action": "ec2:CreateTags",
      "privesc": false,
      "resource_exposure": false
    },
    {
      "access_level": "Tagging",
      "action": "ec2:CreateTags",
      "condition": {
        "Null": {
          "aws:RequestTag/AWSElasticDisasterRecoveryManaged": "false"
        }
      },
      "credentials_exposure": false,
      "data_access": false,
      "effective_action": "ec2:CreateTags",
      "privesc": false,
      "resource_exposure": false
    },
    {
      "access_level": "Read",
      "action": "cloudwatch:GetMetricData",
      "condition": null,
      "credentials_exposure": false,
      "data_access": false,
      "effective_action": "cloudwatch:GetMetricData",
      "privesc": false,
      "resource_exposure": false
    },
    {
      "access_level": "Write",
      "action": "ec2:CreateVolume",
      "condition": {
        "Null": {
          "aws:ResourceTag/AWSElasticDisasterRecoveryManaged": "false"
        }
      },
      "credentials_exposure": false,
      "data_access": false,
      "effective_action": "ec2:CreateVolume",
      "privesc": false,
      "resource_exposure": false
    },
    {
      "access_level": "Write",
      "action": "ec2:CreateNetworkInterface",
      "condition": {
        "Null": {
          "aws:RequestTag/AWSElasticDisasterRecoveryManaged": "false"
        }
      },
      "credentials_exposure": false,
      "data_access": false,
      "effective_action": "ec2:CreateNetworkInterface",
      "privesc": false,
      "resource_exposure": false
    },
    {
      "access_level": "Write",
      "action": "ec2:CreateNetworkInterface",
      "condition": null,
      "credentials_exposure": false,
      "data_access": false,
      "effective_action": "ec2:CreateNetworkInterface",
      "privesc": false,
      "resource_exposure": false
    },
    {
      "access_level": "Permissions management",
      "action": "ec2:CreateNetworkInterfacePermission",
      "condition": {
        "Null": {
          "aws:ResourceTag/AWSElasticDisasterRecoveryManaged": "false"
        }
      },
      "credentials_exposure": false,
      "data_access": false,
      "effective_action": "ec2:CreateNetworkInterfacePermission",
      "privesc": false,
      "resource_exposure": true
    },
    {
      "access_level": "Write",
      "action": "ec2:DeleteNetworkInterface",
      "condition": {
        "Null": {
          "aws:ResourceTag/AWSElasticDisasterRecoveryManaged": "false"
        }
      },
      "credentials_exposure": false,
      "data_access": false,
      "effective_action": "ec2:DeleteNetworkInterface",
      "privesc": false,
      "resource_exposure": false
    },
    {
      "access_level": "Write",
      "action": "ec2:ModifyNetworkInterfaceAttribute",
      "condition": {
        "Null": {
          "aws:ResourceTag/AWSElasticDisasterRecoveryManaged": "false"
        }
      },
      "credentials_exposure": false,
      "data_access": false,
      "effective_action": "ec2:ModifyNetworkInterfaceAttribute",
      "privesc": false,
      "resource_exposure": false
    },
    {
      "access_level": "Write",
      "action": "ec2:ModifyNetworkInterfaceAttribute",
      "condition": null,
      "credentials_exposure": false,
      "data_access": false,
      "effective_action": "ec2:ModifyNetworkInterfaceAttribute",
      "privesc": false,
      "resource_exposure": false
    }
  ],
  "grantless": false,
  "malformed": false,
  "name": "AWSElasticDisasterRecoveryServiceRolePolicy",
  "privesc": true,
  "resource_exposure": true,
  "undocumented_actions": false,
  "unknown_actions": [],
  "updatedate": "2025-01-05T14:07:06+00:00",
  "version": "v8"
}