{
  "access_levels": [
    "Tagging",
    "Write"
  ],
  "arn": "arn:aws:iam::aws:policy/service-role/AWSElasticBeanstalkRoleECS",
  "createdate": "2023-03-23T22:43:56Z",
  "credentials_exposure": false,
  "data_access": false,
  "deprecated": false,
  "document": {
    "Statement": [
      {
        "Action": [
          "ecs:CreateCluster",
          "ecs:DeleteCluster",
          "ecs:RegisterTaskDefinition",
          "ecs:DeRegisterTaskDefinition"
        ],
        "Effect": "Allow",
        "Resource": [
          "*"
        ],
        "Sid": "AllowECS"
      },
      {
        "Action": [
          "ecs:TagResource"
        ],
        "Condition": {
          "StringEquals": {
            "ecs:CreateAction": [
              "CreateCluster",
              "RegisterTaskDefinition"
            ]
          }
        },
        "Effect": "Allow",
        "Resource": "*",
        "Sid": "AllowECSTagResource"
      }
    ],
    "Version": "2012-10-17"
  },
  "effective_actions": [
    {
      "access_level": "Write",
      "action": "ecs:CreateCluster",
      "condition": null,
      "credentials_exposure": false,
      "data_access": false,
      "effective_action": "ecs:CreateCluster",
      "privesc": false,
      "resource_exposure": false
    },
    {
      "access_level": "Write",
      "action": "ecs:DeleteCluster",
      "condition": null,
      "credentials_exposure": false,
      "data_access": false,
      "effective_action": "ecs:DeleteCluster",
      "privesc": false,
      "resource_exposure": false
    },
    {
      "access_level": "Write",
      "action": "ecs:RegisterTaskDefinition",
      "condition": null,
      "credentials_exposure": false,
      "data_access": false,
      "effective_action": "ecs:RegisterTaskDefinition",
      "privesc": false,
      "resource_exposure": false
    },
    {
      "access_level": "Write",
      "action": "ecs:DeRegisterTaskDefinition",
      "condition": null,
      "credentials_exposure": false,
      "data_access": false,
      "effective_action": "ecs:DeregisterTaskDefinition",
      "privesc": false,
      "resource_exposure": false
    },
    {
      "access_level": "Tagging",
      "action": "ecs:TagResource",
      "condition": {
        "StringEquals": {
          "ecs:CreateAction": [
            "CreateCluster",
            "RegisterTaskDefinition"
          ]
        }
      },
      "credentials_exposure": false,
      "data_access": false,
      "effective_action": "ecs:TagResource",
      "privesc": false,
      "resource_exposure": false
    }
  ],
  "grantless": false,
  "malformed": false,
  "name": "AWSElasticBeanstalkRoleECS",
  "privesc": false,
  "resource_exposure": false,
  "undocumented_actions": false,
  "unknown_actions": [],
  "updatedate": "2023-03-23T22:43:56+00:00",
  "version": "v2"
}