{
  "access_levels": [
    "Read",
    "Tagging",
    "Write",
    "Permissions management"
  ],
  "arn": "arn:aws:iam::aws:policy/service-role/AWSElasticBeanstalkRoleWorkerTier",
  "createdate": "2020-06-05T21:43:37Z",
  "credentials_exposure": false,
  "data_access": false,
  "deprecated": false,
  "document": {
    "Statement": [
      {
        "Action": [
          "sqs:TagQueue",
          "sqs:DeleteQueue",
          "sqs:GetQueueAttributes",
          "sqs:CreateQueue"
        ],
        "Effect": "Allow",
        "Resource": "arn:aws:sqs:*:*:awseb-e-*",
        "Sid": "AllowSQS"
      },
      {
        "Action": [
          "dynamodb:CreateTable",
          "dynamodb:TagResource",
          "dynamodb:DescribeTable",
          "dynamodb:DeleteTable"
        ],
        "Effect": "Allow",
        "Resource": "arn:aws:dynamodb:*:*:table/awseb-e-*",
        "Sid": "AllowDDB"
      }
    ],
    "Version": "2012-10-17"
  },
  "effective_actions": [
    {
      "access_level": "Tagging",
      "action": "sqs:TagQueue",
      "condition": null,
      "credentials_exposure": false,
      "data_access": false,
      "effective_action": "sqs:TagQueue",
      "privesc": false,
      "resource_exposure": false
    },
    {
      "access_level": "Write",
      "action": "sqs:DeleteQueue",
      "condition": null,
      "credentials_exposure": false,
      "data_access": false,
      "effective_action": "sqs:DeleteQueue",
      "privesc": false,
      "resource_exposure": false
    },
    {
      "access_level": "Read",
      "action": "sqs:GetQueueAttributes",
      "condition": null,
      "credentials_exposure": false,
      "data_access": false,
      "effective_action": "sqs:GetQueueAttributes",
      "privesc": false,
      "resource_exposure": false
    },
    {
      "access_level": "Permissions management",
      "action": "sqs:CreateQueue",
      "condition": null,
      "credentials_exposure": false,
      "data_access": false,
      "effective_action": "sqs:CreateQueue",
      "privesc": false,
      "resource_exposure": true
    },
    {
      "access_level": "Write",
      "action": "dynamodb:CreateTable",
      "condition": null,
      "credentials_exposure": false,
      "data_access": false,
      "effective_action": "dynamodb:CreateTable",
      "privesc": false,
      "resource_exposure": false
    },
    {
      "access_level": "Tagging",
      "action": "dynamodb:TagResource",
      "condition": null,
      "credentials_exposure": false,
      "data_access": false,
      "effective_action": "dynamodb:TagResource",
      "privesc": false,
      "resource_exposure": false
    },
    {
      "access_level": "Read",
      "action": "dynamodb:DescribeTable",
      "condition": null,
      "credentials_exposure": false,
      "data_access": false,
      "effective_action": "dynamodb:DescribeTable",
      "privesc": false,
      "resource_exposure": false
    },
    {
      "access_level": "Write",
      "action": "dynamodb:DeleteTable",
      "condition": null,
      "credentials_exposure": false,
      "data_access": false,
      "effective_action": "dynamodb:DeleteTable",
      "privesc": false,
      "resource_exposure": false
    }
  ],
  "grantless": false,
  "malformed": false,
  "name": "AWSElasticBeanstalkRoleWorkerTier",
  "privesc": false,
  "resource_exposure": true,
  "undocumented_actions": false,
  "unknown_actions": [],
  "updatedate": "2020-06-05T21:43:37+00:00",
  "version": "v1"
}