{
  "access_levels": [
    "List",
    "Read",
    "Tagging",
    "Write",
    "Permissions management"
  ],
  "arn": "arn:aws:iam::aws:policy/AWSElementalMediaTailorFullAccess",
  "createdate": "2021-11-23T00:04:39Z",
  "credentials_exposure": false,
  "data_access": false,
  "deprecated": false,
  "document": {
    "Statement": [
      {
        "Action": [
          "mediatailor:*"
        ],
        "Effect": "Allow",
        "Resource": "*"
      }
    ],
    "Version": "2012-10-17"
  },
  "effective_actions": [
    {
      "access_level": "Write",
      "action": "mediatailor:*",
      "condition": null,
      "credentials_exposure": false,
      "data_access": false,
      "effective_action": "mediatailor:ConfigureLogsForChannel",
      "privesc": false,
      "resource_exposure": false
    },
    {
      "access_level": "Write",
      "action": "mediatailor:*",
      "condition": null,
      "credentials_exposure": false,
      "data_access": false,
      "effective_action": "mediatailor:ConfigureLogsForPlaybackConfiguration",
      "privesc": false,
      "resource_exposure": false
    },
    {
      "access_level": "Write",
      "action": "mediatailor:*",
      "condition": null,
      "credentials_exposure": false,
      "data_access": false,
      "effective_action": "mediatailor:CreateChannel",
      "privesc": false,
      "resource_exposure": false
    },
    {
      "access_level": "Write",
      "action": "mediatailor:*",
      "condition": null,
      "credentials_exposure": false,
      "data_access": false,
      "effective_action": "mediatailor:CreateLiveSource",
      "privesc": false,
      "resource_exposure": false
    },
    {
      "access_level": "Write",
      "action": "mediatailor:*",
      "condition": null,
      "credentials_exposure": false,
      "data_access": false,
      "effective_action": "mediatailor:CreatePrefetchSchedule",
      "privesc": false,
      "resource_exposure": false
    },
    {
      "access_level": "Write",
      "action": "mediatailor:*",
      "condition": null,
      "credentials_exposure": false,
      "data_access": false,
      "effective_action": "mediatailor:CreateProgram",
      "privesc": false,
      "resource_exposure": false
    },
    {
      "access_level": "Write",
      "action": "mediatailor:*",
      "condition": null,
      "credentials_exposure": false,
      "data_access": false,
      "effective_action": "mediatailor:CreateSourceLocation",
      "privesc": false,
      "resource_exposure": false
    },
    {
      "access_level": "Write",
      "action": "mediatailor:*",
      "condition": null,
      "credentials_exposure": false,
      "data_access": false,
      "effective_action": "mediatailor:CreateVodSource",
      "privesc": false,
      "resource_exposure": false
    },
    {
      "access_level": "Write",
      "action": "mediatailor:*",
      "condition": null,
      "credentials_exposure": false,
      "data_access": false,
      "effective_action": "mediatailor:DeleteChannel",
      "privesc": false,
      "resource_exposure": false
    },
    {
      "access_level": "Permissions management",
      "action": "mediatailor:*",
      "condition": null,
      "credentials_exposure": false,
      "data_access": false,
      "effective_action": "mediatailor:DeleteChannelPolicy",
      "privesc": false,
      "resource_exposure": false
    },
    {
      "access_level": "Write",
      "action": "mediatailor:*",
      "condition": null,
      "credentials_exposure": false,
      "data_access": false,
      "effective_action": "mediatailor:DeleteLiveSource",
      "privesc": false,
      "resource_exposure": false
    },
    {
      "access_level": "Write",
      "action": "mediatailor:*",
      "condition": null,
      "credentials_exposure": false,
      "data_access": false,
      "effective_action": "mediatailor:DeletePlaybackConfiguration",
      "privesc": false,
      "resource_exposure": false
    },
    {
      "access_level": "Write",
      "action": "mediatailor:*",
      "condition": null,
      "credentials_exposure": false,
      "data_access": false,
      "effective_action": "mediatailor:DeletePrefetchSchedule",
      "privesc": false,
      "resource_exposure": false
    },
    {
      "access_level": "Write",
      "action": "mediatailor:*",
      "condition": null,
      "credentials_exposure": false,
      "data_access": false,
      "effective_action": "mediatailor:DeleteProgram",
      "privesc": false,
      "resource_exposure": false
    },
    {
      "access_level": "Write",
      "action": "mediatailor:*",
      "condition": null,
      "credentials_exposure": false,
      "data_access": false,
      "effective_action": "mediatailor:DeleteSourceLocation",
      "privesc": false,
      "resource_exposure": false
    },
    {
      "access_level": "Write",
      "action": "mediatailor:*",
      "condition": null,
      "credentials_exposure": false,
      "data_access": false,
      "effective_action": "mediatailor:DeleteVodSource",
      "privesc": false,
      "resource_exposure": false
    },
    {
      "access_level": "Read",
      "action": "mediatailor:*",
      "condition": null,
      "credentials_exposure": false,
      "data_access": false,
      "effective_action": "mediatailor:DescribeChannel",
      "privesc": false,
      "resource_exposure": false
    },
    {
      "access_level": "Read",
      "action": "mediatailor:*",
      "condition": null,
      "credentials_exposure": false,
      "data_access": false,
      "effective_action": "mediatailor:DescribeLiveSource",
      "privesc": false,
      "resource_exposure": false
    },
    {
      "access_level": "Read",
      "action": "mediatailor:*",
      "condition": null,
      "credentials_exposure": false,
      "data_access": false,
      "effective_action": "mediatailor:DescribeProgram",
      "privesc": false,
      "resource_exposure": false
    },
    {
      "access_level": "Read",
      "action": "mediatailor:*",
      "condition": null,
      "credentials_exposure": false,
      "data_access": false,
      "effective_action": "mediatailor:DescribeSourceLocation",
      "privesc": false,
      "resource_exposure": false
    },
    {
      "access_level": "Read",
      "action": "mediatailor:*",
      "condition": null,
      "credentials_exposure": false,
      "data_access": false,
      "effective_action": "mediatailor:DescribeVodSource",
      "privesc": false,
      "resource_exposure": false
    },
    {
      "access_level": "Read",
      "action": "mediatailor:*",
      "condition": null,
      "credentials_exposure": false,
      "data_access": false,
      "effective_action": "mediatailor:GetChannelPolicy",
      "privesc": false,
      "resource_exposure": false
    },
    {
      "access_level": "Read",
      "action": "mediatailor:*",
      "condition": null,
      "credentials_exposure": false,
      "data_access": false,
      "effective_action": "mediatailor:GetChannelSchedule",
      "privesc": false,
      "resource_exposure": false
    },
    {
      "access_level": "Read",
      "action": "mediatailor:*",
      "condition": null,
      "credentials_exposure": false,
      "data_access": false,
      "effective_action": "mediatailor:GetPlaybackConfiguration",
      "privesc": false,
      "resource_exposure": false
    },
    {
      "access_level": "Read",
      "action": "mediatailor:*",
      "condition": null,
      "credentials_exposure": false,
      "data_access": false,
      "effective_action": "mediatailor:GetPrefetchSchedule",
      "privesc": false,
      "resource_exposure": false
    },
    {
      "access_level": "Read",
      "action": "mediatailor:*",
      "condition": null,
      "credentials_exposure": false,
      "data_access": false,
      "effective_action": "mediatailor:ListAlerts",
      "privesc": false,
      "resource_exposure": false
    },
    {
      "access_level": "Read",
      "action": "mediatailor:*",
      "condition": null,
      "credentials_exposure": false,
      "data_access": false,
      "effective_action": "mediatailor:ListChannels",
      "privesc": false,
      "resource_exposure": false
    },
    {
      "access_level": "Read",
      "action": "mediatailor:*",
      "condition": null,
      "credentials_exposure": false,
      "data_access": false,
      "effective_action": "mediatailor:ListLiveSources",
      "privesc": false,
      "resource_exposure": false
    },
    {
      "access_level": "List",
      "action": "mediatailor:*",
      "condition": null,
      "credentials_exposure": false,
      "data_access": false,
      "effective_action": "mediatailor:ListPlaybackConfigurations",
      "privesc": false,
      "resource_exposure": false
    },
    {
      "access_level": "List",
      "action": "mediatailor:*",
      "condition": null,
      "credentials_exposure": false,
      "data_access": false,
      "effective_action": "mediatailor:ListPrefetchSchedules",
      "privesc": false,
      "resource_exposure": false
    },
    {
      "access_level": "Read",
      "action": "mediatailor:*",
      "condition": null,
      "credentials_exposure": false,
      "data_access": false,
      "effective_action": "mediatailor:ListSourceLocations",
      "privesc": false,
      "resource_exposure": false
    },
    {
      "access_level": "Read",
      "action": "mediatailor:*",
      "condition": null,
      "credentials_exposure": false,
      "data_access": false,
      "effective_action": "mediatailor:ListTagsForResource",
      "privesc": false,
      "resource_exposure": false
    },
    {
      "access_level": "Read",
      "action": "mediatailor:*",
      "condition": null,
      "credentials_exposure": false,
      "data_access": false,
      "effective_action": "mediatailor:ListVodSources",
      "privesc": false,
      "resource_exposure": false
    },
    {
      "access_level": "Permissions management",
      "action": "mediatailor:*",
      "condition": null,
      "credentials_exposure": false,
      "data_access": false,
      "effective_action": "mediatailor:PutChannelPolicy",
      "privesc": false,
      "resource_exposure": false
    },
    {
      "access_level": "Write",
      "action": "mediatailor:*",
      "condition": null,
      "credentials_exposure": false,
      "data_access": false,
      "effective_action": "mediatailor:PutPlaybackConfiguration",
      "privesc": false,
      "resource_exposure": false
    },
    {
      "access_level": "Write",
      "action": "mediatailor:*",
      "condition": null,
      "credentials_exposure": false,
      "data_access": false,
      "effective_action": "mediatailor:StartChannel",
      "privesc": false,
      "resource_exposure": false
    },
    {
      "access_level": "Write",
      "action": "mediatailor:*",
      "condition": null,
      "credentials_exposure": false,
      "data_access": false,
      "effective_action": "mediatailor:StopChannel",
      "privesc": false,
      "resource_exposure": false
    },
    {
      "access_level": "Tagging",
      "action": "mediatailor:*",
      "condition": null,
      "credentials_exposure": false,
      "data_access": false,
      "effective_action": "mediatailor:TagResource",
      "privesc": false,
      "resource_exposure": false
    },
    {
      "access_level": "Tagging",
      "action": "mediatailor:*",
      "condition": null,
      "credentials_exposure": false,
      "data_access": false,
      "effective_action": "mediatailor:UntagResource",
      "privesc": false,
      "resource_exposure": false
    },
    {
      "access_level": "Write",
      "action": "mediatailor:*",
      "condition": null,
      "credentials_exposure": false,
      "data_access": false,
      "effective_action": "mediatailor:UpdateChannel",
      "privesc": false,
      "resource_exposure": false
    },
    {
      "access_level": "Write",
      "action": "mediatailor:*",
      "condition": null,
      "credentials_exposure": false,
      "data_access": false,
      "effective_action": "mediatailor:UpdateLiveSource",
      "privesc": false,
      "resource_exposure": false
    },
    {
      "access_level": "Write",
      "action": "mediatailor:*",
      "condition": null,
      "credentials_exposure": false,
      "data_access": false,
      "effective_action": "mediatailor:UpdateProgram",
      "privesc": false,
      "resource_exposure": false
    },
    {
      "access_level": "Write",
      "action": "mediatailor:*",
      "condition": null,
      "credentials_exposure": false,
      "data_access": false,
      "effective_action": "mediatailor:UpdateSourceLocation",
      "privesc": false,
      "resource_exposure": false
    },
    {
      "access_level": "Write",
      "action": "mediatailor:*",
      "condition": null,
      "credentials_exposure": false,
      "data_access": false,
      "effective_action": "mediatailor:UpdateVodSource",
      "privesc": false,
      "resource_exposure": false
    }
  ],
  "grantless": false,
  "malformed": false,
  "name": "AWSElementalMediaTailorFullAccess",
  "privesc": false,
  "resource_exposure": false,
  "undocumented_actions": false,
  "unknown_actions": [],
  "updatedate": "2021-11-23T00:04:39+00:00",
  "version": "v1"
}