{
  "access_levels": [
    "Read",
    "Write"
  ],
  "arn": "arn:aws:iam::aws:policy/service-role/AWSElasticDisasterRecoveryFailbackPolicy",
  "createdate": "2023-11-27T12:56:46Z",
  "credentials_exposure": false,
  "data_access": false,
  "deprecated": false,
  "document": {
    "Statement": [
      {
        "Action": [
          "drs:SendClientMetricsForDrs",
          "drs:SendClientLogsForDrs"
        ],
        "Effect": "Allow",
        "Resource": "*",
        "Sid": "DRSFailbackPolicy1"
      },
      {
        "Action": [
          "drs:GetChannelCommandsForDrs",
          "drs:SendChannelCommandResultForDrs"
        ],
        "Effect": "Allow",
        "Resource": "*",
        "Sid": "DRSFailbackPolicy2"
      },
      {
        "Action": [
          "drs:DescribeReplicationServerAssociationsForDrs",
          "drs:DescribeRecoveryInstances"
        ],
        "Effect": "Allow",
        "Resource": "*",
        "Sid": "DRSFailbackPolicy3"
      },
      {
        "Action": [
          "drs:GetFailbackCommandForDrs",
          "drs:UpdateFailbackClientLastSeenForDrs",
          "drs:NotifyAgentAuthenticationForDrs",
          "drs:UpdateAgentReplicationProcessStateForDrs",
          "drs:NotifyAgentReplicationProgressForDrs",
          "drs:NotifyAgentConnectedForDrs",
          "drs:NotifyAgentDisconnectedForDrs",
          "drs:NotifyConsistencyAttainedForDrs",
          "drs:GetFailbackLaunchRequestedForDrs",
          "drs:IssueAgentCertificateForDrs"
        ],
        "Effect": "Allow",
        "Resource": "arn:aws:drs:*:*:recovery-instance/${aws:SourceIdentity}",
        "Sid": "DRSFailbackPolicy4"
      }
    ],
    "Version": "2012-10-17"
  },
  "effective_actions": [
    {
      "access_level": "Write",
      "action": "drs:SendClientMetricsForDrs",
      "condition": null,
      "credentials_exposure": false,
      "data_access": false,
      "effective_action": "drs:SendClientMetricsForDrs",
      "privesc": false,
      "resource_exposure": false
    },
    {
      "access_level": "Write",
      "action": "drs:SendClientLogsForDrs",
      "condition": null,
      "credentials_exposure": false,
      "data_access": false,
      "effective_action": "drs:SendClientLogsForDrs",
      "privesc": false,
      "resource_exposure": false
    },
    {
      "access_level": "Read",
      "action": "drs:GetChannelCommandsForDrs",
      "condition": null,
      "credentials_exposure": false,
      "data_access": false,
      "effective_action": "drs:GetChannelCommandsForDrs",
      "privesc": false,
      "resource_exposure": false
    },
    {
      "access_level": "Write",
      "action": "drs:SendChannelCommandResultForDrs",
      "condition": null,
      "credentials_exposure": false,
      "data_access": false,
      "effective_action": "drs:SendChannelCommandResultForDrs",
      "privesc": false,
      "resource_exposure": false
    },
    {
      "access_level": "Read",
      "action": "drs:DescribeReplicationServerAssociationsForDrs",
      "condition": null,
      "credentials_exposure": false,
      "data_access": false,
      "effective_action": "drs:DescribeReplicationServerAssociationsForDrs",
      "privesc": false,
      "resource_exposure": false
    },
    {
      "access_level": "Read",
      "action": "drs:DescribeRecoveryInstances",
      "condition": null,
      "credentials_exposure": false,
      "data_access": false,
      "effective_action": "drs:DescribeRecoveryInstances",
      "privesc": false,
      "resource_exposure": false
    },
    {
      "access_level": "Read",
      "action": "drs:GetFailbackCommandForDrs",
      "condition": null,
      "credentials_exposure": false,
      "data_access": false,
      "effective_action": "drs:GetFailbackCommandForDrs",
      "privesc": false,
      "resource_exposure": false
    },
    {
      "access_level": "Write",
      "action": "drs:UpdateFailbackClientLastSeenForDrs",
      "condition": null,
      "credentials_exposure": false,
      "data_access": false,
      "effective_action": "drs:UpdateFailbackClientLastSeenForDrs",
      "privesc": false,
      "resource_exposure": false
    },
    {
      "access_level": "Write",
      "action": "drs:NotifyAgentAuthenticationForDrs",
      "condition": null,
      "credentials_exposure": false,
      "data_access": false,
      "effective_action": "drs:NotifyAgentAuthenticationForDrs",
      "privesc": false,
      "resource_exposure": false
    },
    {
      "access_level": "Write",
      "action": "drs:UpdateAgentReplicationProcessStateForDrs",
      "condition": null,
      "credentials_exposure": false,
      "data_access": false,
      "effective_action": "drs:UpdateAgentReplicationProcessStateForDrs",
      "privesc": false,
      "resource_exposure": false
    },
    {
      "access_level": "Write",
      "action": "drs:NotifyAgentReplicationProgressForDrs",
      "condition": null,
      "credentials_exposure": false,
      "data_access": false,
      "effective_action": "drs:NotifyAgentReplicationProgressForDrs",
      "privesc": false,
      "resource_exposure": false
    },
    {
      "access_level": "Write",
      "action": "drs:NotifyAgentConnectedForDrs",
      "condition": null,
      "credentials_exposure": false,
      "data_access": false,
      "effective_action": "drs:NotifyAgentConnectedForDrs",
      "privesc": false,
      "resource_exposure": false
    },
    {
      "access_level": "Write",
      "action": "drs:NotifyAgentDisconnectedForDrs",
      "condition": null,
      "credentials_exposure": false,
      "data_access": false,
      "effective_action": "drs:NotifyAgentDisconnectedForDrs",
      "privesc": false,
      "resource_exposure": false
    },
    {
      "access_level": "Write",
      "action": "drs:NotifyConsistencyAttainedForDrs",
      "condition": null,
      "credentials_exposure": false,
      "data_access": false,
      "effective_action": "drs:NotifyConsistencyAttainedForDrs",
      "privesc": false,
      "resource_exposure": false
    },
    {
      "access_level": "Read",
      "action": "drs:GetFailbackLaunchRequestedForDrs",
      "condition": null,
      "credentials_exposure": false,
      "data_access": false,
      "effective_action": "drs:GetFailbackLaunchRequestedForDrs",
      "privesc": false,
      "resource_exposure": false
    },
    {
      "access_level": "Write",
      "action": "drs:IssueAgentCertificateForDrs",
      "condition": null,
      "credentials_exposure": false,
      "data_access": false,
      "effective_action": "drs:IssueAgentCertificateForDrs",
      "privesc": false,
      "resource_exposure": false
    }
  ],
  "grantless": false,
  "malformed": false,
  "name": "AWSElasticDisasterRecoveryFailbackPolicy",
  "privesc": false,
  "resource_exposure": false,
  "undocumented_actions": false,
  "unknown_actions": [],
  "updatedate": "2023-11-27T12:56:46+00:00",
  "version": "v2"
}