{
  "access_levels": [
    "List",
    "Read"
  ],
  "arn": "arn:aws:iam::aws:policy/AWSElasticDisasterRecoveryReadOnlyAccess",
  "createdate": "2024-07-29T19:39:26Z",
  "credentials_exposure": false,
  "data_access": true,
  "deprecated": false,
  "document": {
    "Statement": [
      {
        "Action": [
          "drs:DescribeJobLogItems",
          "drs:DescribeJobs",
          "drs:DescribeRecoveryInstances",
          "drs:DescribeRecoverySnapshots",
          "drs:DescribeReplicationConfigurationTemplates",
          "drs:DescribeSourceServers",
          "drs:GetFailbackReplicationConfiguration",
          "drs:GetLaunchConfiguration",
          "drs:GetReplicationConfiguration",
          "drs:ListExtensibleSourceServers",
          "drs:ListStagingAccounts",
          "drs:ListTagsForResource",
          "drs:ListLaunchActions"
        ],
        "Effect": "Allow",
        "Resource": "*",
        "Sid": "DRSReadOnlyAccess1"
      },
      {
        "Action": [
          "ec2:DescribeInstances",
          "ec2:DescribeLaunchTemplateVersions",
          "ec2:DescribeSecurityGroups",
          "ec2:DescribeSubnets",
          "ec2:GetInstanceTypesFromInstanceRequirements"
        ],
        "Effect": "Allow",
        "Resource": "*",
        "Sid": "DRSReadOnlyAccess2"
      },
      {
        "Action": [
          "iam:ListRoles"
        ],
        "Effect": "Allow",
        "Resource": "*",
        "Sid": "DRSReadOnlyAccess4"
      },
      {
        "Action": [
          "ssm:ListCommandInvocations"
        ],
        "Effect": "Allow",
        "Resource": "*",
        "Sid": "DRSReadOnlyAccess5"
      },
      {
        "Action": [
          "ssm:GetParameter"
        ],
        "Effect": "Allow",
        "Resource": "arn:aws:ssm:*:*:parameter/ManagedByAWSElasticDisasterRecovery-*",
        "Sid": "DRSReadOnlyAccess6"
      },
      {
        "Action": [
          "ssm:DescribeDocument",
          "ssm:GetDocument"
        ],
        "Effect": "Allow",
        "Resource": [
          "arn:aws:ssm:*:*:document/AWS-CreateImage",
          "arn:aws:ssm:*:*:document/AWSMigration-ValidateNetworkConnectivity",
          "arn:aws:ssm:*:*:document/AWSMigration-VerifyMountedVolumes",
          "arn:aws:ssm:*:*:document/AWSMigration-ValidateHttpResponse",
          "arn:aws:ssm:*:*:document/AWSMigration-ValidateDiskSpace",
          "arn:aws:ssm:*:*:document/AWSMigration-VerifyProcessIsRunning",
          "arn:aws:ssm:*:*:document/AWSMigration-LinuxTimeSyncSetting",
          "arn:aws:ssm:*:*:document/AWSEC2-ApplicationInsightsCloudwatchAgentInstallAndConfigure"
        ],
        "Sid": "DRSReadOnlyAccess7"
      },
      {
        "Action": [
          "ssm:GetAutomationExecution"
        ],
        "Condition": {
          "Null": {
            "aws:ResourceTag/AWSElasticDisasterRecoveryManaged": "false"
          }
        },
        "Effect": "Allow",
        "Resource": "arn:aws:ssm:*:*:automation-execution/*",
        "Sid": "DRSReadOnlyAccess8"
      }
    ],
    "Version": "2012-10-17"
  },
  "effective_actions": [
    {
      "access_level": "Read",
      "action": "drs:DescribeJobLogItems",
      "condition": null,
      "credentials_exposure": false,
      "data_access": false,
      "effective_action": "drs:DescribeJobLogItems",
      "privesc": false,
      "resource_exposure": false
    },
    {
      "access_level": "Read",
      "action": "drs:DescribeJobs",
      "condition": null,
      "credentials_exposure": false,
      "data_access": false,
      "effective_action": "drs:DescribeJobs",
      "privesc": false,
      "resource_exposure": false
    },
    {
      "access_level": "Read",
      "action": "drs:DescribeRecoveryInstances",
      "condition": null,
      "credentials_exposure": false,
      "data_access": false,
      "effective_action": "drs:DescribeRecoveryInstances",
      "privesc": false,
      "resource_exposure": false
    },
    {
      "access_level": "Read",
      "action": "drs:DescribeRecoverySnapshots",
      "condition": null,
      "credentials_exposure": false,
      "data_access": false,
      "effective_action": "drs:DescribeRecoverySnapshots",
      "privesc": false,
      "resource_exposure": false
    },
    {
      "access_level": "Read",
      "action": "drs:DescribeReplicationConfigurationTemplates",
      "condition": null,
      "credentials_exposure": false,
      "data_access": false,
      "effective_action": "drs:DescribeReplicationConfigurationTemplates",
      "privesc": false,
      "resource_exposure": false
    },
    {
      "access_level": "Read",
      "action": "drs:DescribeSourceServers",
      "condition": null,
      "credentials_exposure": false,
      "data_access": false,
      "effective_action": "drs:DescribeSourceServers",
      "privesc": false,
      "resource_exposure": false
    },
    {
      "access_level": "Read",
      "action": "drs:GetFailbackReplicationConfiguration",
      "condition": null,
      "credentials_exposure": false,
      "data_access": false,
      "effective_action": "drs:GetFailbackReplicationConfiguration",
      "privesc": false,
      "resource_exposure": false
    },
    {
      "access_level": "Read",
      "action": "drs:GetLaunchConfiguration",
      "condition": null,
      "credentials_exposure": false,
      "data_access": false,
      "effective_action": "drs:GetLaunchConfiguration",
      "privesc": false,
      "resource_exposure": false
    },
    {
      "access_level": "Read",
      "action": "drs:GetReplicationConfiguration",
      "condition": null,
      "credentials_exposure": false,
      "data_access": false,
      "effective_action": "drs:GetReplicationConfiguration",
      "privesc": false,
      "resource_exposure": false
    },
    {
      "access_level": "Read",
      "action": "drs:ListExtensibleSourceServers",
      "condition": null,
      "credentials_exposure": false,
      "data_access": false,
      "effective_action": "drs:ListExtensibleSourceServers",
      "privesc": false,
      "resource_exposure": false
    },
    {
      "access_level": "Read",
      "action": "drs:ListStagingAccounts",
      "condition": null,
      "credentials_exposure": false,
      "data_access": false,
      "effective_action": "drs:ListStagingAccounts",
      "privesc": false,
      "resource_exposure": false
    },
    {
      "access_level": "Read",
      "action": "drs:ListTagsForResource",
      "condition": null,
      "credentials_exposure": false,
      "data_access": false,
      "effective_action": "drs:ListTagsForResource",
      "privesc": false,
      "resource_exposure": false
    },
    {
      "access_level": "Read",
      "action": "drs:ListLaunchActions",
      "condition": null,
      "credentials_exposure": false,
      "data_access": false,
      "effective_action": "drs:ListLaunchActions",
      "privesc": false,
      "resource_exposure": false
    },
    {
      "access_level": "List",
      "action": "ec2:DescribeInstances",
      "condition": null,
      "credentials_exposure": false,
      "data_access": false,
      "effective_action": "ec2:DescribeInstances",
      "privesc": false,
      "resource_exposure": false
    },
    {
      "access_level": "List",
      "action": "ec2:DescribeLaunchTemplateVersions",
      "condition": null,
      "credentials_exposure": false,
      "data_access": false,
      "effective_action": "ec2:DescribeLaunchTemplateVersions",
      "privesc": false,
      "resource_exposure": false
    },
    {
      "access_level": "List",
      "action": "ec2:DescribeSecurityGroups",
      "condition": null,
      "credentials_exposure": false,
      "data_access": false,
      "effective_action": "ec2:DescribeSecurityGroups",
      "privesc": false,
      "resource_exposure": false
    },
    {
      "access_level": "List",
      "action": "ec2:DescribeSubnets",
      "condition": null,
      "credentials_exposure": false,
      "data_access": false,
      "effective_action": "ec2:DescribeSubnets",
      "privesc": false,
      "resource_exposure": false
    },
    {
      "access_level": "List",
      "action": "ec2:GetInstanceTypesFromInstanceRequirements",
      "condition": null,
      "credentials_exposure": false,
      "data_access": false,
      "effective_action": "ec2:GetInstanceTypesFromInstanceRequirements",
      "privesc": false,
      "resource_exposure": false
    },
    {
      "access_level": "List",
      "action": "iam:ListRoles",
      "condition": null,
      "credentials_exposure": false,
      "data_access": false,
      "effective_action": "iam:ListRoles",
      "privesc": false,
      "resource_exposure": false
    },
    {
      "access_level": "List",
      "action": "ssm:ListCommandInvocations",
      "condition": null,
      "credentials_exposure": false,
      "data_access": false,
      "effective_action": "ssm:ListCommandInvocations",
      "privesc": false,
      "resource_exposure": false
    },
    {
      "access_level": "Read",
      "action": "ssm:GetParameter",
      "condition": null,
      "credentials_exposure": false,
      "data_access": true,
      "effective_action": "ssm:GetParameter",
      "privesc": false,
      "resource_exposure": false
    },
    {
      "access_level": "Read",
      "action": "ssm:DescribeDocument",
      "condition": null,
      "credentials_exposure": false,
      "data_access": false,
      "effective_action": "ssm:DescribeDocument",
      "privesc": false,
      "resource_exposure": false
    },
    {
      "access_level": "Read",
      "action": "ssm:GetDocument",
      "condition": null,
      "credentials_exposure": false,
      "data_access": true,
      "effective_action": "ssm:GetDocument",
      "privesc": false,
      "resource_exposure": false
    },
    {
      "access_level": "Read",
      "action": "ssm:GetAutomationExecution",
      "condition": {
        "Null": {
          "aws:ResourceTag/AWSElasticDisasterRecoveryManaged": "false"
        }
      },
      "credentials_exposure": false,
      "data_access": false,
      "effective_action": "ssm:GetAutomationExecution",
      "privesc": false,
      "resource_exposure": false
    }
  ],
  "grantless": false,
  "malformed": false,
  "name": "AWSElasticDisasterRecoveryReadOnlyAccess",
  "privesc": false,
  "resource_exposure": false,
  "undocumented_actions": false,
  "unknown_actions": [],
  "updatedate": "2024-07-29T19:39:26+00:00",
  "version": "v5"
}