{
  "access_levels": [
    "List",
    "Tagging",
    "Write"
  ],
  "arn": "arn:aws:iam::aws:policy/AWSEC2VssSnapshotPolicy",
  "createdate": "2024-11-20T17:44:08Z",
  "credentials_exposure": false,
  "data_access": false,
  "deprecated": false,
  "document": {
    "Statement": [
      {
        "Action": [
          "ec2:DescribeInstanceAttribute"
        ],
        "Condition": {
          "ArnLike": {
            "ec2:SourceInstanceARN": "arn:aws:ec2:*:*:instance/${ec2:InstanceId}"
          }
        },
        "Effect": "Allow",
        "Resource": [
          "arn:aws:ec2:*:*:instance/*"
        ],
        "Sid": "DescribeInstanceInfo"
      },
      {
        "Action": [
          "ec2:CreateSnapshots"
        ],
        "Condition": {
          "StringLike": {
            "aws:RequestTag/AwsVssConfig": "*"
          }
        },
        "Effect": "Allow",
        "Resource": [
          "arn:aws:ec2:*:*:snapshot/*"
        ],
        "Sid": "CreateSnapshotsWithTag"
      },
      {
        "Action": [
          "ec2:CreateSnapshots"
        ],
        "Condition": {
          "ArnLike": {
            "ec2:SourceInstanceARN": "arn:aws:ec2:*:*:instance/${ec2:InstanceId}"
          }
        },
        "Effect": "Allow",
        "Resource": [
          "arn:aws:ec2:*:*:instance/*"
        ],
        "Sid": "CreateSnapshotsAccessInstance"
      },
      {
        "Action": [
          "ec2:CreateSnapshots"
        ],
        "Effect": "Allow",
        "Resource": [
          "arn:aws:ec2:*:*:volume/*"
        ],
        "Sid": "CreateSnapshotsAccessVolume"
      },
      {
        "Action": [
          "ec2:CreateImage"
        ],
        "Condition": {
          "StringLike": {
            "aws:RequestTag/AwsVssConfig": "*"
          }
        },
        "Effect": "Allow",
        "Resource": [
          "arn:aws:ec2:*:*:snapshot/*",
          "arn:aws:ec2:*:*:image/*"
        ],
        "Sid": "CreateImageWithTag"
      },
      {
        "Action": [
          "ec2:CreateImage"
        ],
        "Condition": {
          "ArnLike": {
            "ec2:SourceInstanceARN": "arn:aws:ec2:*:*:instance/${ec2:InstanceId}"
          }
        },
        "Effect": "Allow",
        "Resource": [
          "arn:aws:ec2:*:*:instance/*"
        ],
        "Sid": "CreateImageAccessInstance"
      },
      {
        "Action": [
          "ec2:CreateTags"
        ],
        "Condition": {
          "StringEquals": {
            "ec2:CreateAction": [
              "CreateImage",
              "CreateSnapshots"
            ]
          }
        },
        "Effect": "Allow",
        "Resource": [
          "arn:aws:ec2:*:*:snapshot/*",
          "arn:aws:ec2:*:*:image/*"
        ],
        "Sid": "CreateTagsOnResourceCreation"
      },
      {
        "Action": [
          "ec2:CreateTags"
        ],
        "Condition": {
          "ForAllValues:StringEquals": {
            "aws:TagKeys": [
              "AppConsistent",
              "Device"
            ]
          },
          "StringLike": {
            "ec2:ResourceTag/AwsVssConfig": "*"
          }
        },
        "Effect": "Allow",
        "Resource": [
          "arn:aws:ec2:*:*:snapshot/*",
          "arn:aws:ec2:*:*:image/*"
        ],
        "Sid": "CreateTagsAfterResourceCreation"
      },
      {
        "Action": [
          "ec2:DescribeImages",
          "ec2:DescribeSnapshots"
        ],
        "Effect": "Allow",
        "Resource": "*",
        "Sid": "DescribeImagesAndSnapshots"
      }
    ],
    "Version": "2012-10-17"
  },
  "effective_actions": [
    {
      "access_level": "List",
      "action": "ec2:DescribeInstanceAttribute",
      "condition": {
        "ArnLike": {
          "ec2:SourceInstanceARN": "arn:aws:ec2:*:*:instance/${ec2:InstanceId}"
        }
      },
      "credentials_exposure": false,
      "data_access": false,
      "effective_action": "ec2:DescribeInstanceAttribute",
      "privesc": false,
      "resource_exposure": false
    },
    {
      "access_level": "Write",
      "action": "ec2:CreateSnapshots",
      "condition": {
        "StringLike": {
          "aws:RequestTag/AwsVssConfig": "*"
        }
      },
      "credentials_exposure": false,
      "data_access": false,
      "effective_action": "ec2:CreateSnapshots",
      "privesc": false,
      "resource_exposure": false
    },
    {
      "access_level": "Write",
      "action": "ec2:CreateSnapshots",
      "condition": {
        "ArnLike": {
          "ec2:SourceInstanceARN": "arn:aws:ec2:*:*:instance/${ec2:InstanceId}"
        }
      },
      "credentials_exposure": false,
      "data_access": false,
      "effective_action": "ec2:CreateSnapshots",
      "privesc": false,
      "resource_exposure": false
    },
    {
      "access_level": "Write",
      "action": "ec2:CreateSnapshots",
      "condition": null,
      "credentials_exposure": false,
      "data_access": false,
      "effective_action": "ec2:CreateSnapshots",
      "privesc": false,
      "resource_exposure": false
    },
    {
      "access_level": "Write",
      "action": "ec2:CreateImage",
      "condition": {
        "StringLike": {
          "aws:RequestTag/AwsVssConfig": "*"
        }
      },
      "credentials_exposure": false,
      "data_access": false,
      "effective_action": "ec2:CreateImage",
      "privesc": false,
      "resource_exposure": false
    },
    {
      "access_level": "Write",
      "action": "ec2:CreateImage",
      "condition": {
        "ArnLike": {
          "ec2:SourceInstanceARN": "arn:aws:ec2:*:*:instance/${ec2:InstanceId}"
        }
      },
      "credentials_exposure": false,
      "data_access": false,
      "effective_action": "ec2:CreateImage",
      "privesc": false,
      "resource_exposure": false
    },
    {
      "access_level": "Tagging",
      "action": "ec2:CreateTags",
      "condition": {
        "StringEquals": {
          "ec2:CreateAction": [
            "CreateImage",
            "CreateSnapshots"
          ]
        }
      },
      "credentials_exposure": false,
      "data_access": false,
      "effective_action": "ec2:CreateTags",
      "privesc": false,
      "resource_exposure": false
    },
    {
      "access_level": "Tagging",
      "action": "ec2:CreateTags",
      "condition": {
        "ForAllValues:StringEquals": {
          "aws:TagKeys": [
            "AppConsistent",
            "Device"
          ]
        },
        "StringLike": {
          "ec2:ResourceTag/AwsVssConfig": "*"
        }
      },
      "credentials_exposure": false,
      "data_access": false,
      "effective_action": "ec2:CreateTags",
      "privesc": false,
      "resource_exposure": false
    },
    {
      "access_level": "List",
      "action": "ec2:DescribeImages",
      "condition": null,
      "credentials_exposure": false,
      "data_access": false,
      "effective_action": "ec2:DescribeImages",
      "privesc": false,
      "resource_exposure": false
    },
    {
      "access_level": "List",
      "action": "ec2:DescribeSnapshots",
      "condition": null,
      "credentials_exposure": false,
      "data_access": false,
      "effective_action": "ec2:DescribeSnapshots",
      "privesc": false,
      "resource_exposure": false
    }
  ],
  "grantless": false,
  "malformed": false,
  "name": "AWSEC2VssSnapshotPolicy",
  "privesc": false,
  "resource_exposure": false,
  "undocumented_actions": false,
  "unknown_actions": [],
  "updatedate": "2024-11-20T17:44:08+00:00",
  "version": "v2"
}