{
  "access_levels": [
    "Read",
    "Tagging",
    "Write"
  ],
  "arn": "arn:aws:iam::aws:policy/AWSElasticDisasterRecoveryFailbackInstallationPolicy",
  "createdate": "2023-11-27T13:43:08Z",
  "credentials_exposure": false,
  "data_access": false,
  "deprecated": false,
  "document": {
    "Statement": [
      {
        "Action": [
          "drs:SendClientLogsForDrs",
          "drs:SendClientMetricsForDrs",
          "drs:DescribeRecoveryInstances",
          "drs:DescribeSourceServers"
        ],
        "Effect": "Allow",
        "Resource": "*",
        "Sid": "DRSFailbackInstallationPolicy1"
      },
      {
        "Action": [
          "drs:TagResource",
          "drs:IssueAgentCertificateForDrs",
          "drs:AssociateFailbackClientToRecoveryInstanceForDrs",
          "drs:GetSuggestedFailbackClientDeviceMappingForDrs",
          "drs:UpdateAgentReplicationInfoForDrs",
          "drs:UpdateFailbackClientDeviceMappingForDrs"
        ],
        "Effect": "Allow",
        "Resource": "arn:aws:drs:*:*:recovery-instance/*",
        "Sid": "DRSFailbackInstallationPolicy2"
      }
    ],
    "Version": "2012-10-17"
  },
  "effective_actions": [
    {
      "access_level": "Write",
      "action": "drs:SendClientLogsForDrs",
      "condition": null,
      "credentials_exposure": false,
      "data_access": false,
      "effective_action": "drs:SendClientLogsForDrs",
      "privesc": false,
      "resource_exposure": false
    },
    {
      "access_level": "Write",
      "action": "drs:SendClientMetricsForDrs",
      "condition": null,
      "credentials_exposure": false,
      "data_access": false,
      "effective_action": "drs:SendClientMetricsForDrs",
      "privesc": false,
      "resource_exposure": false
    },
    {
      "access_level": "Read",
      "action": "drs:DescribeRecoveryInstances",
      "condition": null,
      "credentials_exposure": false,
      "data_access": false,
      "effective_action": "drs:DescribeRecoveryInstances",
      "privesc": false,
      "resource_exposure": false
    },
    {
      "access_level": "Read",
      "action": "drs:DescribeSourceServers",
      "condition": null,
      "credentials_exposure": false,
      "data_access": false,
      "effective_action": "drs:DescribeSourceServers",
      "privesc": false,
      "resource_exposure": false
    },
    {
      "access_level": "Tagging",
      "action": "drs:TagResource",
      "condition": null,
      "credentials_exposure": false,
      "data_access": false,
      "effective_action": "drs:TagResource",
      "privesc": false,
      "resource_exposure": false
    },
    {
      "access_level": "Write",
      "action": "drs:IssueAgentCertificateForDrs",
      "condition": null,
      "credentials_exposure": false,
      "data_access": false,
      "effective_action": "drs:IssueAgentCertificateForDrs",
      "privesc": false,
      "resource_exposure": false
    },
    {
      "access_level": "Write",
      "action": "drs:AssociateFailbackClientToRecoveryInstanceForDrs",
      "condition": null,
      "credentials_exposure": false,
      "data_access": false,
      "effective_action": "drs:AssociateFailbackClientToRecoveryInstanceForDrs",
      "privesc": false,
      "resource_exposure": false
    },
    {
      "access_level": "Read",
      "action": "drs:GetSuggestedFailbackClientDeviceMappingForDrs",
      "condition": null,
      "credentials_exposure": false,
      "data_access": false,
      "effective_action": "drs:GetSuggestedFailbackClientDeviceMappingForDrs",
      "privesc": false,
      "resource_exposure": false
    },
    {
      "access_level": "Write",
      "action": "drs:UpdateAgentReplicationInfoForDrs",
      "condition": null,
      "credentials_exposure": false,
      "data_access": false,
      "effective_action": "drs:UpdateAgentReplicationInfoForDrs",
      "privesc": false,
      "resource_exposure": false
    },
    {
      "access_level": "Write",
      "action": "drs:UpdateFailbackClientDeviceMappingForDrs",
      "condition": null,
      "credentials_exposure": false,
      "data_access": false,
      "effective_action": "drs:UpdateFailbackClientDeviceMappingForDrs",
      "privesc": false,
      "resource_exposure": false
    }
  ],
  "grantless": false,
  "malformed": false,
  "name": "AWSElasticDisasterRecoveryFailbackInstallationPolicy",
  "privesc": false,
  "resource_exposure": false,
  "undocumented_actions": false,
  "unknown_actions": [],
  "updatedate": "2023-11-27T13:43:08+00:00",
  "version": "v3"
}