{
  "access_levels": [
    "Read",
    "Write"
  ],
  "arn": "arn:aws:iam::aws:policy/aws-service-role/AWSECRPullThroughCache_ServiceRolePolicy",
  "createdate": "2025-03-06T21:22:07Z",
  "credentials_exposure": true,
  "data_access": true,
  "deprecated": false,
  "document": {
    "Statement": [
      {
        "Action": [
          "ecr:GetAuthorizationToken",
          "ecr:BatchCheckLayerAvailability",
          "ecr:InitiateLayerUpload",
          "ecr:UploadLayerPart",
          "ecr:CompleteLayerUpload",
          "ecr:PutImage",
          "ecr:BatchGetImage",
          "ecr:BatchImportUpstreamImage",
          "ecr:GetDownloadUrlForLayer",
          "ecr:GetImageCopyStatus"
        ],
        "Effect": "Allow",
        "Resource": "*",
        "Sid": "ECR"
      },
      {
        "Action": [
          "secretsmanager:GetSecretValue"
        ],
        "Condition": {
          "StringEquals": {
            "aws:ResourceAccount": "${aws:PrincipalAccount}"
          }
        },
        "Effect": "Allow",
        "Resource": "arn:aws:secretsmanager:*:*:secret:ecr-pullthroughcache/*",
        "Sid": "SecretsManager"
      }
    ],
    "Version": "2012-10-17"
  },
  "effective_actions": [
    {
      "access_level": "Read",
      "action": "ecr:GetAuthorizationToken",
      "condition": null,
      "credentials_exposure": true,
      "data_access": false,
      "effective_action": "ecr:GetAuthorizationToken",
      "privesc": false,
      "resource_exposure": false
    },
    {
      "access_level": "Read",
      "action": "ecr:BatchCheckLayerAvailability",
      "condition": null,
      "credentials_exposure": false,
      "data_access": false,
      "effective_action": "ecr:BatchCheckLayerAvailability",
      "privesc": false,
      "resource_exposure": false
    },
    {
      "access_level": "Write",
      "action": "ecr:InitiateLayerUpload",
      "condition": null,
      "credentials_exposure": false,
      "data_access": false,
      "effective_action": "ecr:InitiateLayerUpload",
      "privesc": false,
      "resource_exposure": false
    },
    {
      "access_level": "Write",
      "action": "ecr:UploadLayerPart",
      "condition": null,
      "credentials_exposure": false,
      "data_access": false,
      "effective_action": "ecr:UploadLayerPart",
      "privesc": false,
      "resource_exposure": false
    },
    {
      "access_level": "Write",
      "action": "ecr:CompleteLayerUpload",
      "condition": null,
      "credentials_exposure": false,
      "data_access": false,
      "effective_action": "ecr:CompleteLayerUpload",
      "privesc": false,
      "resource_exposure": false
    },
    {
      "access_level": "Write",
      "action": "ecr:PutImage",
      "condition": null,
      "credentials_exposure": false,
      "data_access": false,
      "effective_action": "ecr:PutImage",
      "privesc": false,
      "resource_exposure": false
    },
    {
      "access_level": "Read",
      "action": "ecr:BatchGetImage",
      "condition": null,
      "credentials_exposure": false,
      "data_access": false,
      "effective_action": "ecr:BatchGetImage",
      "privesc": false,
      "resource_exposure": false
    },
    {
      "access_level": "Write",
      "action": "ecr:BatchImportUpstreamImage",
      "condition": null,
      "credentials_exposure": false,
      "data_access": false,
      "effective_action": "ecr:BatchImportUpstreamImage",
      "privesc": false,
      "resource_exposure": false
    },
    {
      "access_level": "Read",
      "action": "ecr:GetDownloadUrlForLayer",
      "condition": null,
      "credentials_exposure": false,
      "data_access": true,
      "effective_action": "ecr:GetDownloadUrlForLayer",
      "privesc": false,
      "resource_exposure": false
    },
    {
      "access_level": "Read",
      "action": "ecr:GetImageCopyStatus",
      "condition": null,
      "credentials_exposure": false,
      "data_access": false,
      "effective_action": "ecr:GetImageCopyStatus",
      "privesc": false,
      "resource_exposure": false
    },
    {
      "access_level": "Read",
      "action": "secretsmanager:GetSecretValue",
      "condition": {
        "StringEquals": {
          "aws:ResourceAccount": "${aws:PrincipalAccount}"
        }
      },
      "credentials_exposure": false,
      "data_access": false,
      "effective_action": "secretsmanager:GetSecretValue",
      "privesc": false,
      "resource_exposure": false
    }
  ],
  "grantless": false,
  "malformed": false,
  "name": "AWSECRPullThroughCache_ServiceRolePolicy",
  "privesc": false,
  "resource_exposure": false,
  "undocumented_actions": false,
  "unknown_actions": [],
  "updatedate": "2025-03-06T21:22:07+00:00",
  "version": "v3"
}