{
  "access_levels": [
    "List",
    "Read",
    "Write"
  ],
  "arn": "arn:aws:iam::aws:policy/aws-service-role/AWSElasticBeanstalkServiceRolePolicy",
  "createdate": "2019-06-06T21:59:51Z",
  "credentials_exposure": false,
  "data_access": true,
  "deprecated": false,
  "document": {
    "Statement": [
      {
        "Action": [
          "cloudformation:DescribeStackResource",
          "cloudformation:DescribeStackResources",
          "cloudformation:DescribeStacks"
        ],
        "Effect": "Allow",
        "Resource": [
          "arn:aws:cloudformation:*:*:stack/awseb-*",
          "arn:aws:cloudformation:*:*:stack/eb-*"
        ],
        "Sid": "AllowCloudformationReadOperationsOnElasticBeanstalkStacks"
      },
      {
        "Action": [
          "autoscaling:DescribeAutoScalingGroups",
          "autoscaling:DescribeAutoScalingInstances",
          "autoscaling:DescribeNotificationConfigurations",
          "autoscaling:DescribeScalingActivities",
          "autoscaling:PutNotificationConfiguration",
          "ec2:DescribeInstanceStatus",
          "ec2:AssociateAddress",
          "ec2:DescribeAddresses",
          "ec2:DescribeInstances",
          "ec2:DescribeSecurityGroups",
          "elasticloadbalancing:DescribeInstanceHealth",
          "elasticloadbalancing:DescribeLoadBalancers",
          "elasticloadbalancing:DescribeTargetHealth",
          "elasticloadbalancing:DescribeTargetGroups",
          "lambda:GetFunction",
          "sqs:GetQueueAttributes",
          "sqs:GetQueueUrl",
          "sns:Publish"
        ],
        "Effect": "Allow",
        "Resource": [
          "*"
        ],
        "Sid": "AllowOperations"
      },
      {
        "Action": [
          "logs:CreateLogStream",
          "logs:DescribeLogGroups",
          "logs:DescribeLogStreams",
          "logs:DeleteLogGroup",
          "logs:PutLogEvents"
        ],
        "Effect": "Allow",
        "Resource": "arn:aws:logs:*:*:log-group:/aws/elasticbeanstalk/*",
        "Sid": "AllowOperationsOnHealthStreamingLogs"
      }
    ],
    "Version": "2012-10-17"
  },
  "effective_actions": [
    {
      "access_level": "Read",
      "action": "cloudformation:DescribeStackResource",
      "condition": null,
      "credentials_exposure": false,
      "data_access": false,
      "effective_action": "cloudformation:DescribeStackResource",
      "privesc": false,
      "resource_exposure": false
    },
    {
      "access_level": "Read",
      "action": "cloudformation:DescribeStackResources",
      "condition": null,
      "credentials_exposure": false,
      "data_access": false,
      "effective_action": "cloudformation:DescribeStackResources",
      "privesc": false,
      "resource_exposure": false
    },
    {
      "access_level": "List",
      "action": "cloudformation:DescribeStacks",
      "condition": null,
      "credentials_exposure": false,
      "data_access": false,
      "effective_action": "cloudformation:DescribeStacks",
      "privesc": false,
      "resource_exposure": false
    },
    {
      "access_level": "List",
      "action": "autoscaling:DescribeAutoScalingGroups",
      "condition": null,
      "credentials_exposure": false,
      "data_access": false,
      "effective_action": "autoscaling:DescribeAutoScalingGroups",
      "privesc": false,
      "resource_exposure": false
    },
    {
      "access_level": "List",
      "action": "autoscaling:DescribeAutoScalingInstances",
      "condition": null,
      "credentials_exposure": false,
      "data_access": false,
      "effective_action": "autoscaling:DescribeAutoScalingInstances",
      "privesc": false,
      "resource_exposure": false
    },
    {
      "access_level": "List",
      "action": "autoscaling:DescribeNotificationConfigurations",
      "condition": null,
      "credentials_exposure": false,
      "data_access": false,
      "effective_action": "autoscaling:DescribeNotificationConfigurations",
      "privesc": false,
      "resource_exposure": false
    },
    {
      "access_level": "List",
      "action": "autoscaling:DescribeScalingActivities",
      "condition": null,
      "credentials_exposure": false,
      "data_access": false,
      "effective_action": "autoscaling:DescribeScalingActivities",
      "privesc": false,
      "resource_exposure": false
    },
    {
      "access_level": "Write",
      "action": "autoscaling:PutNotificationConfiguration",
      "condition": null,
      "credentials_exposure": false,
      "data_access": false,
      "effective_action": "autoscaling:PutNotificationConfiguration",
      "privesc": false,
      "resource_exposure": false
    },
    {
      "access_level": "List",
      "action": "ec2:DescribeInstanceStatus",
      "condition": null,
      "credentials_exposure": false,
      "data_access": false,
      "effective_action": "ec2:DescribeInstanceStatus",
      "privesc": false,
      "resource_exposure": false
    },
    {
      "access_level": "Write",
      "action": "ec2:AssociateAddress",
      "condition": null,
      "credentials_exposure": false,
      "data_access": false,
      "effective_action": "ec2:AssociateAddress",
      "privesc": false,
      "resource_exposure": false
    },
    {
      "access_level": "List",
      "action": "ec2:DescribeAddresses",
      "condition": null,
      "credentials_exposure": false,
      "data_access": false,
      "effective_action": "ec2:DescribeAddresses",
      "privesc": false,
      "resource_exposure": false
    },
    {
      "access_level": "List",
      "action": "ec2:DescribeInstances",
      "condition": null,
      "credentials_exposure": false,
      "data_access": false,
      "effective_action": "ec2:DescribeInstances",
      "privesc": false,
      "resource_exposure": false
    },
    {
      "access_level": "List",
      "action": "ec2:DescribeSecurityGroups",
      "condition": null,
      "credentials_exposure": false,
      "data_access": false,
      "effective_action": "ec2:DescribeSecurityGroups",
      "privesc": false,
      "resource_exposure": false
    },
    {
      "access_level": "Read",
      "action": "elasticloadbalancing:DescribeInstanceHealth",
      "condition": null,
      "credentials_exposure": false,
      "data_access": false,
      "effective_action": "elasticloadbalancing:DescribeInstanceHealth",
      "privesc": false,
      "resource_exposure": false
    },
    {
      "access_level": "List",
      "action": "elasticloadbalancing:DescribeLoadBalancers",
      "condition": null,
      "credentials_exposure": false,
      "data_access": false,
      "effective_action": "elasticloadbalancing:DescribeLoadBalancers",
      "privesc": false,
      "resource_exposure": false
    },
    {
      "access_level": "Read",
      "action": "elasticloadbalancing:DescribeTargetHealth",
      "condition": null,
      "credentials_exposure": false,
      "data_access": false,
      "effective_action": "elasticloadbalancing:DescribeTargetHealth",
      "privesc": false,
      "resource_exposure": false
    },
    {
      "access_level": "Read",
      "action": "elasticloadbalancing:DescribeTargetGroups",
      "condition": null,
      "credentials_exposure": false,
      "data_access": false,
      "effective_action": "elasticloadbalancing:DescribeTargetGroups",
      "privesc": false,
      "resource_exposure": false
    },
    {
      "access_level": "Read",
      "action": "lambda:GetFunction",
      "condition": null,
      "credentials_exposure": false,
      "data_access": true,
      "effective_action": "lambda:GetFunction",
      "privesc": false,
      "resource_exposure": false
    },
    {
      "access_level": "Read",
      "action": "sqs:GetQueueAttributes",
      "condition": null,
      "credentials_exposure": false,
      "data_access": false,
      "effective_action": "sqs:GetQueueAttributes",
      "privesc": false,
      "resource_exposure": false
    },
    {
      "access_level": "Read",
      "action": "sqs:GetQueueUrl",
      "condition": null,
      "credentials_exposure": false,
      "data_access": false,
      "effective_action": "sqs:GetQueueUrl",
      "privesc": false,
      "resource_exposure": false
    },
    {
      "access_level": "Write",
      "action": "sns:Publish",
      "condition": null,
      "credentials_exposure": false,
      "data_access": false,
      "effective_action": "sns:Publish",
      "privesc": false,
      "resource_exposure": false
    },
    {
      "access_level": "Write",
      "action": "logs:CreateLogStream",
      "condition": null,
      "credentials_exposure": false,
      "data_access": false,
      "effective_action": "logs:CreateLogStream",
      "privesc": false,
      "resource_exposure": false
    },
    {
      "access_level": "List",
      "action": "logs:DescribeLogGroups",
      "condition": null,
      "credentials_exposure": false,
      "data_access": false,
      "effective_action": "logs:DescribeLogGroups",
      "privesc": false,
      "resource_exposure": false
    },
    {
      "access_level": "List",
      "action": "logs:DescribeLogStreams",
      "condition": null,
      "credentials_exposure": false,
      "data_access": false,
      "effective_action": "logs:DescribeLogStreams",
      "privesc": false,
      "resource_exposure": false
    },
    {
      "access_level": "Write",
      "action": "logs:DeleteLogGroup",
      "condition": null,
      "credentials_exposure": false,
      "data_access": false,
      "effective_action": "logs:DeleteLogGroup",
      "privesc": false,
      "resource_exposure": false
    },
    {
      "access_level": "Write",
      "action": "logs:PutLogEvents",
      "condition": null,
      "credentials_exposure": false,
      "data_access": false,
      "effective_action": "logs:PutLogEvents",
      "privesc": false,
      "resource_exposure": false
    }
  ],
  "grantless": false,
  "malformed": false,
  "name": "AWSElasticBeanstalkServiceRolePolicy",
  "privesc": false,
  "resource_exposure": false,
  "undocumented_actions": false,
  "unknown_actions": [],
  "updatedate": "2019-06-06T21:59:51+00:00",
  "version": "v6"
}