{
  "access_levels": [
    "List",
    "Read",
    "Tagging",
    "Write"
  ],
  "arn": "arn:aws:iam::aws:policy/service-role/AWSElasticDisasterRecoveryRecoveryInstancePolicy",
  "createdate": "2023-11-27T13:11:08Z",
  "credentials_exposure": true,
  "data_access": false,
  "deprecated": false,
  "document": {
    "Statement": [
      {
        "Action": [
          "drs:SendAgentMetricsForDrs",
          "drs:SendAgentLogsForDrs",
          "drs:UpdateAgentSourcePropertiesForDrs",
          "drs:UpdateAgentReplicationInfoForDrs",
          "drs:UpdateAgentConversionInfoForDrs",
          "drs:GetAgentCommandForDrs",
          "drs:GetAgentConfirmedResumeInfoForDrs",
          "drs:GetAgentRuntimeConfigurationForDrs",
          "drs:UpdateAgentBacklogForDrs",
          "drs:GetAgentReplicationInfoForDrs",
          "drs:UpdateReplicationCertificateForDrs",
          "drs:NotifyReplicationServerAuthenticationForDrs"
        ],
        "Condition": {
          "StringEquals": {
            "drs:EC2InstanceARN": "${ec2:SourceInstanceARN}"
          }
        },
        "Effect": "Allow",
        "Resource": "arn:aws:drs:*:*:recovery-instance/*",
        "Sid": "DRSRecoveryInstancePolicy1"
      },
      {
        "Action": [
          "drs:DescribeRecoveryInstances"
        ],
        "Effect": "Allow",
        "Resource": "*",
        "Sid": "DRSRecoveryInstancePolicy2"
      },
      {
        "Action": [
          "ec2:DescribeInstanceTypes"
        ],
        "Effect": "Allow",
        "Resource": "*",
        "Sid": "DRSRecoveryInstancePolicy3"
      },
      {
        "Action": [
          "drs:GetAgentInstallationAssetsForDrs",
          "drs:SendClientLogsForDrs",
          "drs:CreateSourceServerForDrs"
        ],
        "Effect": "Allow",
        "Resource": "*",
        "Sid": "DRSRecoveryInstancePolicy4"
      },
      {
        "Action": [
          "drs:TagResource"
        ],
        "Condition": {
          "StringEquals": {
            "drs:CreateAction": "CreateSourceServerForDrs"
          }
        },
        "Effect": "Allow",
        "Resource": "arn:aws:drs:*:*:source-server/*",
        "Sid": "DRSRecoveryInstancePolicy5"
      },
      {
        "Action": [
          "drs:SendAgentMetricsForDrs",
          "drs:SendAgentLogsForDrs",
          "drs:UpdateAgentSourcePropertiesForDrs",
          "drs:UpdateAgentReplicationInfoForDrs",
          "drs:UpdateAgentConversionInfoForDrs",
          "drs:GetAgentCommandForDrs",
          "drs:GetAgentConfirmedResumeInfoForDrs",
          "drs:GetAgentRuntimeConfigurationForDrs",
          "drs:UpdateAgentBacklogForDrs",
          "drs:GetAgentReplicationInfoForDrs"
        ],
        "Effect": "Allow",
        "Resource": "arn:aws:drs:*:*:source-server/*",
        "Sid": "DRSRecoveryInstancePolicy6"
      },
      {
        "Action": [
          "sts:AssumeRole",
          "sts:TagSession"
        ],
        "Condition": {
          "ForAnyValue:StringEquals": {
            "sts:TransitiveTagKeys": "SourceInstanceARN"
          },
          "StringLike": {
            "aws:RequestTag/SourceInstanceARN": "${ec2:SourceInstanceARN}"
          }
        },
        "Effect": "Allow",
        "Resource": [
          "arn:aws:iam::*:role/service-role/DRSCrossAccountAgentAuthorizedRole_*"
        ],
        "Sid": "DRSRecoveryInstancePolicy7"
      }
    ],
    "Version": "2012-10-17"
  },
  "effective_actions": [
    {
      "access_level": "Write",
      "action": "drs:SendAgentMetricsForDrs",
      "condition": {
        "StringEquals": {
          "drs:EC2InstanceARN": "${ec2:SourceInstanceARN}"
        }
      },
      "credentials_exposure": false,
      "data_access": false,
      "effective_action": "drs:SendAgentMetricsForDrs",
      "privesc": false,
      "resource_exposure": false
    },
    {
      "access_level": "Write",
      "action": "drs:SendAgentLogsForDrs",
      "condition": {
        "StringEquals": {
          "drs:EC2InstanceARN": "${ec2:SourceInstanceARN}"
        }
      },
      "credentials_exposure": false,
      "data_access": false,
      "effective_action": "drs:SendAgentLogsForDrs",
      "privesc": false,
      "resource_exposure": false
    },
    {
      "access_level": "Write",
      "action": "drs:UpdateAgentSourcePropertiesForDrs",
      "condition": {
        "StringEquals": {
          "drs:EC2InstanceARN": "${ec2:SourceInstanceARN}"
        }
      },
      "credentials_exposure": false,
      "data_access": false,
      "effective_action": "drs:UpdateAgentSourcePropertiesForDrs",
      "privesc": false,
      "resource_exposure": false
    },
    {
      "access_level": "Write",
      "action": "drs:UpdateAgentReplicationInfoForDrs",
      "condition": {
        "StringEquals": {
          "drs:EC2InstanceARN": "${ec2:SourceInstanceARN}"
        }
      },
      "credentials_exposure": false,
      "data_access": false,
      "effective_action": "drs:UpdateAgentReplicationInfoForDrs",
      "privesc": false,
      "resource_exposure": false
    },
    {
      "access_level": "Write",
      "action": "drs:UpdateAgentConversionInfoForDrs",
      "condition": {
        "StringEquals": {
          "drs:EC2InstanceARN": "${ec2:SourceInstanceARN}"
        }
      },
      "credentials_exposure": false,
      "data_access": false,
      "effective_action": "drs:UpdateAgentConversionInfoForDrs",
      "privesc": false,
      "resource_exposure": false
    },
    {
      "access_level": "Read",
      "action": "drs:GetAgentCommandForDrs",
      "condition": {
        "StringEquals": {
          "drs:EC2InstanceARN": "${ec2:SourceInstanceARN}"
        }
      },
      "credentials_exposure": false,
      "data_access": false,
      "effective_action": "drs:GetAgentCommandForDrs",
      "privesc": false,
      "resource_exposure": false
    },
    {
      "access_level": "Read",
      "action": "drs:GetAgentConfirmedResumeInfoForDrs",
      "condition": {
        "StringEquals": {
          "drs:EC2InstanceARN": "${ec2:SourceInstanceARN}"
        }
      },
      "credentials_exposure": false,
      "data_access": false,
      "effective_action": "drs:GetAgentConfirmedResumeInfoForDrs",
      "privesc": false,
      "resource_exposure": false
    },
    {
      "access_level": "Read",
      "action": "drs:GetAgentRuntimeConfigurationForDrs",
      "condition": {
        "StringEquals": {
          "drs:EC2InstanceARN": "${ec2:SourceInstanceARN}"
        }
      },
      "credentials_exposure": false,
      "data_access": false,
      "effective_action": "drs:GetAgentRuntimeConfigurationForDrs",
      "privesc": false,
      "resource_exposure": false
    },
    {
      "access_level": "Write",
      "action": "drs:UpdateAgentBacklogForDrs",
      "condition": {
        "StringEquals": {
          "drs:EC2InstanceARN": "${ec2:SourceInstanceARN}"
        }
      },
      "credentials_exposure": false,
      "data_access": false,
      "effective_action": "drs:UpdateAgentBacklogForDrs",
      "privesc": false,
      "resource_exposure": false
    },
    {
      "access_level": "Read",
      "action": "drs:GetAgentReplicationInfoForDrs",
      "condition": {
        "StringEquals": {
          "drs:EC2InstanceARN": "${ec2:SourceInstanceARN}"
        }
      },
      "credentials_exposure": false,
      "data_access": false,
      "effective_action": "drs:GetAgentReplicationInfoForDrs",
      "privesc": false,
      "resource_exposure": false
    },
    {
      "access_level": "Write",
      "action": "drs:UpdateReplicationCertificateForDrs",
      "condition": {
        "StringEquals": {
          "drs:EC2InstanceARN": "${ec2:SourceInstanceARN}"
        }
      },
      "credentials_exposure": false,
      "data_access": false,
      "effective_action": "drs:UpdateReplicationCertificateForDrs",
      "privesc": false,
      "resource_exposure": false
    },
    {
      "access_level": "Write",
      "action": "drs:NotifyReplicationServerAuthenticationForDrs",
      "condition": {
        "StringEquals": {
          "drs:EC2InstanceARN": "${ec2:SourceInstanceARN}"
        }
      },
      "credentials_exposure": false,
      "data_access": false,
      "effective_action": "drs:NotifyReplicationServerAuthenticationForDrs",
      "privesc": false,
      "resource_exposure": false
    },
    {
      "access_level": "Read",
      "action": "drs:DescribeRecoveryInstances",
      "condition": null,
      "credentials_exposure": false,
      "data_access": false,
      "effective_action": "drs:DescribeRecoveryInstances",
      "privesc": false,
      "resource_exposure": false
    },
    {
      "access_level": "List",
      "action": "ec2:DescribeInstanceTypes",
      "condition": null,
      "credentials_exposure": false,
      "data_access": false,
      "effective_action": "ec2:DescribeInstanceTypes",
      "privesc": false,
      "resource_exposure": false
    },
    {
      "access_level": "Read",
      "action": "drs:GetAgentInstallationAssetsForDrs",
      "condition": null,
      "credentials_exposure": false,
      "data_access": false,
      "effective_action": "drs:GetAgentInstallationAssetsForDrs",
      "privesc": false,
      "resource_exposure": false
    },
    {
      "access_level": "Write",
      "action": "drs:SendClientLogsForDrs",
      "condition": null,
      "credentials_exposure": false,
      "data_access": false,
      "effective_action": "drs:SendClientLogsForDrs",
      "privesc": false,
      "resource_exposure": false
    },
    {
      "access_level": "Write",
      "action": "drs:CreateSourceServerForDrs",
      "condition": null,
      "credentials_exposure": false,
      "data_access": false,
      "effective_action": "drs:CreateSourceServerForDrs",
      "privesc": false,
      "resource_exposure": false
    },
    {
      "access_level": "Tagging",
      "action": "drs:TagResource",
      "condition": {
        "StringEquals": {
          "drs:CreateAction": "CreateSourceServerForDrs"
        }
      },
      "credentials_exposure": false,
      "data_access": false,
      "effective_action": "drs:TagResource",
      "privesc": false,
      "resource_exposure": false
    },
    {
      "access_level": "Write",
      "action": "drs:SendAgentMetricsForDrs",
      "condition": null,
      "credentials_exposure": false,
      "data_access": false,
      "effective_action": "drs:SendAgentMetricsForDrs",
      "privesc": false,
      "resource_exposure": false
    },
    {
      "access_level": "Write",
      "action": "drs:SendAgentLogsForDrs",
      "condition": null,
      "credentials_exposure": false,
      "data_access": false,
      "effective_action": "drs:SendAgentLogsForDrs",
      "privesc": false,
      "resource_exposure": false
    },
    {
      "access_level": "Write",
      "action": "drs:UpdateAgentSourcePropertiesForDrs",
      "condition": null,
      "credentials_exposure": false,
      "data_access": false,
      "effective_action": "drs:UpdateAgentSourcePropertiesForDrs",
      "privesc": false,
      "resource_exposure": false
    },
    {
      "access_level": "Write",
      "action": "drs:UpdateAgentReplicationInfoForDrs",
      "condition": null,
      "credentials_exposure": false,
      "data_access": false,
      "effective_action": "drs:UpdateAgentReplicationInfoForDrs",
      "privesc": false,
      "resource_exposure": false
    },
    {
      "access_level": "Write",
      "action": "drs:UpdateAgentConversionInfoForDrs",
      "condition": null,
      "credentials_exposure": false,
      "data_access": false,
      "effective_action": "drs:UpdateAgentConversionInfoForDrs",
      "privesc": false,
      "resource_exposure": false
    },
    {
      "access_level": "Read",
      "action": "drs:GetAgentCommandForDrs",
      "condition": null,
      "credentials_exposure": false,
      "data_access": false,
      "effective_action": "drs:GetAgentCommandForDrs",
      "privesc": false,
      "resource_exposure": false
    },
    {
      "access_level": "Read",
      "action": "drs:GetAgentConfirmedResumeInfoForDrs",
      "condition": null,
      "credentials_exposure": false,
      "data_access": false,
      "effective_action": "drs:GetAgentConfirmedResumeInfoForDrs",
      "privesc": false,
      "resource_exposure": false
    },
    {
      "access_level": "Read",
      "action": "drs:GetAgentRuntimeConfigurationForDrs",
      "condition": null,
      "credentials_exposure": false,
      "data_access": false,
      "effective_action": "drs:GetAgentRuntimeConfigurationForDrs",
      "privesc": false,
      "resource_exposure": false
    },
    {
      "access_level": "Write",
      "action": "drs:UpdateAgentBacklogForDrs",
      "condition": null,
      "credentials_exposure": false,
      "data_access": false,
      "effective_action": "drs:UpdateAgentBacklogForDrs",
      "privesc": false,
      "resource_exposure": false
    },
    {
      "access_level": "Read",
      "action": "drs:GetAgentReplicationInfoForDrs",
      "condition": null,
      "credentials_exposure": false,
      "data_access": false,
      "effective_action": "drs:GetAgentReplicationInfoForDrs",
      "privesc": false,
      "resource_exposure": false
    },
    {
      "access_level": "Write",
      "action": "sts:AssumeRole",
      "condition": {
        "ForAnyValue:StringEquals": {
          "sts:TransitiveTagKeys": "SourceInstanceARN"
        },
        "StringLike": {
          "aws:RequestTag/SourceInstanceARN": "${ec2:SourceInstanceARN}"
        }
      },
      "credentials_exposure": true,
      "data_access": false,
      "effective_action": "sts:AssumeRole",
      "privesc": false,
      "resource_exposure": false
    },
    {
      "access_level": "Tagging",
      "action": "sts:TagSession",
      "condition": {
        "ForAnyValue:StringEquals": {
          "sts:TransitiveTagKeys": "SourceInstanceARN"
        },
        "StringLike": {
          "aws:RequestTag/SourceInstanceARN": "${ec2:SourceInstanceARN}"
        }
      },
      "credentials_exposure": false,
      "data_access": false,
      "effective_action": "sts:TagSession",
      "privesc": false,
      "resource_exposure": false
    }
  ],
  "grantless": false,
  "malformed": false,
  "name": "AWSElasticDisasterRecoveryRecoveryInstancePolicy",
  "privesc": false,
  "resource_exposure": false,
  "undocumented_actions": false,
  "unknown_actions": [],
  "updatedate": "2023-11-27T13:11:08+00:00",
  "version": "v4"
}