{
  "access_levels": [
    "List",
    "Read"
  ],
  "arn": "arn:aws:iam::aws:policy/AWSElementalMediaConnectReadOnlyAccess",
  "createdate": "2025-02-12T20:07:07Z",
  "credentials_exposure": false,
  "data_access": false,
  "deprecated": false,
  "document": {
    "Statement": [
      {
        "Action": [
          "mediaconnect:ListBridges",
          "mediaconnect:ListEntitlements",
          "mediaconnect:ListFlows",
          "mediaconnect:ListGatewayInstances",
          "mediaconnect:ListGateways",
          "mediaconnect:ListOfferings",
          "mediaconnect:ListReservations",
          "mediaconnect:DescribeBridge",
          "mediaconnect:DescribeFlow",
          "mediaconnect:DescribeFlowSourceMetadata",
          "mediaconnect:DescribeFlowSourceThumbnail",
          "mediaconnect:DescribeGateway",
          "mediaconnect:DescribeGatewayInstance",
          "mediaconnect:DescribeOffering",
          "mediaconnect:DescribeReservation",
          "mediaconnect:ListTagsForResource"
        ],
        "Effect": "Allow",
        "Resource": "*"
      }
    ],
    "Version": "2012-10-17"
  },
  "effective_actions": [
    {
      "access_level": "List",
      "action": "mediaconnect:ListBridges",
      "condition": null,
      "credentials_exposure": false,
      "data_access": false,
      "effective_action": "mediaconnect:ListBridges",
      "privesc": false,
      "resource_exposure": false
    },
    {
      "access_level": "List",
      "action": "mediaconnect:ListEntitlements",
      "condition": null,
      "credentials_exposure": false,
      "data_access": false,
      "effective_action": "mediaconnect:ListEntitlements",
      "privesc": false,
      "resource_exposure": false
    },
    {
      "access_level": "List",
      "action": "mediaconnect:ListFlows",
      "condition": null,
      "credentials_exposure": false,
      "data_access": false,
      "effective_action": "mediaconnect:ListFlows",
      "privesc": false,
      "resource_exposure": false
    },
    {
      "access_level": "List",
      "action": "mediaconnect:ListGatewayInstances",
      "condition": null,
      "credentials_exposure": false,
      "data_access": false,
      "effective_action": "mediaconnect:ListGatewayInstances",
      "privesc": false,
      "resource_exposure": false
    },
    {
      "access_level": "List",
      "action": "mediaconnect:ListGateways",
      "condition": null,
      "credentials_exposure": false,
      "data_access": false,
      "effective_action": "mediaconnect:ListGateways",
      "privesc": false,
      "resource_exposure": false
    },
    {
      "access_level": "List",
      "action": "mediaconnect:ListOfferings",
      "condition": null,
      "credentials_exposure": false,
      "data_access": false,
      "effective_action": "mediaconnect:ListOfferings",
      "privesc": false,
      "resource_exposure": false
    },
    {
      "access_level": "List",
      "action": "mediaconnect:ListReservations",
      "condition": null,
      "credentials_exposure": false,
      "data_access": false,
      "effective_action": "mediaconnect:ListReservations",
      "privesc": false,
      "resource_exposure": false
    },
    {
      "access_level": "Read",
      "action": "mediaconnect:DescribeBridge",
      "condition": null,
      "credentials_exposure": false,
      "data_access": false,
      "effective_action": "mediaconnect:DescribeBridge",
      "privesc": false,
      "resource_exposure": false
    },
    {
      "access_level": "Read",
      "action": "mediaconnect:DescribeFlow",
      "condition": null,
      "credentials_exposure": false,
      "data_access": false,
      "effective_action": "mediaconnect:DescribeFlow",
      "privesc": false,
      "resource_exposure": false
    },
    {
      "access_level": "Read",
      "action": "mediaconnect:DescribeFlowSourceMetadata",
      "condition": null,
      "credentials_exposure": false,
      "data_access": false,
      "effective_action": "mediaconnect:DescribeFlowSourceMetadata",
      "privesc": false,
      "resource_exposure": false
    },
    {
      "access_level": "Read",
      "action": "mediaconnect:DescribeFlowSourceThumbnail",
      "condition": null,
      "credentials_exposure": false,
      "data_access": false,
      "effective_action": "mediaconnect:DescribeFlowSourceThumbnail",
      "privesc": false,
      "resource_exposure": false
    },
    {
      "access_level": "Read",
      "action": "mediaconnect:DescribeGateway",
      "condition": null,
      "credentials_exposure": false,
      "data_access": false,
      "effective_action": "mediaconnect:DescribeGateway",
      "privesc": false,
      "resource_exposure": false
    },
    {
      "access_level": "Read",
      "action": "mediaconnect:DescribeGatewayInstance",
      "condition": null,
      "credentials_exposure": false,
      "data_access": false,
      "effective_action": "mediaconnect:DescribeGatewayInstance",
      "privesc": false,
      "resource_exposure": false
    },
    {
      "access_level": "Read",
      "action": "mediaconnect:DescribeOffering",
      "condition": null,
      "credentials_exposure": false,
      "data_access": false,
      "effective_action": "mediaconnect:DescribeOffering",
      "privesc": false,
      "resource_exposure": false
    },
    {
      "access_level": "Read",
      "action": "mediaconnect:DescribeReservation",
      "condition": null,
      "credentials_exposure": false,
      "data_access": false,
      "effective_action": "mediaconnect:DescribeReservation",
      "privesc": false,
      "resource_exposure": false
    },
    {
      "access_level": "Read",
      "action": "mediaconnect:ListTagsForResource",
      "condition": null,
      "credentials_exposure": false,
      "data_access": false,
      "effective_action": "mediaconnect:ListTagsForResource",
      "privesc": false,
      "resource_exposure": false
    }
  ],
  "grantless": false,
  "malformed": false,
  "name": "AWSElementalMediaConnectReadOnlyAccess",
  "privesc": false,
  "resource_exposure": false,
  "undocumented_actions": false,
  "unknown_actions": [],
  "updatedate": "2025-02-12T20:07:07+00:00",
  "version": "v1"
}