{
  "access_levels": [
    "List",
    "Read",
    "Tagging",
    "Write"
  ],
  "arn": "arn:aws:iam::aws:policy/aws-service-role/AWSElasticBeanstalkMaintenance",
  "createdate": "2024-04-29T21:48:04Z",
  "credentials_exposure": false,
  "data_access": false,
  "deprecated": false,
  "document": {
    "Statement": [
      {
        "Action": [
          "cloudformation:CreateChangeSet",
          "cloudformation:DescribeChangeSet",
          "cloudformation:ExecuteChangeSet",
          "cloudformation:DeleteChangeSet",
          "cloudformation:ListChangeSets",
          "cloudformation:DescribeStacks",
          "cloudformation:TagResource",
          "cloudformation:UntagResource"
        ],
        "Effect": "Allow",
        "Resource": [
          "arn:aws:cloudformation:*:*:stack/awseb-*",
          "arn:aws:cloudformation:*:*:stack/eb-*"
        ],
        "Sid": "AllowCloudformationChangeSetOperationsOnElasticBeanstalkStacks"
      },
      {
        "Action": [
          "elasticloadbalancing:DescribeLoadBalancers"
        ],
        "Effect": "Allow",
        "Resource": "*",
        "Sid": "AllowElasticBeanstalkStacksUpdateExecuteSuccessfully"
      }
    ],
    "Version": "2012-10-17"
  },
  "effective_actions": [
    {
      "access_level": "Write",
      "action": "cloudformation:CreateChangeSet",
      "condition": null,
      "credentials_exposure": false,
      "data_access": false,
      "effective_action": "cloudformation:CreateChangeSet",
      "privesc": false,
      "resource_exposure": false
    },
    {
      "access_level": "Read",
      "action": "cloudformation:DescribeChangeSet",
      "condition": null,
      "credentials_exposure": false,
      "data_access": false,
      "effective_action": "cloudformation:DescribeChangeSet",
      "privesc": false,
      "resource_exposure": false
    },
    {
      "access_level": "Write",
      "action": "cloudformation:ExecuteChangeSet",
      "condition": null,
      "credentials_exposure": false,
      "data_access": false,
      "effective_action": "cloudformation:ExecuteChangeSet",
      "privesc": false,
      "resource_exposure": false
    },
    {
      "access_level": "Write",
      "action": "cloudformation:DeleteChangeSet",
      "condition": null,
      "credentials_exposure": false,
      "data_access": false,
      "effective_action": "cloudformation:DeleteChangeSet",
      "privesc": false,
      "resource_exposure": false
    },
    {
      "access_level": "List",
      "action": "cloudformation:ListChangeSets",
      "condition": null,
      "credentials_exposure": false,
      "data_access": false,
      "effective_action": "cloudformation:ListChangeSets",
      "privesc": false,
      "resource_exposure": false
    },
    {
      "access_level": "List",
      "action": "cloudformation:DescribeStacks",
      "condition": null,
      "credentials_exposure": false,
      "data_access": false,
      "effective_action": "cloudformation:DescribeStacks",
      "privesc": false,
      "resource_exposure": false
    },
    {
      "access_level": "Tagging",
      "action": "cloudformation:TagResource",
      "condition": null,
      "credentials_exposure": false,
      "data_access": false,
      "effective_action": "cloudformation:TagResource",
      "privesc": false,
      "resource_exposure": false
    },
    {
      "access_level": "Tagging",
      "action": "cloudformation:UntagResource",
      "condition": null,
      "credentials_exposure": false,
      "data_access": false,
      "effective_action": "cloudformation:UntagResource",
      "privesc": false,
      "resource_exposure": false
    },
    {
      "access_level": "List",
      "action": "elasticloadbalancing:DescribeLoadBalancers",
      "condition": null,
      "credentials_exposure": false,
      "data_access": false,
      "effective_action": "elasticloadbalancing:DescribeLoadBalancers",
      "privesc": false,
      "resource_exposure": false
    }
  ],
  "grantless": false,
  "malformed": false,
  "name": "AWSElasticBeanstalkMaintenance",
  "privesc": false,
  "resource_exposure": false,
  "undocumented_actions": false,
  "unknown_actions": [],
  "updatedate": "2024-04-29T21:48:04+00:00",
  "version": "v3"
}