{
  "access_levels": [
    "List",
    "Read",
    "Tagging",
    "Write"
  ],
  "arn": "arn:aws:iam::aws:policy/service-role/AWSElasticDisasterRecoveryCrossAccountReplicationPolicy",
  "createdate": "2024-01-17T13:19:58Z",
  "credentials_exposure": false,
  "data_access": false,
  "deprecated": false,
  "document": {
    "Statement": [
      {
        "Action": [
          "ec2:DescribeVolumes",
          "ec2:DescribeVolumeAttribute",
          "ec2:DescribeInstances",
          "drs:DescribeSourceServers",
          "drs:DescribeReplicationConfigurationTemplates",
          "drs:CreateSourceServerForDrs"
        ],
        "Effect": "Allow",
        "Resource": "*",
        "Sid": "CrossAccountPolicy1"
      },
      {
        "Action": [
          "drs:TagResource"
        ],
        "Condition": {
          "StringEquals": {
            "drs:CreateAction": "CreateSourceServerForDrs"
          }
        },
        "Effect": "Allow",
        "Resource": "arn:aws:drs:*:*:source-server/*",
        "Sid": "CrossAccountPolicy2"
      }
    ],
    "Version": "2012-10-17"
  },
  "effective_actions": [
    {
      "access_level": "List",
      "action": "ec2:DescribeVolumes",
      "condition": null,
      "credentials_exposure": false,
      "data_access": false,
      "effective_action": "ec2:DescribeVolumes",
      "privesc": false,
      "resource_exposure": false
    },
    {
      "access_level": "List",
      "action": "ec2:DescribeVolumeAttribute",
      "condition": null,
      "credentials_exposure": false,
      "data_access": false,
      "effective_action": "ec2:DescribeVolumeAttribute",
      "privesc": false,
      "resource_exposure": false
    },
    {
      "access_level": "List",
      "action": "ec2:DescribeInstances",
      "condition": null,
      "credentials_exposure": false,
      "data_access": false,
      "effective_action": "ec2:DescribeInstances",
      "privesc": false,
      "resource_exposure": false
    },
    {
      "access_level": "Read",
      "action": "drs:DescribeSourceServers",
      "condition": null,
      "credentials_exposure": false,
      "data_access": false,
      "effective_action": "drs:DescribeSourceServers",
      "privesc": false,
      "resource_exposure": false
    },
    {
      "access_level": "Read",
      "action": "drs:DescribeReplicationConfigurationTemplates",
      "condition": null,
      "credentials_exposure": false,
      "data_access": false,
      "effective_action": "drs:DescribeReplicationConfigurationTemplates",
      "privesc": false,
      "resource_exposure": false
    },
    {
      "access_level": "Write",
      "action": "drs:CreateSourceServerForDrs",
      "condition": null,
      "credentials_exposure": false,
      "data_access": false,
      "effective_action": "drs:CreateSourceServerForDrs",
      "privesc": false,
      "resource_exposure": false
    },
    {
      "access_level": "Tagging",
      "action": "drs:TagResource",
      "condition": {
        "StringEquals": {
          "drs:CreateAction": "CreateSourceServerForDrs"
        }
      },
      "credentials_exposure": false,
      "data_access": false,
      "effective_action": "drs:TagResource",
      "privesc": false,
      "resource_exposure": false
    }
  ],
  "grantless": false,
  "malformed": false,
  "name": "AWSElasticDisasterRecoveryCrossAccountReplicationPolicy",
  "privesc": false,
  "resource_exposure": false,
  "undocumented_actions": false,
  "unknown_actions": [],
  "updatedate": "2024-01-17T13:19:58+00:00",
  "version": "v2"
}