{
  "access_levels": [
    "List",
    "Read"
  ],
  "arn": "arn:aws:iam::aws:policy/AWSElementalMediaPackageV2ReadOnly",
  "createdate": "2023-07-25T20:31:25Z",
  "credentials_exposure": false,
  "data_access": false,
  "deprecated": false,
  "document": {
    "Statement": [
      {
        "Action": [
          "mediapackagev2:List*",
          "mediapackagev2:Get*"
        ],
        "Effect": "Allow",
        "Resource": "*"
      }
    ],
    "Version": "2012-10-17"
  },
  "effective_actions": [
    {
      "access_level": "List",
      "action": "mediapackagev2:List*",
      "condition": null,
      "credentials_exposure": false,
      "data_access": false,
      "effective_action": "mediapackagev2:ListChannelGroups",
      "privesc": false,
      "resource_exposure": false
    },
    {
      "access_level": "List",
      "action": "mediapackagev2:List*",
      "condition": null,
      "credentials_exposure": false,
      "data_access": false,
      "effective_action": "mediapackagev2:ListChannels",
      "privesc": false,
      "resource_exposure": false
    },
    {
      "access_level": "List",
      "action": "mediapackagev2:List*",
      "condition": null,
      "credentials_exposure": false,
      "data_access": false,
      "effective_action": "mediapackagev2:ListHarvestJobs",
      "privesc": false,
      "resource_exposure": false
    },
    {
      "access_level": "List",
      "action": "mediapackagev2:List*",
      "condition": null,
      "credentials_exposure": false,
      "data_access": false,
      "effective_action": "mediapackagev2:ListOriginEndpoints",
      "privesc": false,
      "resource_exposure": false
    },
    {
      "access_level": "Read",
      "action": "mediapackagev2:List*",
      "condition": null,
      "credentials_exposure": false,
      "data_access": false,
      "effective_action": "mediapackagev2:ListTagsForResource",
      "privesc": false,
      "resource_exposure": false
    },
    {
      "access_level": "Read",
      "action": "mediapackagev2:Get*",
      "condition": null,
      "credentials_exposure": false,
      "data_access": false,
      "effective_action": "mediapackagev2:GetChannel",
      "privesc": false,
      "resource_exposure": false
    },
    {
      "access_level": "Read",
      "action": "mediapackagev2:Get*",
      "condition": null,
      "credentials_exposure": false,
      "data_access": false,
      "effective_action": "mediapackagev2:GetChannelGroup",
      "privesc": false,
      "resource_exposure": false
    },
    {
      "access_level": "Read",
      "action": "mediapackagev2:Get*",
      "condition": null,
      "credentials_exposure": false,
      "data_access": false,
      "effective_action": "mediapackagev2:GetChannelPolicy",
      "privesc": false,
      "resource_exposure": false
    },
    {
      "access_level": "Read",
      "action": "mediapackagev2:Get*",
      "condition": null,
      "credentials_exposure": false,
      "data_access": false,
      "effective_action": "mediapackagev2:GetHarvestJob",
      "privesc": false,
      "resource_exposure": false
    },
    {
      "access_level": "Read",
      "action": "mediapackagev2:Get*",
      "condition": null,
      "credentials_exposure": false,
      "data_access": false,
      "effective_action": "mediapackagev2:GetHeadObject",
      "privesc": false,
      "resource_exposure": false
    },
    {
      "access_level": "Read",
      "action": "mediapackagev2:Get*",
      "condition": null,
      "credentials_exposure": false,
      "data_access": false,
      "effective_action": "mediapackagev2:GetObject",
      "privesc": false,
      "resource_exposure": false
    },
    {
      "access_level": "Read",
      "action": "mediapackagev2:Get*",
      "condition": null,
      "credentials_exposure": false,
      "data_access": false,
      "effective_action": "mediapackagev2:GetOriginEndpoint",
      "privesc": false,
      "resource_exposure": false
    },
    {
      "access_level": "Read",
      "action": "mediapackagev2:Get*",
      "condition": null,
      "credentials_exposure": false,
      "data_access": false,
      "effective_action": "mediapackagev2:GetOriginEndpointPolicy",
      "privesc": false,
      "resource_exposure": false
    }
  ],
  "grantless": false,
  "malformed": false,
  "name": "AWSElementalMediaPackageV2ReadOnly",
  "privesc": false,
  "resource_exposure": false,
  "undocumented_actions": false,
  "unknown_actions": [],
  "updatedate": "2023-07-25T20:31:25+00:00",
  "version": "v1"
}