{
  "access_levels": [
    "List",
    "Tagging",
    "Write"
  ],
  "arn": "arn:aws:iam::aws:policy/aws-service-role/AWSEC2CapacityReservationFleetRolePolicy",
  "createdate": "2025-03-03T23:22:06Z",
  "credentials_exposure": false,
  "data_access": false,
  "deprecated": false,
  "document": {
    "Statement": [
      {
        "Action": [
          "ec2:DescribeCapacityReservations",
          "ec2:DescribeInstances"
        ],
        "Effect": "Allow",
        "Resource": "*"
      },
      {
        "Action": [
          "ec2:CreateCapacityReservation",
          "ec2:CancelCapacityReservation",
          "ec2:ModifyCapacityReservation"
        ],
        "Condition": {
          "ArnLike": {
            "ec2:CapacityReservationFleet": "arn:aws:ec2:*:*:capacity-reservation-fleet/crf-*"
          }
        },
        "Effect": "Allow",
        "Resource": [
          "arn:aws:ec2:*:*:capacity-reservation/*"
        ]
      },
      {
        "Action": [
          "ec2:CreateTags"
        ],
        "Condition": {
          "StringEquals": {
            "ec2:CreateAction": "CreateCapacityReservation"
          }
        },
        "Effect": "Allow",
        "Resource": [
          "arn:aws:ec2:*:*:capacity-reservation/*"
        ]
      }
    ],
    "Version": "2012-10-17"
  },
  "effective_actions": [
    {
      "access_level": "List",
      "action": "ec2:DescribeCapacityReservations",
      "condition": null,
      "credentials_exposure": false,
      "data_access": false,
      "effective_action": "ec2:DescribeCapacityReservations",
      "privesc": false,
      "resource_exposure": false
    },
    {
      "access_level": "List",
      "action": "ec2:DescribeInstances",
      "condition": null,
      "credentials_exposure": false,
      "data_access": false,
      "effective_action": "ec2:DescribeInstances",
      "privesc": false,
      "resource_exposure": false
    },
    {
      "access_level": "Write",
      "action": "ec2:CreateCapacityReservation",
      "condition": {
        "ArnLike": {
          "ec2:CapacityReservationFleet": "arn:aws:ec2:*:*:capacity-reservation-fleet/crf-*"
        }
      },
      "credentials_exposure": false,
      "data_access": false,
      "effective_action": "ec2:CreateCapacityReservation",
      "privesc": false,
      "resource_exposure": false
    },
    {
      "access_level": "Write",
      "action": "ec2:CancelCapacityReservation",
      "condition": {
        "ArnLike": {
          "ec2:CapacityReservationFleet": "arn:aws:ec2:*:*:capacity-reservation-fleet/crf-*"
        }
      },
      "credentials_exposure": false,
      "data_access": false,
      "effective_action": "ec2:CancelCapacityReservation",
      "privesc": false,
      "resource_exposure": false
    },
    {
      "access_level": "Write",
      "action": "ec2:ModifyCapacityReservation",
      "condition": {
        "ArnLike": {
          "ec2:CapacityReservationFleet": "arn:aws:ec2:*:*:capacity-reservation-fleet/crf-*"
        }
      },
      "credentials_exposure": false,
      "data_access": false,
      "effective_action": "ec2:ModifyCapacityReservation",
      "privesc": false,
      "resource_exposure": false
    },
    {
      "access_level": "Tagging",
      "action": "ec2:CreateTags",
      "condition": {
        "StringEquals": {
          "ec2:CreateAction": "CreateCapacityReservation"
        }
      },
      "credentials_exposure": false,
      "data_access": false,
      "effective_action": "ec2:CreateTags",
      "privesc": false,
      "resource_exposure": false
    }
  ],
  "grantless": false,
  "malformed": false,
  "name": "AWSEC2CapacityReservationFleetRolePolicy",
  "privesc": false,
  "resource_exposure": false,
  "undocumented_actions": false,
  "unknown_actions": [],
  "updatedate": "2025-03-03T23:22:06+00:00",
  "version": "v2"
}