{
  "access_levels": [
    "List",
    "Read"
  ],
  "arn": "arn:aws:iam::aws:policy/AWSFMAdminReadOnlyAccess",
  "createdate": "2022-10-31T22:42:13Z",
  "credentials_exposure": true,
  "data_access": false,
  "deprecated": false,
  "document": {
    "Statement": [
      {
        "Action": [
          "fms:Get*",
          "fms:List*",
          "waf:Get*",
          "waf:List*",
          "waf-regional:Get*",
          "waf-regional:List*",
          "firehose:ListDeliveryStreams",
          "organizations:DescribeOrganization",
          "organizations:DescribeAccount",
          "organizations:ListRoots",
          "organizations:ListChildren",
          "organizations:ListAccounts",
          "organizations:ListAccountsForParent",
          "organizations:ListOrganizationalUnitsForParent",
          "shield:GetSubscriptionState",
          "route53resolver:ListFirewallRuleGroups",
          "route53resolver:GetFirewallRuleGroup",
          "wafv2:ListRuleGroups",
          "wafv2:ListAvailableManagedRuleGroups",
          "wafv2:CheckCapacity",
          "wafv2:ListAvailableManagedRuleGroupVersions",
          "network-firewall:DescribeRuleGroup",
          "network-firewall:DescribeRuleGroupMetadata",
          "network-firewall:ListRuleGroups",
          "ec2:DescribeAvailabilityZones",
          "ec2:DescribeRegions"
        ],
        "Effect": "Allow",
        "Resource": "*"
      },
      {
        "Action": [
          "s3:GetBucketPolicy"
        ],
        "Effect": "Allow",
        "Resource": [
          "arn:aws:s3:::aws-waf-logs-*"
        ]
      },
      {
        "Action": [
          "organizations:ListDelegatedAdministrators"
        ],
        "Condition": {
          "StringEquals": {
            "organizations:ServicePrincipal": [
              "fms.amazonaws.com"
            ]
          }
        },
        "Effect": "Allow",
        "Resource": "*"
      }
    ],
    "Version": "2012-10-17"
  },
  "effective_actions": [
    {
      "access_level": "Read",
      "action": "fms:Get*",
      "condition": null,
      "credentials_exposure": false,
      "data_access": false,
      "effective_action": "fms:GetAdminAccount",
      "privesc": false,
      "resource_exposure": false
    },
    {
      "access_level": "Read",
      "action": "fms:Get*",
      "condition": null,
      "credentials_exposure": false,
      "data_access": false,
      "effective_action": "fms:GetAdminScope",
      "privesc": false,
      "resource_exposure": false
    },
    {
      "access_level": "Read",
      "action": "fms:Get*",
      "condition": null,
      "credentials_exposure": false,
      "data_access": false,
      "effective_action": "fms:GetAppsList",
      "privesc": false,
      "resource_exposure": false
    },
    {
      "access_level": "Read",
      "action": "fms:Get*",
      "condition": null,
      "credentials_exposure": false,
      "data_access": false,
      "effective_action": "fms:GetComplianceDetail",
      "privesc": false,
      "resource_exposure": false
    },
    {
      "access_level": "Read",
      "action": "fms:Get*",
      "condition": null,
      "credentials_exposure": false,
      "data_access": false,
      "effective_action": "fms:GetNotificationChannel",
      "privesc": false,
      "resource_exposure": false
    },
    {
      "access_level": "Read",
      "action": "fms:Get*",
      "condition": null,
      "credentials_exposure": false,
      "data_access": false,
      "effective_action": "fms:GetPolicy",
      "privesc": false,
      "resource_exposure": false
    },
    {
      "access_level": "Read",
      "action": "fms:Get*",
      "condition": null,
      "credentials_exposure": false,
      "data_access": false,
      "effective_action": "fms:GetProtectionStatus",
      "privesc": false,
      "resource_exposure": false
    },
    {
      "access_level": "Read",
      "action": "fms:Get*",
      "condition": null,
      "credentials_exposure": false,
      "data_access": false,
      "effective_action": "fms:GetProtocolsList",
      "privesc": false,
      "resource_exposure": false
    },
    {
      "access_level": "Read",
      "action": "fms:Get*",
      "condition": null,
      "credentials_exposure": false,
      "data_access": false,
      "effective_action": "fms:GetResourceSet",
      "privesc": false,
      "resource_exposure": false
    },
    {
      "access_level": "Read",
      "action": "fms:Get*",
      "condition": null,
      "credentials_exposure": false,
      "data_access": false,
      "effective_action": "fms:GetThirdPartyFirewallAssociationStatus",
      "privesc": false,
      "resource_exposure": false
    },
    {
      "access_level": "Read",
      "action": "fms:Get*",
      "condition": null,
      "credentials_exposure": false,
      "data_access": false,
      "effective_action": "fms:GetViolationDetails",
      "privesc": false,
      "resource_exposure": false
    },
    {
      "access_level": "List",
      "action": "fms:List*",
      "condition": null,
      "credentials_exposure": false,
      "data_access": false,
      "effective_action": "fms:ListAdminAccountsForOrganization",
      "privesc": false,
      "resource_exposure": false
    },
    {
      "access_level": "List",
      "action": "fms:List*",
      "condition": null,
      "credentials_exposure": false,
      "data_access": false,
      "effective_action": "fms:ListAdminsManagingAccount",
      "privesc": false,
      "resource_exposure": false
    },
    {
      "access_level": "List",
      "action": "fms:List*",
      "condition": null,
      "credentials_exposure": false,
      "data_access": false,
      "effective_action": "fms:ListAppsLists",
      "privesc": false,
      "resource_exposure": false
    },
    {
      "access_level": "List",
      "action": "fms:List*",
      "condition": null,
      "credentials_exposure": false,
      "data_access": false,
      "effective_action": "fms:ListComplianceStatus",
      "privesc": false,
      "resource_exposure": false
    },
    {
      "access_level": "List",
      "action": "fms:List*",
      "condition": null,
      "credentials_exposure": false,
      "data_access": false,
      "effective_action": "fms:ListDiscoveredResources",
      "privesc": false,
      "resource_exposure": false
    },
    {
      "access_level": "List",
      "action": "fms:List*",
      "condition": null,
      "credentials_exposure": false,
      "data_access": false,
      "effective_action": "fms:ListMemberAccounts",
      "privesc": false,
      "resource_exposure": false
    },
    {
      "access_level": "List",
      "action": "fms:List*",
      "condition": null,
      "credentials_exposure": false,
      "data_access": false,
      "effective_action": "fms:ListPolicies",
      "privesc": false,
      "resource_exposure": false
    },
    {
      "access_level": "List",
      "action": "fms:List*",
      "condition": null,
      "credentials_exposure": false,
      "data_access": false,
      "effective_action": "fms:ListProtocolsLists",
      "privesc": false,
      "resource_exposure": false
    },
    {
      "access_level": "List",
      "action": "fms:List*",
      "condition": null,
      "credentials_exposure": false,
      "data_access": false,
      "effective_action": "fms:ListResourceSetResources",
      "privesc": false,
      "resource_exposure": false
    },
    {
      "access_level": "List",
      "action": "fms:List*",
      "condition": null,
      "credentials_exposure": false,
      "data_access": false,
      "effective_action": "fms:ListResourceSets",
      "privesc": false,
      "resource_exposure": false
    },
    {
      "access_level": "Read",
      "action": "fms:List*",
      "condition": null,
      "credentials_exposure": false,
      "data_access": false,
      "effective_action": "fms:ListTagsForResource",
      "privesc": false,
      "resource_exposure": false
    },
    {
      "access_level": "List",
      "action": "fms:List*",
      "condition": null,
      "credentials_exposure": false,
      "data_access": false,
      "effective_action": "fms:ListThirdPartyFirewallFirewallPolicies",
      "privesc": false,
      "resource_exposure": false
    },
    {
      "access_level": "Read",
      "action": "waf:Get*",
      "condition": null,
      "credentials_exposure": false,
      "data_access": false,
      "effective_action": "waf:GetByteMatchSet",
      "privesc": false,
      "resource_exposure": false
    },
    {
      "access_level": "Read",
      "action": "waf:Get*",
      "condition": null,
      "credentials_exposure": true,
      "data_access": false,
      "effective_action": "waf:GetChangeToken",
      "privesc": false,
      "resource_exposure": false
    },
    {
      "access_level": "Read",
      "action": "waf:Get*",
      "condition": null,
      "credentials_exposure": false,
      "data_access": false,
      "effective_action": "waf:GetChangeTokenStatus",
      "privesc": false,
      "resource_exposure": false
    },
    {
      "access_level": "Read",
      "action": "waf:Get*",
      "condition": null,
      "credentials_exposure": false,
      "data_access": false,
      "effective_action": "waf:GetGeoMatchSet",
      "privesc": false,
      "resource_exposure": false
    },
    {
      "access_level": "Read",
      "action": "waf:Get*",
      "condition": null,
      "credentials_exposure": false,
      "data_access": false,
      "effective_action": "waf:GetIPSet",
      "privesc": false,
      "resource_exposure": false
    },
    {
      "access_level": "Read",
      "action": "waf:Get*",
      "condition": null,
      "credentials_exposure": false,
      "data_access": false,
      "effective_action": "waf:GetLoggingConfiguration",
      "privesc": false,
      "resource_exposure": false
    },
    {
      "access_level": "Read",
      "action": "waf:Get*",
      "condition": null,
      "credentials_exposure": false,
      "data_access": false,
      "effective_action": "waf:GetPermissionPolicy",
      "privesc": false,
      "resource_exposure": false
    },
    {
      "access_level": "Read",
      "action": "waf:Get*",
      "condition": null,
      "credentials_exposure": false,
      "data_access": false,
      "effective_action": "waf:GetRateBasedRule",
      "privesc": false,
      "resource_exposure": false
    },
    {
      "access_level": "Read",
      "action": "waf:Get*",
      "condition": null,
      "credentials_exposure": false,
      "data_access": false,
      "effective_action": "waf:GetRateBasedRuleManagedKeys",
      "privesc": false,
      "resource_exposure": false
    },
    {
      "access_level": "Read",
      "action": "waf:Get*",
      "condition": null,
      "credentials_exposure": false,
      "data_access": false,
      "effective_action": "waf:GetRegexMatchSet",
      "privesc": false,
      "resource_exposure": false
    },
    {
      "access_level": "Read",
      "action": "waf:Get*",
      "condition": null,
      "credentials_exposure": false,
      "data_access": false,
      "effective_action": "waf:GetRegexPatternSet",
      "privesc": false,
      "resource_exposure": false
    },
    {
      "access_level": "Read",
      "action": "waf:Get*",
      "condition": null,
      "credentials_exposure": false,
      "data_access": false,
      "effective_action": "waf:GetRule",
      "privesc": false,
      "resource_exposure": false
    },
    {
      "access_level": "Read",
      "action": "waf:Get*",
      "condition": null,
      "credentials_exposure": false,
      "data_access": false,
      "effective_action": "waf:GetRuleGroup",
      "privesc": false,
      "resource_exposure": false
    },
    {
      "access_level": "Read",
      "action": "waf:Get*",
      "condition": null,
      "credentials_exposure": false,
      "data_access": false,
      "effective_action": "waf:GetSampledRequests",
      "privesc": false,
      "resource_exposure": false
    },
    {
      "access_level": "Read",
      "action": "waf:Get*",
      "condition": null,
      "credentials_exposure": false,
      "data_access": false,
      "effective_action": "waf:GetSizeConstraintSet",
      "privesc": false,
      "resource_exposure": false
    },
    {
      "access_level": "Read",
      "action": "waf:Get*",
      "condition": null,
      "credentials_exposure": false,
      "data_access": false,
      "effective_action": "waf:GetSqlInjectionMatchSet",
      "privesc": false,
      "resource_exposure": false
    },
    {
      "access_level": "Read",
      "action": "waf:Get*",
      "condition": null,
      "credentials_exposure": false,
      "data_access": false,
      "effective_action": "waf:GetWebACL",
      "privesc": false,
      "resource_exposure": false
    },
    {
      "access_level": "Read",
      "action": "waf:Get*",
      "condition": null,
      "credentials_exposure": false,
      "data_access": false,
      "effective_action": "waf:GetXssMatchSet",
      "privesc": false,
      "resource_exposure": false
    },
    {
      "access_level": "List",
      "action": "waf:List*",
      "condition": null,
      "credentials_exposure": false,
      "data_access": false,
      "effective_action": "waf:ListActivatedRulesInRuleGroup",
      "privesc": false,
      "resource_exposure": false
    },
    {
      "access_level": "List",
      "action": "waf:List*",
      "condition": null,
      "credentials_exposure": false,
      "data_access": false,
      "effective_action": "waf:ListByteMatchSets",
      "privesc": false,
      "resource_exposure": false
    },
    {
      "access_level": "List",
      "action": "waf:List*",
      "condition": null,
      "credentials_exposure": false,
      "data_access": false,
      "effective_action": "waf:ListGeoMatchSets",
      "privesc": false,
      "resource_exposure": false
    },
    {
      "access_level": "List",
      "action": "waf:List*",
      "condition": null,
      "credentials_exposure": false,
      "data_access": false,
      "effective_action": "waf:ListIPSets",
      "privesc": false,
      "resource_exposure": false
    },
    {
      "access_level": "List",
      "action": "waf:List*",
      "condition": null,
      "credentials_exposure": false,
      "data_access": false,
      "effective_action": "waf:ListLoggingConfigurations",
      "privesc": false,
      "resource_exposure": false
    },
    {
      "access_level": "List",
      "action": "waf:List*",
      "condition": null,
      "credentials_exposure": false,
      "data_access": false,
      "effective_action": "waf:ListRateBasedRules",
      "privesc": false,
      "resource_exposure": false
    },
    {
      "access_level": "List",
      "action": "waf:List*",
      "condition": null,
      "credentials_exposure": false,
      "data_access": false,
      "effective_action": "waf:ListRegexMatchSets",
      "privesc": false,
      "resource_exposure": false
    },
    {
      "access_level": "List",
      "action": "waf:List*",
      "condition": null,
      "credentials_exposure": false,
      "data_access": false,
      "effective_action": "waf:ListRegexPatternSets",
      "privesc": false,
      "resource_exposure": false
    },
    {
      "access_level": "List",
      "action": "waf:List*",
      "condition": null,
      "credentials_exposure": false,
      "data_access": false,
      "effective_action": "waf:ListRuleGroups",
      "privesc": false,
      "resource_exposure": false
    },
    {
      "access_level": "List",
      "action": "waf:List*",
      "condition": null,
      "credentials_exposure": false,
      "data_access": false,
      "effective_action": "waf:ListRules",
      "privesc": false,
      "resource_exposure": false
    },
    {
      "access_level": "List",
      "action": "waf:List*",
      "condition": null,
      "credentials_exposure": false,
      "data_access": false,
      "effective_action": "waf:ListSizeConstraintSets",
      "privesc": false,
      "resource_exposure": false
    },
    {
      "access_level": "List",
      "action": "waf:List*",
      "condition": null,
      "credentials_exposure": false,
      "data_access": false,
      "effective_action": "waf:ListSqlInjectionMatchSets",
      "privesc": false,
      "resource_exposure": false
    },
    {
      "access_level": "List",
      "action": "waf:List*",
      "condition": null,
      "credentials_exposure": false,
      "data_access": false,
      "effective_action": "waf:ListSubscribedRuleGroups",
      "privesc": false,
      "resource_exposure": false
    },
    {
      "access_level": "Read",
      "action": "waf:List*",
      "condition": null,
      "credentials_exposure": false,
      "data_access": false,
      "effective_action": "waf:ListTagsForResource",
      "privesc": false,
      "resource_exposure": false
    },
    {
      "access_level": "List",
      "action": "waf:List*",
      "condition": null,
      "credentials_exposure": false,
      "data_access": false,
      "effective_action": "waf:ListWebACLs",
      "privesc": false,
      "resource_exposure": false
    },
    {
      "access_level": "List",
      "action": "waf:List*",
      "condition": null,
      "credentials_exposure": false,
      "data_access": false,
      "effective_action": "waf:ListXssMatchSets",
      "privesc": false,
      "resource_exposure": false
    },
    {
      "access_level": "Read",
      "action": "waf-regional:Get*",
      "condition": null,
      "credentials_exposure": false,
      "data_access": false,
      "effective_action": "waf-regional:GetByteMatchSet",
      "privesc": false,
      "resource_exposure": false
    },
    {
      "access_level": "Read",
      "action": "waf-regional:Get*",
      "condition": null,
      "credentials_exposure": true,
      "data_access": false,
      "effective_action": "waf-regional:GetChangeToken",
      "privesc": false,
      "resource_exposure": false
    },
    {
      "access_level": "Read",
      "action": "waf-regional:Get*",
      "condition": null,
      "credentials_exposure": false,
      "data_access": false,
      "effective_action": "waf-regional:GetChangeTokenStatus",
      "privesc": false,
      "resource_exposure": false
    },
    {
      "access_level": "Read",
      "action": "waf-regional:Get*",
      "condition": null,
      "credentials_exposure": false,
      "data_access": false,
      "effective_action": "waf-regional:GetGeoMatchSet",
      "privesc": false,
      "resource_exposure": false
    },
    {
      "access_level": "Read",
      "action": "waf-regional:Get*",
      "condition": null,
      "credentials_exposure": false,
      "data_access": false,
      "effective_action": "waf-regional:GetIPSet",
      "privesc": false,
      "resource_exposure": false
    },
    {
      "access_level": "Read",
      "action": "waf-regional:Get*",
      "condition": null,
      "credentials_exposure": false,
      "data_access": false,
      "effective_action": "waf-regional:GetLoggingConfiguration",
      "privesc": false,
      "resource_exposure": false
    },
    {
      "access_level": "Read",
      "action": "waf-regional:Get*",
      "condition": null,
      "credentials_exposure": false,
      "data_access": false,
      "effective_action": "waf-regional:GetPermissionPolicy",
      "privesc": false,
      "resource_exposure": false
    },
    {
      "access_level": "Read",
      "action": "waf-regional:Get*",
      "condition": null,
      "credentials_exposure": false,
      "data_access": false,
      "effective_action": "waf-regional:GetRateBasedRule",
      "privesc": false,
      "resource_exposure": false
    },
    {
      "access_level": "Read",
      "action": "waf-regional:Get*",
      "condition": null,
      "credentials_exposure": false,
      "data_access": false,
      "effective_action": "waf-regional:GetRateBasedRuleManagedKeys",
      "privesc": false,
      "resource_exposure": false
    },
    {
      "access_level": "Read",
      "action": "waf-regional:Get*",
      "condition": null,
      "credentials_exposure": false,
      "data_access": false,
      "effective_action": "waf-regional:GetRegexMatchSet",
      "privesc": false,
      "resource_exposure": false
    },
    {
      "access_level": "Read",
      "action": "waf-regional:Get*",
      "condition": null,
      "credentials_exposure": false,
      "data_access": false,
      "effective_action": "waf-regional:GetRegexPatternSet",
      "privesc": false,
      "resource_exposure": false
    },
    {
      "access_level": "Read",
      "action": "waf-regional:Get*",
      "condition": null,
      "credentials_exposure": false,
      "data_access": false,
      "effective_action": "waf-regional:GetRule",
      "privesc": false,
      "resource_exposure": false
    },
    {
      "access_level": "Read",
      "action": "waf-regional:Get*",
      "condition": null,
      "credentials_exposure": false,
      "data_access": false,
      "effective_action": "waf-regional:GetRuleGroup",
      "privesc": false,
      "resource_exposure": false
    },
    {
      "access_level": "Read",
      "action": "waf-regional:Get*",
      "condition": null,
      "credentials_exposure": false,
      "data_access": false,
      "effective_action": "waf-regional:GetSampledRequests",
      "privesc": false,
      "resource_exposure": false
    },
    {
      "access_level": "Read",
      "action": "waf-regional:Get*",
      "condition": null,
      "credentials_exposure": false,
      "data_access": false,
      "effective_action": "waf-regional:GetSizeConstraintSet",
      "privesc": false,
      "resource_exposure": false
    },
    {
      "access_level": "Read",
      "action": "waf-regional:Get*",
      "condition": null,
      "credentials_exposure": false,
      "data_access": false,
      "effective_action": "waf-regional:GetSqlInjectionMatchSet",
      "privesc": false,
      "resource_exposure": false
    },
    {
      "access_level": "Read",
      "action": "waf-regional:Get*",
      "condition": null,
      "credentials_exposure": false,
      "data_access": false,
      "effective_action": "waf-regional:GetWebACL",
      "privesc": false,
      "resource_exposure": false
    },
    {
      "access_level": "Read",
      "action": "waf-regional:Get*",
      "condition": null,
      "credentials_exposure": false,
      "data_access": false,
      "effective_action": "waf-regional:GetWebACLForResource",
      "privesc": false,
      "resource_exposure": false
    },
    {
      "access_level": "Read",
      "action": "waf-regional:Get*",
      "condition": null,
      "credentials_exposure": false,
      "data_access": false,
      "effective_action": "waf-regional:GetXssMatchSet",
      "privesc": false,
      "resource_exposure": false
    },
    {
      "access_level": "List",
      "action": "waf-regional:List*",
      "condition": null,
      "credentials_exposure": false,
      "data_access": false,
      "effective_action": "waf-regional:ListActivatedRulesInRuleGroup",
      "privesc": false,
      "resource_exposure": false
    },
    {
      "access_level": "List",
      "action": "waf-regional:List*",
      "condition": null,
      "credentials_exposure": false,
      "data_access": false,
      "effective_action": "waf-regional:ListByteMatchSets",
      "privesc": false,
      "resource_exposure": false
    },
    {
      "access_level": "List",
      "action": "waf-regional:List*",
      "condition": null,
      "credentials_exposure": false,
      "data_access": false,
      "effective_action": "waf-regional:ListGeoMatchSets",
      "privesc": false,
      "resource_exposure": false
    },
    {
      "access_level": "List",
      "action": "waf-regional:List*",
      "condition": null,
      "credentials_exposure": false,
      "data_access": false,
      "effective_action": "waf-regional:ListIPSets",
      "privesc": false,
      "resource_exposure": false
    },
    {
      "access_level": "List",
      "action": "waf-regional:List*",
      "condition": null,
      "credentials_exposure": false,
      "data_access": false,
      "effective_action": "waf-regional:ListLoggingConfigurations",
      "privesc": false,
      "resource_exposure": false
    },
    {
      "access_level": "List",
      "action": "waf-regional:List*",
      "condition": null,
      "credentials_exposure": false,
      "data_access": false,
      "effective_action": "waf-regional:ListRateBasedRules",
      "privesc": false,
      "resource_exposure": false
    },
    {
      "access_level": "List",
      "action": "waf-regional:List*",
      "condition": null,
      "credentials_exposure": false,
      "data_access": false,
      "effective_action": "waf-regional:ListRegexMatchSets",
      "privesc": false,
      "resource_exposure": false
    },
    {
      "access_level": "List",
      "action": "waf-regional:List*",
      "condition": null,
      "credentials_exposure": false,
      "data_access": false,
      "effective_action": "waf-regional:ListRegexPatternSets",
      "privesc": false,
      "resource_exposure": false
    },
    {
      "access_level": "List",
      "action": "waf-regional:List*",
      "condition": null,
      "credentials_exposure": false,
      "data_access": false,
      "effective_action": "waf-regional:ListResourcesForWebACL",
      "privesc": false,
      "resource_exposure": false
    },
    {
      "access_level": "List",
      "action": "waf-regional:List*",
      "condition": null,
      "credentials_exposure": false,
      "data_access": false,
      "effective_action": "waf-regional:ListRuleGroups",
      "privesc": false,
      "resource_exposure": false
    },
    {
      "access_level": "List",
      "action": "waf-regional:List*",
      "condition": null,
      "credentials_exposure": false,
      "data_access": false,
      "effective_action": "waf-regional:ListRules",
      "privesc": false,
      "resource_exposure": false
    },
    {
      "access_level": "List",
      "action": "waf-regional:List*",
      "condition": null,
      "credentials_exposure": false,
      "data_access": false,
      "effective_action": "waf-regional:ListSizeConstraintSets",
      "privesc": false,
      "resource_exposure": false
    },
    {
      "access_level": "List",
      "action": "waf-regional:List*",
      "condition": null,
      "credentials_exposure": false,
      "data_access": false,
      "effective_action": "waf-regional:ListSqlInjectionMatchSets",
      "privesc": false,
      "resource_exposure": false
    },
    {
      "access_level": "List",
      "action": "waf-regional:List*",
      "condition": null,
      "credentials_exposure": false,
      "data_access": false,
      "effective_action": "waf-regional:ListSubscribedRuleGroups",
      "privesc": false,
      "resource_exposure": false
    },
    {
      "access_level": "Read",
      "action": "waf-regional:List*",
      "condition": null,
      "credentials_exposure": false,
      "data_access": false,
      "effective_action": "waf-regional:ListTagsForResource",
      "privesc": false,
      "resource_exposure": false
    },
    {
      "access_level": "List",
      "action": "waf-regional:List*",
      "condition": null,
      "credentials_exposure": false,
      "data_access": false,
      "effective_action": "waf-regional:ListWebACLs",
      "privesc": false,
      "resource_exposure": false
    },
    {
      "access_level": "List",
      "action": "waf-regional:List*",
      "condition": null,
      "credentials_exposure": false,
      "data_access": false,
      "effective_action": "waf-regional:ListXssMatchSets",
      "privesc": false,
      "resource_exposure": false
    },
    {
      "access_level": "List",
      "action": "firehose:ListDeliveryStreams",
      "condition": null,
      "credentials_exposure": false,
      "data_access": false,
      "effective_action": "firehose:ListDeliveryStreams",
      "privesc": false,
      "resource_exposure": false
    },
    {
      "access_level": "Read",
      "action": "organizations:DescribeOrganization",
      "condition": null,
      "credentials_exposure": false,
      "data_access": false,
      "effective_action": "organizations:DescribeOrganization",
      "privesc": false,
      "resource_exposure": false
    },
    {
      "access_level": "Read",
      "action": "organizations:DescribeAccount",
      "condition": null,
      "credentials_exposure": false,
      "data_access": false,
      "effective_action": "organizations:DescribeAccount",
      "privesc": false,
      "resource_exposure": false
    },
    {
      "access_level": "List",
      "action": "organizations:ListRoots",
      "condition": null,
      "credentials_exposure": false,
      "data_access": false,
      "effective_action": "organizations:ListRoots",
      "privesc": false,
      "resource_exposure": false
    },
    {
      "access_level": "List",
      "action": "organizations:ListChildren",
      "condition": null,
      "credentials_exposure": false,
      "data_access": false,
      "effective_action": "organizations:ListChildren",
      "privesc": false,
      "resource_exposure": false
    },
    {
      "access_level": "List",
      "action": "organizations:ListAccounts",
      "condition": null,
      "credentials_exposure": false,
      "data_access": false,
      "effective_action": "organizations:ListAccounts",
      "privesc": false,
      "resource_exposure": false
    },
    {
      "access_level": "List",
      "action": "organizations:ListAccountsForParent",
      "condition": null,
      "credentials_exposure": false,
      "data_access": false,
      "effective_action": "organizations:ListAccountsForParent",
      "privesc": false,
      "resource_exposure": false
    },
    {
      "access_level": "List",
      "action": "organizations:ListOrganizationalUnitsForParent",
      "condition": null,
      "credentials_exposure": false,
      "data_access": false,
      "effective_action": "organizations:ListOrganizationalUnitsForParent",
      "privesc": false,
      "resource_exposure": false
    },
    {
      "access_level": "Read",
      "action": "shield:GetSubscriptionState",
      "condition": null,
      "credentials_exposure": false,
      "data_access": false,
      "effective_action": "shield:GetSubscriptionState",
      "privesc": false,
      "resource_exposure": false
    },
    {
      "access_level": "List",
      "action": "route53resolver:ListFirewallRuleGroups",
      "condition": null,
      "credentials_exposure": false,
      "data_access": false,
      "effective_action": "route53resolver:ListFirewallRuleGroups",
      "privesc": false,
      "resource_exposure": false
    },
    {
      "access_level": "Read",
      "action": "route53resolver:GetFirewallRuleGroup",
      "condition": null,
      "credentials_exposure": false,
      "data_access": false,
      "effective_action": "route53resolver:GetFirewallRuleGroup",
      "privesc": false,
      "resource_exposure": false
    },
    {
      "access_level": "List",
      "action": "wafv2:ListRuleGroups",
      "condition": null,
      "credentials_exposure": false,
      "data_access": false,
      "effective_action": "wafv2:ListRuleGroups",
      "privesc": false,
      "resource_exposure": false
    },
    {
      "access_level": "List",
      "action": "wafv2:ListAvailableManagedRuleGroups",
      "condition": null,
      "credentials_exposure": false,
      "data_access": false,
      "effective_action": "wafv2:ListAvailableManagedRuleGroups",
      "privesc": false,
      "resource_exposure": false
    },
    {
      "access_level": "Read",
      "action": "wafv2:CheckCapacity",
      "condition": null,
      "credentials_exposure": false,
      "data_access": false,
      "effective_action": "wafv2:CheckCapacity",
      "privesc": false,
      "resource_exposure": false
    },
    {
      "access_level": "List",
      "action": "wafv2:ListAvailableManagedRuleGroupVersions",
      "condition": null,
      "credentials_exposure": false,
      "data_access": false,
      "effective_action": "wafv2:ListAvailableManagedRuleGroupVersions",
      "privesc": false,
      "resource_exposure": false
    },
    {
      "access_level": "Read",
      "action": "network-firewall:DescribeRuleGroup",
      "condition": null,
      "credentials_exposure": false,
      "data_access": false,
      "effective_action": "network-firewall:DescribeRuleGroup",
      "privesc": false,
      "resource_exposure": false
    },
    {
      "access_level": "Read",
      "action": "network-firewall:DescribeRuleGroupMetadata",
      "condition": null,
      "credentials_exposure": false,
      "data_access": false,
      "effective_action": "network-firewall:DescribeRuleGroupMetadata",
      "privesc": false,
      "resource_exposure": false
    },
    {
      "access_level": "List",
      "action": "network-firewall:ListRuleGroups",
      "condition": null,
      "credentials_exposure": false,
      "data_access": false,
      "effective_action": "network-firewall:ListRuleGroups",
      "privesc": false,
      "resource_exposure": false
    },
    {
      "access_level": "List",
      "action": "ec2:DescribeAvailabilityZones",
      "condition": null,
      "credentials_exposure": false,
      "data_access": false,
      "effective_action": "ec2:DescribeAvailabilityZones",
      "privesc": false,
      "resource_exposure": false
    },
    {
      "access_level": "List",
      "action": "ec2:DescribeRegions",
      "condition": null,
      "credentials_exposure": false,
      "data_access": false,
      "effective_action": "ec2:DescribeRegions",
      "privesc": false,
      "resource_exposure": false
    },
    {
      "access_level": "Read",
      "action": "s3:GetBucketPolicy",
      "condition": null,
      "credentials_exposure": false,
      "data_access": false,
      "effective_action": "s3:GetBucketPolicy",
      "privesc": false,
      "resource_exposure": false
    },
    {
      "access_level": "List",
      "action": "organizations:ListDelegatedAdministrators",
      "condition": {
        "StringEquals": {
          "organizations:ServicePrincipal": [
            "fms.amazonaws.com"
          ]
        }
      },
      "credentials_exposure": false,
      "data_access": false,
      "effective_action": "organizations:ListDelegatedAdministrators",
      "privesc": false,
      "resource_exposure": false
    }
  ],
  "grantless": false,
  "malformed": false,
  "name": "AWSFMAdminReadOnlyAccess",
  "privesc": false,
  "resource_exposure": false,
  "undocumented_actions": false,
  "unknown_actions": [],
  "updatedate": "2022-10-31T22:42:13+00:00",
  "version": "v2"
}