{
  "access_levels": [
    "List",
    "Read"
  ],
  "arn": "arn:aws:iam::aws:policy/AWSFMMemberReadOnlyAccess",
  "createdate": "2018-05-09T21:05:29Z",
  "credentials_exposure": true,
  "data_access": false,
  "deprecated": false,
  "document": {
    "Statement": [
      {
        "Action": [
          "fms:GetAdminAccount",
          "waf:Get*",
          "waf:List*",
          "waf-regional:Get*",
          "waf-regional:List*",
          "organizations:DescribeOrganization"
        ],
        "Effect": "Allow",
        "Resource": "*"
      }
    ],
    "Version": "2012-10-17"
  },
  "effective_actions": [
    {
      "access_level": "Read",
      "action": "fms:GetAdminAccount",
      "condition": null,
      "credentials_exposure": false,
      "data_access": false,
      "effective_action": "fms:GetAdminAccount",
      "privesc": false,
      "resource_exposure": false
    },
    {
      "access_level": "Read",
      "action": "waf:Get*",
      "condition": null,
      "credentials_exposure": false,
      "data_access": false,
      "effective_action": "waf:GetByteMatchSet",
      "privesc": false,
      "resource_exposure": false
    },
    {
      "access_level": "Read",
      "action": "waf:Get*",
      "condition": null,
      "credentials_exposure": true,
      "data_access": false,
      "effective_action": "waf:GetChangeToken",
      "privesc": false,
      "resource_exposure": false
    },
    {
      "access_level": "Read",
      "action": "waf:Get*",
      "condition": null,
      "credentials_exposure": false,
      "data_access": false,
      "effective_action": "waf:GetChangeTokenStatus",
      "privesc": false,
      "resource_exposure": false
    },
    {
      "access_level": "Read",
      "action": "waf:Get*",
      "condition": null,
      "credentials_exposure": false,
      "data_access": false,
      "effective_action": "waf:GetGeoMatchSet",
      "privesc": false,
      "resource_exposure": false
    },
    {
      "access_level": "Read",
      "action": "waf:Get*",
      "condition": null,
      "credentials_exposure": false,
      "data_access": false,
      "effective_action": "waf:GetIPSet",
      "privesc": false,
      "resource_exposure": false
    },
    {
      "access_level": "Read",
      "action": "waf:Get*",
      "condition": null,
      "credentials_exposure": false,
      "data_access": false,
      "effective_action": "waf:GetLoggingConfiguration",
      "privesc": false,
      "resource_exposure": false
    },
    {
      "access_level": "Read",
      "action": "waf:Get*",
      "condition": null,
      "credentials_exposure": false,
      "data_access": false,
      "effective_action": "waf:GetPermissionPolicy",
      "privesc": false,
      "resource_exposure": false
    },
    {
      "access_level": "Read",
      "action": "waf:Get*",
      "condition": null,
      "credentials_exposure": false,
      "data_access": false,
      "effective_action": "waf:GetRateBasedRule",
      "privesc": false,
      "resource_exposure": false
    },
    {
      "access_level": "Read",
      "action": "waf:Get*",
      "condition": null,
      "credentials_exposure": false,
      "data_access": false,
      "effective_action": "waf:GetRateBasedRuleManagedKeys",
      "privesc": false,
      "resource_exposure": false
    },
    {
      "access_level": "Read",
      "action": "waf:Get*",
      "condition": null,
      "credentials_exposure": false,
      "data_access": false,
      "effective_action": "waf:GetRegexMatchSet",
      "privesc": false,
      "resource_exposure": false
    },
    {
      "access_level": "Read",
      "action": "waf:Get*",
      "condition": null,
      "credentials_exposure": false,
      "data_access": false,
      "effective_action": "waf:GetRegexPatternSet",
      "privesc": false,
      "resource_exposure": false
    },
    {
      "access_level": "Read",
      "action": "waf:Get*",
      "condition": null,
      "credentials_exposure": false,
      "data_access": false,
      "effective_action": "waf:GetRule",
      "privesc": false,
      "resource_exposure": false
    },
    {
      "access_level": "Read",
      "action": "waf:Get*",
      "condition": null,
      "credentials_exposure": false,
      "data_access": false,
      "effective_action": "waf:GetRuleGroup",
      "privesc": false,
      "resource_exposure": false
    },
    {
      "access_level": "Read",
      "action": "waf:Get*",
      "condition": null,
      "credentials_exposure": false,
      "data_access": false,
      "effective_action": "waf:GetSampledRequests",
      "privesc": false,
      "resource_exposure": false
    },
    {
      "access_level": "Read",
      "action": "waf:Get*",
      "condition": null,
      "credentials_exposure": false,
      "data_access": false,
      "effective_action": "waf:GetSizeConstraintSet",
      "privesc": false,
      "resource_exposure": false
    },
    {
      "access_level": "Read",
      "action": "waf:Get*",
      "condition": null,
      "credentials_exposure": false,
      "data_access": false,
      "effective_action": "waf:GetSqlInjectionMatchSet",
      "privesc": false,
      "resource_exposure": false
    },
    {
      "access_level": "Read",
      "action": "waf:Get*",
      "condition": null,
      "credentials_exposure": false,
      "data_access": false,
      "effective_action": "waf:GetWebACL",
      "privesc": false,
      "resource_exposure": false
    },
    {
      "access_level": "Read",
      "action": "waf:Get*",
      "condition": null,
      "credentials_exposure": false,
      "data_access": false,
      "effective_action": "waf:GetXssMatchSet",
      "privesc": false,
      "resource_exposure": false
    },
    {
      "access_level": "List",
      "action": "waf:List*",
      "condition": null,
      "credentials_exposure": false,
      "data_access": false,
      "effective_action": "waf:ListActivatedRulesInRuleGroup",
      "privesc": false,
      "resource_exposure": false
    },
    {
      "access_level": "List",
      "action": "waf:List*",
      "condition": null,
      "credentials_exposure": false,
      "data_access": false,
      "effective_action": "waf:ListByteMatchSets",
      "privesc": false,
      "resource_exposure": false
    },
    {
      "access_level": "List",
      "action": "waf:List*",
      "condition": null,
      "credentials_exposure": false,
      "data_access": false,
      "effective_action": "waf:ListGeoMatchSets",
      "privesc": false,
      "resource_exposure": false
    },
    {
      "access_level": "List",
      "action": "waf:List*",
      "condition": null,
      "credentials_exposure": false,
      "data_access": false,
      "effective_action": "waf:ListIPSets",
      "privesc": false,
      "resource_exposure": false
    },
    {
      "access_level": "List",
      "action": "waf:List*",
      "condition": null,
      "credentials_exposure": false,
      "data_access": false,
      "effective_action": "waf:ListLoggingConfigurations",
      "privesc": false,
      "resource_exposure": false
    },
    {
      "access_level": "List",
      "action": "waf:List*",
      "condition": null,
      "credentials_exposure": false,
      "data_access": false,
      "effective_action": "waf:ListRateBasedRules",
      "privesc": false,
      "resource_exposure": false
    },
    {
      "access_level": "List",
      "action": "waf:List*",
      "condition": null,
      "credentials_exposure": false,
      "data_access": false,
      "effective_action": "waf:ListRegexMatchSets",
      "privesc": false,
      "resource_exposure": false
    },
    {
      "access_level": "List",
      "action": "waf:List*",
      "condition": null,
      "credentials_exposure": false,
      "data_access": false,
      "effective_action": "waf:ListRegexPatternSets",
      "privesc": false,
      "resource_exposure": false
    },
    {
      "access_level": "List",
      "action": "waf:List*",
      "condition": null,
      "credentials_exposure": false,
      "data_access": false,
      "effective_action": "waf:ListRuleGroups",
      "privesc": false,
      "resource_exposure": false
    },
    {
      "access_level": "List",
      "action": "waf:List*",
      "condition": null,
      "credentials_exposure": false,
      "data_access": false,
      "effective_action": "waf:ListRules",
      "privesc": false,
      "resource_exposure": false
    },
    {
      "access_level": "List",
      "action": "waf:List*",
      "condition": null,
      "credentials_exposure": false,
      "data_access": false,
      "effective_action": "waf:ListSizeConstraintSets",
      "privesc": false,
      "resource_exposure": false
    },
    {
      "access_level": "List",
      "action": "waf:List*",
      "condition": null,
      "credentials_exposure": false,
      "data_access": false,
      "effective_action": "waf:ListSqlInjectionMatchSets",
      "privesc": false,
      "resource_exposure": false
    },
    {
      "access_level": "List",
      "action": "waf:List*",
      "condition": null,
      "credentials_exposure": false,
      "data_access": false,
      "effective_action": "waf:ListSubscribedRuleGroups",
      "privesc": false,
      "resource_exposure": false
    },
    {
      "access_level": "Read",
      "action": "waf:List*",
      "condition": null,
      "credentials_exposure": false,
      "data_access": false,
      "effective_action": "waf:ListTagsForResource",
      "privesc": false,
      "resource_exposure": false
    },
    {
      "access_level": "List",
      "action": "waf:List*",
      "condition": null,
      "credentials_exposure": false,
      "data_access": false,
      "effective_action": "waf:ListWebACLs",
      "privesc": false,
      "resource_exposure": false
    },
    {
      "access_level": "List",
      "action": "waf:List*",
      "condition": null,
      "credentials_exposure": false,
      "data_access": false,
      "effective_action": "waf:ListXssMatchSets",
      "privesc": false,
      "resource_exposure": false
    },
    {
      "access_level": "Read",
      "action": "waf-regional:Get*",
      "condition": null,
      "credentials_exposure": false,
      "data_access": false,
      "effective_action": "waf-regional:GetByteMatchSet",
      "privesc": false,
      "resource_exposure": false
    },
    {
      "access_level": "Read",
      "action": "waf-regional:Get*",
      "condition": null,
      "credentials_exposure": true,
      "data_access": false,
      "effective_action": "waf-regional:GetChangeToken",
      "privesc": false,
      "resource_exposure": false
    },
    {
      "access_level": "Read",
      "action": "waf-regional:Get*",
      "condition": null,
      "credentials_exposure": false,
      "data_access": false,
      "effective_action": "waf-regional:GetChangeTokenStatus",
      "privesc": false,
      "resource_exposure": false
    },
    {
      "access_level": "Read",
      "action": "waf-regional:Get*",
      "condition": null,
      "credentials_exposure": false,
      "data_access": false,
      "effective_action": "waf-regional:GetGeoMatchSet",
      "privesc": false,
      "resource_exposure": false
    },
    {
      "access_level": "Read",
      "action": "waf-regional:Get*",
      "condition": null,
      "credentials_exposure": false,
      "data_access": false,
      "effective_action": "waf-regional:GetIPSet",
      "privesc": false,
      "resource_exposure": false
    },
    {
      "access_level": "Read",
      "action": "waf-regional:Get*",
      "condition": null,
      "credentials_exposure": false,
      "data_access": false,
      "effective_action": "waf-regional:GetLoggingConfiguration",
      "privesc": false,
      "resource_exposure": false
    },
    {
      "access_level": "Read",
      "action": "waf-regional:Get*",
      "condition": null,
      "credentials_exposure": false,
      "data_access": false,
      "effective_action": "waf-regional:GetPermissionPolicy",
      "privesc": false,
      "resource_exposure": false
    },
    {
      "access_level": "Read",
      "action": "waf-regional:Get*",
      "condition": null,
      "credentials_exposure": false,
      "data_access": false,
      "effective_action": "waf-regional:GetRateBasedRule",
      "privesc": false,
      "resource_exposure": false
    },
    {
      "access_level": "Read",
      "action": "waf-regional:Get*",
      "condition": null,
      "credentials_exposure": false,
      "data_access": false,
      "effective_action": "waf-regional:GetRateBasedRuleManagedKeys",
      "privesc": false,
      "resource_exposure": false
    },
    {
      "access_level": "Read",
      "action": "waf-regional:Get*",
      "condition": null,
      "credentials_exposure": false,
      "data_access": false,
      "effective_action": "waf-regional:GetRegexMatchSet",
      "privesc": false,
      "resource_exposure": false
    },
    {
      "access_level": "Read",
      "action": "waf-regional:Get*",
      "condition": null,
      "credentials_exposure": false,
      "data_access": false,
      "effective_action": "waf-regional:GetRegexPatternSet",
      "privesc": false,
      "resource_exposure": false
    },
    {
      "access_level": "Read",
      "action": "waf-regional:Get*",
      "condition": null,
      "credentials_exposure": false,
      "data_access": false,
      "effective_action": "waf-regional:GetRule",
      "privesc": false,
      "resource_exposure": false
    },
    {
      "access_level": "Read",
      "action": "waf-regional:Get*",
      "condition": null,
      "credentials_exposure": false,
      "data_access": false,
      "effective_action": "waf-regional:GetRuleGroup",
      "privesc": false,
      "resource_exposure": false
    },
    {
      "access_level": "Read",
      "action": "waf-regional:Get*",
      "condition": null,
      "credentials_exposure": false,
      "data_access": false,
      "effective_action": "waf-regional:GetSampledRequests",
      "privesc": false,
      "resource_exposure": false
    },
    {
      "access_level": "Read",
      "action": "waf-regional:Get*",
      "condition": null,
      "credentials_exposure": false,
      "data_access": false,
      "effective_action": "waf-regional:GetSizeConstraintSet",
      "privesc": false,
      "resource_exposure": false
    },
    {
      "access_level": "Read",
      "action": "waf-regional:Get*",
      "condition": null,
      "credentials_exposure": false,
      "data_access": false,
      "effective_action": "waf-regional:GetSqlInjectionMatchSet",
      "privesc": false,
      "resource_exposure": false
    },
    {
      "access_level": "Read",
      "action": "waf-regional:Get*",
      "condition": null,
      "credentials_exposure": false,
      "data_access": false,
      "effective_action": "waf-regional:GetWebACL",
      "privesc": false,
      "resource_exposure": false
    },
    {
      "access_level": "Read",
      "action": "waf-regional:Get*",
      "condition": null,
      "credentials_exposure": false,
      "data_access": false,
      "effective_action": "waf-regional:GetWebACLForResource",
      "privesc": false,
      "resource_exposure": false
    },
    {
      "access_level": "Read",
      "action": "waf-regional:Get*",
      "condition": null,
      "credentials_exposure": false,
      "data_access": false,
      "effective_action": "waf-regional:GetXssMatchSet",
      "privesc": false,
      "resource_exposure": false
    },
    {
      "access_level": "List",
      "action": "waf-regional:List*",
      "condition": null,
      "credentials_exposure": false,
      "data_access": false,
      "effective_action": "waf-regional:ListActivatedRulesInRuleGroup",
      "privesc": false,
      "resource_exposure": false
    },
    {
      "access_level": "List",
      "action": "waf-regional:List*",
      "condition": null,
      "credentials_exposure": false,
      "data_access": false,
      "effective_action": "waf-regional:ListByteMatchSets",
      "privesc": false,
      "resource_exposure": false
    },
    {
      "access_level": "List",
      "action": "waf-regional:List*",
      "condition": null,
      "credentials_exposure": false,
      "data_access": false,
      "effective_action": "waf-regional:ListGeoMatchSets",
      "privesc": false,
      "resource_exposure": false
    },
    {
      "access_level": "List",
      "action": "waf-regional:List*",
      "condition": null,
      "credentials_exposure": false,
      "data_access": false,
      "effective_action": "waf-regional:ListIPSets",
      "privesc": false,
      "resource_exposure": false
    },
    {
      "access_level": "List",
      "action": "waf-regional:List*",
      "condition": null,
      "credentials_exposure": false,
      "data_access": false,
      "effective_action": "waf-regional:ListLoggingConfigurations",
      "privesc": false,
      "resource_exposure": false
    },
    {
      "access_level": "List",
      "action": "waf-regional:List*",
      "condition": null,
      "credentials_exposure": false,
      "data_access": false,
      "effective_action": "waf-regional:ListRateBasedRules",
      "privesc": false,
      "resource_exposure": false
    },
    {
      "access_level": "List",
      "action": "waf-regional:List*",
      "condition": null,
      "credentials_exposure": false,
      "data_access": false,
      "effective_action": "waf-regional:ListRegexMatchSets",
      "privesc": false,
      "resource_exposure": false
    },
    {
      "access_level": "List",
      "action": "waf-regional:List*",
      "condition": null,
      "credentials_exposure": false,
      "data_access": false,
      "effective_action": "waf-regional:ListRegexPatternSets",
      "privesc": false,
      "resource_exposure": false
    },
    {
      "access_level": "List",
      "action": "waf-regional:List*",
      "condition": null,
      "credentials_exposure": false,
      "data_access": false,
      "effective_action": "waf-regional:ListResourcesForWebACL",
      "privesc": false,
      "resource_exposure": false
    },
    {
      "access_level": "List",
      "action": "waf-regional:List*",
      "condition": null,
      "credentials_exposure": false,
      "data_access": false,
      "effective_action": "waf-regional:ListRuleGroups",
      "privesc": false,
      "resource_exposure": false
    },
    {
      "access_level": "List",
      "action": "waf-regional:List*",
      "condition": null,
      "credentials_exposure": false,
      "data_access": false,
      "effective_action": "waf-regional:ListRules",
      "privesc": false,
      "resource_exposure": false
    },
    {
      "access_level": "List",
      "action": "waf-regional:List*",
      "condition": null,
      "credentials_exposure": false,
      "data_access": false,
      "effective_action": "waf-regional:ListSizeConstraintSets",
      "privesc": false,
      "resource_exposure": false
    },
    {
      "access_level": "List",
      "action": "waf-regional:List*",
      "condition": null,
      "credentials_exposure": false,
      "data_access": false,
      "effective_action": "waf-regional:ListSqlInjectionMatchSets",
      "privesc": false,
      "resource_exposure": false
    },
    {
      "access_level": "List",
      "action": "waf-regional:List*",
      "condition": null,
      "credentials_exposure": false,
      "data_access": false,
      "effective_action": "waf-regional:ListSubscribedRuleGroups",
      "privesc": false,
      "resource_exposure": false
    },
    {
      "access_level": "Read",
      "action": "waf-regional:List*",
      "condition": null,
      "credentials_exposure": false,
      "data_access": false,
      "effective_action": "waf-regional:ListTagsForResource",
      "privesc": false,
      "resource_exposure": false
    },
    {
      "access_level": "List",
      "action": "waf-regional:List*",
      "condition": null,
      "credentials_exposure": false,
      "data_access": false,
      "effective_action": "waf-regional:ListWebACLs",
      "privesc": false,
      "resource_exposure": false
    },
    {
      "access_level": "List",
      "action": "waf-regional:List*",
      "condition": null,
      "credentials_exposure": false,
      "data_access": false,
      "effective_action": "waf-regional:ListXssMatchSets",
      "privesc": false,
      "resource_exposure": false
    },
    {
      "access_level": "Read",
      "action": "organizations:DescribeOrganization",
      "condition": null,
      "credentials_exposure": false,
      "data_access": false,
      "effective_action": "organizations:DescribeOrganization",
      "privesc": false,
      "resource_exposure": false
    }
  ],
  "grantless": false,
  "malformed": false,
  "name": "AWSFMMemberReadOnlyAccess",
  "privesc": false,
  "resource_exposure": false,
  "undocumented_actions": false,
  "unknown_actions": [],
  "updatedate": "2018-05-09T21:05:29+00:00",
  "version": "v1"
}