{
  "access_levels": [
    "List",
    "Read",
    "Tagging",
    "Write",
    "Permissions management"
  ],
  "arn": "arn:aws:iam::aws:policy/AWSForWordPressPluginPolicy",
  "createdate": "2020-01-20T23:20:47Z",
  "credentials_exposure": false,
  "data_access": false,
  "deprecated": false,
  "document": {
    "Statement": [
      {
        "Action": [
          "polly:SynthesizeSpeech",
          "polly:DescribeVoices",
          "translate:TranslateText"
        ],
        "Effect": "Allow",
        "Resource": "*",
        "Sid": "Permissions1"
      },
      {
        "Action": [
          "s3:ListBucket",
          "s3:GetBucketAcl",
          "s3:GetBucketPolicy",
          "s3:PutObject",
          "s3:DeleteObject",
          "s3:CreateBucket",
          "s3:PutObjectAcl"
        ],
        "Effect": "Allow",
        "Resource": [
          "arn:aws:s3:::audio_for_wordpress*",
          "arn:aws:s3:::audio-for-wordpress*"
        ],
        "Sid": "Permissions2"
      },
      {
        "Action": [
          "acm:AddTagsToCertificate",
          "acm:DescribeCertificate",
          "acm:RequestCertificate",
          "cloudformation:CreateStack",
          "cloudfront:ListDistributions"
        ],
        "Condition": {
          "StringEquals": {
            "aws:RequestedRegion": "us-east-1"
          }
        },
        "Effect": "Allow",
        "Resource": "*",
        "Sid": "Permissions3"
      },
      {
        "Action": [
          "acm:DeleteCertificate",
          "cloudformation:DeleteStack",
          "cloudformation:DescribeStackEvents",
          "cloudformation:DescribeStackResources",
          "cloudformation:UpdateStack",
          "cloudfront:CreateDistribution",
          "cloudfront:CreateInvalidation",
          "cloudfront:DeleteDistribution",
          "cloudfront:GetDistribution",
          "cloudfront:GetInvalidation",
          "cloudfront:TagResource",
          "cloudfront:UpdateDistribution"
        ],
        "Condition": {
          "StringEquals": {
            "aws:ResourceTag/createdBy": "AWSForWordPressPlugin"
          }
        },
        "Effect": "Allow",
        "Resource": "*",
        "Sid": "Permissions4"
      }
    ],
    "Version": "2012-10-17"
  },
  "effective_actions": [
    {
      "access_level": "Read",
      "action": "polly:SynthesizeSpeech",
      "condition": null,
      "credentials_exposure": false,
      "data_access": false,
      "effective_action": "polly:SynthesizeSpeech",
      "privesc": false,
      "resource_exposure": false
    },
    {
      "access_level": "List",
      "action": "polly:DescribeVoices",
      "condition": null,
      "credentials_exposure": false,
      "data_access": false,
      "effective_action": "polly:DescribeVoices",
      "privesc": false,
      "resource_exposure": false
    },
    {
      "access_level": "Read",
      "action": "translate:TranslateText",
      "condition": null,
      "credentials_exposure": false,
      "data_access": false,
      "effective_action": "translate:TranslateText",
      "privesc": false,
      "resource_exposure": false
    },
    {
      "access_level": "List",
      "action": "s3:ListBucket",
      "condition": null,
      "credentials_exposure": false,
      "data_access": false,
      "effective_action": "s3:ListBucket",
      "privesc": false,
      "resource_exposure": false
    },
    {
      "access_level": "Read",
      "action": "s3:GetBucketAcl",
      "condition": null,
      "credentials_exposure": false,
      "data_access": false,
      "effective_action": "s3:GetBucketAcl",
      "privesc": false,
      "resource_exposure": false
    },
    {
      "access_level": "Read",
      "action": "s3:GetBucketPolicy",
      "condition": null,
      "credentials_exposure": false,
      "data_access": false,
      "effective_action": "s3:GetBucketPolicy",
      "privesc": false,
      "resource_exposure": false
    },
    {
      "access_level": "Write",
      "action": "s3:PutObject",
      "condition": null,
      "credentials_exposure": false,
      "data_access": false,
      "effective_action": "s3:PutObject",
      "privesc": false,
      "resource_exposure": false
    },
    {
      "access_level": "Write",
      "action": "s3:DeleteObject",
      "condition": null,
      "credentials_exposure": false,
      "data_access": false,
      "effective_action": "s3:DeleteObject",
      "privesc": false,
      "resource_exposure": false
    },
    {
      "access_level": "Write",
      "action": "s3:CreateBucket",
      "condition": null,
      "credentials_exposure": false,
      "data_access": false,
      "effective_action": "s3:CreateBucket",
      "privesc": false,
      "resource_exposure": false
    },
    {
      "access_level": "Permissions management",
      "action": "s3:PutObjectAcl",
      "condition": null,
      "credentials_exposure": false,
      "data_access": false,
      "effective_action": "s3:PutObjectAcl",
      "privesc": false,
      "resource_exposure": true
    },
    {
      "access_level": "Tagging",
      "action": "acm:AddTagsToCertificate",
      "condition": {
        "StringEquals": {
          "aws:RequestedRegion": "us-east-1"
        }
      },
      "credentials_exposure": false,
      "data_access": false,
      "effective_action": "acm:AddTagsToCertificate",
      "privesc": false,
      "resource_exposure": false
    },
    {
      "access_level": "Read",
      "action": "acm:DescribeCertificate",
      "condition": {
        "StringEquals": {
          "aws:RequestedRegion": "us-east-1"
        }
      },
      "credentials_exposure": false,
      "data_access": false,
      "effective_action": "acm:DescribeCertificate",
      "privesc": false,
      "resource_exposure": false
    },
    {
      "access_level": "Write",
      "action": "acm:RequestCertificate",
      "condition": {
        "StringEquals": {
          "aws:RequestedRegion": "us-east-1"
        }
      },
      "credentials_exposure": false,
      "data_access": false,
      "effective_action": "acm:RequestCertificate",
      "privesc": false,
      "resource_exposure": false
    },
    {
      "access_level": "Write",
      "action": "cloudformation:CreateStack",
      "condition": {
        "StringEquals": {
          "aws:RequestedRegion": "us-east-1"
        }
      },
      "credentials_exposure": false,
      "data_access": false,
      "effective_action": "cloudformation:CreateStack",
      "privesc": false,
      "resource_exposure": false
    },
    {
      "access_level": "List",
      "action": "cloudfront:ListDistributions",
      "condition": {
        "StringEquals": {
          "aws:RequestedRegion": "us-east-1"
        }
      },
      "credentials_exposure": false,
      "data_access": false,
      "effective_action": "cloudfront:ListDistributions",
      "privesc": false,
      "resource_exposure": false
    },
    {
      "access_level": "Write",
      "action": "acm:DeleteCertificate",
      "condition": {
        "StringEquals": {
          "aws:ResourceTag/createdBy": "AWSForWordPressPlugin"
        }
      },
      "credentials_exposure": false,
      "data_access": false,
      "effective_action": "acm:DeleteCertificate",
      "privesc": false,
      "resource_exposure": false
    },
    {
      "access_level": "Write",
      "action": "cloudformation:DeleteStack",
      "condition": {
        "StringEquals": {
          "aws:ResourceTag/createdBy": "AWSForWordPressPlugin"
        }
      },
      "credentials_exposure": false,
      "data_access": false,
      "effective_action": "cloudformation:DeleteStack",
      "privesc": false,
      "resource_exposure": false
    },
    {
      "access_level": "Read",
      "action": "cloudformation:DescribeStackEvents",
      "condition": {
        "StringEquals": {
          "aws:ResourceTag/createdBy": "AWSForWordPressPlugin"
        }
      },
      "credentials_exposure": false,
      "data_access": false,
      "effective_action": "cloudformation:DescribeStackEvents",
      "privesc": false,
      "resource_exposure": false
    },
    {
      "access_level": "Read",
      "action": "cloudformation:DescribeStackResources",
      "condition": {
        "StringEquals": {
          "aws:ResourceTag/createdBy": "AWSForWordPressPlugin"
        }
      },
      "credentials_exposure": false,
      "data_access": false,
      "effective_action": "cloudformation:DescribeStackResources",
      "privesc": false,
      "resource_exposure": false
    },
    {
      "access_level": "Write",
      "action": "cloudformation:UpdateStack",
      "condition": {
        "StringEquals": {
          "aws:ResourceTag/createdBy": "AWSForWordPressPlugin"
        }
      },
      "credentials_exposure": false,
      "data_access": false,
      "effective_action": "cloudformation:UpdateStack",
      "privesc": false,
      "resource_exposure": false
    },
    {
      "access_level": "Write",
      "action": "cloudfront:CreateDistribution",
      "condition": {
        "StringEquals": {
          "aws:ResourceTag/createdBy": "AWSForWordPressPlugin"
        }
      },
      "credentials_exposure": false,
      "data_access": false,
      "effective_action": "cloudfront:CreateDistribution",
      "privesc": false,
      "resource_exposure": false
    },
    {
      "access_level": "Write",
      "action": "cloudfront:CreateInvalidation",
      "condition": {
        "StringEquals": {
          "aws:ResourceTag/createdBy": "AWSForWordPressPlugin"
        }
      },
      "credentials_exposure": false,
      "data_access": false,
      "effective_action": "cloudfront:CreateInvalidation",
      "privesc": false,
      "resource_exposure": false
    },
    {
      "access_level": "Write",
      "action": "cloudfront:DeleteDistribution",
      "condition": {
        "StringEquals": {
          "aws:ResourceTag/createdBy": "AWSForWordPressPlugin"
        }
      },
      "credentials_exposure": false,
      "data_access": false,
      "effective_action": "cloudfront:DeleteDistribution",
      "privesc": false,
      "resource_exposure": false
    },
    {
      "access_level": "Read",
      "action": "cloudfront:GetDistribution",
      "condition": {
        "StringEquals": {
          "aws:ResourceTag/createdBy": "AWSForWordPressPlugin"
        }
      },
      "credentials_exposure": false,
      "data_access": false,
      "effective_action": "cloudfront:GetDistribution",
      "privesc": false,
      "resource_exposure": false
    },
    {
      "access_level": "Read",
      "action": "cloudfront:GetInvalidation",
      "condition": {
        "StringEquals": {
          "aws:ResourceTag/createdBy": "AWSForWordPressPlugin"
        }
      },
      "credentials_exposure": false,
      "data_access": false,
      "effective_action": "cloudfront:GetInvalidation",
      "privesc": false,
      "resource_exposure": false
    },
    {
      "access_level": "Tagging",
      "action": "cloudfront:TagResource",
      "condition": {
        "StringEquals": {
          "aws:ResourceTag/createdBy": "AWSForWordPressPlugin"
        }
      },
      "credentials_exposure": false,
      "data_access": false,
      "effective_action": "cloudfront:TagResource",
      "privesc": false,
      "resource_exposure": false
    },
    {
      "access_level": "Write",
      "action": "cloudfront:UpdateDistribution",
      "condition": {
        "StringEquals": {
          "aws:ResourceTag/createdBy": "AWSForWordPressPlugin"
        }
      },
      "credentials_exposure": false,
      "data_access": false,
      "effective_action": "cloudfront:UpdateDistribution",
      "privesc": false,
      "resource_exposure": false
    }
  ],
  "grantless": false,
  "malformed": false,
  "name": "AWSForWordPressPluginPolicy",
  "privesc": false,
  "resource_exposure": true,
  "undocumented_actions": false,
  "unknown_actions": [],
  "updatedate": "2020-01-20T23:20:47+00:00",
  "version": "v2"
}