{
  "access_levels": [
    "List",
    "Write",
    "Permissions management"
  ],
  "arn": "arn:aws:iam::aws:policy/service-role/AWSFaultInjectionSimulatorEC2Access",
  "createdate": "2025-02-12T10:07:06Z",
  "credentials_exposure": false,
  "data_access": true,
  "deprecated": false,
  "document": {
    "Statement": [
      {
        "Action": [
          "ec2:RebootInstances",
          "ec2:SendSpotInstanceInterruptions",
          "ec2:StartInstances",
          "ec2:StopInstances",
          "ec2:TerminateInstances"
        ],
        "Effect": "Allow",
        "Resource": "arn:aws:ec2:*:*:instance/*",
        "Sid": "AllowEc2Actions"
      },
      {
        "Action": [
          "kms:CreateGrant"
        ],
        "Condition": {
          "Bool": {
            "kms:GrantIsForAWSResource": "true"
          },
          "StringLike": {
            "kms:ViaService": "ec2.*.amazonaws.com"
          }
        },
        "Effect": "Allow",
        "Resource": [
          "arn:aws:kms:*:*:key/*"
        ],
        "Sid": "AllowEc2InstancesWithEncryptedEbsVolumes"
      },
      {
        "Action": [
          "ssm:SendCommand"
        ],
        "Effect": "Allow",
        "Resource": [
          "arn:aws:ec2:*:*:instance/*",
          "arn:aws:ssm:*:*:document/*"
        ],
        "Sid": "AllowSSMSendOnEc2"
      },
      {
        "Action": [
          "ssm:CancelCommand",
          "ssm:ListCommands"
        ],
        "Effect": "Allow",
        "Resource": "*",
        "Sid": "AllowSSMStopOnEc2"
      },
      {
        "Action": [
          "ec2:DescribeInstances"
        ],
        "Effect": "Allow",
        "Resource": "*",
        "Sid": "DescribeInstances"
      }
    ],
    "Version": "2012-10-17"
  },
  "effective_actions": [
    {
      "access_level": "Write",
      "action": "ec2:RebootInstances",
      "condition": null,
      "credentials_exposure": false,
      "data_access": false,
      "effective_action": "ec2:RebootInstances",
      "privesc": false,
      "resource_exposure": false
    },
    {
      "access_level": "Write",
      "action": "ec2:SendSpotInstanceInterruptions",
      "condition": null,
      "credentials_exposure": false,
      "data_access": false,
      "effective_action": "ec2:SendSpotInstanceInterruptions",
      "privesc": false,
      "resource_exposure": false
    },
    {
      "access_level": "Write",
      "action": "ec2:StartInstances",
      "condition": null,
      "credentials_exposure": false,
      "data_access": false,
      "effective_action": "ec2:StartInstances",
      "privesc": false,
      "resource_exposure": false
    },
    {
      "access_level": "Write",
      "action": "ec2:StopInstances",
      "condition": null,
      "credentials_exposure": false,
      "data_access": false,
      "effective_action": "ec2:StopInstances",
      "privesc": false,
      "resource_exposure": false
    },
    {
      "access_level": "Write",
      "action": "ec2:TerminateInstances",
      "condition": null,
      "credentials_exposure": false,
      "data_access": false,
      "effective_action": "ec2:TerminateInstances",
      "privesc": false,
      "resource_exposure": false
    },
    {
      "access_level": "Permissions management",
      "action": "kms:CreateGrant",
      "condition": {
        "Bool": {
          "kms:GrantIsForAWSResource": "true"
        },
        "StringLike": {
          "kms:ViaService": "ec2.*.amazonaws.com"
        }
      },
      "credentials_exposure": false,
      "data_access": true,
      "effective_action": "kms:CreateGrant",
      "privesc": true,
      "resource_exposure": true
    },
    {
      "access_level": "Write",
      "action": "ssm:SendCommand",
      "condition": null,
      "credentials_exposure": false,
      "data_access": false,
      "effective_action": "ssm:SendCommand",
      "privesc": false,
      "resource_exposure": false
    },
    {
      "access_level": "Write",
      "action": "ssm:CancelCommand",
      "condition": null,
      "credentials_exposure": false,
      "data_access": false,
      "effective_action": "ssm:CancelCommand",
      "privesc": false,
      "resource_exposure": false
    },
    {
      "access_level": "List",
      "action": "ssm:ListCommands",
      "condition": null,
      "credentials_exposure": false,
      "data_access": false,
      "effective_action": "ssm:ListCommands",
      "privesc": false,
      "resource_exposure": false
    },
    {
      "access_level": "List",
      "action": "ec2:DescribeInstances",
      "condition": null,
      "credentials_exposure": false,
      "data_access": false,
      "effective_action": "ec2:DescribeInstances",
      "privesc": false,
      "resource_exposure": false
    }
  ],
  "grantless": false,
  "malformed": false,
  "name": "AWSFaultInjectionSimulatorEC2Access",
  "privesc": true,
  "resource_exposure": true,
  "undocumented_actions": false,
  "unknown_actions": [],
  "updatedate": "2025-02-12T10:07:06+00:00",
  "version": "v5"
}