{
  "access_levels": [
    "List",
    "Read",
    "Write"
  ],
  "arn": "arn:aws:iam::aws:policy/service-role/AWSFaultInjectionSimulatorEKSAccess",
  "createdate": "2025-03-11T14:07:07Z",
  "credentials_exposure": false,
  "data_access": false,
  "deprecated": false,
  "document": {
    "Statement": [
      {
        "Action": [
          "ec2:DescribeInstances"
        ],
        "Effect": "Allow",
        "Resource": "*",
        "Sid": "DescribeInstances"
      },
      {
        "Action": [
          "ec2:TerminateInstances"
        ],
        "Effect": "Allow",
        "Resource": "arn:aws:ec2:*:*:instance/*",
        "Sid": "TerminateInstances"
      },
      {
        "Action": [
          "ec2:DescribeSubnets"
        ],
        "Effect": "Allow",
        "Resource": "*",
        "Sid": "DescribeSubnets"
      },
      {
        "Action": [
          "eks:DescribeCluster"
        ],
        "Effect": "Allow",
        "Resource": "arn:aws:eks:*:*:cluster/*",
        "Sid": "DescribeCluster"
      },
      {
        "Action": [
          "eks:DescribeNodegroup"
        ],
        "Effect": "Allow",
        "Resource": "arn:aws:eks:*:*:nodegroup/*",
        "Sid": "DescribeNodeGroup"
      },
      {
        "Action": [
          "tag:GetResources"
        ],
        "Effect": "Allow",
        "Resource": "*",
        "Sid": "TargetResolutionByTags"
      }
    ],
    "Version": "2012-10-17"
  },
  "effective_actions": [
    {
      "access_level": "List",
      "action": "ec2:DescribeInstances",
      "condition": null,
      "credentials_exposure": false,
      "data_access": false,
      "effective_action": "ec2:DescribeInstances",
      "privesc": false,
      "resource_exposure": false
    },
    {
      "access_level": "Write",
      "action": "ec2:TerminateInstances",
      "condition": null,
      "credentials_exposure": false,
      "data_access": false,
      "effective_action": "ec2:TerminateInstances",
      "privesc": false,
      "resource_exposure": false
    },
    {
      "access_level": "List",
      "action": "ec2:DescribeSubnets",
      "condition": null,
      "credentials_exposure": false,
      "data_access": false,
      "effective_action": "ec2:DescribeSubnets",
      "privesc": false,
      "resource_exposure": false
    },
    {
      "access_level": "Read",
      "action": "eks:DescribeCluster",
      "condition": null,
      "credentials_exposure": false,
      "data_access": false,
      "effective_action": "eks:DescribeCluster",
      "privesc": false,
      "resource_exposure": false
    },
    {
      "access_level": "Read",
      "action": "eks:DescribeNodegroup",
      "condition": null,
      "credentials_exposure": false,
      "data_access": false,
      "effective_action": "eks:DescribeNodegroup",
      "privesc": false,
      "resource_exposure": false
    },
    {
      "access_level": "Read",
      "action": "tag:GetResources",
      "condition": null,
      "credentials_exposure": false,
      "data_access": false,
      "effective_action": "tag:GetResources",
      "privesc": false,
      "resource_exposure": false
    }
  ],
  "grantless": false,
  "malformed": false,
  "name": "AWSFaultInjectionSimulatorEKSAccess",
  "privesc": false,
  "resource_exposure": false,
  "undocumented_actions": false,
  "unknown_actions": [],
  "updatedate": "2025-03-11T14:07:07+00:00",
  "version": "v4"
}