{
  "access_levels": [
    "List",
    "Read",
    "Write"
  ],
  "arn": "arn:aws:iam::aws:policy/service-role/AWSFaultInjectionSimulatorRDSAccess",
  "createdate": "2025-03-18T15:07:06Z",
  "credentials_exposure": false,
  "data_access": false,
  "deprecated": false,
  "document": {
    "Statement": [
      {
        "Action": [
          "rds:FailoverDBCluster"
        ],
        "Effect": "Allow",
        "Resource": [
          "arn:aws:rds:*:*:cluster:*"
        ],
        "Sid": "AllowFailover"
      },
      {
        "Action": [
          "rds:RebootDBInstance"
        ],
        "Effect": "Allow",
        "Resource": [
          "arn:aws:rds:*:*:db:*"
        ],
        "Sid": "AllowReboot"
      },
      {
        "Action": [
          "rds:DescribeDBClusters",
          "rds:DescribeDBInstances"
        ],
        "Effect": "Allow",
        "Resource": "*",
        "Sid": "DescribeResources"
      },
      {
        "Action": [
          "tag:GetResources"
        ],
        "Effect": "Allow",
        "Resource": "*",
        "Sid": "TargetResolutionByTags"
      }
    ],
    "Version": "2012-10-17"
  },
  "effective_actions": [
    {
      "access_level": "Write",
      "action": "rds:FailoverDBCluster",
      "condition": null,
      "credentials_exposure": false,
      "data_access": false,
      "effective_action": "rds:FailoverDBCluster",
      "privesc": false,
      "resource_exposure": false
    },
    {
      "access_level": "Write",
      "action": "rds:RebootDBInstance",
      "condition": null,
      "credentials_exposure": false,
      "data_access": false,
      "effective_action": "rds:RebootDBInstance",
      "privesc": false,
      "resource_exposure": false
    },
    {
      "access_level": "List",
      "action": "rds:DescribeDBClusters",
      "condition": null,
      "credentials_exposure": false,
      "data_access": false,
      "effective_action": "rds:DescribeDBClusters",
      "privesc": false,
      "resource_exposure": false
    },
    {
      "access_level": "List",
      "action": "rds:DescribeDBInstances",
      "condition": null,
      "credentials_exposure": false,
      "data_access": false,
      "effective_action": "rds:DescribeDBInstances",
      "privesc": false,
      "resource_exposure": false
    },
    {
      "access_level": "Read",
      "action": "tag:GetResources",
      "condition": null,
      "credentials_exposure": false,
      "data_access": false,
      "effective_action": "tag:GetResources",
      "privesc": false,
      "resource_exposure": false
    }
  ],
  "grantless": false,
  "malformed": false,
  "name": "AWSFaultInjectionSimulatorRDSAccess",
  "privesc": false,
  "resource_exposure": false,
  "undocumented_actions": false,
  "unknown_actions": [],
  "updatedate": "2025-03-18T15:07:06+00:00",
  "version": "v3"
}