{
  "access_levels": [
    "Read"
  ],
  "arn": "arn:aws:iam::aws:policy/aws-service-role/AWSGitSyncServiceRolePolicy",
  "createdate": "2024-04-26T18:12:31Z",
  "credentials_exposure": false,
  "data_access": false,
  "deprecated": false,
  "document": {
    "Statement": [
      {
        "Action": [
          "codestar-connections:UseConnection",
          "codeconnections:UseConnection"
        ],
        "Condition": {
          "StringEquals": {
            "aws:ResourceAccount": "${aws:PrincipalAccount}"
          }
        },
        "Effect": "Allow",
        "Resource": [
          "arn:aws:codestar-connections:*:*:connection/*",
          "arn:aws:codeconnections:*:*:connection/*"
        ],
        "Sid": "AccessGitRepos"
      }
    ],
    "Version": "2012-10-17"
  },
  "effective_actions": [
    {
      "access_level": "Read",
      "action": "codestar-connections:UseConnection",
      "condition": {
        "StringEquals": {
          "aws:ResourceAccount": "${aws:PrincipalAccount}"
        }
      },
      "credentials_exposure": false,
      "data_access": false,
      "effective_action": "codestar-connections:UseConnection",
      "privesc": false,
      "resource_exposure": false
    },
    {
      "access_level": "Read",
      "action": "codeconnections:UseConnection",
      "condition": {
        "StringEquals": {
          "aws:ResourceAccount": "${aws:PrincipalAccount}"
        }
      },
      "credentials_exposure": false,
      "data_access": false,
      "effective_action": "codeconnections:UseConnection",
      "privesc": false,
      "resource_exposure": false
    }
  ],
  "grantless": false,
  "malformed": false,
  "name": "AWSGitSyncServiceRolePolicy",
  "privesc": false,
  "resource_exposure": false,
  "undocumented_actions": false,
  "unknown_actions": [],
  "updatedate": "2024-04-26T18:12:31+00:00",
  "version": "v2"
}