{
  "access_levels": [
    "List",
    "Read",
    "Tagging",
    "Write"
  ],
  "arn": "arn:aws:iam::aws:policy/service-role/AWSGlueServiceNotebookRole",
  "createdate": "2023-10-09T15:59:41Z",
  "credentials_exposure": false,
  "data_access": true,
  "deprecated": false,
  "document": {
    "Statement": [
      {
        "Action": [
          "glue:CreateDatabase",
          "glue:CreatePartition",
          "glue:CreateTable",
          "glue:DeleteDatabase",
          "glue:DeletePartition",
          "glue:DeleteTable",
          "glue:GetDatabase",
          "glue:GetDatabases",
          "glue:GetPartition",
          "glue:GetPartitions",
          "glue:GetTable",
          "glue:GetTableVersions",
          "glue:GetTables",
          "glue:UpdateDatabase",
          "glue:UpdatePartition",
          "glue:UpdateTable",
          "glue:CreateConnection",
          "glue:CreateJob",
          "glue:DeleteConnection",
          "glue:DeleteJob",
          "glue:GetConnection",
          "glue:GetConnections",
          "glue:GetDevEndpoint",
          "glue:GetDevEndpoints",
          "glue:GetJob",
          "glue:GetJobs",
          "glue:UpdateJob",
          "glue:BatchDeleteConnection",
          "glue:UpdateConnection",
          "glue:GetUserDefinedFunction",
          "glue:UpdateUserDefinedFunction",
          "glue:GetUserDefinedFunctions",
          "glue:DeleteUserDefinedFunction",
          "glue:CreateUserDefinedFunction",
          "glue:BatchGetPartition",
          "glue:BatchDeletePartition",
          "glue:BatchCreatePartition",
          "glue:BatchDeleteTable",
          "glue:UpdateDevEndpoint",
          "s3:GetBucketLocation",
          "s3:ListBucket",
          "s3:ListAllMyBuckets",
          "s3:GetBucketAcl",
          "codewhisperer:GenerateRecommendations"
        ],
        "Effect": "Allow",
        "Resource": [
          "*"
        ]
      },
      {
        "Action": [
          "s3:GetObject"
        ],
        "Effect": "Allow",
        "Resource": [
          "arn:aws:s3:::crawler-public*",
          "arn:aws:s3:::aws-glue*"
        ]
      },
      {
        "Action": [
          "s3:PutObject",
          "s3:DeleteObject"
        ],
        "Effect": "Allow",
        "Resource": [
          "arn:aws:s3:::aws-glue*"
        ]
      },
      {
        "Action": [
          "ec2:CreateTags",
          "ec2:DeleteTags"
        ],
        "Condition": {
          "ForAllValues:StringEquals": {
            "aws:TagKeys": [
              "aws-glue-service-resource"
            ]
          }
        },
        "Effect": "Allow",
        "Resource": [
          "arn:aws:ec2:*:*:network-interface/*",
          "arn:aws:ec2:*:*:security-group/*",
          "arn:aws:ec2:*:*:instance/*"
        ]
      }
    ],
    "Version": "2012-10-17"
  },
  "effective_actions": [
    {
      "access_level": "Write",
      "action": "glue:CreateDatabase",
      "condition": null,
      "credentials_exposure": false,
      "data_access": false,
      "effective_action": "glue:CreateDatabase",
      "privesc": false,
      "resource_exposure": false
    },
    {
      "access_level": "Write",
      "action": "glue:CreatePartition",
      "condition": null,
      "credentials_exposure": false,
      "data_access": false,
      "effective_action": "glue:CreatePartition",
      "privesc": false,
      "resource_exposure": false
    },
    {
      "access_level": "Write",
      "action": "glue:CreateTable",
      "condition": null,
      "credentials_exposure": false,
      "data_access": false,
      "effective_action": "glue:CreateTable",
      "privesc": false,
      "resource_exposure": false
    },
    {
      "access_level": "Write",
      "action": "glue:DeleteDatabase",
      "condition": null,
      "credentials_exposure": false,
      "data_access": false,
      "effective_action": "glue:DeleteDatabase",
      "privesc": false,
      "resource_exposure": false
    },
    {
      "access_level": "Write",
      "action": "glue:DeletePartition",
      "condition": null,
      "credentials_exposure": false,
      "data_access": false,
      "effective_action": "glue:DeletePartition",
      "privesc": false,
      "resource_exposure": false
    },
    {
      "access_level": "Write",
      "action": "glue:DeleteTable",
      "condition": null,
      "credentials_exposure": false,
      "data_access": false,
      "effective_action": "glue:DeleteTable",
      "privesc": false,
      "resource_exposure": false
    },
    {
      "access_level": "Read",
      "action": "glue:GetDatabase",
      "condition": null,
      "credentials_exposure": false,
      "data_access": false,
      "effective_action": "glue:GetDatabase",
      "privesc": false,
      "resource_exposure": false
    },
    {
      "access_level": "Read",
      "action": "glue:GetDatabases",
      "condition": null,
      "credentials_exposure": false,
      "data_access": false,
      "effective_action": "glue:GetDatabases",
      "privesc": false,
      "resource_exposure": false
    },
    {
      "access_level": "Read",
      "action": "glue:GetPartition",
      "condition": null,
      "credentials_exposure": false,
      "data_access": false,
      "effective_action": "glue:GetPartition",
      "privesc": false,
      "resource_exposure": false
    },
    {
      "access_level": "Read",
      "action": "glue:GetPartitions",
      "condition": null,
      "credentials_exposure": false,
      "data_access": false,
      "effective_action": "glue:GetPartitions",
      "privesc": false,
      "resource_exposure": false
    },
    {
      "access_level": "Read",
      "action": "glue:GetTable",
      "condition": null,
      "credentials_exposure": false,
      "data_access": false,
      "effective_action": "glue:GetTable",
      "privesc": false,
      "resource_exposure": false
    },
    {
      "access_level": "Read",
      "action": "glue:GetTableVersions",
      "condition": null,
      "credentials_exposure": false,
      "data_access": false,
      "effective_action": "glue:GetTableVersions",
      "privesc": false,
      "resource_exposure": false
    },
    {
      "access_level": "Read",
      "action": "glue:GetTables",
      "condition": null,
      "credentials_exposure": false,
      "data_access": false,
      "effective_action": "glue:GetTables",
      "privesc": false,
      "resource_exposure": false
    },
    {
      "access_level": "Write",
      "action": "glue:UpdateDatabase",
      "condition": null,
      "credentials_exposure": false,
      "data_access": false,
      "effective_action": "glue:UpdateDatabase",
      "privesc": false,
      "resource_exposure": false
    },
    {
      "access_level": "Write",
      "action": "glue:UpdatePartition",
      "condition": null,
      "credentials_exposure": false,
      "data_access": false,
      "effective_action": "glue:UpdatePartition",
      "privesc": false,
      "resource_exposure": false
    },
    {
      "access_level": "Write",
      "action": "glue:UpdateTable",
      "condition": null,
      "credentials_exposure": false,
      "data_access": false,
      "effective_action": "glue:UpdateTable",
      "privesc": false,
      "resource_exposure": false
    },
    {
      "access_level": "Write",
      "action": "glue:CreateConnection",
      "condition": null,
      "credentials_exposure": false,
      "data_access": false,
      "effective_action": "glue:CreateConnection",
      "privesc": false,
      "resource_exposure": false
    },
    {
      "access_level": "Write",
      "action": "glue:CreateJob",
      "condition": null,
      "credentials_exposure": false,
      "data_access": false,
      "effective_action": "glue:CreateJob",
      "privesc": false,
      "resource_exposure": false
    },
    {
      "access_level": "Write",
      "action": "glue:DeleteConnection",
      "condition": null,
      "credentials_exposure": false,
      "data_access": false,
      "effective_action": "glue:DeleteConnection",
      "privesc": false,
      "resource_exposure": false
    },
    {
      "access_level": "Write",
      "action": "glue:DeleteJob",
      "condition": null,
      "credentials_exposure": false,
      "data_access": false,
      "effective_action": "glue:DeleteJob",
      "privesc": false,
      "resource_exposure": false
    },
    {
      "access_level": "Read",
      "action": "glue:GetConnection",
      "condition": null,
      "credentials_exposure": false,
      "data_access": false,
      "effective_action": "glue:GetConnection",
      "privesc": false,
      "resource_exposure": false
    },
    {
      "access_level": "Read",
      "action": "glue:GetConnections",
      "condition": null,
      "credentials_exposure": false,
      "data_access": false,
      "effective_action": "glue:GetConnections",
      "privesc": false,
      "resource_exposure": false
    },
    {
      "access_level": "Read",
      "action": "glue:GetDevEndpoint",
      "condition": null,
      "credentials_exposure": false,
      "data_access": false,
      "effective_action": "glue:GetDevEndpoint",
      "privesc": false,
      "resource_exposure": false
    },
    {
      "access_level": "Read",
      "action": "glue:GetDevEndpoints",
      "condition": null,
      "credentials_exposure": false,
      "data_access": false,
      "effective_action": "glue:GetDevEndpoints",
      "privesc": false,
      "resource_exposure": false
    },
    {
      "access_level": "Read",
      "action": "glue:GetJob",
      "condition": null,
      "credentials_exposure": false,
      "data_access": false,
      "effective_action": "glue:GetJob",
      "privesc": false,
      "resource_exposure": false
    },
    {
      "access_level": "Read",
      "action": "glue:GetJobs",
      "condition": null,
      "credentials_exposure": false,
      "data_access": false,
      "effective_action": "glue:GetJobs",
      "privesc": false,
      "resource_exposure": false
    },
    {
      "access_level": "Write",
      "action": "glue:UpdateJob",
      "condition": null,
      "credentials_exposure": false,
      "data_access": false,
      "effective_action": "glue:UpdateJob",
      "privesc": false,
      "resource_exposure": false
    },
    {
      "access_level": "Write",
      "action": "glue:BatchDeleteConnection",
      "condition": null,
      "credentials_exposure": false,
      "data_access": false,
      "effective_action": "glue:BatchDeleteConnection",
      "privesc": false,
      "resource_exposure": false
    },
    {
      "access_level": "Write",
      "action": "glue:UpdateConnection",
      "condition": null,
      "credentials_exposure": false,
      "data_access": false,
      "effective_action": "glue:UpdateConnection",
      "privesc": false,
      "resource_exposure": false
    },
    {
      "access_level": "Read",
      "action": "glue:GetUserDefinedFunction",
      "condition": null,
      "credentials_exposure": false,
      "data_access": false,
      "effective_action": "glue:GetUserDefinedFunction",
      "privesc": false,
      "resource_exposure": false
    },
    {
      "access_level": "Write",
      "action": "glue:UpdateUserDefinedFunction",
      "condition": null,
      "credentials_exposure": false,
      "data_access": false,
      "effective_action": "glue:UpdateUserDefinedFunction",
      "privesc": false,
      "resource_exposure": false
    },
    {
      "access_level": "Read",
      "action": "glue:GetUserDefinedFunctions",
      "condition": null,
      "credentials_exposure": false,
      "data_access": false,
      "effective_action": "glue:GetUserDefinedFunctions",
      "privesc": false,
      "resource_exposure": false
    },
    {
      "access_level": "Write",
      "action": "glue:DeleteUserDefinedFunction",
      "condition": null,
      "credentials_exposure": false,
      "data_access": false,
      "effective_action": "glue:DeleteUserDefinedFunction",
      "privesc": false,
      "resource_exposure": false
    },
    {
      "access_level": "Write",
      "action": "glue:CreateUserDefinedFunction",
      "condition": null,
      "credentials_exposure": false,
      "data_access": false,
      "effective_action": "glue:CreateUserDefinedFunction",
      "privesc": false,
      "resource_exposure": false
    },
    {
      "access_level": "Read",
      "action": "glue:BatchGetPartition",
      "condition": null,
      "credentials_exposure": false,
      "data_access": false,
      "effective_action": "glue:BatchGetPartition",
      "privesc": false,
      "resource_exposure": false
    },
    {
      "access_level": "Write",
      "action": "glue:BatchDeletePartition",
      "condition": null,
      "credentials_exposure": false,
      "data_access": false,
      "effective_action": "glue:BatchDeletePartition",
      "privesc": false,
      "resource_exposure": false
    },
    {
      "access_level": "Write",
      "action": "glue:BatchCreatePartition",
      "condition": null,
      "credentials_exposure": false,
      "data_access": false,
      "effective_action": "glue:BatchCreatePartition",
      "privesc": false,
      "resource_exposure": false
    },
    {
      "access_level": "Write",
      "action": "glue:BatchDeleteTable",
      "condition": null,
      "credentials_exposure": false,
      "data_access": false,
      "effective_action": "glue:BatchDeleteTable",
      "privesc": false,
      "resource_exposure": false
    },
    {
      "access_level": "Write",
      "action": "glue:UpdateDevEndpoint",
      "condition": null,
      "credentials_exposure": false,
      "data_access": false,
      "effective_action": "glue:UpdateDevEndpoint",
      "privesc": true,
      "resource_exposure": false
    },
    {
      "access_level": "Read",
      "action": "s3:GetBucketLocation",
      "condition": null,
      "credentials_exposure": false,
      "data_access": false,
      "effective_action": "s3:GetBucketLocation",
      "privesc": false,
      "resource_exposure": false
    },
    {
      "access_level": "List",
      "action": "s3:ListBucket",
      "condition": null,
      "credentials_exposure": false,
      "data_access": false,
      "effective_action": "s3:ListBucket",
      "privesc": false,
      "resource_exposure": false
    },
    {
      "access_level": "List",
      "action": "s3:ListAllMyBuckets",
      "condition": null,
      "credentials_exposure": false,
      "data_access": false,
      "effective_action": "s3:ListAllMyBuckets",
      "privesc": false,
      "resource_exposure": false
    },
    {
      "access_level": "Read",
      "action": "s3:GetBucketAcl",
      "condition": null,
      "credentials_exposure": false,
      "data_access": false,
      "effective_action": "s3:GetBucketAcl",
      "privesc": false,
      "resource_exposure": false
    },
    {
      "access_level": "Read",
      "action": "codewhisperer:GenerateRecommendations",
      "condition": null,
      "credentials_exposure": false,
      "data_access": false,
      "effective_action": "codewhisperer:GenerateRecommendations",
      "privesc": false,
      "resource_exposure": false
    },
    {
      "access_level": "Read",
      "action": "s3:GetObject",
      "condition": null,
      "credentials_exposure": false,
      "data_access": true,
      "effective_action": "s3:GetObject",
      "privesc": false,
      "resource_exposure": false
    },
    {
      "access_level": "Write",
      "action": "s3:PutObject",
      "condition": null,
      "credentials_exposure": false,
      "data_access": false,
      "effective_action": "s3:PutObject",
      "privesc": false,
      "resource_exposure": false
    },
    {
      "access_level": "Write",
      "action": "s3:DeleteObject",
      "condition": null,
      "credentials_exposure": false,
      "data_access": false,
      "effective_action": "s3:DeleteObject",
      "privesc": false,
      "resource_exposure": false
    },
    {
      "access_level": "Tagging",
      "action": "ec2:CreateTags",
      "condition": {
        "ForAllValues:StringEquals": {
          "aws:TagKeys": [
            "aws-glue-service-resource"
          ]
        }
      },
      "credentials_exposure": false,
      "data_access": false,
      "effective_action": "ec2:CreateTags",
      "privesc": false,
      "resource_exposure": false
    },
    {
      "access_level": "Tagging",
      "action": "ec2:DeleteTags",
      "condition": {
        "ForAllValues:StringEquals": {
          "aws:TagKeys": [
            "aws-glue-service-resource"
          ]
        }
      },
      "credentials_exposure": false,
      "data_access": false,
      "effective_action": "ec2:DeleteTags",
      "privesc": false,
      "resource_exposure": false
    }
  ],
  "grantless": false,
  "malformed": false,
  "name": "AWSGlueServiceNotebookRole",
  "privesc": true,
  "resource_exposure": false,
  "undocumented_actions": false,
  "unknown_actions": [],
  "updatedate": "2023-10-09T15:59:41+00:00",
  "version": "v4"
}