{
  "access_levels": [
    "List",
    "Read"
  ],
  "arn": "arn:aws:iam::aws:policy/AWSGreengrassReadOnlyAccess",
  "createdate": "2018-10-30T16:01:43Z",
  "credentials_exposure": false,
  "data_access": false,
  "deprecated": false,
  "document": {
    "Statement": [
      {
        "Action": [
          "greengrass:List*",
          "greengrass:Get*"
        ],
        "Effect": "Allow",
        "Resource": "*"
      }
    ],
    "Version": "2012-10-17"
  },
  "effective_actions": [
    {
      "access_level": "List",
      "action": "greengrass:List*",
      "condition": null,
      "credentials_exposure": false,
      "data_access": false,
      "effective_action": "greengrass:ListClientDevicesAssociatedWithCoreDevice",
      "privesc": false,
      "resource_exposure": false
    },
    {
      "access_level": "List",
      "action": "greengrass:List*",
      "condition": null,
      "credentials_exposure": false,
      "data_access": false,
      "effective_action": "greengrass:ListComponentVersions",
      "privesc": false,
      "resource_exposure": false
    },
    {
      "access_level": "List",
      "action": "greengrass:List*",
      "condition": null,
      "credentials_exposure": false,
      "data_access": false,
      "effective_action": "greengrass:ListComponents",
      "privesc": false,
      "resource_exposure": false
    },
    {
      "access_level": "List",
      "action": "greengrass:List*",
      "condition": null,
      "credentials_exposure": false,
      "data_access": false,
      "effective_action": "greengrass:ListCoreDevices",
      "privesc": false,
      "resource_exposure": false
    },
    {
      "access_level": "List",
      "action": "greengrass:List*",
      "condition": null,
      "credentials_exposure": false,
      "data_access": false,
      "effective_action": "greengrass:ListDeployments",
      "privesc": false,
      "resource_exposure": false
    },
    {
      "access_level": "List",
      "action": "greengrass:List*",
      "condition": null,
      "credentials_exposure": false,
      "data_access": false,
      "effective_action": "greengrass:ListEffectiveDeployments",
      "privesc": false,
      "resource_exposure": false
    },
    {
      "access_level": "List",
      "action": "greengrass:List*",
      "condition": null,
      "credentials_exposure": false,
      "data_access": false,
      "effective_action": "greengrass:ListInstalledComponents",
      "privesc": false,
      "resource_exposure": false
    },
    {
      "access_level": "Read",
      "action": "greengrass:List*",
      "condition": null,
      "credentials_exposure": false,
      "data_access": false,
      "effective_action": "greengrass:ListTagsForResource",
      "privesc": false,
      "resource_exposure": false
    },
    {
      "access_level": "Read",
      "action": "greengrass:List*",
      "condition": null,
      "credentials_exposure": false,
      "data_access": false,
      "effective_action": "greengrass:ListBulkDeploymentDetailedReports",
      "privesc": false,
      "resource_exposure": false
    },
    {
      "access_level": "List",
      "action": "greengrass:List*",
      "condition": null,
      "credentials_exposure": false,
      "data_access": false,
      "effective_action": "greengrass:ListBulkDeployments",
      "privesc": false,
      "resource_exposure": false
    },
    {
      "access_level": "List",
      "action": "greengrass:List*",
      "condition": null,
      "credentials_exposure": false,
      "data_access": false,
      "effective_action": "greengrass:ListConnectorDefinitionVersions",
      "privesc": false,
      "resource_exposure": false
    },
    {
      "access_level": "List",
      "action": "greengrass:List*",
      "condition": null,
      "credentials_exposure": false,
      "data_access": false,
      "effective_action": "greengrass:ListConnectorDefinitions",
      "privesc": false,
      "resource_exposure": false
    },
    {
      "access_level": "List",
      "action": "greengrass:List*",
      "condition": null,
      "credentials_exposure": false,
      "data_access": false,
      "effective_action": "greengrass:ListCoreDefinitionVersions",
      "privesc": false,
      "resource_exposure": false
    },
    {
      "access_level": "List",
      "action": "greengrass:List*",
      "condition": null,
      "credentials_exposure": false,
      "data_access": false,
      "effective_action": "greengrass:ListCoreDefinitions",
      "privesc": false,
      "resource_exposure": false
    },
    {
      "access_level": "List",
      "action": "greengrass:List*",
      "condition": null,
      "credentials_exposure": false,
      "data_access": false,
      "effective_action": "greengrass:ListDeviceDefinitionVersions",
      "privesc": false,
      "resource_exposure": false
    },
    {
      "access_level": "List",
      "action": "greengrass:List*",
      "condition": null,
      "credentials_exposure": false,
      "data_access": false,
      "effective_action": "greengrass:ListDeviceDefinitions",
      "privesc": false,
      "resource_exposure": false
    },
    {
      "access_level": "List",
      "action": "greengrass:List*",
      "condition": null,
      "credentials_exposure": false,
      "data_access": false,
      "effective_action": "greengrass:ListFunctionDefinitionVersions",
      "privesc": false,
      "resource_exposure": false
    },
    {
      "access_level": "List",
      "action": "greengrass:List*",
      "condition": null,
      "credentials_exposure": false,
      "data_access": false,
      "effective_action": "greengrass:ListFunctionDefinitions",
      "privesc": false,
      "resource_exposure": false
    },
    {
      "access_level": "List",
      "action": "greengrass:List*",
      "condition": null,
      "credentials_exposure": false,
      "data_access": false,
      "effective_action": "greengrass:ListGroupCertificateAuthorities",
      "privesc": false,
      "resource_exposure": false
    },
    {
      "access_level": "List",
      "action": "greengrass:List*",
      "condition": null,
      "credentials_exposure": false,
      "data_access": false,
      "effective_action": "greengrass:ListGroupVersions",
      "privesc": false,
      "resource_exposure": false
    },
    {
      "access_level": "List",
      "action": "greengrass:List*",
      "condition": null,
      "credentials_exposure": false,
      "data_access": false,
      "effective_action": "greengrass:ListGroups",
      "privesc": false,
      "resource_exposure": false
    },
    {
      "access_level": "List",
      "action": "greengrass:List*",
      "condition": null,
      "credentials_exposure": false,
      "data_access": false,
      "effective_action": "greengrass:ListLoggerDefinitionVersions",
      "privesc": false,
      "resource_exposure": false
    },
    {
      "access_level": "List",
      "action": "greengrass:List*",
      "condition": null,
      "credentials_exposure": false,
      "data_access": false,
      "effective_action": "greengrass:ListLoggerDefinitions",
      "privesc": false,
      "resource_exposure": false
    },
    {
      "access_level": "List",
      "action": "greengrass:List*",
      "condition": null,
      "credentials_exposure": false,
      "data_access": false,
      "effective_action": "greengrass:ListResourceDefinitionVersions",
      "privesc": false,
      "resource_exposure": false
    },
    {
      "access_level": "List",
      "action": "greengrass:List*",
      "condition": null,
      "credentials_exposure": false,
      "data_access": false,
      "effective_action": "greengrass:ListResourceDefinitions",
      "privesc": false,
      "resource_exposure": false
    },
    {
      "access_level": "List",
      "action": "greengrass:List*",
      "condition": null,
      "credentials_exposure": false,
      "data_access": false,
      "effective_action": "greengrass:ListSubscriptionDefinitionVersions",
      "privesc": false,
      "resource_exposure": false
    },
    {
      "access_level": "List",
      "action": "greengrass:List*",
      "condition": null,
      "credentials_exposure": false,
      "data_access": false,
      "effective_action": "greengrass:ListSubscriptionDefinitions",
      "privesc": false,
      "resource_exposure": false
    },
    {
      "access_level": "Read",
      "action": "greengrass:Get*",
      "condition": null,
      "credentials_exposure": false,
      "data_access": false,
      "effective_action": "greengrass:GetComponent",
      "privesc": false,
      "resource_exposure": false
    },
    {
      "access_level": "Read",
      "action": "greengrass:Get*",
      "condition": null,
      "credentials_exposure": false,
      "data_access": false,
      "effective_action": "greengrass:GetComponentVersionArtifact",
      "privesc": false,
      "resource_exposure": false
    },
    {
      "access_level": "Read",
      "action": "greengrass:Get*",
      "condition": null,
      "credentials_exposure": false,
      "data_access": false,
      "effective_action": "greengrass:GetConnectivityInfo",
      "privesc": false,
      "resource_exposure": false
    },
    {
      "access_level": "Read",
      "action": "greengrass:Get*",
      "condition": null,
      "credentials_exposure": false,
      "data_access": false,
      "effective_action": "greengrass:GetCoreDevice",
      "privesc": false,
      "resource_exposure": false
    },
    {
      "access_level": "Read",
      "action": "greengrass:Get*",
      "condition": null,
      "credentials_exposure": false,
      "data_access": false,
      "effective_action": "greengrass:GetDeployment",
      "privesc": false,
      "resource_exposure": false
    },
    {
      "access_level": "Read",
      "action": "greengrass:Get*",
      "condition": null,
      "credentials_exposure": false,
      "data_access": false,
      "effective_action": "greengrass:GetServiceRoleForAccount",
      "privesc": false,
      "resource_exposure": false
    },
    {
      "access_level": "Read",
      "action": "greengrass:Get*",
      "condition": null,
      "credentials_exposure": false,
      "data_access": false,
      "effective_action": "greengrass:GetAssociatedRole",
      "privesc": false,
      "resource_exposure": false
    },
    {
      "access_level": "Read",
      "action": "greengrass:Get*",
      "condition": null,
      "credentials_exposure": false,
      "data_access": false,
      "effective_action": "greengrass:GetBulkDeploymentStatus",
      "privesc": false,
      "resource_exposure": false
    },
    {
      "access_level": "Read",
      "action": "greengrass:Get*",
      "condition": null,
      "credentials_exposure": false,
      "data_access": false,
      "effective_action": "greengrass:GetConnectorDefinition",
      "privesc": false,
      "resource_exposure": false
    },
    {
      "access_level": "Read",
      "action": "greengrass:Get*",
      "condition": null,
      "credentials_exposure": false,
      "data_access": false,
      "effective_action": "greengrass:GetConnectorDefinitionVersion",
      "privesc": false,
      "resource_exposure": false
    },
    {
      "access_level": "Read",
      "action": "greengrass:Get*",
      "condition": null,
      "credentials_exposure": false,
      "data_access": false,
      "effective_action": "greengrass:GetCoreDefinition",
      "privesc": false,
      "resource_exposure": false
    },
    {
      "access_level": "Read",
      "action": "greengrass:Get*",
      "condition": null,
      "credentials_exposure": false,
      "data_access": false,
      "effective_action": "greengrass:GetCoreDefinitionVersion",
      "privesc": false,
      "resource_exposure": false
    },
    {
      "access_level": "Read",
      "action": "greengrass:Get*",
      "condition": null,
      "credentials_exposure": false,
      "data_access": false,
      "effective_action": "greengrass:GetDeploymentStatus",
      "privesc": false,
      "resource_exposure": false
    },
    {
      "access_level": "Read",
      "action": "greengrass:Get*",
      "condition": null,
      "credentials_exposure": false,
      "data_access": false,
      "effective_action": "greengrass:GetDeviceDefinition",
      "privesc": false,
      "resource_exposure": false
    },
    {
      "access_level": "Read",
      "action": "greengrass:Get*",
      "condition": null,
      "credentials_exposure": false,
      "data_access": false,
      "effective_action": "greengrass:GetDeviceDefinitionVersion",
      "privesc": false,
      "resource_exposure": false
    },
    {
      "access_level": "Read",
      "action": "greengrass:Get*",
      "condition": null,
      "credentials_exposure": false,
      "data_access": false,
      "effective_action": "greengrass:GetFunctionDefinition",
      "privesc": false,
      "resource_exposure": false
    },
    {
      "access_level": "Read",
      "action": "greengrass:Get*",
      "condition": null,
      "credentials_exposure": false,
      "data_access": false,
      "effective_action": "greengrass:GetFunctionDefinitionVersion",
      "privesc": false,
      "resource_exposure": false
    },
    {
      "access_level": "Read",
      "action": "greengrass:Get*",
      "condition": null,
      "credentials_exposure": false,
      "data_access": false,
      "effective_action": "greengrass:GetGroup",
      "privesc": false,
      "resource_exposure": false
    },
    {
      "access_level": "Read",
      "action": "greengrass:Get*",
      "condition": null,
      "credentials_exposure": false,
      "data_access": false,
      "effective_action": "greengrass:GetGroupCertificateAuthority",
      "privesc": false,
      "resource_exposure": false
    },
    {
      "access_level": "Read",
      "action": "greengrass:Get*",
      "condition": null,
      "credentials_exposure": false,
      "data_access": false,
      "effective_action": "greengrass:GetGroupCertificateConfiguration",
      "privesc": false,
      "resource_exposure": false
    },
    {
      "access_level": "Read",
      "action": "greengrass:Get*",
      "condition": null,
      "credentials_exposure": false,
      "data_access": false,
      "effective_action": "greengrass:GetGroupVersion",
      "privesc": false,
      "resource_exposure": false
    },
    {
      "access_level": "Read",
      "action": "greengrass:Get*",
      "condition": null,
      "credentials_exposure": false,
      "data_access": false,
      "effective_action": "greengrass:GetLoggerDefinition",
      "privesc": false,
      "resource_exposure": false
    },
    {
      "access_level": "Read",
      "action": "greengrass:Get*",
      "condition": null,
      "credentials_exposure": false,
      "data_access": false,
      "effective_action": "greengrass:GetLoggerDefinitionVersion",
      "privesc": false,
      "resource_exposure": false
    },
    {
      "access_level": "Read",
      "action": "greengrass:Get*",
      "condition": null,
      "credentials_exposure": false,
      "data_access": false,
      "effective_action": "greengrass:GetResourceDefinition",
      "privesc": false,
      "resource_exposure": false
    },
    {
      "access_level": "Read",
      "action": "greengrass:Get*",
      "condition": null,
      "credentials_exposure": false,
      "data_access": false,
      "effective_action": "greengrass:GetResourceDefinitionVersion",
      "privesc": false,
      "resource_exposure": false
    },
    {
      "access_level": "Read",
      "action": "greengrass:Get*",
      "condition": null,
      "credentials_exposure": false,
      "data_access": false,
      "effective_action": "greengrass:GetSubscriptionDefinition",
      "privesc": false,
      "resource_exposure": false
    },
    {
      "access_level": "Read",
      "action": "greengrass:Get*",
      "condition": null,
      "credentials_exposure": false,
      "data_access": false,
      "effective_action": "greengrass:GetSubscriptionDefinitionVersion",
      "privesc": false,
      "resource_exposure": false
    },
    {
      "access_level": "Read",
      "action": "greengrass:Get*",
      "condition": null,
      "credentials_exposure": false,
      "data_access": false,
      "effective_action": "greengrass:GetThingRuntimeConfiguration",
      "privesc": false,
      "resource_exposure": false
    }
  ],
  "grantless": false,
  "malformed": false,
  "name": "AWSGreengrassReadOnlyAccess",
  "privesc": false,
  "resource_exposure": false,
  "undocumented_actions": false,
  "unknown_actions": [],
  "updatedate": "2018-10-30T16:01:43+00:00",
  "version": "v1"
}