{
  "access_levels": [
    "List",
    "Read",
    "Tagging",
    "Write"
  ],
  "arn": "arn:aws:iam::aws:policy/service-role/AWSGlueDataBrewServiceRole",
  "createdate": "2024-03-20T23:28:52Z",
  "credentials_exposure": false,
  "data_access": true,
  "deprecated": false,
  "document": {
    "Statement": [
      {
        "Action": [
          "glue:GetDatabases",
          "glue:GetPartitions",
          "glue:GetTable",
          "glue:GetTables",
          "glue:GetConnection"
        ],
        "Effect": "Allow",
        "Resource": [
          "*"
        ],
        "Sid": "GlueDataPermissions"
      },
      {
        "Action": [
          "glue:BatchGetCustomEntityTypes",
          "glue:GetCustomEntityType"
        ],
        "Effect": "Allow",
        "Resource": [
          "*"
        ],
        "Sid": "GluePIIPermissions"
      },
      {
        "Action": [
          "s3:ListBucket",
          "s3:GetObject"
        ],
        "Effect": "Allow",
        "Resource": [
          "arn:aws:s3:::databrew-public-datasets-*"
        ],
        "Sid": "S3PublicDatasetAccess"
      },
      {
        "Action": [
          "ec2:DescribeVpcEndpoints",
          "ec2:DescribeRouteTables",
          "ec2:DescribeNetworkInterfaces",
          "ec2:DescribeSecurityGroups",
          "ec2:DescribeSubnets",
          "ec2:DescribeVpcAttribute",
          "ec2:CreateNetworkInterface"
        ],
        "Effect": "Allow",
        "Resource": [
          "*"
        ],
        "Sid": "EC2NetworkingPermissions"
      },
      {
        "Action": [
          "ec2:DeleteNetworkInterface"
        ],
        "Condition": {
          "StringLike": {
            "aws:ResourceTag/aws-glue-service-resource": "*"
          }
        },
        "Effect": "Allow",
        "Resource": [
          "*"
        ],
        "Sid": "EC2DeleteGlueNetworkInterfacePermissions"
      },
      {
        "Action": [
          "ec2:CreateTags",
          "ec2:DeleteTags"
        ],
        "Condition": {
          "ForAllValues:StringEquals": {
            "aws:TagKeys": [
              "aws-glue-service-resource"
            ]
          }
        },
        "Effect": "Allow",
        "Resource": [
          "arn:aws:ec2:*:*:network-interface/*",
          "arn:aws:ec2:*:*:security-group/*"
        ],
        "Sid": "EC2GlueTaggingPermissions"
      },
      {
        "Action": [
          "logs:CreateLogGroup",
          "logs:CreateLogStream",
          "logs:PutLogEvents"
        ],
        "Effect": "Allow",
        "Resource": [
          "arn:aws:logs:*:*:log-group:/aws-glue-databrew/*"
        ],
        "Sid": "GlueDatabrewLogGroupPermissions"
      },
      {
        "Action": [
          "lakeformation:GetDataAccess"
        ],
        "Effect": "Allow",
        "Resource": "*",
        "Sid": "LakeFormationPermissions"
      },
      {
        "Action": [
          "secretsmanager:GetSecretValue"
        ],
        "Effect": "Allow",
        "Resource": "arn:aws:secretsmanager:*:*:secret:databrew!default-*",
        "Sid": "SecretsManagerPermissions"
      }
    ],
    "Version": "2012-10-17"
  },
  "effective_actions": [
    {
      "access_level": "Read",
      "action": "glue:GetDatabases",
      "condition": null,
      "credentials_exposure": false,
      "data_access": false,
      "effective_action": "glue:GetDatabases",
      "privesc": false,
      "resource_exposure": false
    },
    {
      "access_level": "Read",
      "action": "glue:GetPartitions",
      "condition": null,
      "credentials_exposure": false,
      "data_access": false,
      "effective_action": "glue:GetPartitions",
      "privesc": false,
      "resource_exposure": false
    },
    {
      "access_level": "Read",
      "action": "glue:GetTable",
      "condition": null,
      "credentials_exposure": false,
      "data_access": false,
      "effective_action": "glue:GetTable",
      "privesc": false,
      "resource_exposure": false
    },
    {
      "access_level": "Read",
      "action": "glue:GetTables",
      "condition": null,
      "credentials_exposure": false,
      "data_access": false,
      "effective_action": "glue:GetTables",
      "privesc": false,
      "resource_exposure": false
    },
    {
      "access_level": "Read",
      "action": "glue:GetConnection",
      "condition": null,
      "credentials_exposure": false,
      "data_access": false,
      "effective_action": "glue:GetConnection",
      "privesc": false,
      "resource_exposure": false
    },
    {
      "access_level": "Read",
      "action": "glue:BatchGetCustomEntityTypes",
      "condition": null,
      "credentials_exposure": false,
      "data_access": false,
      "effective_action": "glue:BatchGetCustomEntityTypes",
      "privesc": false,
      "resource_exposure": false
    },
    {
      "access_level": "Read",
      "action": "glue:GetCustomEntityType",
      "condition": null,
      "credentials_exposure": false,
      "data_access": false,
      "effective_action": "glue:GetCustomEntityType",
      "privesc": false,
      "resource_exposure": false
    },
    {
      "access_level": "List",
      "action": "s3:ListBucket",
      "condition": null,
      "credentials_exposure": false,
      "data_access": false,
      "effective_action": "s3:ListBucket",
      "privesc": false,
      "resource_exposure": false
    },
    {
      "access_level": "Read",
      "action": "s3:GetObject",
      "condition": null,
      "credentials_exposure": false,
      "data_access": true,
      "effective_action": "s3:GetObject",
      "privesc": false,
      "resource_exposure": false
    },
    {
      "access_level": "List",
      "action": "ec2:DescribeVpcEndpoints",
      "condition": null,
      "credentials_exposure": false,
      "data_access": false,
      "effective_action": "ec2:DescribeVpcEndpoints",
      "privesc": false,
      "resource_exposure": false
    },
    {
      "access_level": "List",
      "action": "ec2:DescribeRouteTables",
      "condition": null,
      "credentials_exposure": false,
      "data_access": false,
      "effective_action": "ec2:DescribeRouteTables",
      "privesc": false,
      "resource_exposure": false
    },
    {
      "access_level": "List",
      "action": "ec2:DescribeNetworkInterfaces",
      "condition": null,
      "credentials_exposure": false,
      "data_access": false,
      "effective_action": "ec2:DescribeNetworkInterfaces",
      "privesc": false,
      "resource_exposure": false
    },
    {
      "access_level": "List",
      "action": "ec2:DescribeSecurityGroups",
      "condition": null,
      "credentials_exposure": false,
      "data_access": false,
      "effective_action": "ec2:DescribeSecurityGroups",
      "privesc": false,
      "resource_exposure": false
    },
    {
      "access_level": "List",
      "action": "ec2:DescribeSubnets",
      "condition": null,
      "credentials_exposure": false,
      "data_access": false,
      "effective_action": "ec2:DescribeSubnets",
      "privesc": false,
      "resource_exposure": false
    },
    {
      "access_level": "List",
      "action": "ec2:DescribeVpcAttribute",
      "condition": null,
      "credentials_exposure": false,
      "data_access": false,
      "effective_action": "ec2:DescribeVpcAttribute",
      "privesc": false,
      "resource_exposure": false
    },
    {
      "access_level": "Write",
      "action": "ec2:CreateNetworkInterface",
      "condition": null,
      "credentials_exposure": false,
      "data_access": false,
      "effective_action": "ec2:CreateNetworkInterface",
      "privesc": false,
      "resource_exposure": false
    },
    {
      "access_level": "Write",
      "action": "ec2:DeleteNetworkInterface",
      "condition": {
        "StringLike": {
          "aws:ResourceTag/aws-glue-service-resource": "*"
        }
      },
      "credentials_exposure": false,
      "data_access": false,
      "effective_action": "ec2:DeleteNetworkInterface",
      "privesc": false,
      "resource_exposure": false
    },
    {
      "access_level": "Tagging",
      "action": "ec2:CreateTags",
      "condition": {
        "ForAllValues:StringEquals": {
          "aws:TagKeys": [
            "aws-glue-service-resource"
          ]
        }
      },
      "credentials_exposure": false,
      "data_access": false,
      "effective_action": "ec2:CreateTags",
      "privesc": false,
      "resource_exposure": false
    },
    {
      "access_level": "Tagging",
      "action": "ec2:DeleteTags",
      "condition": {
        "ForAllValues:StringEquals": {
          "aws:TagKeys": [
            "aws-glue-service-resource"
          ]
        }
      },
      "credentials_exposure": false,
      "data_access": false,
      "effective_action": "ec2:DeleteTags",
      "privesc": false,
      "resource_exposure": false
    },
    {
      "access_level": "Write",
      "action": "logs:CreateLogGroup",
      "condition": null,
      "credentials_exposure": false,
      "data_access": false,
      "effective_action": "logs:CreateLogGroup",
      "privesc": false,
      "resource_exposure": false
    },
    {
      "access_level": "Write",
      "action": "logs:CreateLogStream",
      "condition": null,
      "credentials_exposure": false,
      "data_access": false,
      "effective_action": "logs:CreateLogStream",
      "privesc": false,
      "resource_exposure": false
    },
    {
      "access_level": "Write",
      "action": "logs:PutLogEvents",
      "condition": null,
      "credentials_exposure": false,
      "data_access": false,
      "effective_action": "logs:PutLogEvents",
      "privesc": false,
      "resource_exposure": false
    },
    {
      "access_level": "Write",
      "action": "lakeformation:GetDataAccess",
      "condition": null,
      "credentials_exposure": false,
      "data_access": false,
      "effective_action": "lakeformation:GetDataAccess",
      "privesc": false,
      "resource_exposure": false
    },
    {
      "access_level": "Read",
      "action": "secretsmanager:GetSecretValue",
      "condition": null,
      "credentials_exposure": false,
      "data_access": false,
      "effective_action": "secretsmanager:GetSecretValue",
      "privesc": false,
      "resource_exposure": false
    }
  ],
  "grantless": false,
  "malformed": false,
  "name": "AWSGlueDataBrewServiceRole",
  "privesc": false,
  "resource_exposure": false,
  "undocumented_actions": false,
  "unknown_actions": [],
  "updatedate": "2024-03-20T23:28:52+00:00",
  "version": "v4"
}