{
  "access_levels": [
    "List",
    "Read",
    "Tagging",
    "Write",
    "Permissions management"
  ],
  "arn": "arn:aws:iam::aws:policy/AWSGrafanaAccountAdministrator",
  "createdate": "2022-02-15T22:36:18Z",
  "credentials_exposure": false,
  "data_access": false,
  "deprecated": false,
  "document": {
    "Statement": [
      {
        "Action": [
          "iam:ListRoles"
        ],
        "Effect": "Allow",
        "Resource": "*",
        "Sid": "AWSGrafanaOrganizationAdmin"
      },
      {
        "Action": [
          "iam:GetRole"
        ],
        "Effect": "Allow",
        "Resource": "arn:aws:iam::*:role/*",
        "Sid": "GrafanaIAMGetRolePermission"
      },
      {
        "Action": [
          "grafana:*"
        ],
        "Effect": "Allow",
        "Resource": "*",
        "Sid": "AWSGrafanaPermissions"
      },
      {
        "Action": [
          "iam:PassRole"
        ],
        "Condition": {
          "StringLike": {
            "iam:PassedToService": "grafana.amazonaws.com"
          }
        },
        "Effect": "Allow",
        "Resource": "arn:aws:iam::*:role/*",
        "Sid": "GrafanaIAMPassRolePermission"
      }
    ],
    "Version": "2012-10-17"
  },
  "effective_actions": [
    {
      "access_level": "List",
      "action": "iam:ListRoles",
      "condition": null,
      "credentials_exposure": false,
      "data_access": false,
      "effective_action": "iam:ListRoles",
      "privesc": false,
      "resource_exposure": false
    },
    {
      "access_level": "Read",
      "action": "iam:GetRole",
      "condition": null,
      "credentials_exposure": false,
      "data_access": false,
      "effective_action": "iam:GetRole",
      "privesc": false,
      "resource_exposure": false
    },
    {
      "access_level": "Write",
      "action": "grafana:*",
      "condition": null,
      "credentials_exposure": false,
      "data_access": false,
      "effective_action": "grafana:AssociateLicense",
      "privesc": false,
      "resource_exposure": false
    },
    {
      "access_level": "Write",
      "action": "grafana:*",
      "condition": null,
      "credentials_exposure": false,
      "data_access": false,
      "effective_action": "grafana:CreateWorkspace",
      "privesc": false,
      "resource_exposure": false
    },
    {
      "access_level": "Write",
      "action": "grafana:*",
      "condition": null,
      "credentials_exposure": false,
      "data_access": false,
      "effective_action": "grafana:CreateWorkspaceApiKey",
      "privesc": false,
      "resource_exposure": false
    },
    {
      "access_level": "Write",
      "action": "grafana:*",
      "condition": null,
      "credentials_exposure": false,
      "data_access": false,
      "effective_action": "grafana:CreateWorkspaceServiceAccount",
      "privesc": false,
      "resource_exposure": false
    },
    {
      "access_level": "Write",
      "action": "grafana:*",
      "condition": null,
      "credentials_exposure": false,
      "data_access": false,
      "effective_action": "grafana:CreateWorkspaceServiceAccountToken",
      "privesc": false,
      "resource_exposure": false
    },
    {
      "access_level": "Write",
      "action": "grafana:*",
      "condition": null,
      "credentials_exposure": false,
      "data_access": false,
      "effective_action": "grafana:DeleteWorkspace",
      "privesc": false,
      "resource_exposure": false
    },
    {
      "access_level": "Write",
      "action": "grafana:*",
      "condition": null,
      "credentials_exposure": false,
      "data_access": false,
      "effective_action": "grafana:DeleteWorkspaceApiKey",
      "privesc": false,
      "resource_exposure": false
    },
    {
      "access_level": "Write",
      "action": "grafana:*",
      "condition": null,
      "credentials_exposure": false,
      "data_access": false,
      "effective_action": "grafana:DeleteWorkspaceServiceAccount",
      "privesc": false,
      "resource_exposure": false
    },
    {
      "access_level": "Write",
      "action": "grafana:*",
      "condition": null,
      "credentials_exposure": false,
      "data_access": false,
      "effective_action": "grafana:DeleteWorkspaceServiceAccountToken",
      "privesc": false,
      "resource_exposure": false
    },
    {
      "access_level": "Read",
      "action": "grafana:*",
      "condition": null,
      "credentials_exposure": false,
      "data_access": false,
      "effective_action": "grafana:DescribeWorkspace",
      "privesc": false,
      "resource_exposure": false
    },
    {
      "access_level": "Read",
      "action": "grafana:*",
      "condition": null,
      "credentials_exposure": false,
      "data_access": false,
      "effective_action": "grafana:DescribeWorkspaceAuthentication",
      "privesc": false,
      "resource_exposure": false
    },
    {
      "access_level": "Read",
      "action": "grafana:*",
      "condition": null,
      "credentials_exposure": false,
      "data_access": false,
      "effective_action": "grafana:DescribeWorkspaceConfiguration",
      "privesc": false,
      "resource_exposure": false
    },
    {
      "access_level": "Write",
      "action": "grafana:*",
      "condition": null,
      "credentials_exposure": false,
      "data_access": false,
      "effective_action": "grafana:DisassociateLicense",
      "privesc": false,
      "resource_exposure": false
    },
    {
      "access_level": "List",
      "action": "grafana:*",
      "condition": null,
      "credentials_exposure": false,
      "data_access": false,
      "effective_action": "grafana:ListPermissions",
      "privesc": false,
      "resource_exposure": false
    },
    {
      "access_level": "Read",
      "action": "grafana:*",
      "condition": null,
      "credentials_exposure": false,
      "data_access": false,
      "effective_action": "grafana:ListTagsForResource",
      "privesc": false,
      "resource_exposure": false
    },
    {
      "access_level": "List",
      "action": "grafana:*",
      "condition": null,
      "credentials_exposure": false,
      "data_access": false,
      "effective_action": "grafana:ListVersions",
      "privesc": false,
      "resource_exposure": false
    },
    {
      "access_level": "Read",
      "action": "grafana:*",
      "condition": null,
      "credentials_exposure": false,
      "data_access": false,
      "effective_action": "grafana:ListWorkspaceServiceAccountTokens",
      "privesc": false,
      "resource_exposure": false
    },
    {
      "access_level": "Read",
      "action": "grafana:*",
      "condition": null,
      "credentials_exposure": false,
      "data_access": false,
      "effective_action": "grafana:ListWorkspaceServiceAccounts",
      "privesc": false,
      "resource_exposure": false
    },
    {
      "access_level": "Read",
      "action": "grafana:*",
      "condition": null,
      "credentials_exposure": false,
      "data_access": false,
      "effective_action": "grafana:ListWorkspaces",
      "privesc": false,
      "resource_exposure": false
    },
    {
      "access_level": "Tagging",
      "action": "grafana:*",
      "condition": null,
      "credentials_exposure": false,
      "data_access": false,
      "effective_action": "grafana:TagResource",
      "privesc": false,
      "resource_exposure": false
    },
    {
      "access_level": "Tagging",
      "action": "grafana:*",
      "condition": null,
      "credentials_exposure": false,
      "data_access": false,
      "effective_action": "grafana:UntagResource",
      "privesc": false,
      "resource_exposure": false
    },
    {
      "access_level": "Permissions management",
      "action": "grafana:*",
      "condition": null,
      "credentials_exposure": false,
      "data_access": false,
      "effective_action": "grafana:UpdatePermissions",
      "privesc": false,
      "resource_exposure": false
    },
    {
      "access_level": "Write",
      "action": "grafana:*",
      "condition": null,
      "credentials_exposure": false,
      "data_access": false,
      "effective_action": "grafana:UpdateWorkspace",
      "privesc": false,
      "resource_exposure": false
    },
    {
      "access_level": "Write",
      "action": "grafana:*",
      "condition": null,
      "credentials_exposure": false,
      "data_access": false,
      "effective_action": "grafana:UpdateWorkspaceAuthentication",
      "privesc": false,
      "resource_exposure": false
    },
    {
      "access_level": "Write",
      "action": "grafana:*",
      "condition": null,
      "credentials_exposure": false,
      "data_access": false,
      "effective_action": "grafana:UpdateWorkspaceConfiguration",
      "privesc": false,
      "resource_exposure": false
    },
    {
      "access_level": "Permissions management",
      "action": "iam:PassRole",
      "condition": {
        "StringLike": {
          "iam:PassedToService": "grafana.amazonaws.com"
        }
      },
      "credentials_exposure": false,
      "data_access": false,
      "effective_action": "iam:PassRole",
      "privesc": true,
      "resource_exposure": true
    }
  ],
  "grantless": false,
  "malformed": false,
  "name": "AWSGrafanaAccountAdministrator",
  "privesc": true,
  "resource_exposure": true,
  "undocumented_actions": false,
  "unknown_actions": [],
  "updatedate": "2022-02-15T22:36:18+00:00",
  "version": "v3"
}