{
  "access_levels": [
    "List",
    "Read",
    "Tagging",
    "Write",
    "Permissions management"
  ],
  "arn": "arn:aws:iam::aws:policy/AWSGreengrassFullAccess",
  "createdate": "2017-05-03T00:47:37Z",
  "credentials_exposure": false,
  "data_access": false,
  "deprecated": false,
  "document": {
    "Statement": [
      {
        "Action": [
          "greengrass:*"
        ],
        "Effect": "Allow",
        "Resource": "*"
      }
    ],
    "Version": "2012-10-17"
  },
  "effective_actions": [
    {
      "access_level": "Permissions management",
      "action": "greengrass:*",
      "condition": null,
      "credentials_exposure": false,
      "data_access": false,
      "effective_action": "greengrass:AssociateServiceRoleToAccount",
      "privesc": false,
      "resource_exposure": true
    },
    {
      "access_level": "Write",
      "action": "greengrass:*",
      "condition": null,
      "credentials_exposure": false,
      "data_access": false,
      "effective_action": "greengrass:BatchAssociateClientDeviceWithCoreDevice",
      "privesc": false,
      "resource_exposure": false
    },
    {
      "access_level": "Write",
      "action": "greengrass:*",
      "condition": null,
      "credentials_exposure": false,
      "data_access": false,
      "effective_action": "greengrass:BatchDisassociateClientDeviceFromCoreDevice",
      "privesc": false,
      "resource_exposure": false
    },
    {
      "access_level": "Write",
      "action": "greengrass:*",
      "condition": null,
      "credentials_exposure": false,
      "data_access": false,
      "effective_action": "greengrass:CancelDeployment",
      "privesc": false,
      "resource_exposure": false
    },
    {
      "access_level": "Write",
      "action": "greengrass:*",
      "condition": null,
      "credentials_exposure": false,
      "data_access": false,
      "effective_action": "greengrass:CreateComponentVersion",
      "privesc": false,
      "resource_exposure": false
    },
    {
      "access_level": "Write",
      "action": "greengrass:*",
      "condition": null,
      "credentials_exposure": false,
      "data_access": false,
      "effective_action": "greengrass:CreateDeployment",
      "privesc": false,
      "resource_exposure": false
    },
    {
      "access_level": "Write",
      "action": "greengrass:*",
      "condition": null,
      "credentials_exposure": false,
      "data_access": false,
      "effective_action": "greengrass:DeleteComponent",
      "privesc": false,
      "resource_exposure": false
    },
    {
      "access_level": "Write",
      "action": "greengrass:*",
      "condition": null,
      "credentials_exposure": false,
      "data_access": false,
      "effective_action": "greengrass:DeleteCoreDevice",
      "privesc": false,
      "resource_exposure": false
    },
    {
      "access_level": "Write",
      "action": "greengrass:*",
      "condition": null,
      "credentials_exposure": false,
      "data_access": false,
      "effective_action": "greengrass:DeleteDeployment",
      "privesc": false,
      "resource_exposure": false
    },
    {
      "access_level": "Read",
      "action": "greengrass:*",
      "condition": null,
      "credentials_exposure": false,
      "data_access": false,
      "effective_action": "greengrass:DescribeComponent",
      "privesc": false,
      "resource_exposure": false
    },
    {
      "access_level": "Write",
      "action": "greengrass:*",
      "condition": null,
      "credentials_exposure": false,
      "data_access": false,
      "effective_action": "greengrass:DisassociateServiceRoleFromAccount",
      "privesc": false,
      "resource_exposure": false
    },
    {
      "access_level": "Read",
      "action": "greengrass:*",
      "condition": null,
      "credentials_exposure": false,
      "data_access": false,
      "effective_action": "greengrass:GetComponent",
      "privesc": false,
      "resource_exposure": false
    },
    {
      "access_level": "Read",
      "action": "greengrass:*",
      "condition": null,
      "credentials_exposure": false,
      "data_access": false,
      "effective_action": "greengrass:GetComponentVersionArtifact",
      "privesc": false,
      "resource_exposure": false
    },
    {
      "access_level": "Read",
      "action": "greengrass:*",
      "condition": null,
      "credentials_exposure": false,
      "data_access": false,
      "effective_action": "greengrass:GetConnectivityInfo",
      "privesc": false,
      "resource_exposure": false
    },
    {
      "access_level": "Read",
      "action": "greengrass:*",
      "condition": null,
      "credentials_exposure": false,
      "data_access": false,
      "effective_action": "greengrass:GetCoreDevice",
      "privesc": false,
      "resource_exposure": false
    },
    {
      "access_level": "Read",
      "action": "greengrass:*",
      "condition": null,
      "credentials_exposure": false,
      "data_access": false,
      "effective_action": "greengrass:GetDeployment",
      "privesc": false,
      "resource_exposure": false
    },
    {
      "access_level": "Read",
      "action": "greengrass:*",
      "condition": null,
      "credentials_exposure": false,
      "data_access": false,
      "effective_action": "greengrass:GetServiceRoleForAccount",
      "privesc": false,
      "resource_exposure": false
    },
    {
      "access_level": "List",
      "action": "greengrass:*",
      "condition": null,
      "credentials_exposure": false,
      "data_access": false,
      "effective_action": "greengrass:ListClientDevicesAssociatedWithCoreDevice",
      "privesc": false,
      "resource_exposure": false
    },
    {
      "access_level": "List",
      "action": "greengrass:*",
      "condition": null,
      "credentials_exposure": false,
      "data_access": false,
      "effective_action": "greengrass:ListComponentVersions",
      "privesc": false,
      "resource_exposure": false
    },
    {
      "access_level": "List",
      "action": "greengrass:*",
      "condition": null,
      "credentials_exposure": false,
      "data_access": false,
      "effective_action": "greengrass:ListComponents",
      "privesc": false,
      "resource_exposure": false
    },
    {
      "access_level": "List",
      "action": "greengrass:*",
      "condition": null,
      "credentials_exposure": false,
      "data_access": false,
      "effective_action": "greengrass:ListCoreDevices",
      "privesc": false,
      "resource_exposure": false
    },
    {
      "access_level": "List",
      "action": "greengrass:*",
      "condition": null,
      "credentials_exposure": false,
      "data_access": false,
      "effective_action": "greengrass:ListDeployments",
      "privesc": false,
      "resource_exposure": false
    },
    {
      "access_level": "List",
      "action": "greengrass:*",
      "condition": null,
      "credentials_exposure": false,
      "data_access": false,
      "effective_action": "greengrass:ListEffectiveDeployments",
      "privesc": false,
      "resource_exposure": false
    },
    {
      "access_level": "List",
      "action": "greengrass:*",
      "condition": null,
      "credentials_exposure": false,
      "data_access": false,
      "effective_action": "greengrass:ListInstalledComponents",
      "privesc": false,
      "resource_exposure": false
    },
    {
      "access_level": "Read",
      "action": "greengrass:*",
      "condition": null,
      "credentials_exposure": false,
      "data_access": false,
      "effective_action": "greengrass:ListTagsForResource",
      "privesc": false,
      "resource_exposure": false
    },
    {
      "access_level": "List",
      "action": "greengrass:*",
      "condition": null,
      "credentials_exposure": false,
      "data_access": false,
      "effective_action": "greengrass:ResolveComponentCandidates",
      "privesc": false,
      "resource_exposure": false
    },
    {
      "access_level": "Tagging",
      "action": "greengrass:*",
      "condition": null,
      "credentials_exposure": false,
      "data_access": false,
      "effective_action": "greengrass:TagResource",
      "privesc": false,
      "resource_exposure": false
    },
    {
      "access_level": "Tagging",
      "action": "greengrass:*",
      "condition": null,
      "credentials_exposure": false,
      "data_access": false,
      "effective_action": "greengrass:UntagResource",
      "privesc": false,
      "resource_exposure": false
    },
    {
      "access_level": "Write",
      "action": "greengrass:*",
      "condition": null,
      "credentials_exposure": false,
      "data_access": false,
      "effective_action": "greengrass:UpdateConnectivityInfo",
      "privesc": false,
      "resource_exposure": false
    },
    {
      "access_level": "Write",
      "action": "greengrass:*",
      "condition": null,
      "credentials_exposure": false,
      "data_access": false,
      "effective_action": "greengrass:AssociateRoleToGroup",
      "privesc": false,
      "resource_exposure": false
    },
    {
      "access_level": "Write",
      "action": "greengrass:*",
      "condition": null,
      "credentials_exposure": false,
      "data_access": false,
      "effective_action": "greengrass:CreateConnectorDefinition",
      "privesc": false,
      "resource_exposure": false
    },
    {
      "access_level": "Write",
      "action": "greengrass:*",
      "condition": null,
      "credentials_exposure": false,
      "data_access": false,
      "effective_action": "greengrass:CreateConnectorDefinitionVersion",
      "privesc": false,
      "resource_exposure": false
    },
    {
      "access_level": "Write",
      "action": "greengrass:*",
      "condition": null,
      "credentials_exposure": false,
      "data_access": false,
      "effective_action": "greengrass:CreateCoreDefinition",
      "privesc": false,
      "resource_exposure": false
    },
    {
      "access_level": "Write",
      "action": "greengrass:*",
      "condition": null,
      "credentials_exposure": false,
      "data_access": false,
      "effective_action": "greengrass:CreateCoreDefinitionVersion",
      "privesc": false,
      "resource_exposure": false
    },
    {
      "access_level": "Write",
      "action": "greengrass:*",
      "condition": null,
      "credentials_exposure": false,
      "data_access": false,
      "effective_action": "greengrass:CreateDeviceDefinition",
      "privesc": false,
      "resource_exposure": false
    },
    {
      "access_level": "Write",
      "action": "greengrass:*",
      "condition": null,
      "credentials_exposure": false,
      "data_access": false,
      "effective_action": "greengrass:CreateDeviceDefinitionVersion",
      "privesc": false,
      "resource_exposure": false
    },
    {
      "access_level": "Write",
      "action": "greengrass:*",
      "condition": null,
      "credentials_exposure": false,
      "data_access": false,
      "effective_action": "greengrass:CreateFunctionDefinition",
      "privesc": false,
      "resource_exposure": false
    },
    {
      "access_level": "Write",
      "action": "greengrass:*",
      "condition": null,
      "credentials_exposure": false,
      "data_access": false,
      "effective_action": "greengrass:CreateFunctionDefinitionVersion",
      "privesc": false,
      "resource_exposure": false
    },
    {
      "access_level": "Write",
      "action": "greengrass:*",
      "condition": null,
      "credentials_exposure": false,
      "data_access": false,
      "effective_action": "greengrass:CreateGroup",
      "privesc": false,
      "resource_exposure": false
    },
    {
      "access_level": "Write",
      "action": "greengrass:*",
      "condition": null,
      "credentials_exposure": false,
      "data_access": false,
      "effective_action": "greengrass:CreateGroupCertificateAuthority",
      "privesc": false,
      "resource_exposure": false
    },
    {
      "access_level": "Write",
      "action": "greengrass:*",
      "condition": null,
      "credentials_exposure": false,
      "data_access": false,
      "effective_action": "greengrass:CreateGroupVersion",
      "privesc": false,
      "resource_exposure": false
    },
    {
      "access_level": "Write",
      "action": "greengrass:*",
      "condition": null,
      "credentials_exposure": false,
      "data_access": false,
      "effective_action": "greengrass:CreateLoggerDefinition",
      "privesc": false,
      "resource_exposure": false
    },
    {
      "access_level": "Write",
      "action": "greengrass:*",
      "condition": null,
      "credentials_exposure": false,
      "data_access": false,
      "effective_action": "greengrass:CreateLoggerDefinitionVersion",
      "privesc": false,
      "resource_exposure": false
    },
    {
      "access_level": "Write",
      "action": "greengrass:*",
      "condition": null,
      "credentials_exposure": false,
      "data_access": false,
      "effective_action": "greengrass:CreateResourceDefinition",
      "privesc": false,
      "resource_exposure": false
    },
    {
      "access_level": "Write",
      "action": "greengrass:*",
      "condition": null,
      "credentials_exposure": false,
      "data_access": false,
      "effective_action": "greengrass:CreateResourceDefinitionVersion",
      "privesc": false,
      "resource_exposure": false
    },
    {
      "access_level": "Write",
      "action": "greengrass:*",
      "condition": null,
      "credentials_exposure": false,
      "data_access": false,
      "effective_action": "greengrass:CreateSoftwareUpdateJob",
      "privesc": false,
      "resource_exposure": false
    },
    {
      "access_level": "Write",
      "action": "greengrass:*",
      "condition": null,
      "credentials_exposure": false,
      "data_access": false,
      "effective_action": "greengrass:CreateSubscriptionDefinition",
      "privesc": false,
      "resource_exposure": false
    },
    {
      "access_level": "Write",
      "action": "greengrass:*",
      "condition": null,
      "credentials_exposure": false,
      "data_access": false,
      "effective_action": "greengrass:CreateSubscriptionDefinitionVersion",
      "privesc": false,
      "resource_exposure": false
    },
    {
      "access_level": "Write",
      "action": "greengrass:*",
      "condition": null,
      "credentials_exposure": false,
      "data_access": false,
      "effective_action": "greengrass:DeleteConnectorDefinition",
      "privesc": false,
      "resource_exposure": false
    },
    {
      "access_level": "Write",
      "action": "greengrass:*",
      "condition": null,
      "credentials_exposure": false,
      "data_access": false,
      "effective_action": "greengrass:DeleteCoreDefinition",
      "privesc": false,
      "resource_exposure": false
    },
    {
      "access_level": "Write",
      "action": "greengrass:*",
      "condition": null,
      "credentials_exposure": false,
      "data_access": false,
      "effective_action": "greengrass:DeleteDeviceDefinition",
      "privesc": false,
      "resource_exposure": false
    },
    {
      "access_level": "Write",
      "action": "greengrass:*",
      "condition": null,
      "credentials_exposure": false,
      "data_access": false,
      "effective_action": "greengrass:DeleteFunctionDefinition",
      "privesc": false,
      "resource_exposure": false
    },
    {
      "access_level": "Write",
      "action": "greengrass:*",
      "condition": null,
      "credentials_exposure": false,
      "data_access": false,
      "effective_action": "greengrass:DeleteGroup",
      "privesc": false,
      "resource_exposure": false
    },
    {
      "access_level": "Write",
      "action": "greengrass:*",
      "condition": null,
      "credentials_exposure": false,
      "data_access": false,
      "effective_action": "greengrass:DeleteLoggerDefinition",
      "privesc": false,
      "resource_exposure": false
    },
    {
      "access_level": "Write",
      "action": "greengrass:*",
      "condition": null,
      "credentials_exposure": false,
      "data_access": false,
      "effective_action": "greengrass:DeleteResourceDefinition",
      "privesc": false,
      "resource_exposure": false
    },
    {
      "access_level": "Write",
      "action": "greengrass:*",
      "condition": null,
      "credentials_exposure": false,
      "data_access": false,
      "effective_action": "greengrass:DeleteSubscriptionDefinition",
      "privesc": false,
      "resource_exposure": false
    },
    {
      "access_level": "Write",
      "action": "greengrass:*",
      "condition": null,
      "credentials_exposure": false,
      "data_access": false,
      "effective_action": "greengrass:DisassociateRoleFromGroup",
      "privesc": false,
      "resource_exposure": false
    },
    {
      "access_level": "Read",
      "action": "greengrass:*",
      "condition": null,
      "credentials_exposure": false,
      "data_access": false,
      "effective_action": "greengrass:Discover",
      "privesc": false,
      "resource_exposure": false
    },
    {
      "access_level": "Read",
      "action": "greengrass:*",
      "condition": null,
      "credentials_exposure": false,
      "data_access": false,
      "effective_action": "greengrass:GetAssociatedRole",
      "privesc": false,
      "resource_exposure": false
    },
    {
      "access_level": "Read",
      "action": "greengrass:*",
      "condition": null,
      "credentials_exposure": false,
      "data_access": false,
      "effective_action": "greengrass:GetBulkDeploymentStatus",
      "privesc": false,
      "resource_exposure": false
    },
    {
      "access_level": "Read",
      "action": "greengrass:*",
      "condition": null,
      "credentials_exposure": false,
      "data_access": false,
      "effective_action": "greengrass:GetConnectorDefinition",
      "privesc": false,
      "resource_exposure": false
    },
    {
      "access_level": "Read",
      "action": "greengrass:*",
      "condition": null,
      "credentials_exposure": false,
      "data_access": false,
      "effective_action": "greengrass:GetConnectorDefinitionVersion",
      "privesc": false,
      "resource_exposure": false
    },
    {
      "access_level": "Read",
      "action": "greengrass:*",
      "condition": null,
      "credentials_exposure": false,
      "data_access": false,
      "effective_action": "greengrass:GetCoreDefinition",
      "privesc": false,
      "resource_exposure": false
    },
    {
      "access_level": "Read",
      "action": "greengrass:*",
      "condition": null,
      "credentials_exposure": false,
      "data_access": false,
      "effective_action": "greengrass:GetCoreDefinitionVersion",
      "privesc": false,
      "resource_exposure": false
    },
    {
      "access_level": "Read",
      "action": "greengrass:*",
      "condition": null,
      "credentials_exposure": false,
      "data_access": false,
      "effective_action": "greengrass:GetDeploymentStatus",
      "privesc": false,
      "resource_exposure": false
    },
    {
      "access_level": "Read",
      "action": "greengrass:*",
      "condition": null,
      "credentials_exposure": false,
      "data_access": false,
      "effective_action": "greengrass:GetDeviceDefinition",
      "privesc": false,
      "resource_exposure": false
    },
    {
      "access_level": "Read",
      "action": "greengrass:*",
      "condition": null,
      "credentials_exposure": false,
      "data_access": false,
      "effective_action": "greengrass:GetDeviceDefinitionVersion",
      "privesc": false,
      "resource_exposure": false
    },
    {
      "access_level": "Read",
      "action": "greengrass:*",
      "condition": null,
      "credentials_exposure": false,
      "data_access": false,
      "effective_action": "greengrass:GetFunctionDefinition",
      "privesc": false,
      "resource_exposure": false
    },
    {
      "access_level": "Read",
      "action": "greengrass:*",
      "condition": null,
      "credentials_exposure": false,
      "data_access": false,
      "effective_action": "greengrass:GetFunctionDefinitionVersion",
      "privesc": false,
      "resource_exposure": false
    },
    {
      "access_level": "Read",
      "action": "greengrass:*",
      "condition": null,
      "credentials_exposure": false,
      "data_access": false,
      "effective_action": "greengrass:GetGroup",
      "privesc": false,
      "resource_exposure": false
    },
    {
      "access_level": "Read",
      "action": "greengrass:*",
      "condition": null,
      "credentials_exposure": false,
      "data_access": false,
      "effective_action": "greengrass:GetGroupCertificateAuthority",
      "privesc": false,
      "resource_exposure": false
    },
    {
      "access_level": "Read",
      "action": "greengrass:*",
      "condition": null,
      "credentials_exposure": false,
      "data_access": false,
      "effective_action": "greengrass:GetGroupCertificateConfiguration",
      "privesc": false,
      "resource_exposure": false
    },
    {
      "access_level": "Read",
      "action": "greengrass:*",
      "condition": null,
      "credentials_exposure": false,
      "data_access": false,
      "effective_action": "greengrass:GetGroupVersion",
      "privesc": false,
      "resource_exposure": false
    },
    {
      "access_level": "Read",
      "action": "greengrass:*",
      "condition": null,
      "credentials_exposure": false,
      "data_access": false,
      "effective_action": "greengrass:GetLoggerDefinition",
      "privesc": false,
      "resource_exposure": false
    },
    {
      "access_level": "Read",
      "action": "greengrass:*",
      "condition": null,
      "credentials_exposure": false,
      "data_access": false,
      "effective_action": "greengrass:GetLoggerDefinitionVersion",
      "privesc": false,
      "resource_exposure": false
    },
    {
      "access_level": "Read",
      "action": "greengrass:*",
      "condition": null,
      "credentials_exposure": false,
      "data_access": false,
      "effective_action": "greengrass:GetResourceDefinition",
      "privesc": false,
      "resource_exposure": false
    },
    {
      "access_level": "Read",
      "action": "greengrass:*",
      "condition": null,
      "credentials_exposure": false,
      "data_access": false,
      "effective_action": "greengrass:GetResourceDefinitionVersion",
      "privesc": false,
      "resource_exposure": false
    },
    {
      "access_level": "Read",
      "action": "greengrass:*",
      "condition": null,
      "credentials_exposure": false,
      "data_access": false,
      "effective_action": "greengrass:GetSubscriptionDefinition",
      "privesc": false,
      "resource_exposure": false
    },
    {
      "access_level": "Read",
      "action": "greengrass:*",
      "condition": null,
      "credentials_exposure": false,
      "data_access": false,
      "effective_action": "greengrass:GetSubscriptionDefinitionVersion",
      "privesc": false,
      "resource_exposure": false
    },
    {
      "access_level": "Read",
      "action": "greengrass:*",
      "condition": null,
      "credentials_exposure": false,
      "data_access": false,
      "effective_action": "greengrass:GetThingRuntimeConfiguration",
      "privesc": false,
      "resource_exposure": false
    },
    {
      "access_level": "Read",
      "action": "greengrass:*",
      "condition": null,
      "credentials_exposure": false,
      "data_access": false,
      "effective_action": "greengrass:ListBulkDeploymentDetailedReports",
      "privesc": false,
      "resource_exposure": false
    },
    {
      "access_level": "List",
      "action": "greengrass:*",
      "condition": null,
      "credentials_exposure": false,
      "data_access": false,
      "effective_action": "greengrass:ListBulkDeployments",
      "privesc": false,
      "resource_exposure": false
    },
    {
      "access_level": "List",
      "action": "greengrass:*",
      "condition": null,
      "credentials_exposure": false,
      "data_access": false,
      "effective_action": "greengrass:ListConnectorDefinitionVersions",
      "privesc": false,
      "resource_exposure": false
    },
    {
      "access_level": "List",
      "action": "greengrass:*",
      "condition": null,
      "credentials_exposure": false,
      "data_access": false,
      "effective_action": "greengrass:ListConnectorDefinitions",
      "privesc": false,
      "resource_exposure": false
    },
    {
      "access_level": "List",
      "action": "greengrass:*",
      "condition": null,
      "credentials_exposure": false,
      "data_access": false,
      "effective_action": "greengrass:ListCoreDefinitionVersions",
      "privesc": false,
      "resource_exposure": false
    },
    {
      "access_level": "List",
      "action": "greengrass:*",
      "condition": null,
      "credentials_exposure": false,
      "data_access": false,
      "effective_action": "greengrass:ListCoreDefinitions",
      "privesc": false,
      "resource_exposure": false
    },
    {
      "access_level": "List",
      "action": "greengrass:*",
      "condition": null,
      "credentials_exposure": false,
      "data_access": false,
      "effective_action": "greengrass:ListDeviceDefinitionVersions",
      "privesc": false,
      "resource_exposure": false
    },
    {
      "access_level": "List",
      "action": "greengrass:*",
      "condition": null,
      "credentials_exposure": false,
      "data_access": false,
      "effective_action": "greengrass:ListDeviceDefinitions",
      "privesc": false,
      "resource_exposure": false
    },
    {
      "access_level": "List",
      "action": "greengrass:*",
      "condition": null,
      "credentials_exposure": false,
      "data_access": false,
      "effective_action": "greengrass:ListFunctionDefinitionVersions",
      "privesc": false,
      "resource_exposure": false
    },
    {
      "access_level": "List",
      "action": "greengrass:*",
      "condition": null,
      "credentials_exposure": false,
      "data_access": false,
      "effective_action": "greengrass:ListFunctionDefinitions",
      "privesc": false,
      "resource_exposure": false
    },
    {
      "access_level": "List",
      "action": "greengrass:*",
      "condition": null,
      "credentials_exposure": false,
      "data_access": false,
      "effective_action": "greengrass:ListGroupCertificateAuthorities",
      "privesc": false,
      "resource_exposure": false
    },
    {
      "access_level": "List",
      "action": "greengrass:*",
      "condition": null,
      "credentials_exposure": false,
      "data_access": false,
      "effective_action": "greengrass:ListGroupVersions",
      "privesc": false,
      "resource_exposure": false
    },
    {
      "access_level": "List",
      "action": "greengrass:*",
      "condition": null,
      "credentials_exposure": false,
      "data_access": false,
      "effective_action": "greengrass:ListGroups",
      "privesc": false,
      "resource_exposure": false
    },
    {
      "access_level": "List",
      "action": "greengrass:*",
      "condition": null,
      "credentials_exposure": false,
      "data_access": false,
      "effective_action": "greengrass:ListLoggerDefinitionVersions",
      "privesc": false,
      "resource_exposure": false
    },
    {
      "access_level": "List",
      "action": "greengrass:*",
      "condition": null,
      "credentials_exposure": false,
      "data_access": false,
      "effective_action": "greengrass:ListLoggerDefinitions",
      "privesc": false,
      "resource_exposure": false
    },
    {
      "access_level": "List",
      "action": "greengrass:*",
      "condition": null,
      "credentials_exposure": false,
      "data_access": false,
      "effective_action": "greengrass:ListResourceDefinitionVersions",
      "privesc": false,
      "resource_exposure": false
    },
    {
      "access_level": "List",
      "action": "greengrass:*",
      "condition": null,
      "credentials_exposure": false,
      "data_access": false,
      "effective_action": "greengrass:ListResourceDefinitions",
      "privesc": false,
      "resource_exposure": false
    },
    {
      "access_level": "List",
      "action": "greengrass:*",
      "condition": null,
      "credentials_exposure": false,
      "data_access": false,
      "effective_action": "greengrass:ListSubscriptionDefinitionVersions",
      "privesc": false,
      "resource_exposure": false
    },
    {
      "access_level": "List",
      "action": "greengrass:*",
      "condition": null,
      "credentials_exposure": false,
      "data_access": false,
      "effective_action": "greengrass:ListSubscriptionDefinitions",
      "privesc": false,
      "resource_exposure": false
    },
    {
      "access_level": "Write",
      "action": "greengrass:*",
      "condition": null,
      "credentials_exposure": false,
      "data_access": false,
      "effective_action": "greengrass:ResetDeployments",
      "privesc": false,
      "resource_exposure": false
    },
    {
      "access_level": "Write",
      "action": "greengrass:*",
      "condition": null,
      "credentials_exposure": false,
      "data_access": false,
      "effective_action": "greengrass:StartBulkDeployment",
      "privesc": false,
      "resource_exposure": false
    },
    {
      "access_level": "Write",
      "action": "greengrass:*",
      "condition": null,
      "credentials_exposure": false,
      "data_access": false,
      "effective_action": "greengrass:StopBulkDeployment",
      "privesc": false,
      "resource_exposure": false
    },
    {
      "access_level": "Write",
      "action": "greengrass:*",
      "condition": null,
      "credentials_exposure": false,
      "data_access": false,
      "effective_action": "greengrass:UpdateConnectorDefinition",
      "privesc": false,
      "resource_exposure": false
    },
    {
      "access_level": "Write",
      "action": "greengrass:*",
      "condition": null,
      "credentials_exposure": false,
      "data_access": false,
      "effective_action": "greengrass:UpdateCoreDefinition",
      "privesc": false,
      "resource_exposure": false
    },
    {
      "access_level": "Write",
      "action": "greengrass:*",
      "condition": null,
      "credentials_exposure": false,
      "data_access": false,
      "effective_action": "greengrass:UpdateDeviceDefinition",
      "privesc": false,
      "resource_exposure": false
    },
    {
      "access_level": "Write",
      "action": "greengrass:*",
      "condition": null,
      "credentials_exposure": false,
      "data_access": false,
      "effective_action": "greengrass:UpdateFunctionDefinition",
      "privesc": false,
      "resource_exposure": false
    },
    {
      "access_level": "Write",
      "action": "greengrass:*",
      "condition": null,
      "credentials_exposure": false,
      "data_access": false,
      "effective_action": "greengrass:UpdateGroup",
      "privesc": false,
      "resource_exposure": false
    },
    {
      "access_level": "Write",
      "action": "greengrass:*",
      "condition": null,
      "credentials_exposure": false,
      "data_access": false,
      "effective_action": "greengrass:UpdateGroupCertificateConfiguration",
      "privesc": false,
      "resource_exposure": false
    },
    {
      "access_level": "Write",
      "action": "greengrass:*",
      "condition": null,
      "credentials_exposure": false,
      "data_access": false,
      "effective_action": "greengrass:UpdateLoggerDefinition",
      "privesc": false,
      "resource_exposure": false
    },
    {
      "access_level": "Write",
      "action": "greengrass:*",
      "condition": null,
      "credentials_exposure": false,
      "data_access": false,
      "effective_action": "greengrass:UpdateResourceDefinition",
      "privesc": false,
      "resource_exposure": false
    },
    {
      "access_level": "Write",
      "action": "greengrass:*",
      "condition": null,
      "credentials_exposure": false,
      "data_access": false,
      "effective_action": "greengrass:UpdateSubscriptionDefinition",
      "privesc": false,
      "resource_exposure": false
    },
    {
      "access_level": "Write",
      "action": "greengrass:*",
      "condition": null,
      "credentials_exposure": false,
      "data_access": false,
      "effective_action": "greengrass:UpdateThingRuntimeConfiguration",
      "privesc": false,
      "resource_exposure": false
    }
  ],
  "grantless": false,
  "malformed": false,
  "name": "AWSGreengrassFullAccess",
  "privesc": false,
  "resource_exposure": true,
  "undocumented_actions": false,
  "unknown_actions": [],
  "updatedate": "2017-05-03T00:47:37+00:00",
  "version": "v1"
}