{
  "access_levels": [
    "List",
    "Read",
    "Tagging",
    "Write"
  ],
  "arn": "arn:aws:iam::aws:policy/aws-service-role/AWSGlobalAcceleratorSLRPolicy",
  "createdate": "2024-10-29T18:23:36Z",
  "credentials_exposure": false,
  "data_access": false,
  "deprecated": false,
  "document": {
    "Statement": [
      {
        "Action": [
          "ec2:CreateNetworkInterface",
          "ec2:DescribeNetworkInterfaces",
          "ec2:DescribeInstances",
          "ec2:DescribeInternetGateways",
          "ec2:DescribeSubnets",
          "ec2:DescribeRegions",
          "ec2:ModifyNetworkInterfaceAttribute",
          "ec2:DeleteNetworkInterface",
          "ec2:DescribeAddresses"
        ],
        "Effect": "Allow",
        "Resource": "*",
        "Sid": "EC2Action1"
      },
      {
        "Action": [
          "ec2:DeleteSecurityGroup",
          "ec2:AssignIpv6Addresses",
          "ec2:UnassignIpv6Addresses"
        ],
        "Condition": {
          "StringEquals": {
            "ec2:ResourceTag/AWSServiceName": "GlobalAccelerator"
          }
        },
        "Effect": "Allow",
        "Resource": "*",
        "Sid": "EC2Action2"
      },
      {
        "Action": [
          "ec2:CreateSecurityGroup",
          "ec2:DescribeSecurityGroups",
          "ec2:GetSecurityGroupsForVpc"
        ],
        "Effect": "Allow",
        "Resource": "*",
        "Sid": "EC2Action3"
      },
      {
        "Action": [
          "elasticloadbalancing:DescribeLoadBalancers",
          "elasticloadbalancing:DescribeListeners",
          "elasticloadbalancing:DescribeTargetGroups"
        ],
        "Effect": "Allow",
        "Resource": "*",
        "Sid": "ElbAction1"
      },
      {
        "Action": [
          "ec2:CreateTags"
        ],
        "Effect": "Allow",
        "Resource": [
          "arn:aws:ec2:*:*:security-group/*",
          "arn:aws:ec2:*:*:network-interface/*"
        ],
        "Sid": "EC2Action4"
      }
    ],
    "Version": "2012-10-17"
  },
  "effective_actions": [
    {
      "access_level": "Write",
      "action": "ec2:CreateNetworkInterface",
      "condition": null,
      "credentials_exposure": false,
      "data_access": false,
      "effective_action": "ec2:CreateNetworkInterface",
      "privesc": false,
      "resource_exposure": false
    },
    {
      "access_level": "List",
      "action": "ec2:DescribeNetworkInterfaces",
      "condition": null,
      "credentials_exposure": false,
      "data_access": false,
      "effective_action": "ec2:DescribeNetworkInterfaces",
      "privesc": false,
      "resource_exposure": false
    },
    {
      "access_level": "List",
      "action": "ec2:DescribeInstances",
      "condition": null,
      "credentials_exposure": false,
      "data_access": false,
      "effective_action": "ec2:DescribeInstances",
      "privesc": false,
      "resource_exposure": false
    },
    {
      "access_level": "List",
      "action": "ec2:DescribeInternetGateways",
      "condition": null,
      "credentials_exposure": false,
      "data_access": false,
      "effective_action": "ec2:DescribeInternetGateways",
      "privesc": false,
      "resource_exposure": false
    },
    {
      "access_level": "List",
      "action": "ec2:DescribeSubnets",
      "condition": null,
      "credentials_exposure": false,
      "data_access": false,
      "effective_action": "ec2:DescribeSubnets",
      "privesc": false,
      "resource_exposure": false
    },
    {
      "access_level": "List",
      "action": "ec2:DescribeRegions",
      "condition": null,
      "credentials_exposure": false,
      "data_access": false,
      "effective_action": "ec2:DescribeRegions",
      "privesc": false,
      "resource_exposure": false
    },
    {
      "access_level": "Write",
      "action": "ec2:ModifyNetworkInterfaceAttribute",
      "condition": null,
      "credentials_exposure": false,
      "data_access": false,
      "effective_action": "ec2:ModifyNetworkInterfaceAttribute",
      "privesc": false,
      "resource_exposure": false
    },
    {
      "access_level": "Write",
      "action": "ec2:DeleteNetworkInterface",
      "condition": null,
      "credentials_exposure": false,
      "data_access": false,
      "effective_action": "ec2:DeleteNetworkInterface",
      "privesc": false,
      "resource_exposure": false
    },
    {
      "access_level": "List",
      "action": "ec2:DescribeAddresses",
      "condition": null,
      "credentials_exposure": false,
      "data_access": false,
      "effective_action": "ec2:DescribeAddresses",
      "privesc": false,
      "resource_exposure": false
    },
    {
      "access_level": "Write",
      "action": "ec2:DeleteSecurityGroup",
      "condition": {
        "StringEquals": {
          "ec2:ResourceTag/AWSServiceName": "GlobalAccelerator"
        }
      },
      "credentials_exposure": false,
      "data_access": false,
      "effective_action": "ec2:DeleteSecurityGroup",
      "privesc": false,
      "resource_exposure": false
    },
    {
      "access_level": "Write",
      "action": "ec2:AssignIpv6Addresses",
      "condition": {
        "StringEquals": {
          "ec2:ResourceTag/AWSServiceName": "GlobalAccelerator"
        }
      },
      "credentials_exposure": false,
      "data_access": false,
      "effective_action": "ec2:AssignIpv6Addresses",
      "privesc": false,
      "resource_exposure": false
    },
    {
      "access_level": "Write",
      "action": "ec2:UnassignIpv6Addresses",
      "condition": {
        "StringEquals": {
          "ec2:ResourceTag/AWSServiceName": "GlobalAccelerator"
        }
      },
      "credentials_exposure": false,
      "data_access": false,
      "effective_action": "ec2:UnassignIpv6Addresses",
      "privesc": false,
      "resource_exposure": false
    },
    {
      "access_level": "Write",
      "action": "ec2:CreateSecurityGroup",
      "condition": null,
      "credentials_exposure": false,
      "data_access": false,
      "effective_action": "ec2:CreateSecurityGroup",
      "privesc": false,
      "resource_exposure": false
    },
    {
      "access_level": "List",
      "action": "ec2:DescribeSecurityGroups",
      "condition": null,
      "credentials_exposure": false,
      "data_access": false,
      "effective_action": "ec2:DescribeSecurityGroups",
      "privesc": false,
      "resource_exposure": false
    },
    {
      "access_level": "Read",
      "action": "ec2:GetSecurityGroupsForVpc",
      "condition": null,
      "credentials_exposure": false,
      "data_access": false,
      "effective_action": "ec2:GetSecurityGroupsForVpc",
      "privesc": false,
      "resource_exposure": false
    },
    {
      "access_level": "List",
      "action": "elasticloadbalancing:DescribeLoadBalancers",
      "condition": null,
      "credentials_exposure": false,
      "data_access": false,
      "effective_action": "elasticloadbalancing:DescribeLoadBalancers",
      "privesc": false,
      "resource_exposure": false
    },
    {
      "access_level": "Read",
      "action": "elasticloadbalancing:DescribeListeners",
      "condition": null,
      "credentials_exposure": false,
      "data_access": false,
      "effective_action": "elasticloadbalancing:DescribeListeners",
      "privesc": false,
      "resource_exposure": false
    },
    {
      "access_level": "Read",
      "action": "elasticloadbalancing:DescribeTargetGroups",
      "condition": null,
      "credentials_exposure": false,
      "data_access": false,
      "effective_action": "elasticloadbalancing:DescribeTargetGroups",
      "privesc": false,
      "resource_exposure": false
    },
    {
      "access_level": "Tagging",
      "action": "ec2:CreateTags",
      "condition": null,
      "credentials_exposure": false,
      "data_access": false,
      "effective_action": "ec2:CreateTags",
      "privesc": false,
      "resource_exposure": false
    }
  ],
  "grantless": false,
  "malformed": false,
  "name": "AWSGlobalAcceleratorSLRPolicy",
  "privesc": false,
  "resource_exposure": false,
  "undocumented_actions": false,
  "unknown_actions": [],
  "updatedate": "2024-10-29T18:23:36+00:00",
  "version": "v9"
}