{
  "access_levels": [
    "List",
    "Read"
  ],
  "arn": "arn:aws:iam::aws:policy/AWSGrafanaConsoleReadOnlyAccess",
  "createdate": "2022-02-15T22:30:54Z",
  "credentials_exposure": false,
  "data_access": false,
  "deprecated": false,
  "document": {
    "Statement": [
      {
        "Action": [
          "grafana:Describe*",
          "grafana:List*"
        ],
        "Effect": "Allow",
        "Resource": "*",
        "Sid": "AWSGrafanaConsoleReadOnlyAccess"
      }
    ],
    "Version": "2012-10-17"
  },
  "effective_actions": [
    {
      "access_level": "Read",
      "action": "grafana:Describe*",
      "condition": null,
      "credentials_exposure": false,
      "data_access": false,
      "effective_action": "grafana:DescribeWorkspace",
      "privesc": false,
      "resource_exposure": false
    },
    {
      "access_level": "Read",
      "action": "grafana:Describe*",
      "condition": null,
      "credentials_exposure": false,
      "data_access": false,
      "effective_action": "grafana:DescribeWorkspaceAuthentication",
      "privesc": false,
      "resource_exposure": false
    },
    {
      "access_level": "Read",
      "action": "grafana:Describe*",
      "condition": null,
      "credentials_exposure": false,
      "data_access": false,
      "effective_action": "grafana:DescribeWorkspaceConfiguration",
      "privesc": false,
      "resource_exposure": false
    },
    {
      "access_level": "List",
      "action": "grafana:List*",
      "condition": null,
      "credentials_exposure": false,
      "data_access": false,
      "effective_action": "grafana:ListPermissions",
      "privesc": false,
      "resource_exposure": false
    },
    {
      "access_level": "Read",
      "action": "grafana:List*",
      "condition": null,
      "credentials_exposure": false,
      "data_access": false,
      "effective_action": "grafana:ListTagsForResource",
      "privesc": false,
      "resource_exposure": false
    },
    {
      "access_level": "List",
      "action": "grafana:List*",
      "condition": null,
      "credentials_exposure": false,
      "data_access": false,
      "effective_action": "grafana:ListVersions",
      "privesc": false,
      "resource_exposure": false
    },
    {
      "access_level": "Read",
      "action": "grafana:List*",
      "condition": null,
      "credentials_exposure": false,
      "data_access": false,
      "effective_action": "grafana:ListWorkspaceServiceAccountTokens",
      "privesc": false,
      "resource_exposure": false
    },
    {
      "access_level": "Read",
      "action": "grafana:List*",
      "condition": null,
      "credentials_exposure": false,
      "data_access": false,
      "effective_action": "grafana:ListWorkspaceServiceAccounts",
      "privesc": false,
      "resource_exposure": false
    },
    {
      "access_level": "Read",
      "action": "grafana:List*",
      "condition": null,
      "credentials_exposure": false,
      "data_access": false,
      "effective_action": "grafana:ListWorkspaces",
      "privesc": false,
      "resource_exposure": false
    }
  ],
  "grantless": false,
  "malformed": false,
  "name": "AWSGrafanaConsoleReadOnlyAccess",
  "privesc": false,
  "resource_exposure": false,
  "undocumented_actions": false,
  "unknown_actions": [],
  "updatedate": "2022-02-15T22:30:54+00:00",
  "version": "v3"
}