{
  "access_levels": [
    "List",
    "Read",
    "Tagging",
    "Write",
    "Permissions management"
  ],
  "arn": "arn:aws:iam::aws:policy/AWSHealthImagingFullAccess",
  "createdate": "2023-07-25T23:39:40Z",
  "credentials_exposure": false,
  "data_access": false,
  "deprecated": false,
  "document": {
    "Statement": [
      {
        "Action": [
          "medical-imaging:*"
        ],
        "Effect": "Allow",
        "Resource": "*"
      },
      {
        "Action": [
          "iam:PassRole"
        ],
        "Condition": {
          "StringEquals": {
            "iam:PassedToService": "medical-imaging.amazonaws.com"
          }
        },
        "Effect": "Allow",
        "Resource": "*"
      }
    ],
    "Version": "2012-10-17"
  },
  "effective_actions": [
    {
      "access_level": "Write",
      "action": "medical-imaging:*",
      "condition": null,
      "credentials_exposure": false,
      "data_access": false,
      "effective_action": "medical-imaging:CopyImageSet",
      "privesc": false,
      "resource_exposure": false
    },
    {
      "access_level": "Write",
      "action": "medical-imaging:*",
      "condition": null,
      "credentials_exposure": false,
      "data_access": false,
      "effective_action": "medical-imaging:CreateDatastore",
      "privesc": false,
      "resource_exposure": false
    },
    {
      "access_level": "Write",
      "action": "medical-imaging:*",
      "condition": null,
      "credentials_exposure": false,
      "data_access": false,
      "effective_action": "medical-imaging:DeleteDatastore",
      "privesc": false,
      "resource_exposure": false
    },
    {
      "access_level": "Write",
      "action": "medical-imaging:*",
      "condition": null,
      "credentials_exposure": false,
      "data_access": false,
      "effective_action": "medical-imaging:DeleteImageSet",
      "privesc": false,
      "resource_exposure": false
    },
    {
      "access_level": "Read",
      "action": "medical-imaging:*",
      "condition": null,
      "credentials_exposure": false,
      "data_access": false,
      "effective_action": "medical-imaging:GetDICOMBulkdata",
      "privesc": false,
      "resource_exposure": false
    },
    {
      "access_level": "Read",
      "action": "medical-imaging:*",
      "condition": null,
      "credentials_exposure": false,
      "data_access": false,
      "effective_action": "medical-imaging:GetDICOMImportJob",
      "privesc": false,
      "resource_exposure": false
    },
    {
      "access_level": "Read",
      "action": "medical-imaging:*",
      "condition": null,
      "credentials_exposure": false,
      "data_access": false,
      "effective_action": "medical-imaging:GetDICOMInstance",
      "privesc": false,
      "resource_exposure": false
    },
    {
      "access_level": "Read",
      "action": "medical-imaging:*",
      "condition": null,
      "credentials_exposure": false,
      "data_access": false,
      "effective_action": "medical-imaging:GetDICOMInstanceFrames",
      "privesc": false,
      "resource_exposure": false
    },
    {
      "access_level": "Read",
      "action": "medical-imaging:*",
      "condition": null,
      "credentials_exposure": false,
      "data_access": false,
      "effective_action": "medical-imaging:GetDICOMInstanceMetadata",
      "privesc": false,
      "resource_exposure": false
    },
    {
      "access_level": "Read",
      "action": "medical-imaging:*",
      "condition": null,
      "credentials_exposure": false,
      "data_access": false,
      "effective_action": "medical-imaging:GetDICOMSeriesMetadata",
      "privesc": false,
      "resource_exposure": false
    },
    {
      "access_level": "Read",
      "action": "medical-imaging:*",
      "condition": null,
      "credentials_exposure": false,
      "data_access": false,
      "effective_action": "medical-imaging:GetDatastore",
      "privesc": false,
      "resource_exposure": false
    },
    {
      "access_level": "Read",
      "action": "medical-imaging:*",
      "condition": null,
      "credentials_exposure": false,
      "data_access": false,
      "effective_action": "medical-imaging:GetImageFrame",
      "privesc": false,
      "resource_exposure": false
    },
    {
      "access_level": "Read",
      "action": "medical-imaging:*",
      "condition": null,
      "credentials_exposure": false,
      "data_access": false,
      "effective_action": "medical-imaging:GetImageSet",
      "privesc": false,
      "resource_exposure": false
    },
    {
      "access_level": "Read",
      "action": "medical-imaging:*",
      "condition": null,
      "credentials_exposure": false,
      "data_access": false,
      "effective_action": "medical-imaging:GetImageSetMetadata",
      "privesc": false,
      "resource_exposure": false
    },
    {
      "access_level": "List",
      "action": "medical-imaging:*",
      "condition": null,
      "credentials_exposure": false,
      "data_access": false,
      "effective_action": "medical-imaging:ListDICOMImportJobs",
      "privesc": false,
      "resource_exposure": false
    },
    {
      "access_level": "List",
      "action": "medical-imaging:*",
      "condition": null,
      "credentials_exposure": false,
      "data_access": false,
      "effective_action": "medical-imaging:ListDatastores",
      "privesc": false,
      "resource_exposure": false
    },
    {
      "access_level": "List",
      "action": "medical-imaging:*",
      "condition": null,
      "credentials_exposure": false,
      "data_access": false,
      "effective_action": "medical-imaging:ListImageSetVersions",
      "privesc": false,
      "resource_exposure": false
    },
    {
      "access_level": "List",
      "action": "medical-imaging:*",
      "condition": null,
      "credentials_exposure": false,
      "data_access": false,
      "effective_action": "medical-imaging:ListTagsForResource",
      "privesc": false,
      "resource_exposure": false
    },
    {
      "access_level": "Read",
      "action": "medical-imaging:*",
      "condition": null,
      "credentials_exposure": false,
      "data_access": false,
      "effective_action": "medical-imaging:SearchDICOMInstances",
      "privesc": false,
      "resource_exposure": false
    },
    {
      "access_level": "Read",
      "action": "medical-imaging:*",
      "condition": null,
      "credentials_exposure": false,
      "data_access": false,
      "effective_action": "medical-imaging:SearchDICOMSeries",
      "privesc": false,
      "resource_exposure": false
    },
    {
      "access_level": "Read",
      "action": "medical-imaging:*",
      "condition": null,
      "credentials_exposure": false,
      "data_access": false,
      "effective_action": "medical-imaging:SearchDICOMStudies",
      "privesc": false,
      "resource_exposure": false
    },
    {
      "access_level": "Read",
      "action": "medical-imaging:*",
      "condition": null,
      "credentials_exposure": false,
      "data_access": false,
      "effective_action": "medical-imaging:SearchImageSets",
      "privesc": false,
      "resource_exposure": false
    },
    {
      "access_level": "Write",
      "action": "medical-imaging:*",
      "condition": null,
      "credentials_exposure": false,
      "data_access": false,
      "effective_action": "medical-imaging:StartDICOMImportJob",
      "privesc": false,
      "resource_exposure": false
    },
    {
      "access_level": "Write",
      "action": "medical-imaging:*",
      "condition": null,
      "credentials_exposure": false,
      "data_access": false,
      "effective_action": "medical-imaging:StoreDICOM",
      "privesc": false,
      "resource_exposure": false
    },
    {
      "access_level": "Write",
      "action": "medical-imaging:*",
      "condition": null,
      "credentials_exposure": false,
      "data_access": false,
      "effective_action": "medical-imaging:StoreDICOMStudy",
      "privesc": false,
      "resource_exposure": false
    },
    {
      "access_level": "Tagging",
      "action": "medical-imaging:*",
      "condition": null,
      "credentials_exposure": false,
      "data_access": false,
      "effective_action": "medical-imaging:TagResource",
      "privesc": false,
      "resource_exposure": false
    },
    {
      "access_level": "Tagging",
      "action": "medical-imaging:*",
      "condition": null,
      "credentials_exposure": false,
      "data_access": false,
      "effective_action": "medical-imaging:UntagResource",
      "privesc": false,
      "resource_exposure": false
    },
    {
      "access_level": "Write",
      "action": "medical-imaging:*",
      "condition": null,
      "credentials_exposure": false,
      "data_access": false,
      "effective_action": "medical-imaging:UpdateImageSetMetadata",
      "privesc": false,
      "resource_exposure": false
    },
    {
      "access_level": "Permissions management",
      "action": "iam:PassRole",
      "condition": {
        "StringEquals": {
          "iam:PassedToService": "medical-imaging.amazonaws.com"
        }
      },
      "credentials_exposure": false,
      "data_access": false,
      "effective_action": "iam:PassRole",
      "privesc": true,
      "resource_exposure": true
    }
  ],
  "grantless": false,
  "malformed": false,
  "name": "AWSHealthImagingFullAccess",
  "privesc": true,
  "resource_exposure": true,
  "undocumented_actions": false,
  "unknown_actions": [],
  "updatedate": "2023-07-25T23:39:40+00:00",
  "version": "v1"
}