{
  "access_levels": [
    "List",
    "Read",
    "Write",
    "Permissions management"
  ],
  "arn": "arn:aws:iam::aws:policy/AWSHealthFullAccess",
  "createdate": "2020-11-16T18:11:34Z",
  "credentials_exposure": false,
  "data_access": false,
  "deprecated": false,
  "document": {
    "Statement": [
      {
        "Action": [
          "organizations:EnableAWSServiceAccess",
          "organizations:DisableAWSServiceAccess"
        ],
        "Condition": {
          "StringEquals": {
            "organizations:ServicePrincipal": "health.amazonaws.com"
          }
        },
        "Effect": "Allow",
        "Resource": "*"
      },
      {
        "Action": [
          "health:*",
          "organizations:ListAccounts",
          "organizations:ListParents",
          "organizations:DescribeAccount",
          "organizations:ListDelegatedAdministrators"
        ],
        "Effect": "Allow",
        "Resource": "*"
      },
      {
        "Action": [
          "iam:CreateServiceLinkedRole"
        ],
        "Condition": {
          "StringEquals": {
            "iam:AWSServiceName": "health.amazonaws.com"
          }
        },
        "Effect": "Allow",
        "Resource": "*"
      }
    ],
    "Version": "2012-10-17"
  },
  "effective_actions": [
    {
      "access_level": "Write",
      "action": "organizations:EnableAWSServiceAccess",
      "condition": {
        "StringEquals": {
          "organizations:ServicePrincipal": "health.amazonaws.com"
        }
      },
      "credentials_exposure": false,
      "data_access": false,
      "effective_action": "organizations:EnableAWSServiceAccess",
      "privesc": false,
      "resource_exposure": false
    },
    {
      "access_level": "Write",
      "action": "organizations:DisableAWSServiceAccess",
      "condition": {
        "StringEquals": {
          "organizations:ServicePrincipal": "health.amazonaws.com"
        }
      },
      "credentials_exposure": false,
      "data_access": false,
      "effective_action": "organizations:DisableAWSServiceAccess",
      "privesc": false,
      "resource_exposure": false
    },
    {
      "access_level": "Read",
      "action": "health:*",
      "condition": null,
      "credentials_exposure": false,
      "data_access": false,
      "effective_action": "health:DescribeAffectedAccountsForOrganization",
      "privesc": false,
      "resource_exposure": false
    },
    {
      "access_level": "Read",
      "action": "health:*",
      "condition": null,
      "credentials_exposure": false,
      "data_access": false,
      "effective_action": "health:DescribeAffectedEntities",
      "privesc": false,
      "resource_exposure": false
    },
    {
      "access_level": "Read",
      "action": "health:*",
      "condition": null,
      "credentials_exposure": false,
      "data_access": false,
      "effective_action": "health:DescribeAffectedEntitiesForOrganization",
      "privesc": false,
      "resource_exposure": false
    },
    {
      "access_level": "Read",
      "action": "health:*",
      "condition": null,
      "credentials_exposure": false,
      "data_access": false,
      "effective_action": "health:DescribeEntityAggregates",
      "privesc": false,
      "resource_exposure": false
    },
    {
      "access_level": "Read",
      "action": "health:*",
      "condition": null,
      "credentials_exposure": false,
      "data_access": false,
      "effective_action": "health:DescribeEntityAggregatesForOrganization",
      "privesc": false,
      "resource_exposure": false
    },
    {
      "access_level": "Read",
      "action": "health:*",
      "condition": null,
      "credentials_exposure": false,
      "data_access": false,
      "effective_action": "health:DescribeEventAggregates",
      "privesc": false,
      "resource_exposure": false
    },
    {
      "access_level": "Read",
      "action": "health:*",
      "condition": null,
      "credentials_exposure": false,
      "data_access": false,
      "effective_action": "health:DescribeEventDetails",
      "privesc": false,
      "resource_exposure": false
    },
    {
      "access_level": "Read",
      "action": "health:*",
      "condition": null,
      "credentials_exposure": false,
      "data_access": false,
      "effective_action": "health:DescribeEventDetailsForOrganization",
      "privesc": false,
      "resource_exposure": false
    },
    {
      "access_level": "Read",
      "action": "health:*",
      "condition": null,
      "credentials_exposure": false,
      "data_access": false,
      "effective_action": "health:DescribeEventTypes",
      "privesc": false,
      "resource_exposure": false
    },
    {
      "access_level": "Read",
      "action": "health:*",
      "condition": null,
      "credentials_exposure": false,
      "data_access": false,
      "effective_action": "health:DescribeEvents",
      "privesc": false,
      "resource_exposure": false
    },
    {
      "access_level": "Read",
      "action": "health:*",
      "condition": null,
      "credentials_exposure": false,
      "data_access": false,
      "effective_action": "health:DescribeEventsForOrganization",
      "privesc": false,
      "resource_exposure": false
    },
    {
      "access_level": "Read",
      "action": "health:*",
      "condition": null,
      "credentials_exposure": false,
      "data_access": false,
      "effective_action": "health:DescribeHealthServiceStatusForOrganization",
      "privesc": false,
      "resource_exposure": false
    },
    {
      "access_level": "Permissions management",
      "action": "health:*",
      "condition": null,
      "credentials_exposure": false,
      "data_access": false,
      "effective_action": "health:DisableHealthServiceAccessForOrganization",
      "privesc": false,
      "resource_exposure": true
    },
    {
      "access_level": "Permissions management",
      "action": "health:*",
      "condition": null,
      "credentials_exposure": false,
      "data_access": false,
      "effective_action": "health:EnableHealthServiceAccessForOrganization",
      "privesc": false,
      "resource_exposure": true
    },
    {
      "access_level": "List",
      "action": "organizations:ListAccounts",
      "condition": null,
      "credentials_exposure": false,
      "data_access": false,
      "effective_action": "organizations:ListAccounts",
      "privesc": false,
      "resource_exposure": false
    },
    {
      "access_level": "List",
      "action": "organizations:ListParents",
      "condition": null,
      "credentials_exposure": false,
      "data_access": false,
      "effective_action": "organizations:ListParents",
      "privesc": false,
      "resource_exposure": false
    },
    {
      "access_level": "Read",
      "action": "organizations:DescribeAccount",
      "condition": null,
      "credentials_exposure": false,
      "data_access": false,
      "effective_action": "organizations:DescribeAccount",
      "privesc": false,
      "resource_exposure": false
    },
    {
      "access_level": "List",
      "action": "organizations:ListDelegatedAdministrators",
      "condition": null,
      "credentials_exposure": false,
      "data_access": false,
      "effective_action": "organizations:ListDelegatedAdministrators",
      "privesc": false,
      "resource_exposure": false
    },
    {
      "access_level": "Permissions management",
      "action": "iam:CreateServiceLinkedRole",
      "condition": {
        "StringEquals": {
          "iam:AWSServiceName": "health.amazonaws.com"
        }
      },
      "credentials_exposure": false,
      "data_access": false,
      "effective_action": "iam:CreateServiceLinkedRole",
      "privesc": true,
      "resource_exposure": true
    }
  ],
  "grantless": false,
  "malformed": false,
  "name": "AWSHealthFullAccess",
  "privesc": true,
  "resource_exposure": true,
  "undocumented_actions": false,
  "unknown_actions": [],
  "updatedate": "2020-11-16T18:11:34+00:00",
  "version": "v3"
}