{
  "access_levels": [
    "List",
    "Read"
  ],
  "arn": "arn:aws:iam::aws:policy/AWSImportExportReadOnlyAccess",
  "createdate": "2015-02-06T18:40:42Z",
  "credentials_exposure": false,
  "data_access": false,
  "deprecated": false,
  "document": {
    "Statement": [
      {
        "Action": [
          "importexport:ListJobs",
          "importexport:GetStatus"
        ],
        "Effect": "Allow",
        "Resource": "*"
      }
    ],
    "Version": "2012-10-17"
  },
  "effective_actions": [
    {
      "access_level": "List",
      "action": "importexport:ListJobs",
      "condition": null,
      "credentials_exposure": false,
      "data_access": false,
      "effective_action": "importexport:ListJobs",
      "privesc": false,
      "resource_exposure": false
    },
    {
      "access_level": "Read",
      "action": "importexport:GetStatus",
      "condition": null,
      "credentials_exposure": false,
      "data_access": false,
      "effective_action": "importexport:GetStatus",
      "privesc": false,
      "resource_exposure": false
    }
  ],
  "grantless": false,
  "malformed": false,
  "name": "AWSImportExportReadOnlyAccess",
  "privesc": false,
  "resource_exposure": false,
  "undocumented_actions": false,
  "unknown_actions": [],
  "updatedate": "2015-02-06T18:40:42+00:00",
  "version": "v1"
}