{
  "access_levels": [
    "List",
    "Read"
  ],
  "arn": "arn:aws:iam::aws:policy/service-role/AWSIoTDeviceDefenderAudit",
  "createdate": "2019-11-25T23:52:43Z",
  "credentials_exposure": false,
  "data_access": false,
  "deprecated": false,
  "document": {
    "Statement": [
      {
        "Action": [
          "iot:GetLoggingOptions",
          "iot:GetV2LoggingOptions",
          "iot:ListCACertificates",
          "iot:ListCertificates",
          "iot:DescribeCACertificate",
          "iot:DescribeCertificate",
          "iot:ListPolicies",
          "iot:GetPolicy",
          "iot:GetEffectivePolicies",
          "iot:ListRoleAliases",
          "iot:DescribeRoleAlias",
          "cognito-identity:GetIdentityPoolRoles",
          "iam:ListRolePolicies",
          "iam:ListAttachedRolePolicies",
          "iam:GetRole",
          "iam:GetPolicy",
          "iam:GetPolicyVersion",
          "iam:GetRolePolicy",
          "iam:GenerateServiceLastAccessedDetails",
          "iam:GetServiceLastAccessedDetails"
        ],
        "Effect": "Allow",
        "Resource": [
          "*"
        ]
      }
    ],
    "Version": "2012-10-17"
  },
  "effective_actions": [
    {
      "access_level": "Read",
      "action": "iot:GetLoggingOptions",
      "condition": null,
      "credentials_exposure": false,
      "data_access": false,
      "effective_action": "iot:GetLoggingOptions",
      "privesc": false,
      "resource_exposure": false
    },
    {
      "access_level": "Read",
      "action": "iot:GetV2LoggingOptions",
      "condition": null,
      "credentials_exposure": false,
      "data_access": false,
      "effective_action": "iot:GetV2LoggingOptions",
      "privesc": false,
      "resource_exposure": false
    },
    {
      "access_level": "List",
      "action": "iot:ListCACertificates",
      "condition": null,
      "credentials_exposure": false,
      "data_access": false,
      "effective_action": "iot:ListCACertificates",
      "privesc": false,
      "resource_exposure": false
    },
    {
      "access_level": "List",
      "action": "iot:ListCertificates",
      "condition": null,
      "credentials_exposure": false,
      "data_access": false,
      "effective_action": "iot:ListCertificates",
      "privesc": false,
      "resource_exposure": false
    },
    {
      "access_level": "Read",
      "action": "iot:DescribeCACertificate",
      "condition": null,
      "credentials_exposure": false,
      "data_access": false,
      "effective_action": "iot:DescribeCACertificate",
      "privesc": false,
      "resource_exposure": false
    },
    {
      "access_level": "Read",
      "action": "iot:DescribeCertificate",
      "condition": null,
      "credentials_exposure": false,
      "data_access": false,
      "effective_action": "iot:DescribeCertificate",
      "privesc": false,
      "resource_exposure": false
    },
    {
      "access_level": "List",
      "action": "iot:ListPolicies",
      "condition": null,
      "credentials_exposure": false,
      "data_access": false,
      "effective_action": "iot:ListPolicies",
      "privesc": false,
      "resource_exposure": false
    },
    {
      "access_level": "Read",
      "action": "iot:GetPolicy",
      "condition": null,
      "credentials_exposure": false,
      "data_access": false,
      "effective_action": "iot:GetPolicy",
      "privesc": false,
      "resource_exposure": false
    },
    {
      "access_level": "Read",
      "action": "iot:GetEffectivePolicies",
      "condition": null,
      "credentials_exposure": false,
      "data_access": false,
      "effective_action": "iot:GetEffectivePolicies",
      "privesc": false,
      "resource_exposure": false
    },
    {
      "access_level": "List",
      "action": "iot:ListRoleAliases",
      "condition": null,
      "credentials_exposure": false,
      "data_access": false,
      "effective_action": "iot:ListRoleAliases",
      "privesc": false,
      "resource_exposure": false
    },
    {
      "access_level": "Read",
      "action": "iot:DescribeRoleAlias",
      "condition": null,
      "credentials_exposure": false,
      "data_access": false,
      "effective_action": "iot:DescribeRoleAlias",
      "privesc": false,
      "resource_exposure": false
    },
    {
      "access_level": "Read",
      "action": "cognito-identity:GetIdentityPoolRoles",
      "condition": null,
      "credentials_exposure": false,
      "data_access": false,
      "effective_action": "cognito-identity:GetIdentityPoolRoles",
      "privesc": false,
      "resource_exposure": false
    },
    {
      "access_level": "List",
      "action": "iam:ListRolePolicies",
      "condition": null,
      "credentials_exposure": false,
      "data_access": false,
      "effective_action": "iam:ListRolePolicies",
      "privesc": false,
      "resource_exposure": false
    },
    {
      "access_level": "List",
      "action": "iam:ListAttachedRolePolicies",
      "condition": null,
      "credentials_exposure": false,
      "data_access": false,
      "effective_action": "iam:ListAttachedRolePolicies",
      "privesc": false,
      "resource_exposure": false
    },
    {
      "access_level": "Read",
      "action": "iam:GetRole",
      "condition": null,
      "credentials_exposure": false,
      "data_access": false,
      "effective_action": "iam:GetRole",
      "privesc": false,
      "resource_exposure": false
    },
    {
      "access_level": "Read",
      "action": "iam:GetPolicy",
      "condition": null,
      "credentials_exposure": false,
      "data_access": false,
      "effective_action": "iam:GetPolicy",
      "privesc": false,
      "resource_exposure": false
    },
    {
      "access_level": "Read",
      "action": "iam:GetPolicyVersion",
      "condition": null,
      "credentials_exposure": false,
      "data_access": false,
      "effective_action": "iam:GetPolicyVersion",
      "privesc": false,
      "resource_exposure": false
    },
    {
      "access_level": "Read",
      "action": "iam:GetRolePolicy",
      "condition": null,
      "credentials_exposure": false,
      "data_access": false,
      "effective_action": "iam:GetRolePolicy",
      "privesc": false,
      "resource_exposure": false
    },
    {
      "access_level": "Read",
      "action": "iam:GenerateServiceLastAccessedDetails",
      "condition": null,
      "credentials_exposure": false,
      "data_access": false,
      "effective_action": "iam:GenerateServiceLastAccessedDetails",
      "privesc": false,
      "resource_exposure": false
    },
    {
      "access_level": "Read",
      "action": "iam:GetServiceLastAccessedDetails",
      "condition": null,
      "credentials_exposure": false,
      "data_access": false,
      "effective_action": "iam:GetServiceLastAccessedDetails",
      "privesc": false,
      "resource_exposure": false
    }
  ],
  "grantless": false,
  "malformed": false,
  "name": "AWSIoTDeviceDefenderAudit",
  "privesc": false,
  "resource_exposure": false,
  "undocumented_actions": false,
  "unknown_actions": [],
  "updatedate": "2019-11-25T23:52:43+00:00",
  "version": "v3"
}