{
  "access_levels": [
    "List",
    "Read",
    "Write"
  ],
  "arn": "arn:aws:iam::aws:policy/AWSIncidentManagerResolverAccess",
  "createdate": "2021-05-10T06:12:34Z",
  "credentials_exposure": false,
  "data_access": false,
  "deprecated": false,
  "document": {
    "Statement": [
      {
        "Action": [
          "ssm-incidents:StartIncident"
        ],
        "Effect": "Allow",
        "Resource": "*",
        "Sid": "StartIncidentPermissions"
      },
      {
        "Action": [
          "ssm-incidents:ListResponsePlans",
          "ssm-incidents:GetResponsePlan"
        ],
        "Effect": "Allow",
        "Resource": "*",
        "Sid": "ResponsePlanReadOnlyPermissions"
      },
      {
        "Action": [
          "ssm-incidents:ListIncidentRecords",
          "ssm-incidents:GetIncidentRecord",
          "ssm-incidents:UpdateIncidentRecord",
          "ssm-incidents:ListTimelineEvents",
          "ssm-incidents:CreateTimelineEvent",
          "ssm-incidents:GetTimelineEvent",
          "ssm-incidents:UpdateTimelineEvent",
          "ssm-incidents:DeleteTimelineEvent",
          "ssm-incidents:ListRelatedItems",
          "ssm-incidents:UpdateRelatedItems"
        ],
        "Effect": "Allow",
        "Resource": "*",
        "Sid": "IncidentRecordResolverPermissions"
      }
    ],
    "Version": "2012-10-17"
  },
  "effective_actions": [
    {
      "access_level": "Write",
      "action": "ssm-incidents:StartIncident",
      "condition": null,
      "credentials_exposure": false,
      "data_access": false,
      "effective_action": "ssm-incidents:StartIncident",
      "privesc": false,
      "resource_exposure": false
    },
    {
      "access_level": "List",
      "action": "ssm-incidents:ListResponsePlans",
      "condition": null,
      "credentials_exposure": false,
      "data_access": false,
      "effective_action": "ssm-incidents:ListResponsePlans",
      "privesc": false,
      "resource_exposure": false
    },
    {
      "access_level": "Read",
      "action": "ssm-incidents:GetResponsePlan",
      "condition": null,
      "credentials_exposure": false,
      "data_access": false,
      "effective_action": "ssm-incidents:GetResponsePlan",
      "privesc": false,
      "resource_exposure": false
    },
    {
      "access_level": "List",
      "action": "ssm-incidents:ListIncidentRecords",
      "condition": null,
      "credentials_exposure": false,
      "data_access": false,
      "effective_action": "ssm-incidents:ListIncidentRecords",
      "privesc": false,
      "resource_exposure": false
    },
    {
      "access_level": "Read",
      "action": "ssm-incidents:GetIncidentRecord",
      "condition": null,
      "credentials_exposure": false,
      "data_access": false,
      "effective_action": "ssm-incidents:GetIncidentRecord",
      "privesc": false,
      "resource_exposure": false
    },
    {
      "access_level": "Write",
      "action": "ssm-incidents:UpdateIncidentRecord",
      "condition": null,
      "credentials_exposure": false,
      "data_access": false,
      "effective_action": "ssm-incidents:UpdateIncidentRecord",
      "privesc": false,
      "resource_exposure": false
    },
    {
      "access_level": "List",
      "action": "ssm-incidents:ListTimelineEvents",
      "condition": null,
      "credentials_exposure": false,
      "data_access": false,
      "effective_action": "ssm-incidents:ListTimelineEvents",
      "privesc": false,
      "resource_exposure": false
    },
    {
      "access_level": "Write",
      "action": "ssm-incidents:CreateTimelineEvent",
      "condition": null,
      "credentials_exposure": false,
      "data_access": false,
      "effective_action": "ssm-incidents:CreateTimelineEvent",
      "privesc": false,
      "resource_exposure": false
    },
    {
      "access_level": "Read",
      "action": "ssm-incidents:GetTimelineEvent",
      "condition": null,
      "credentials_exposure": false,
      "data_access": false,
      "effective_action": "ssm-incidents:GetTimelineEvent",
      "privesc": false,
      "resource_exposure": false
    },
    {
      "access_level": "Write",
      "action": "ssm-incidents:UpdateTimelineEvent",
      "condition": null,
      "credentials_exposure": false,
      "data_access": false,
      "effective_action": "ssm-incidents:UpdateTimelineEvent",
      "privesc": false,
      "resource_exposure": false
    },
    {
      "access_level": "Write",
      "action": "ssm-incidents:DeleteTimelineEvent",
      "condition": null,
      "credentials_exposure": false,
      "data_access": false,
      "effective_action": "ssm-incidents:DeleteTimelineEvent",
      "privesc": false,
      "resource_exposure": false
    },
    {
      "access_level": "List",
      "action": "ssm-incidents:ListRelatedItems",
      "condition": null,
      "credentials_exposure": false,
      "data_access": false,
      "effective_action": "ssm-incidents:ListRelatedItems",
      "privesc": false,
      "resource_exposure": false
    },
    {
      "access_level": "Write",
      "action": "ssm-incidents:UpdateRelatedItems",
      "condition": null,
      "credentials_exposure": false,
      "data_access": false,
      "effective_action": "ssm-incidents:UpdateRelatedItems",
      "privesc": false,
      "resource_exposure": false
    }
  ],
  "grantless": false,
  "malformed": false,
  "name": "AWSIncidentManagerResolverAccess",
  "privesc": false,
  "resource_exposure": false,
  "undocumented_actions": false,
  "unknown_actions": [],
  "updatedate": "2021-05-10T06:12:34+00:00",
  "version": "v1"
}