{
  "access_levels": [
    "List",
    "Read",
    "Tagging",
    "Write",
    "Permissions management"
  ],
  "arn": "arn:aws:iam::aws:policy/AWSIoTManagedIntegrationsFullAccess",
  "createdate": "2025-03-05T19:22:06Z",
  "credentials_exposure": false,
  "data_access": false,
  "deprecated": false,
  "document": {
    "Statement": [
      {
        "Action": [
          "iotmanagedintegrations:*"
        ],
        "Effect": "Allow",
        "Resource": "*"
      },
      {
        "Action": [
          "iam:CreateServiceLinkedRole"
        ],
        "Condition": {
          "StringEquals": {
            "iam:AWSServiceName": "iotmanagedintegrations.amazonaws.com"
          }
        },
        "Effect": "Allow",
        "Resource": "arn:aws:iam::*:role/aws-service-role/iotmanagedintegrations.amazonaws.com/AWSServiceRoleForIoTManagedIntegrations"
      }
    ],
    "Version": "2012-10-17"
  },
  "effective_actions": [
    {
      "access_level": "Write",
      "action": "iotmanagedintegrations:*",
      "condition": null,
      "credentials_exposure": false,
      "data_access": false,
      "effective_action": "iotmanagedintegrations:CreateAccountAssociation",
      "privesc": false,
      "resource_exposure": false
    },
    {
      "access_level": "Write",
      "action": "iotmanagedintegrations:*",
      "condition": null,
      "credentials_exposure": false,
      "data_access": false,
      "effective_action": "iotmanagedintegrations:CreateCloudConnector",
      "privesc": false,
      "resource_exposure": false
    },
    {
      "access_level": "Write",
      "action": "iotmanagedintegrations:*",
      "condition": null,
      "credentials_exposure": false,
      "data_access": false,
      "effective_action": "iotmanagedintegrations:CreateConnectorDestination",
      "privesc": false,
      "resource_exposure": false
    },
    {
      "access_level": "Write",
      "action": "iotmanagedintegrations:*",
      "condition": null,
      "credentials_exposure": false,
      "data_access": false,
      "effective_action": "iotmanagedintegrations:CreateCredentialLocker",
      "privesc": false,
      "resource_exposure": false
    },
    {
      "access_level": "Write",
      "action": "iotmanagedintegrations:*",
      "condition": null,
      "credentials_exposure": false,
      "data_access": false,
      "effective_action": "iotmanagedintegrations:CreateDestination",
      "privesc": false,
      "resource_exposure": false
    },
    {
      "access_level": "Write",
      "action": "iotmanagedintegrations:*",
      "condition": null,
      "credentials_exposure": false,
      "data_access": false,
      "effective_action": "iotmanagedintegrations:CreateEventLogConfiguration",
      "privesc": false,
      "resource_exposure": false
    },
    {
      "access_level": "Write",
      "action": "iotmanagedintegrations:*",
      "condition": null,
      "credentials_exposure": false,
      "data_access": false,
      "effective_action": "iotmanagedintegrations:CreateManagedThing",
      "privesc": false,
      "resource_exposure": false
    },
    {
      "access_level": "Write",
      "action": "iotmanagedintegrations:*",
      "condition": null,
      "credentials_exposure": false,
      "data_access": false,
      "effective_action": "iotmanagedintegrations:CreateNotificationConfiguration",
      "privesc": false,
      "resource_exposure": false
    },
    {
      "access_level": "Write",
      "action": "iotmanagedintegrations:*",
      "condition": null,
      "credentials_exposure": false,
      "data_access": false,
      "effective_action": "iotmanagedintegrations:CreateOtaTask",
      "privesc": false,
      "resource_exposure": false
    },
    {
      "access_level": "Write",
      "action": "iotmanagedintegrations:*",
      "condition": null,
      "credentials_exposure": false,
      "data_access": false,
      "effective_action": "iotmanagedintegrations:CreateOtaTaskConfiguration",
      "privesc": false,
      "resource_exposure": false
    },
    {
      "access_level": "Write",
      "action": "iotmanagedintegrations:*",
      "condition": null,
      "credentials_exposure": false,
      "data_access": false,
      "effective_action": "iotmanagedintegrations:CreateProvisioningProfile",
      "privesc": false,
      "resource_exposure": false
    },
    {
      "access_level": "Write",
      "action": "iotmanagedintegrations:*",
      "condition": null,
      "credentials_exposure": false,
      "data_access": false,
      "effective_action": "iotmanagedintegrations:DeleteAccountAssociation",
      "privesc": false,
      "resource_exposure": false
    },
    {
      "access_level": "Write",
      "action": "iotmanagedintegrations:*",
      "condition": null,
      "credentials_exposure": false,
      "data_access": false,
      "effective_action": "iotmanagedintegrations:DeleteCloudConnector",
      "privesc": false,
      "resource_exposure": false
    },
    {
      "access_level": "Write",
      "action": "iotmanagedintegrations:*",
      "condition": null,
      "credentials_exposure": false,
      "data_access": false,
      "effective_action": "iotmanagedintegrations:DeleteConnectorDestination",
      "privesc": false,
      "resource_exposure": false
    },
    {
      "access_level": "Write",
      "action": "iotmanagedintegrations:*",
      "condition": null,
      "credentials_exposure": false,
      "data_access": false,
      "effective_action": "iotmanagedintegrations:DeleteCredentialLocker",
      "privesc": false,
      "resource_exposure": false
    },
    {
      "access_level": "Write",
      "action": "iotmanagedintegrations:*",
      "condition": null,
      "credentials_exposure": false,
      "data_access": false,
      "effective_action": "iotmanagedintegrations:DeleteDestination",
      "privesc": false,
      "resource_exposure": false
    },
    {
      "access_level": "Write",
      "action": "iotmanagedintegrations:*",
      "condition": null,
      "credentials_exposure": false,
      "data_access": false,
      "effective_action": "iotmanagedintegrations:DeleteEventLogConfiguration",
      "privesc": false,
      "resource_exposure": false
    },
    {
      "access_level": "Write",
      "action": "iotmanagedintegrations:*",
      "condition": null,
      "credentials_exposure": false,
      "data_access": false,
      "effective_action": "iotmanagedintegrations:DeleteManagedThing",
      "privesc": false,
      "resource_exposure": false
    },
    {
      "access_level": "Write",
      "action": "iotmanagedintegrations:*",
      "condition": null,
      "credentials_exposure": false,
      "data_access": false,
      "effective_action": "iotmanagedintegrations:DeleteNotificationConfiguration",
      "privesc": false,
      "resource_exposure": false
    },
    {
      "access_level": "Write",
      "action": "iotmanagedintegrations:*",
      "condition": null,
      "credentials_exposure": false,
      "data_access": false,
      "effective_action": "iotmanagedintegrations:DeleteOtaTask",
      "privesc": false,
      "resource_exposure": false
    },
    {
      "access_level": "Write",
      "action": "iotmanagedintegrations:*",
      "condition": null,
      "credentials_exposure": false,
      "data_access": false,
      "effective_action": "iotmanagedintegrations:DeleteOtaTaskConfiguration",
      "privesc": false,
      "resource_exposure": false
    },
    {
      "access_level": "Write",
      "action": "iotmanagedintegrations:*",
      "condition": null,
      "credentials_exposure": false,
      "data_access": false,
      "effective_action": "iotmanagedintegrations:DeleteProvisioningProfile",
      "privesc": false,
      "resource_exposure": false
    },
    {
      "access_level": "Write",
      "action": "iotmanagedintegrations:*",
      "condition": null,
      "credentials_exposure": false,
      "data_access": false,
      "effective_action": "iotmanagedintegrations:DeregisterAccountAssociation",
      "privesc": false,
      "resource_exposure": false
    },
    {
      "access_level": "Read",
      "action": "iotmanagedintegrations:*",
      "condition": null,
      "credentials_exposure": false,
      "data_access": false,
      "effective_action": "iotmanagedintegrations:GetAccountAssociation",
      "privesc": false,
      "resource_exposure": false
    },
    {
      "access_level": "Read",
      "action": "iotmanagedintegrations:*",
      "condition": null,
      "credentials_exposure": false,
      "data_access": false,
      "effective_action": "iotmanagedintegrations:GetCloudConnector",
      "privesc": false,
      "resource_exposure": false
    },
    {
      "access_level": "Read",
      "action": "iotmanagedintegrations:*",
      "condition": null,
      "credentials_exposure": false,
      "data_access": false,
      "effective_action": "iotmanagedintegrations:GetConnectorDestination",
      "privesc": false,
      "resource_exposure": false
    },
    {
      "access_level": "Read",
      "action": "iotmanagedintegrations:*",
      "condition": null,
      "credentials_exposure": false,
      "data_access": false,
      "effective_action": "iotmanagedintegrations:GetCredentialLocker",
      "privesc": false,
      "resource_exposure": false
    },
    {
      "access_level": "Read",
      "action": "iotmanagedintegrations:*",
      "condition": null,
      "credentials_exposure": false,
      "data_access": false,
      "effective_action": "iotmanagedintegrations:GetCustomEndpoint",
      "privesc": false,
      "resource_exposure": false
    },
    {
      "access_level": "Read",
      "action": "iotmanagedintegrations:*",
      "condition": null,
      "credentials_exposure": false,
      "data_access": false,
      "effective_action": "iotmanagedintegrations:GetDefaultEncryptionConfiguration",
      "privesc": false,
      "resource_exposure": false
    },
    {
      "access_level": "Read",
      "action": "iotmanagedintegrations:*",
      "condition": null,
      "credentials_exposure": false,
      "data_access": false,
      "effective_action": "iotmanagedintegrations:GetDestination",
      "privesc": false,
      "resource_exposure": false
    },
    {
      "access_level": "Read",
      "action": "iotmanagedintegrations:*",
      "condition": null,
      "credentials_exposure": false,
      "data_access": false,
      "effective_action": "iotmanagedintegrations:GetDeviceDiscovery",
      "privesc": false,
      "resource_exposure": false
    },
    {
      "access_level": "Read",
      "action": "iotmanagedintegrations:*",
      "condition": null,
      "credentials_exposure": false,
      "data_access": false,
      "effective_action": "iotmanagedintegrations:GetEventLogConfiguration",
      "privesc": false,
      "resource_exposure": false
    },
    {
      "access_level": "Read",
      "action": "iotmanagedintegrations:*",
      "condition": null,
      "credentials_exposure": false,
      "data_access": false,
      "effective_action": "iotmanagedintegrations:GetHubConfiguration",
      "privesc": false,
      "resource_exposure": false
    },
    {
      "access_level": "Read",
      "action": "iotmanagedintegrations:*",
      "condition": null,
      "credentials_exposure": false,
      "data_access": false,
      "effective_action": "iotmanagedintegrations:GetManagedThing",
      "privesc": false,
      "resource_exposure": false
    },
    {
      "access_level": "Read",
      "action": "iotmanagedintegrations:*",
      "condition": null,
      "credentials_exposure": false,
      "data_access": false,
      "effective_action": "iotmanagedintegrations:GetManagedThingCapabilities",
      "privesc": false,
      "resource_exposure": false
    },
    {
      "access_level": "Read",
      "action": "iotmanagedintegrations:*",
      "condition": null,
      "credentials_exposure": false,
      "data_access": false,
      "effective_action": "iotmanagedintegrations:GetManagedThingConnectivityData",
      "privesc": false,
      "resource_exposure": false
    },
    {
      "access_level": "Read",
      "action": "iotmanagedintegrations:*",
      "condition": null,
      "credentials_exposure": false,
      "data_access": false,
      "effective_action": "iotmanagedintegrations:GetManagedThingMetaData",
      "privesc": false,
      "resource_exposure": false
    },
    {
      "access_level": "Read",
      "action": "iotmanagedintegrations:*",
      "condition": null,
      "credentials_exposure": false,
      "data_access": false,
      "effective_action": "iotmanagedintegrations:GetManagedThingState",
      "privesc": false,
      "resource_exposure": false
    },
    {
      "access_level": "Read",
      "action": "iotmanagedintegrations:*",
      "condition": null,
      "credentials_exposure": false,
      "data_access": false,
      "effective_action": "iotmanagedintegrations:GetNotificationConfiguration",
      "privesc": false,
      "resource_exposure": false
    },
    {
      "access_level": "Read",
      "action": "iotmanagedintegrations:*",
      "condition": null,
      "credentials_exposure": false,
      "data_access": false,
      "effective_action": "iotmanagedintegrations:GetOtaTask",
      "privesc": false,
      "resource_exposure": false
    },
    {
      "access_level": "Read",
      "action": "iotmanagedintegrations:*",
      "condition": null,
      "credentials_exposure": false,
      "data_access": false,
      "effective_action": "iotmanagedintegrations:GetOtaTaskConfiguration",
      "privesc": false,
      "resource_exposure": false
    },
    {
      "access_level": "Read",
      "action": "iotmanagedintegrations:*",
      "condition": null,
      "credentials_exposure": false,
      "data_access": false,
      "effective_action": "iotmanagedintegrations:GetProvisioningProfile",
      "privesc": false,
      "resource_exposure": false
    },
    {
      "access_level": "Read",
      "action": "iotmanagedintegrations:*",
      "condition": null,
      "credentials_exposure": false,
      "data_access": false,
      "effective_action": "iotmanagedintegrations:GetRuntimeLogConfiguration",
      "privesc": false,
      "resource_exposure": false
    },
    {
      "access_level": "Read",
      "action": "iotmanagedintegrations:*",
      "condition": null,
      "credentials_exposure": false,
      "data_access": false,
      "effective_action": "iotmanagedintegrations:GetSchemaVersion",
      "privesc": false,
      "resource_exposure": false
    },
    {
      "access_level": "List",
      "action": "iotmanagedintegrations:*",
      "condition": null,
      "credentials_exposure": false,
      "data_access": false,
      "effective_action": "iotmanagedintegrations:ListAccountAssociations",
      "privesc": false,
      "resource_exposure": false
    },
    {
      "access_level": "List",
      "action": "iotmanagedintegrations:*",
      "condition": null,
      "credentials_exposure": false,
      "data_access": false,
      "effective_action": "iotmanagedintegrations:ListCloudConnectors",
      "privesc": false,
      "resource_exposure": false
    },
    {
      "access_level": "List",
      "action": "iotmanagedintegrations:*",
      "condition": null,
      "credentials_exposure": false,
      "data_access": false,
      "effective_action": "iotmanagedintegrations:ListConnectorDestinations",
      "privesc": false,
      "resource_exposure": false
    },
    {
      "access_level": "List",
      "action": "iotmanagedintegrations:*",
      "condition": null,
      "credentials_exposure": false,
      "data_access": false,
      "effective_action": "iotmanagedintegrations:ListCredentialLockers",
      "privesc": false,
      "resource_exposure": false
    },
    {
      "access_level": "List",
      "action": "iotmanagedintegrations:*",
      "condition": null,
      "credentials_exposure": false,
      "data_access": false,
      "effective_action": "iotmanagedintegrations:ListDestinations",
      "privesc": false,
      "resource_exposure": false
    },
    {
      "access_level": "List",
      "action": "iotmanagedintegrations:*",
      "condition": null,
      "credentials_exposure": false,
      "data_access": false,
      "effective_action": "iotmanagedintegrations:ListDeviceDiscoveries",
      "privesc": false,
      "resource_exposure": false
    },
    {
      "access_level": "Read",
      "action": "iotmanagedintegrations:*",
      "condition": null,
      "credentials_exposure": false,
      "data_access": false,
      "effective_action": "iotmanagedintegrations:ListDiscoveredDevices",
      "privesc": false,
      "resource_exposure": false
    },
    {
      "access_level": "Read",
      "action": "iotmanagedintegrations:*",
      "condition": null,
      "credentials_exposure": false,
      "data_access": false,
      "effective_action": "iotmanagedintegrations:ListEventLogConfigurations",
      "privesc": false,
      "resource_exposure": false
    },
    {
      "access_level": "List",
      "action": "iotmanagedintegrations:*",
      "condition": null,
      "credentials_exposure": false,
      "data_access": false,
      "effective_action": "iotmanagedintegrations:ListManagedThingAccountAssociations",
      "privesc": false,
      "resource_exposure": false
    },
    {
      "access_level": "Read",
      "action": "iotmanagedintegrations:*",
      "condition": null,
      "credentials_exposure": false,
      "data_access": false,
      "effective_action": "iotmanagedintegrations:ListManagedThingSchemas",
      "privesc": false,
      "resource_exposure": false
    },
    {
      "access_level": "List",
      "action": "iotmanagedintegrations:*",
      "condition": null,
      "credentials_exposure": false,
      "data_access": false,
      "effective_action": "iotmanagedintegrations:ListManagedThings",
      "privesc": false,
      "resource_exposure": false
    },
    {
      "access_level": "Read",
      "action": "iotmanagedintegrations:*",
      "condition": null,
      "credentials_exposure": false,
      "data_access": false,
      "effective_action": "iotmanagedintegrations:ListNotificationConfigurations",
      "privesc": false,
      "resource_exposure": false
    },
    {
      "access_level": "Read",
      "action": "iotmanagedintegrations:*",
      "condition": null,
      "credentials_exposure": false,
      "data_access": false,
      "effective_action": "iotmanagedintegrations:ListOtaTaskConfigurations",
      "privesc": false,
      "resource_exposure": false
    },
    {
      "access_level": "Read",
      "action": "iotmanagedintegrations:*",
      "condition": null,
      "credentials_exposure": false,
      "data_access": false,
      "effective_action": "iotmanagedintegrations:ListOtaTaskExecutions",
      "privesc": false,
      "resource_exposure": false
    },
    {
      "access_level": "List",
      "action": "iotmanagedintegrations:*",
      "condition": null,
      "credentials_exposure": false,
      "data_access": false,
      "effective_action": "iotmanagedintegrations:ListOtaTasks",
      "privesc": false,
      "resource_exposure": false
    },
    {
      "access_level": "List",
      "action": "iotmanagedintegrations:*",
      "condition": null,
      "credentials_exposure": false,
      "data_access": false,
      "effective_action": "iotmanagedintegrations:ListProvisioningProfiles",
      "privesc": false,
      "resource_exposure": false
    },
    {
      "access_level": "List",
      "action": "iotmanagedintegrations:*",
      "condition": null,
      "credentials_exposure": false,
      "data_access": false,
      "effective_action": "iotmanagedintegrations:ListSchemaVersions",
      "privesc": false,
      "resource_exposure": false
    },
    {
      "access_level": "Read",
      "action": "iotmanagedintegrations:*",
      "condition": null,
      "credentials_exposure": false,
      "data_access": false,
      "effective_action": "iotmanagedintegrations:ListTagsForResource",
      "privesc": false,
      "resource_exposure": false
    },
    {
      "access_level": "Write",
      "action": "iotmanagedintegrations:*",
      "condition": null,
      "credentials_exposure": false,
      "data_access": false,
      "effective_action": "iotmanagedintegrations:PutDefaultEncryptionConfiguration",
      "privesc": false,
      "resource_exposure": false
    },
    {
      "access_level": "Write",
      "action": "iotmanagedintegrations:*",
      "condition": null,
      "credentials_exposure": false,
      "data_access": false,
      "effective_action": "iotmanagedintegrations:PutHubConfiguration",
      "privesc": false,
      "resource_exposure": false
    },
    {
      "access_level": "Write",
      "action": "iotmanagedintegrations:*",
      "condition": null,
      "credentials_exposure": false,
      "data_access": false,
      "effective_action": "iotmanagedintegrations:PutRuntimeLogConfiguration",
      "privesc": false,
      "resource_exposure": false
    },
    {
      "access_level": "Write",
      "action": "iotmanagedintegrations:*",
      "condition": null,
      "credentials_exposure": false,
      "data_access": false,
      "effective_action": "iotmanagedintegrations:RegisterAccountAssociation",
      "privesc": false,
      "resource_exposure": false
    },
    {
      "access_level": "Write",
      "action": "iotmanagedintegrations:*",
      "condition": null,
      "credentials_exposure": false,
      "data_access": false,
      "effective_action": "iotmanagedintegrations:RegisterCustomEndpoint",
      "privesc": false,
      "resource_exposure": false
    },
    {
      "access_level": "Write",
      "action": "iotmanagedintegrations:*",
      "condition": null,
      "credentials_exposure": false,
      "data_access": false,
      "effective_action": "iotmanagedintegrations:ResetRuntimeLogConfiguration",
      "privesc": false,
      "resource_exposure": false
    },
    {
      "access_level": "Write",
      "action": "iotmanagedintegrations:*",
      "condition": null,
      "credentials_exposure": false,
      "data_access": false,
      "effective_action": "iotmanagedintegrations:SendConnectorEvent",
      "privesc": false,
      "resource_exposure": false
    },
    {
      "access_level": "Write",
      "action": "iotmanagedintegrations:*",
      "condition": null,
      "credentials_exposure": false,
      "data_access": false,
      "effective_action": "iotmanagedintegrations:SendManagedThingCommand",
      "privesc": false,
      "resource_exposure": false
    },
    {
      "access_level": "Write",
      "action": "iotmanagedintegrations:*",
      "condition": null,
      "credentials_exposure": false,
      "data_access": false,
      "effective_action": "iotmanagedintegrations:StartAccountAssociationRefresh",
      "privesc": false,
      "resource_exposure": false
    },
    {
      "access_level": "Write",
      "action": "iotmanagedintegrations:*",
      "condition": null,
      "credentials_exposure": false,
      "data_access": false,
      "effective_action": "iotmanagedintegrations:StartDeviceDiscovery",
      "privesc": false,
      "resource_exposure": false
    },
    {
      "access_level": "Tagging",
      "action": "iotmanagedintegrations:*",
      "condition": null,
      "credentials_exposure": false,
      "data_access": false,
      "effective_action": "iotmanagedintegrations:TagResource",
      "privesc": false,
      "resource_exposure": false
    },
    {
      "access_level": "Tagging",
      "action": "iotmanagedintegrations:*",
      "condition": null,
      "credentials_exposure": false,
      "data_access": false,
      "effective_action": "iotmanagedintegrations:UntagResource",
      "privesc": false,
      "resource_exposure": false
    },
    {
      "access_level": "Write",
      "action": "iotmanagedintegrations:*",
      "condition": null,
      "credentials_exposure": false,
      "data_access": false,
      "effective_action": "iotmanagedintegrations:UpdateAccountAssociation",
      "privesc": false,
      "resource_exposure": false
    },
    {
      "access_level": "Write",
      "action": "iotmanagedintegrations:*",
      "condition": null,
      "credentials_exposure": false,
      "data_access": false,
      "effective_action": "iotmanagedintegrations:UpdateCloudConnector",
      "privesc": false,
      "resource_exposure": false
    },
    {
      "access_level": "Write",
      "action": "iotmanagedintegrations:*",
      "condition": null,
      "credentials_exposure": false,
      "data_access": false,
      "effective_action": "iotmanagedintegrations:UpdateConnectorDestination",
      "privesc": false,
      "resource_exposure": false
    },
    {
      "access_level": "Write",
      "action": "iotmanagedintegrations:*",
      "condition": null,
      "credentials_exposure": false,
      "data_access": false,
      "effective_action": "iotmanagedintegrations:UpdateDestination",
      "privesc": false,
      "resource_exposure": false
    },
    {
      "access_level": "Write",
      "action": "iotmanagedintegrations:*",
      "condition": null,
      "credentials_exposure": false,
      "data_access": false,
      "effective_action": "iotmanagedintegrations:UpdateEventLogConfiguration",
      "privesc": false,
      "resource_exposure": false
    },
    {
      "access_level": "Write",
      "action": "iotmanagedintegrations:*",
      "condition": null,
      "credentials_exposure": false,
      "data_access": false,
      "effective_action": "iotmanagedintegrations:UpdateManagedThing",
      "privesc": false,
      "resource_exposure": false
    },
    {
      "access_level": "Write",
      "action": "iotmanagedintegrations:*",
      "condition": null,
      "credentials_exposure": false,
      "data_access": false,
      "effective_action": "iotmanagedintegrations:UpdateNotificationConfiguration",
      "privesc": false,
      "resource_exposure": false
    },
    {
      "access_level": "Write",
      "action": "iotmanagedintegrations:*",
      "condition": null,
      "credentials_exposure": false,
      "data_access": false,
      "effective_action": "iotmanagedintegrations:UpdateOtaTask",
      "privesc": false,
      "resource_exposure": false
    },
    {
      "access_level": "Permissions management",
      "action": "iam:CreateServiceLinkedRole",
      "condition": {
        "StringEquals": {
          "iam:AWSServiceName": "iotmanagedintegrations.amazonaws.com"
        }
      },
      "credentials_exposure": false,
      "data_access": false,
      "effective_action": "iam:CreateServiceLinkedRole",
      "privesc": true,
      "resource_exposure": true
    }
  ],
  "grantless": false,
  "malformed": false,
  "name": "AWSIoTManagedIntegrationsFullAccess",
  "privesc": true,
  "resource_exposure": true,
  "undocumented_actions": false,
  "unknown_actions": [],
  "updatedate": "2025-03-05T19:22:06+00:00",
  "version": "v1"
}