{
  "access_levels": [
    "List",
    "Read"
  ],
  "arn": "arn:aws:iam::aws:policy/AWSIoTEventsReadOnlyAccess",
  "createdate": "2019-09-23T17:22:04Z",
  "credentials_exposure": false,
  "data_access": false,
  "deprecated": false,
  "document": {
    "Statement": [
      {
        "Action": [
          "iotevents:Describe*",
          "iotevents:List*"
        ],
        "Effect": "Allow",
        "Resource": "*"
      }
    ],
    "Version": "2012-10-17"
  },
  "effective_actions": [
    {
      "access_level": "Read",
      "action": "iotevents:Describe*",
      "condition": null,
      "credentials_exposure": false,
      "data_access": false,
      "effective_action": "iotevents:DescribeAlarm",
      "privesc": false,
      "resource_exposure": false
    },
    {
      "access_level": "Read",
      "action": "iotevents:Describe*",
      "condition": null,
      "credentials_exposure": false,
      "data_access": false,
      "effective_action": "iotevents:DescribeAlarmModel",
      "privesc": false,
      "resource_exposure": false
    },
    {
      "access_level": "Read",
      "action": "iotevents:Describe*",
      "condition": null,
      "credentials_exposure": false,
      "data_access": false,
      "effective_action": "iotevents:DescribeDetector",
      "privesc": false,
      "resource_exposure": false
    },
    {
      "access_level": "Read",
      "action": "iotevents:Describe*",
      "condition": null,
      "credentials_exposure": false,
      "data_access": false,
      "effective_action": "iotevents:DescribeDetectorModel",
      "privesc": false,
      "resource_exposure": false
    },
    {
      "access_level": "Read",
      "action": "iotevents:Describe*",
      "condition": null,
      "credentials_exposure": false,
      "data_access": false,
      "effective_action": "iotevents:DescribeDetectorModelAnalysis",
      "privesc": false,
      "resource_exposure": false
    },
    {
      "access_level": "Read",
      "action": "iotevents:Describe*",
      "condition": null,
      "credentials_exposure": false,
      "data_access": false,
      "effective_action": "iotevents:DescribeInput",
      "privesc": false,
      "resource_exposure": false
    },
    {
      "access_level": "Read",
      "action": "iotevents:Describe*",
      "condition": null,
      "credentials_exposure": false,
      "data_access": false,
      "effective_action": "iotevents:DescribeLoggingOptions",
      "privesc": false,
      "resource_exposure": false
    },
    {
      "access_level": "List",
      "action": "iotevents:List*",
      "condition": null,
      "credentials_exposure": false,
      "data_access": false,
      "effective_action": "iotevents:ListAlarmModelVersions",
      "privesc": false,
      "resource_exposure": false
    },
    {
      "access_level": "List",
      "action": "iotevents:List*",
      "condition": null,
      "credentials_exposure": false,
      "data_access": false,
      "effective_action": "iotevents:ListAlarmModels",
      "privesc": false,
      "resource_exposure": false
    },
    {
      "access_level": "List",
      "action": "iotevents:List*",
      "condition": null,
      "credentials_exposure": false,
      "data_access": false,
      "effective_action": "iotevents:ListAlarms",
      "privesc": false,
      "resource_exposure": false
    },
    {
      "access_level": "List",
      "action": "iotevents:List*",
      "condition": null,
      "credentials_exposure": false,
      "data_access": false,
      "effective_action": "iotevents:ListDetectorModelVersions",
      "privesc": false,
      "resource_exposure": false
    },
    {
      "access_level": "List",
      "action": "iotevents:List*",
      "condition": null,
      "credentials_exposure": false,
      "data_access": false,
      "effective_action": "iotevents:ListDetectorModels",
      "privesc": false,
      "resource_exposure": false
    },
    {
      "access_level": "List",
      "action": "iotevents:List*",
      "condition": null,
      "credentials_exposure": false,
      "data_access": false,
      "effective_action": "iotevents:ListDetectors",
      "privesc": false,
      "resource_exposure": false
    },
    {
      "access_level": "List",
      "action": "iotevents:List*",
      "condition": null,
      "credentials_exposure": false,
      "data_access": false,
      "effective_action": "iotevents:ListInputRoutings",
      "privesc": false,
      "resource_exposure": false
    },
    {
      "access_level": "List",
      "action": "iotevents:List*",
      "condition": null,
      "credentials_exposure": false,
      "data_access": false,
      "effective_action": "iotevents:ListInputs",
      "privesc": false,
      "resource_exposure": false
    },
    {
      "access_level": "Read",
      "action": "iotevents:List*",
      "condition": null,
      "credentials_exposure": false,
      "data_access": false,
      "effective_action": "iotevents:ListTagsForResource",
      "privesc": false,
      "resource_exposure": false
    }
  ],
  "grantless": false,
  "malformed": false,
  "name": "AWSIoTEventsReadOnlyAccess",
  "privesc": false,
  "resource_exposure": false,
  "undocumented_actions": false,
  "unknown_actions": [],
  "updatedate": "2019-09-23T17:22:04+00:00",
  "version": "v2"
}