{
  "access_levels": [
    "List",
    "Read",
    "Tagging",
    "Write",
    "Permissions management"
  ],
  "arn": "arn:aws:iam::aws:policy/AWSIoTDeviceTesterForGreengrassFullAccess",
  "createdate": "2020-06-25T17:01:56Z",
  "credentials_exposure": false,
  "data_access": false,
  "deprecated": false,
  "document": {
    "Statement": [
      {
        "Action": [
          "iam:PassRole"
        ],
        "Condition": {
          "StringEquals": {
            "iam:PassedToService": [
              "iot.amazonaws.com",
              "lambda.amazonaws.com",
              "greengrass.amazonaws.com"
            ]
          }
        },
        "Effect": "Allow",
        "Resource": "arn:aws:iam::*:role/idt-*",
        "Sid": "VisualEditor1"
      },
      {
        "Action": [
          "lambda:CreateFunction",
          "iot:DeleteCertificate",
          "lambda:DeleteFunction",
          "execute-api:Invoke",
          "iot:UpdateCertificate"
        ],
        "Effect": "Allow",
        "Resource": [
          "arn:aws:execute-api:us-east-1:098862408343:9xpmnvs5h4/prod/POST/metrics",
          "arn:aws:lambda:*:*:function:idt-*",
          "arn:aws:iot:*:*:cert/*"
        ],
        "Sid": "VisualEditor2"
      },
      {
        "Action": [
          "iot:CreateThing",
          "iot:DeleteThing"
        ],
        "Effect": "Allow",
        "Resource": [
          "arn:aws:iot:*:*:thing/idt-*",
          "arn:aws:iot:*:*:cert/*"
        ],
        "Sid": "VisualEditor3"
      },
      {
        "Action": [
          "iot:AttachPolicy",
          "iot:DetachPolicy",
          "iot:DeletePolicy"
        ],
        "Effect": "Allow",
        "Resource": [
          "arn:aws:iot:*:*:policy/idt-*",
          "arn:aws:iot:*:*:cert/*"
        ],
        "Sid": "VisualEditor4"
      },
      {
        "Action": [
          "iot:CreateJob",
          "iot:DescribeJob",
          "iot:DescribeJobExecution",
          "iot:DeleteJob"
        ],
        "Effect": "Allow",
        "Resource": [
          "arn:aws:iot:*:*:thing/idt-*",
          "arn:aws:iot:*:*:job/*"
        ],
        "Sid": "VisualEditor5"
      },
      {
        "Action": [
          "iot:DescribeEndpoint",
          "greengrass:*",
          "iam:ListAttachedRolePolicies",
          "iot:CreatePolicy",
          "iot:GetThingShadow",
          "iot:CreateKeysAndCertificate",
          "iot:ListThings",
          "iot:UpdateThingShadow",
          "iot:CreateCertificateFromCsr",
          "iot-device-tester:SendMetrics",
          "iot-device-tester:SupportedVersion",
          "iot-device-tester:LatestIdt",
          "iot-device-tester:CheckVersion",
          "iot-device-tester:DownloadTestSuite"
        ],
        "Effect": "Allow",
        "Resource": "*",
        "Sid": "VisualEditor6"
      },
      {
        "Action": [
          "iot:DetachThingPrincipal",
          "iot:AttachThingPrincipal"
        ],
        "Effect": "Allow",
        "Resource": [
          "arn:aws:iot:*:*:thing/idt-*",
          "arn:aws:iot:*:*:cert/*"
        ],
        "Sid": "VisualEditor7"
      },
      {
        "Action": [
          "s3:PutObject",
          "s3:DeleteObjectVersion",
          "s3:ListBucketVersions",
          "s3:CreateBucket",
          "s3:DeleteObject",
          "s3:DeleteBucket"
        ],
        "Effect": "Allow",
        "Resource": "arn:aws:s3:::idt*",
        "Sid": "VisualEditor8"
      }
    ],
    "Version": "2012-10-17"
  },
  "effective_actions": [
    {
      "access_level": "Permissions management",
      "action": "iam:PassRole",
      "condition": {
        "StringEquals": {
          "iam:PassedToService": [
            "iot.amazonaws.com",
            "lambda.amazonaws.com",
            "greengrass.amazonaws.com"
          ]
        }
      },
      "credentials_exposure": false,
      "data_access": false,
      "effective_action": "iam:PassRole",
      "privesc": true,
      "resource_exposure": true
    },
    {
      "access_level": "Write",
      "action": "lambda:CreateFunction",
      "condition": null,
      "credentials_exposure": false,
      "data_access": false,
      "effective_action": "lambda:CreateFunction",
      "privesc": false,
      "resource_exposure": false
    },
    {
      "access_level": "Write",
      "action": "iot:DeleteCertificate",
      "condition": null,
      "credentials_exposure": false,
      "data_access": false,
      "effective_action": "iot:DeleteCertificate",
      "privesc": false,
      "resource_exposure": false
    },
    {
      "access_level": "Write",
      "action": "lambda:DeleteFunction",
      "condition": null,
      "credentials_exposure": false,
      "data_access": false,
      "effective_action": "lambda:DeleteFunction",
      "privesc": false,
      "resource_exposure": false
    },
    {
      "access_level": "Write",
      "action": "execute-api:Invoke",
      "condition": null,
      "credentials_exposure": false,
      "data_access": false,
      "effective_action": "execute-api:Invoke",
      "privesc": false,
      "resource_exposure": false
    },
    {
      "access_level": "Write",
      "action": "iot:UpdateCertificate",
      "condition": null,
      "credentials_exposure": false,
      "data_access": false,
      "effective_action": "iot:UpdateCertificate",
      "privesc": false,
      "resource_exposure": false
    },
    {
      "access_level": "Write",
      "action": "iot:CreateThing",
      "condition": null,
      "credentials_exposure": false,
      "data_access": false,
      "effective_action": "iot:CreateThing",
      "privesc": false,
      "resource_exposure": false
    },
    {
      "access_level": "Write",
      "action": "iot:DeleteThing",
      "condition": null,
      "credentials_exposure": false,
      "data_access": false,
      "effective_action": "iot:DeleteThing",
      "privesc": false,
      "resource_exposure": false
    },
    {
      "access_level": "Permissions management",
      "action": "iot:AttachPolicy",
      "condition": null,
      "credentials_exposure": false,
      "data_access": false,
      "effective_action": "iot:AttachPolicy",
      "privesc": false,
      "resource_exposure": true
    },
    {
      "access_level": "Permissions management",
      "action": "iot:DetachPolicy",
      "condition": null,
      "credentials_exposure": false,
      "data_access": false,
      "effective_action": "iot:DetachPolicy",
      "privesc": false,
      "resource_exposure": true
    },
    {
      "access_level": "Permissions management",
      "action": "iot:DeletePolicy",
      "condition": null,
      "credentials_exposure": false,
      "data_access": false,
      "effective_action": "iot:DeletePolicy",
      "privesc": false,
      "resource_exposure": false
    },
    {
      "access_level": "Write",
      "action": "iot:CreateJob",
      "condition": null,
      "credentials_exposure": false,
      "data_access": false,
      "effective_action": "iot:CreateJob",
      "privesc": false,
      "resource_exposure": false
    },
    {
      "access_level": "Read",
      "action": "iot:DescribeJob",
      "condition": null,
      "credentials_exposure": false,
      "data_access": false,
      "effective_action": "iot:DescribeJob",
      "privesc": false,
      "resource_exposure": false
    },
    {
      "access_level": "Read",
      "action": "iot:DescribeJobExecution",
      "condition": null,
      "credentials_exposure": false,
      "data_access": false,
      "effective_action": "iot:DescribeJobExecution",
      "privesc": false,
      "resource_exposure": false
    },
    {
      "access_level": "Write",
      "action": "iot:DeleteJob",
      "condition": null,
      "credentials_exposure": false,
      "data_access": false,
      "effective_action": "iot:DeleteJob",
      "privesc": false,
      "resource_exposure": false
    },
    {
      "access_level": "Read",
      "action": "iot:DescribeEndpoint",
      "condition": null,
      "credentials_exposure": false,
      "data_access": false,
      "effective_action": "iot:DescribeEndpoint",
      "privesc": false,
      "resource_exposure": false
    },
    {
      "access_level": "Permissions management",
      "action": "greengrass:*",
      "condition": null,
      "credentials_exposure": false,
      "data_access": false,
      "effective_action": "greengrass:AssociateServiceRoleToAccount",
      "privesc": false,
      "resource_exposure": true
    },
    {
      "access_level": "Write",
      "action": "greengrass:*",
      "condition": null,
      "credentials_exposure": false,
      "data_access": false,
      "effective_action": "greengrass:BatchAssociateClientDeviceWithCoreDevice",
      "privesc": false,
      "resource_exposure": false
    },
    {
      "access_level": "Write",
      "action": "greengrass:*",
      "condition": null,
      "credentials_exposure": false,
      "data_access": false,
      "effective_action": "greengrass:BatchDisassociateClientDeviceFromCoreDevice",
      "privesc": false,
      "resource_exposure": false
    },
    {
      "access_level": "Write",
      "action": "greengrass:*",
      "condition": null,
      "credentials_exposure": false,
      "data_access": false,
      "effective_action": "greengrass:CancelDeployment",
      "privesc": false,
      "resource_exposure": false
    },
    {
      "access_level": "Write",
      "action": "greengrass:*",
      "condition": null,
      "credentials_exposure": false,
      "data_access": false,
      "effective_action": "greengrass:CreateComponentVersion",
      "privesc": false,
      "resource_exposure": false
    },
    {
      "access_level": "Write",
      "action": "greengrass:*",
      "condition": null,
      "credentials_exposure": false,
      "data_access": false,
      "effective_action": "greengrass:CreateDeployment",
      "privesc": false,
      "resource_exposure": false
    },
    {
      "access_level": "Write",
      "action": "greengrass:*",
      "condition": null,
      "credentials_exposure": false,
      "data_access": false,
      "effective_action": "greengrass:DeleteComponent",
      "privesc": false,
      "resource_exposure": false
    },
    {
      "access_level": "Write",
      "action": "greengrass:*",
      "condition": null,
      "credentials_exposure": false,
      "data_access": false,
      "effective_action": "greengrass:DeleteCoreDevice",
      "privesc": false,
      "resource_exposure": false
    },
    {
      "access_level": "Write",
      "action": "greengrass:*",
      "condition": null,
      "credentials_exposure": false,
      "data_access": false,
      "effective_action": "greengrass:DeleteDeployment",
      "privesc": false,
      "resource_exposure": false
    },
    {
      "access_level": "Read",
      "action": "greengrass:*",
      "condition": null,
      "credentials_exposure": false,
      "data_access": false,
      "effective_action": "greengrass:DescribeComponent",
      "privesc": false,
      "resource_exposure": false
    },
    {
      "access_level": "Write",
      "action": "greengrass:*",
      "condition": null,
      "credentials_exposure": false,
      "data_access": false,
      "effective_action": "greengrass:DisassociateServiceRoleFromAccount",
      "privesc": false,
      "resource_exposure": false
    },
    {
      "access_level": "Read",
      "action": "greengrass:*",
      "condition": null,
      "credentials_exposure": false,
      "data_access": false,
      "effective_action": "greengrass:GetComponent",
      "privesc": false,
      "resource_exposure": false
    },
    {
      "access_level": "Read",
      "action": "greengrass:*",
      "condition": null,
      "credentials_exposure": false,
      "data_access": false,
      "effective_action": "greengrass:GetComponentVersionArtifact",
      "privesc": false,
      "resource_exposure": false
    },
    {
      "access_level": "Read",
      "action": "greengrass:*",
      "condition": null,
      "credentials_exposure": false,
      "data_access": false,
      "effective_action": "greengrass:GetConnectivityInfo",
      "privesc": false,
      "resource_exposure": false
    },
    {
      "access_level": "Read",
      "action": "greengrass:*",
      "condition": null,
      "credentials_exposure": false,
      "data_access": false,
      "effective_action": "greengrass:GetCoreDevice",
      "privesc": false,
      "resource_exposure": false
    },
    {
      "access_level": "Read",
      "action": "greengrass:*",
      "condition": null,
      "credentials_exposure": false,
      "data_access": false,
      "effective_action": "greengrass:GetDeployment",
      "privesc": false,
      "resource_exposure": false
    },
    {
      "access_level": "Read",
      "action": "greengrass:*",
      "condition": null,
      "credentials_exposure": false,
      "data_access": false,
      "effective_action": "greengrass:GetServiceRoleForAccount",
      "privesc": false,
      "resource_exposure": false
    },
    {
      "access_level": "List",
      "action": "greengrass:*",
      "condition": null,
      "credentials_exposure": false,
      "data_access": false,
      "effective_action": "greengrass:ListClientDevicesAssociatedWithCoreDevice",
      "privesc": false,
      "resource_exposure": false
    },
    {
      "access_level": "List",
      "action": "greengrass:*",
      "condition": null,
      "credentials_exposure": false,
      "data_access": false,
      "effective_action": "greengrass:ListComponentVersions",
      "privesc": false,
      "resource_exposure": false
    },
    {
      "access_level": "List",
      "action": "greengrass:*",
      "condition": null,
      "credentials_exposure": false,
      "data_access": false,
      "effective_action": "greengrass:ListComponents",
      "privesc": false,
      "resource_exposure": false
    },
    {
      "access_level": "List",
      "action": "greengrass:*",
      "condition": null,
      "credentials_exposure": false,
      "data_access": false,
      "effective_action": "greengrass:ListCoreDevices",
      "privesc": false,
      "resource_exposure": false
    },
    {
      "access_level": "List",
      "action": "greengrass:*",
      "condition": null,
      "credentials_exposure": false,
      "data_access": false,
      "effective_action": "greengrass:ListDeployments",
      "privesc": false,
      "resource_exposure": false
    },
    {
      "access_level": "List",
      "action": "greengrass:*",
      "condition": null,
      "credentials_exposure": false,
      "data_access": false,
      "effective_action": "greengrass:ListEffectiveDeployments",
      "privesc": false,
      "resource_exposure": false
    },
    {
      "access_level": "List",
      "action": "greengrass:*",
      "condition": null,
      "credentials_exposure": false,
      "data_access": false,
      "effective_action": "greengrass:ListInstalledComponents",
      "privesc": false,
      "resource_exposure": false
    },
    {
      "access_level": "Read",
      "action": "greengrass:*",
      "condition": null,
      "credentials_exposure": false,
      "data_access": false,
      "effective_action": "greengrass:ListTagsForResource",
      "privesc": false,
      "resource_exposure": false
    },
    {
      "access_level": "List",
      "action": "greengrass:*",
      "condition": null,
      "credentials_exposure": false,
      "data_access": false,
      "effective_action": "greengrass:ResolveComponentCandidates",
      "privesc": false,
      "resource_exposure": false
    },
    {
      "access_level": "Tagging",
      "action": "greengrass:*",
      "condition": null,
      "credentials_exposure": false,
      "data_access": false,
      "effective_action": "greengrass:TagResource",
      "privesc": false,
      "resource_exposure": false
    },
    {
      "access_level": "Tagging",
      "action": "greengrass:*",
      "condition": null,
      "credentials_exposure": false,
      "data_access": false,
      "effective_action": "greengrass:UntagResource",
      "privesc": false,
      "resource_exposure": false
    },
    {
      "access_level": "Write",
      "action": "greengrass:*",
      "condition": null,
      "credentials_exposure": false,
      "data_access": false,
      "effective_action": "greengrass:UpdateConnectivityInfo",
      "privesc": false,
      "resource_exposure": false
    },
    {
      "access_level": "Write",
      "action": "greengrass:*",
      "condition": null,
      "credentials_exposure": false,
      "data_access": false,
      "effective_action": "greengrass:AssociateRoleToGroup",
      "privesc": false,
      "resource_exposure": false
    },
    {
      "access_level": "Write",
      "action": "greengrass:*",
      "condition": null,
      "credentials_exposure": false,
      "data_access": false,
      "effective_action": "greengrass:CreateConnectorDefinition",
      "privesc": false,
      "resource_exposure": false
    },
    {
      "access_level": "Write",
      "action": "greengrass:*",
      "condition": null,
      "credentials_exposure": false,
      "data_access": false,
      "effective_action": "greengrass:CreateConnectorDefinitionVersion",
      "privesc": false,
      "resource_exposure": false
    },
    {
      "access_level": "Write",
      "action": "greengrass:*",
      "condition": null,
      "credentials_exposure": false,
      "data_access": false,
      "effective_action": "greengrass:CreateCoreDefinition",
      "privesc": false,
      "resource_exposure": false
    },
    {
      "access_level": "Write",
      "action": "greengrass:*",
      "condition": null,
      "credentials_exposure": false,
      "data_access": false,
      "effective_action": "greengrass:CreateCoreDefinitionVersion",
      "privesc": false,
      "resource_exposure": false
    },
    {
      "access_level": "Write",
      "action": "greengrass:*",
      "condition": null,
      "credentials_exposure": false,
      "data_access": false,
      "effective_action": "greengrass:CreateDeviceDefinition",
      "privesc": false,
      "resource_exposure": false
    },
    {
      "access_level": "Write",
      "action": "greengrass:*",
      "condition": null,
      "credentials_exposure": false,
      "data_access": false,
      "effective_action": "greengrass:CreateDeviceDefinitionVersion",
      "privesc": false,
      "resource_exposure": false
    },
    {
      "access_level": "Write",
      "action": "greengrass:*",
      "condition": null,
      "credentials_exposure": false,
      "data_access": false,
      "effective_action": "greengrass:CreateFunctionDefinition",
      "privesc": false,
      "resource_exposure": false
    },
    {
      "access_level": "Write",
      "action": "greengrass:*",
      "condition": null,
      "credentials_exposure": false,
      "data_access": false,
      "effective_action": "greengrass:CreateFunctionDefinitionVersion",
      "privesc": false,
      "resource_exposure": false
    },
    {
      "access_level": "Write",
      "action": "greengrass:*",
      "condition": null,
      "credentials_exposure": false,
      "data_access": false,
      "effective_action": "greengrass:CreateGroup",
      "privesc": false,
      "resource_exposure": false
    },
    {
      "access_level": "Write",
      "action": "greengrass:*",
      "condition": null,
      "credentials_exposure": false,
      "data_access": false,
      "effective_action": "greengrass:CreateGroupCertificateAuthority",
      "privesc": false,
      "resource_exposure": false
    },
    {
      "access_level": "Write",
      "action": "greengrass:*",
      "condition": null,
      "credentials_exposure": false,
      "data_access": false,
      "effective_action": "greengrass:CreateGroupVersion",
      "privesc": false,
      "resource_exposure": false
    },
    {
      "access_level": "Write",
      "action": "greengrass:*",
      "condition": null,
      "credentials_exposure": false,
      "data_access": false,
      "effective_action": "greengrass:CreateLoggerDefinition",
      "privesc": false,
      "resource_exposure": false
    },
    {
      "access_level": "Write",
      "action": "greengrass:*",
      "condition": null,
      "credentials_exposure": false,
      "data_access": false,
      "effective_action": "greengrass:CreateLoggerDefinitionVersion",
      "privesc": false,
      "resource_exposure": false
    },
    {
      "access_level": "Write",
      "action": "greengrass:*",
      "condition": null,
      "credentials_exposure": false,
      "data_access": false,
      "effective_action": "greengrass:CreateResourceDefinition",
      "privesc": false,
      "resource_exposure": false
    },
    {
      "access_level": "Write",
      "action": "greengrass:*",
      "condition": null,
      "credentials_exposure": false,
      "data_access": false,
      "effective_action": "greengrass:CreateResourceDefinitionVersion",
      "privesc": false,
      "resource_exposure": false
    },
    {
      "access_level": "Write",
      "action": "greengrass:*",
      "condition": null,
      "credentials_exposure": false,
      "data_access": false,
      "effective_action": "greengrass:CreateSoftwareUpdateJob",
      "privesc": false,
      "resource_exposure": false
    },
    {
      "access_level": "Write",
      "action": "greengrass:*",
      "condition": null,
      "credentials_exposure": false,
      "data_access": false,
      "effective_action": "greengrass:CreateSubscriptionDefinition",
      "privesc": false,
      "resource_exposure": false
    },
    {
      "access_level": "Write",
      "action": "greengrass:*",
      "condition": null,
      "credentials_exposure": false,
      "data_access": false,
      "effective_action": "greengrass:CreateSubscriptionDefinitionVersion",
      "privesc": false,
      "resource_exposure": false
    },
    {
      "access_level": "Write",
      "action": "greengrass:*",
      "condition": null,
      "credentials_exposure": false,
      "data_access": false,
      "effective_action": "greengrass:DeleteConnectorDefinition",
      "privesc": false,
      "resource_exposure": false
    },
    {
      "access_level": "Write",
      "action": "greengrass:*",
      "condition": null,
      "credentials_exposure": false,
      "data_access": false,
      "effective_action": "greengrass:DeleteCoreDefinition",
      "privesc": false,
      "resource_exposure": false
    },
    {
      "access_level": "Write",
      "action": "greengrass:*",
      "condition": null,
      "credentials_exposure": false,
      "data_access": false,
      "effective_action": "greengrass:DeleteDeviceDefinition",
      "privesc": false,
      "resource_exposure": false
    },
    {
      "access_level": "Write",
      "action": "greengrass:*",
      "condition": null,
      "credentials_exposure": false,
      "data_access": false,
      "effective_action": "greengrass:DeleteFunctionDefinition",
      "privesc": false,
      "resource_exposure": false
    },
    {
      "access_level": "Write",
      "action": "greengrass:*",
      "condition": null,
      "credentials_exposure": false,
      "data_access": false,
      "effective_action": "greengrass:DeleteGroup",
      "privesc": false,
      "resource_exposure": false
    },
    {
      "access_level": "Write",
      "action": "greengrass:*",
      "condition": null,
      "credentials_exposure": false,
      "data_access": false,
      "effective_action": "greengrass:DeleteLoggerDefinition",
      "privesc": false,
      "resource_exposure": false
    },
    {
      "access_level": "Write",
      "action": "greengrass:*",
      "condition": null,
      "credentials_exposure": false,
      "data_access": false,
      "effective_action": "greengrass:DeleteResourceDefinition",
      "privesc": false,
      "resource_exposure": false
    },
    {
      "access_level": "Write",
      "action": "greengrass:*",
      "condition": null,
      "credentials_exposure": false,
      "data_access": false,
      "effective_action": "greengrass:DeleteSubscriptionDefinition",
      "privesc": false,
      "resource_exposure": false
    },
    {
      "access_level": "Write",
      "action": "greengrass:*",
      "condition": null,
      "credentials_exposure": false,
      "data_access": false,
      "effective_action": "greengrass:DisassociateRoleFromGroup",
      "privesc": false,
      "resource_exposure": false
    },
    {
      "access_level": "Read",
      "action": "greengrass:*",
      "condition": null,
      "credentials_exposure": false,
      "data_access": false,
      "effective_action": "greengrass:Discover",
      "privesc": false,
      "resource_exposure": false
    },
    {
      "access_level": "Read",
      "action": "greengrass:*",
      "condition": null,
      "credentials_exposure": false,
      "data_access": false,
      "effective_action": "greengrass:GetAssociatedRole",
      "privesc": false,
      "resource_exposure": false
    },
    {
      "access_level": "Read",
      "action": "greengrass:*",
      "condition": null,
      "credentials_exposure": false,
      "data_access": false,
      "effective_action": "greengrass:GetBulkDeploymentStatus",
      "privesc": false,
      "resource_exposure": false
    },
    {
      "access_level": "Read",
      "action": "greengrass:*",
      "condition": null,
      "credentials_exposure": false,
      "data_access": false,
      "effective_action": "greengrass:GetConnectorDefinition",
      "privesc": false,
      "resource_exposure": false
    },
    {
      "access_level": "Read",
      "action": "greengrass:*",
      "condition": null,
      "credentials_exposure": false,
      "data_access": false,
      "effective_action": "greengrass:GetConnectorDefinitionVersion",
      "privesc": false,
      "resource_exposure": false
    },
    {
      "access_level": "Read",
      "action": "greengrass:*",
      "condition": null,
      "credentials_exposure": false,
      "data_access": false,
      "effective_action": "greengrass:GetCoreDefinition",
      "privesc": false,
      "resource_exposure": false
    },
    {
      "access_level": "Read",
      "action": "greengrass:*",
      "condition": null,
      "credentials_exposure": false,
      "data_access": false,
      "effective_action": "greengrass:GetCoreDefinitionVersion",
      "privesc": false,
      "resource_exposure": false
    },
    {
      "access_level": "Read",
      "action": "greengrass:*",
      "condition": null,
      "credentials_exposure": false,
      "data_access": false,
      "effective_action": "greengrass:GetDeploymentStatus",
      "privesc": false,
      "resource_exposure": false
    },
    {
      "access_level": "Read",
      "action": "greengrass:*",
      "condition": null,
      "credentials_exposure": false,
      "data_access": false,
      "effective_action": "greengrass:GetDeviceDefinition",
      "privesc": false,
      "resource_exposure": false
    },
    {
      "access_level": "Read",
      "action": "greengrass:*",
      "condition": null,
      "credentials_exposure": false,
      "data_access": false,
      "effective_action": "greengrass:GetDeviceDefinitionVersion",
      "privesc": false,
      "resource_exposure": false
    },
    {
      "access_level": "Read",
      "action": "greengrass:*",
      "condition": null,
      "credentials_exposure": false,
      "data_access": false,
      "effective_action": "greengrass:GetFunctionDefinition",
      "privesc": false,
      "resource_exposure": false
    },
    {
      "access_level": "Read",
      "action": "greengrass:*",
      "condition": null,
      "credentials_exposure": false,
      "data_access": false,
      "effective_action": "greengrass:GetFunctionDefinitionVersion",
      "privesc": false,
      "resource_exposure": false
    },
    {
      "access_level": "Read",
      "action": "greengrass:*",
      "condition": null,
      "credentials_exposure": false,
      "data_access": false,
      "effective_action": "greengrass:GetGroup",
      "privesc": false,
      "resource_exposure": false
    },
    {
      "access_level": "Read",
      "action": "greengrass:*",
      "condition": null,
      "credentials_exposure": false,
      "data_access": false,
      "effective_action": "greengrass:GetGroupCertificateAuthority",
      "privesc": false,
      "resource_exposure": false
    },
    {
      "access_level": "Read",
      "action": "greengrass:*",
      "condition": null,
      "credentials_exposure": false,
      "data_access": false,
      "effective_action": "greengrass:GetGroupCertificateConfiguration",
      "privesc": false,
      "resource_exposure": false
    },
    {
      "access_level": "Read",
      "action": "greengrass:*",
      "condition": null,
      "credentials_exposure": false,
      "data_access": false,
      "effective_action": "greengrass:GetGroupVersion",
      "privesc": false,
      "resource_exposure": false
    },
    {
      "access_level": "Read",
      "action": "greengrass:*",
      "condition": null,
      "credentials_exposure": false,
      "data_access": false,
      "effective_action": "greengrass:GetLoggerDefinition",
      "privesc": false,
      "resource_exposure": false
    },
    {
      "access_level": "Read",
      "action": "greengrass:*",
      "condition": null,
      "credentials_exposure": false,
      "data_access": false,
      "effective_action": "greengrass:GetLoggerDefinitionVersion",
      "privesc": false,
      "resource_exposure": false
    },
    {
      "access_level": "Read",
      "action": "greengrass:*",
      "condition": null,
      "credentials_exposure": false,
      "data_access": false,
      "effective_action": "greengrass:GetResourceDefinition",
      "privesc": false,
      "resource_exposure": false
    },
    {
      "access_level": "Read",
      "action": "greengrass:*",
      "condition": null,
      "credentials_exposure": false,
      "data_access": false,
      "effective_action": "greengrass:GetResourceDefinitionVersion",
      "privesc": false,
      "resource_exposure": false
    },
    {
      "access_level": "Read",
      "action": "greengrass:*",
      "condition": null,
      "credentials_exposure": false,
      "data_access": false,
      "effective_action": "greengrass:GetSubscriptionDefinition",
      "privesc": false,
      "resource_exposure": false
    },
    {
      "access_level": "Read",
      "action": "greengrass:*",
      "condition": null,
      "credentials_exposure": false,
      "data_access": false,
      "effective_action": "greengrass:GetSubscriptionDefinitionVersion",
      "privesc": false,
      "resource_exposure": false
    },
    {
      "access_level": "Read",
      "action": "greengrass:*",
      "condition": null,
      "credentials_exposure": false,
      "data_access": false,
      "effective_action": "greengrass:GetThingRuntimeConfiguration",
      "privesc": false,
      "resource_exposure": false
    },
    {
      "access_level": "Read",
      "action": "greengrass:*",
      "condition": null,
      "credentials_exposure": false,
      "data_access": false,
      "effective_action": "greengrass:ListBulkDeploymentDetailedReports",
      "privesc": false,
      "resource_exposure": false
    },
    {
      "access_level": "List",
      "action": "greengrass:*",
      "condition": null,
      "credentials_exposure": false,
      "data_access": false,
      "effective_action": "greengrass:ListBulkDeployments",
      "privesc": false,
      "resource_exposure": false
    },
    {
      "access_level": "List",
      "action": "greengrass:*",
      "condition": null,
      "credentials_exposure": false,
      "data_access": false,
      "effective_action": "greengrass:ListConnectorDefinitionVersions",
      "privesc": false,
      "resource_exposure": false
    },
    {
      "access_level": "List",
      "action": "greengrass:*",
      "condition": null,
      "credentials_exposure": false,
      "data_access": false,
      "effective_action": "greengrass:ListConnectorDefinitions",
      "privesc": false,
      "resource_exposure": false
    },
    {
      "access_level": "List",
      "action": "greengrass:*",
      "condition": null,
      "credentials_exposure": false,
      "data_access": false,
      "effective_action": "greengrass:ListCoreDefinitionVersions",
      "privesc": false,
      "resource_exposure": false
    },
    {
      "access_level": "List",
      "action": "greengrass:*",
      "condition": null,
      "credentials_exposure": false,
      "data_access": false,
      "effective_action": "greengrass:ListCoreDefinitions",
      "privesc": false,
      "resource_exposure": false
    },
    {
      "access_level": "List",
      "action": "greengrass:*",
      "condition": null,
      "credentials_exposure": false,
      "data_access": false,
      "effective_action": "greengrass:ListDeviceDefinitionVersions",
      "privesc": false,
      "resource_exposure": false
    },
    {
      "access_level": "List",
      "action": "greengrass:*",
      "condition": null,
      "credentials_exposure": false,
      "data_access": false,
      "effective_action": "greengrass:ListDeviceDefinitions",
      "privesc": false,
      "resource_exposure": false
    },
    {
      "access_level": "List",
      "action": "greengrass:*",
      "condition": null,
      "credentials_exposure": false,
      "data_access": false,
      "effective_action": "greengrass:ListFunctionDefinitionVersions",
      "privesc": false,
      "resource_exposure": false
    },
    {
      "access_level": "List",
      "action": "greengrass:*",
      "condition": null,
      "credentials_exposure": false,
      "data_access": false,
      "effective_action": "greengrass:ListFunctionDefinitions",
      "privesc": false,
      "resource_exposure": false
    },
    {
      "access_level": "List",
      "action": "greengrass:*",
      "condition": null,
      "credentials_exposure": false,
      "data_access": false,
      "effective_action": "greengrass:ListGroupCertificateAuthorities",
      "privesc": false,
      "resource_exposure": false
    },
    {
      "access_level": "List",
      "action": "greengrass:*",
      "condition": null,
      "credentials_exposure": false,
      "data_access": false,
      "effective_action": "greengrass:ListGroupVersions",
      "privesc": false,
      "resource_exposure": false
    },
    {
      "access_level": "List",
      "action": "greengrass:*",
      "condition": null,
      "credentials_exposure": false,
      "data_access": false,
      "effective_action": "greengrass:ListGroups",
      "privesc": false,
      "resource_exposure": false
    },
    {
      "access_level": "List",
      "action": "greengrass:*",
      "condition": null,
      "credentials_exposure": false,
      "data_access": false,
      "effective_action": "greengrass:ListLoggerDefinitionVersions",
      "privesc": false,
      "resource_exposure": false
    },
    {
      "access_level": "List",
      "action": "greengrass:*",
      "condition": null,
      "credentials_exposure": false,
      "data_access": false,
      "effective_action": "greengrass:ListLoggerDefinitions",
      "privesc": false,
      "resource_exposure": false
    },
    {
      "access_level": "List",
      "action": "greengrass:*",
      "condition": null,
      "credentials_exposure": false,
      "data_access": false,
      "effective_action": "greengrass:ListResourceDefinitionVersions",
      "privesc": false,
      "resource_exposure": false
    },
    {
      "access_level": "List",
      "action": "greengrass:*",
      "condition": null,
      "credentials_exposure": false,
      "data_access": false,
      "effective_action": "greengrass:ListResourceDefinitions",
      "privesc": false,
      "resource_exposure": false
    },
    {
      "access_level": "List",
      "action": "greengrass:*",
      "condition": null,
      "credentials_exposure": false,
      "data_access": false,
      "effective_action": "greengrass:ListSubscriptionDefinitionVersions",
      "privesc": false,
      "resource_exposure": false
    },
    {
      "access_level": "List",
      "action": "greengrass:*",
      "condition": null,
      "credentials_exposure": false,
      "data_access": false,
      "effective_action": "greengrass:ListSubscriptionDefinitions",
      "privesc": false,
      "resource_exposure": false
    },
    {
      "access_level": "Write",
      "action": "greengrass:*",
      "condition": null,
      "credentials_exposure": false,
      "data_access": false,
      "effective_action": "greengrass:ResetDeployments",
      "privesc": false,
      "resource_exposure": false
    },
    {
      "access_level": "Write",
      "action": "greengrass:*",
      "condition": null,
      "credentials_exposure": false,
      "data_access": false,
      "effective_action": "greengrass:StartBulkDeployment",
      "privesc": false,
      "resource_exposure": false
    },
    {
      "access_level": "Write",
      "action": "greengrass:*",
      "condition": null,
      "credentials_exposure": false,
      "data_access": false,
      "effective_action": "greengrass:StopBulkDeployment",
      "privesc": false,
      "resource_exposure": false
    },
    {
      "access_level": "Write",
      "action": "greengrass:*",
      "condition": null,
      "credentials_exposure": false,
      "data_access": false,
      "effective_action": "greengrass:UpdateConnectorDefinition",
      "privesc": false,
      "resource_exposure": false
    },
    {
      "access_level": "Write",
      "action": "greengrass:*",
      "condition": null,
      "credentials_exposure": false,
      "data_access": false,
      "effective_action": "greengrass:UpdateCoreDefinition",
      "privesc": false,
      "resource_exposure": false
    },
    {
      "access_level": "Write",
      "action": "greengrass:*",
      "condition": null,
      "credentials_exposure": false,
      "data_access": false,
      "effective_action": "greengrass:UpdateDeviceDefinition",
      "privesc": false,
      "resource_exposure": false
    },
    {
      "access_level": "Write",
      "action": "greengrass:*",
      "condition": null,
      "credentials_exposure": false,
      "data_access": false,
      "effective_action": "greengrass:UpdateFunctionDefinition",
      "privesc": false,
      "resource_exposure": false
    },
    {
      "access_level": "Write",
      "action": "greengrass:*",
      "condition": null,
      "credentials_exposure": false,
      "data_access": false,
      "effective_action": "greengrass:UpdateGroup",
      "privesc": false,
      "resource_exposure": false
    },
    {
      "access_level": "Write",
      "action": "greengrass:*",
      "condition": null,
      "credentials_exposure": false,
      "data_access": false,
      "effective_action": "greengrass:UpdateGroupCertificateConfiguration",
      "privesc": false,
      "resource_exposure": false
    },
    {
      "access_level": "Write",
      "action": "greengrass:*",
      "condition": null,
      "credentials_exposure": false,
      "data_access": false,
      "effective_action": "greengrass:UpdateLoggerDefinition",
      "privesc": false,
      "resource_exposure": false
    },
    {
      "access_level": "Write",
      "action": "greengrass:*",
      "condition": null,
      "credentials_exposure": false,
      "data_access": false,
      "effective_action": "greengrass:UpdateResourceDefinition",
      "privesc": false,
      "resource_exposure": false
    },
    {
      "access_level": "Write",
      "action": "greengrass:*",
      "condition": null,
      "credentials_exposure": false,
      "data_access": false,
      "effective_action": "greengrass:UpdateSubscriptionDefinition",
      "privesc": false,
      "resource_exposure": false
    },
    {
      "access_level": "Write",
      "action": "greengrass:*",
      "condition": null,
      "credentials_exposure": false,
      "data_access": false,
      "effective_action": "greengrass:UpdateThingRuntimeConfiguration",
      "privesc": false,
      "resource_exposure": false
    },
    {
      "access_level": "List",
      "action": "iam:ListAttachedRolePolicies",
      "condition": null,
      "credentials_exposure": false,
      "data_access": false,
      "effective_action": "iam:ListAttachedRolePolicies",
      "privesc": false,
      "resource_exposure": false
    },
    {
      "access_level": "Permissions management",
      "action": "iot:CreatePolicy",
      "condition": null,
      "credentials_exposure": false,
      "data_access": false,
      "effective_action": "iot:CreatePolicy",
      "privesc": false,
      "resource_exposure": false
    },
    {
      "access_level": "Read",
      "action": "iot:GetThingShadow",
      "condition": null,
      "credentials_exposure": false,
      "data_access": false,
      "effective_action": "iot:GetThingShadow",
      "privesc": false,
      "resource_exposure": false
    },
    {
      "access_level": "Write",
      "action": "iot:CreateKeysAndCertificate",
      "condition": null,
      "credentials_exposure": false,
      "data_access": false,
      "effective_action": "iot:CreateKeysAndCertificate",
      "privesc": false,
      "resource_exposure": false
    },
    {
      "access_level": "List",
      "action": "iot:ListThings",
      "condition": null,
      "credentials_exposure": false,
      "data_access": false,
      "effective_action": "iot:ListThings",
      "privesc": false,
      "resource_exposure": false
    },
    {
      "access_level": "Write",
      "action": "iot:UpdateThingShadow",
      "condition": null,
      "credentials_exposure": false,
      "data_access": false,
      "effective_action": "iot:UpdateThingShadow",
      "privesc": false,
      "resource_exposure": false
    },
    {
      "access_level": "Write",
      "action": "iot:CreateCertificateFromCsr",
      "condition": null,
      "credentials_exposure": false,
      "data_access": false,
      "effective_action": "iot:CreateCertificateFromCsr",
      "privesc": false,
      "resource_exposure": false
    },
    {
      "access_level": "Write",
      "action": "iot-device-tester:SendMetrics",
      "condition": null,
      "credentials_exposure": false,
      "data_access": false,
      "effective_action": "iot-device-tester:SendMetrics",
      "privesc": false,
      "resource_exposure": false
    },
    {
      "access_level": "Read",
      "action": "iot-device-tester:SupportedVersion",
      "condition": null,
      "credentials_exposure": false,
      "data_access": false,
      "effective_action": "iot-device-tester:SupportedVersion",
      "privesc": false,
      "resource_exposure": false
    },
    {
      "access_level": "Read",
      "action": "iot-device-tester:LatestIdt",
      "condition": null,
      "credentials_exposure": false,
      "data_access": false,
      "effective_action": "iot-device-tester:LatestIdt",
      "privesc": false,
      "resource_exposure": false
    },
    {
      "access_level": "Read",
      "action": "iot-device-tester:CheckVersion",
      "condition": null,
      "credentials_exposure": false,
      "data_access": false,
      "effective_action": "iot-device-tester:CheckVersion",
      "privesc": false,
      "resource_exposure": false
    },
    {
      "access_level": "Read",
      "action": "iot-device-tester:DownloadTestSuite",
      "condition": null,
      "credentials_exposure": false,
      "data_access": false,
      "effective_action": "iot-device-tester:DownloadTestSuite",
      "privesc": false,
      "resource_exposure": false
    },
    {
      "access_level": "Write",
      "action": "iot:DetachThingPrincipal",
      "condition": null,
      "credentials_exposure": false,
      "data_access": false,
      "effective_action": "iot:DetachThingPrincipal",
      "privesc": false,
      "resource_exposure": false
    },
    {
      "access_level": "Write",
      "action": "iot:AttachThingPrincipal",
      "condition": null,
      "credentials_exposure": false,
      "data_access": false,
      "effective_action": "iot:AttachThingPrincipal",
      "privesc": false,
      "resource_exposure": false
    },
    {
      "access_level": "Write",
      "action": "s3:PutObject",
      "condition": null,
      "credentials_exposure": false,
      "data_access": false,
      "effective_action": "s3:PutObject",
      "privesc": false,
      "resource_exposure": false
    },
    {
      "access_level": "Write",
      "action": "s3:DeleteObjectVersion",
      "condition": null,
      "credentials_exposure": false,
      "data_access": false,
      "effective_action": "s3:DeleteObjectVersion",
      "privesc": false,
      "resource_exposure": false
    },
    {
      "access_level": "List",
      "action": "s3:ListBucketVersions",
      "condition": null,
      "credentials_exposure": false,
      "data_access": false,
      "effective_action": "s3:ListBucketVersions",
      "privesc": false,
      "resource_exposure": false
    },
    {
      "access_level": "Write",
      "action": "s3:CreateBucket",
      "condition": null,
      "credentials_exposure": false,
      "data_access": false,
      "effective_action": "s3:CreateBucket",
      "privesc": false,
      "resource_exposure": false
    },
    {
      "access_level": "Write",
      "action": "s3:DeleteObject",
      "condition": null,
      "credentials_exposure": false,
      "data_access": false,
      "effective_action": "s3:DeleteObject",
      "privesc": false,
      "resource_exposure": false
    },
    {
      "access_level": "Write",
      "action": "s3:DeleteBucket",
      "condition": null,
      "credentials_exposure": false,
      "data_access": false,
      "effective_action": "s3:DeleteBucket",
      "privesc": false,
      "resource_exposure": false
    }
  ],
  "grantless": false,
  "malformed": false,
  "name": "AWSIoTDeviceTesterForGreengrassFullAccess",
  "privesc": true,
  "resource_exposure": true,
  "undocumented_actions": false,
  "unknown_actions": [],
  "updatedate": "2020-06-25T17:01:56+00:00",
  "version": "v4"
}