{
  "access_levels": [
    "List",
    "Read",
    "Write",
    "Permissions management"
  ],
  "arn": "arn:aws:iam::aws:policy/AWSIoTConfigAccess",
  "createdate": "2019-09-27T20:48:00Z",
  "credentials_exposure": false,
  "data_access": false,
  "deprecated": false,
  "document": {
    "Statement": [
      {
        "Action": [
          "iot:AcceptCertificateTransfer",
          "iot:AddThingToThingGroup",
          "iot:AssociateTargetsWithJob",
          "iot:AttachPolicy",
          "iot:AttachPrincipalPolicy",
          "iot:AttachThingPrincipal",
          "iot:CancelCertificateTransfer",
          "iot:CancelJob",
          "iot:CancelJobExecution",
          "iot:ClearDefaultAuthorizer",
          "iot:CreateAuthorizer",
          "iot:CreateCertificateFromCsr",
          "iot:CreateJob",
          "iot:CreateKeysAndCertificate",
          "iot:CreateOTAUpdate",
          "iot:CreatePolicy",
          "iot:CreatePolicyVersion",
          "iot:CreateRoleAlias",
          "iot:CreateStream",
          "iot:CreateThing",
          "iot:CreateThingGroup",
          "iot:CreateThingType",
          "iot:CreateTopicRule",
          "iot:DeleteAuthorizer",
          "iot:DeleteCACertificate",
          "iot:DeleteCertificate",
          "iot:DeleteJob",
          "iot:DeleteJobExecution",
          "iot:DeleteOTAUpdate",
          "iot:DeletePolicy",
          "iot:DeletePolicyVersion",
          "iot:DeleteRegistrationCode",
          "iot:DeleteRoleAlias",
          "iot:DeleteStream",
          "iot:DeleteThing",
          "iot:DeleteThingGroup",
          "iot:DeleteThingType",
          "iot:DeleteTopicRule",
          "iot:DeleteV2LoggingLevel",
          "iot:DeprecateThingType",
          "iot:DescribeAuthorizer",
          "iot:DescribeCACertificate",
          "iot:DescribeCertificate",
          "iot:DescribeDefaultAuthorizer",
          "iot:DescribeEndpoint",
          "iot:DescribeEventConfigurations",
          "iot:DescribeIndex",
          "iot:DescribeJob",
          "iot:DescribeJobExecution",
          "iot:DescribeRoleAlias",
          "iot:DescribeStream",
          "iot:DescribeThing",
          "iot:DescribeThingGroup",
          "iot:DescribeThingRegistrationTask",
          "iot:DescribeThingType",
          "iot:DetachPolicy",
          "iot:DetachPrincipalPolicy",
          "iot:DetachThingPrincipal",
          "iot:DisableTopicRule",
          "iot:EnableTopicRule",
          "iot:GetEffectivePolicies",
          "iot:GetIndexingConfiguration",
          "iot:GetJobDocument",
          "iot:GetLoggingOptions",
          "iot:GetOTAUpdate",
          "iot:GetPolicy",
          "iot:GetPolicyVersion",
          "iot:GetRegistrationCode",
          "iot:GetTopicRule",
          "iot:GetV2LoggingOptions",
          "iot:ListAttachedPolicies",
          "iot:ListAuthorizers",
          "iot:ListCACertificates",
          "iot:ListCertificates",
          "iot:ListCertificatesByCA",
          "iot:ListIndices",
          "iot:ListJobExecutionsForJob",
          "iot:ListJobExecutionsForThing",
          "iot:ListJobs",
          "iot:ListOTAUpdates",
          "iot:ListOutgoingCertificates",
          "iot:ListPolicies",
          "iot:ListPolicyPrincipals",
          "iot:ListPolicyVersions",
          "iot:ListPrincipalPolicies",
          "iot:ListPrincipalThings",
          "iot:ListRoleAliases",
          "iot:ListStreams",
          "iot:ListTargetsForPolicy",
          "iot:ListThingGroups",
          "iot:ListThingGroupsForThing",
          "iot:ListThingPrincipals",
          "iot:ListThingRegistrationTaskReports",
          "iot:ListThingRegistrationTasks",
          "iot:ListThings",
          "iot:ListThingsInThingGroup",
          "iot:ListThingTypes",
          "iot:ListTopicRules",
          "iot:ListV2LoggingLevels",
          "iot:RegisterCACertificate",
          "iot:RegisterCertificate",
          "iot:RegisterThing",
          "iot:RejectCertificateTransfer",
          "iot:RemoveThingFromThingGroup",
          "iot:ReplaceTopicRule",
          "iot:SearchIndex",
          "iot:SetDefaultAuthorizer",
          "iot:SetDefaultPolicyVersion",
          "iot:SetLoggingOptions",
          "iot:SetV2LoggingLevel",
          "iot:SetV2LoggingOptions",
          "iot:StartThingRegistrationTask",
          "iot:StopThingRegistrationTask",
          "iot:TestAuthorization",
          "iot:TestInvokeAuthorizer",
          "iot:TransferCertificate",
          "iot:UpdateAuthorizer",
          "iot:UpdateCACertificate",
          "iot:UpdateCertificate",
          "iot:UpdateEventConfigurations",
          "iot:UpdateIndexingConfiguration",
          "iot:UpdateRoleAlias",
          "iot:UpdateStream",
          "iot:UpdateThing",
          "iot:UpdateThingGroup",
          "iot:UpdateThingGroupsForThing",
          "iot:UpdateAccountAuditConfiguration",
          "iot:DescribeAccountAuditConfiguration",
          "iot:DeleteAccountAuditConfiguration",
          "iot:StartOnDemandAuditTask",
          "iot:CancelAuditTask",
          "iot:DescribeAuditTask",
          "iot:ListAuditTasks",
          "iot:CreateScheduledAudit",
          "iot:UpdateScheduledAudit",
          "iot:DeleteScheduledAudit",
          "iot:DescribeScheduledAudit",
          "iot:ListScheduledAudits",
          "iot:ListAuditFindings",
          "iot:CreateSecurityProfile",
          "iot:DescribeSecurityProfile",
          "iot:UpdateSecurityProfile",
          "iot:DeleteSecurityProfile",
          "iot:AttachSecurityProfile",
          "iot:DetachSecurityProfile",
          "iot:ListSecurityProfiles",
          "iot:ListSecurityProfilesForTarget",
          "iot:ListTargetsForSecurityProfile",
          "iot:ListActiveViolations",
          "iot:ListViolationEvents",
          "iot:ValidateSecurityProfileBehaviors"
        ],
        "Effect": "Allow",
        "Resource": "*"
      }
    ],
    "Version": "2012-10-17"
  },
  "effective_actions": [
    {
      "access_level": "Write",
      "action": "iot:AcceptCertificateTransfer",
      "condition": null,
      "credentials_exposure": false,
      "data_access": false,
      "effective_action": "iot:AcceptCertificateTransfer",
      "privesc": false,
      "resource_exposure": false
    },
    {
      "access_level": "Write",
      "action": "iot:AddThingToThingGroup",
      "condition": null,
      "credentials_exposure": false,
      "data_access": false,
      "effective_action": "iot:AddThingToThingGroup",
      "privesc": false,
      "resource_exposure": false
    },
    {
      "access_level": "Write",
      "action": "iot:AssociateTargetsWithJob",
      "condition": null,
      "credentials_exposure": false,
      "data_access": false,
      "effective_action": "iot:AssociateTargetsWithJob",
      "privesc": false,
      "resource_exposure": false
    },
    {
      "access_level": "Permissions management",
      "action": "iot:AttachPolicy",
      "condition": null,
      "credentials_exposure": false,
      "data_access": false,
      "effective_action": "iot:AttachPolicy",
      "privesc": false,
      "resource_exposure": true
    },
    {
      "access_level": "Permissions management",
      "action": "iot:AttachPrincipalPolicy",
      "condition": null,
      "credentials_exposure": false,
      "data_access": false,
      "effective_action": "iot:AttachPrincipalPolicy",
      "privesc": false,
      "resource_exposure": true
    },
    {
      "access_level": "Write",
      "action": "iot:AttachThingPrincipal",
      "condition": null,
      "credentials_exposure": false,
      "data_access": false,
      "effective_action": "iot:AttachThingPrincipal",
      "privesc": false,
      "resource_exposure": false
    },
    {
      "access_level": "Write",
      "action": "iot:CancelCertificateTransfer",
      "condition": null,
      "credentials_exposure": false,
      "data_access": false,
      "effective_action": "iot:CancelCertificateTransfer",
      "privesc": false,
      "resource_exposure": false
    },
    {
      "access_level": "Write",
      "action": "iot:CancelJob",
      "condition": null,
      "credentials_exposure": false,
      "data_access": false,
      "effective_action": "iot:CancelJob",
      "privesc": false,
      "resource_exposure": false
    },
    {
      "access_level": "Write",
      "action": "iot:CancelJobExecution",
      "condition": null,
      "credentials_exposure": false,
      "data_access": false,
      "effective_action": "iot:CancelJobExecution",
      "privesc": false,
      "resource_exposure": false
    },
    {
      "access_level": "Write",
      "action": "iot:ClearDefaultAuthorizer",
      "condition": null,
      "credentials_exposure": false,
      "data_access": false,
      "effective_action": "iot:ClearDefaultAuthorizer",
      "privesc": false,
      "resource_exposure": false
    },
    {
      "access_level": "Write",
      "action": "iot:CreateAuthorizer",
      "condition": null,
      "credentials_exposure": false,
      "data_access": false,
      "effective_action": "iot:CreateAuthorizer",
      "privesc": false,
      "resource_exposure": false
    },
    {
      "access_level": "Write",
      "action": "iot:CreateCertificateFromCsr",
      "condition": null,
      "credentials_exposure": false,
      "data_access": false,
      "effective_action": "iot:CreateCertificateFromCsr",
      "privesc": false,
      "resource_exposure": false
    },
    {
      "access_level": "Write",
      "action": "iot:CreateJob",
      "condition": null,
      "credentials_exposure": false,
      "data_access": false,
      "effective_action": "iot:CreateJob",
      "privesc": false,
      "resource_exposure": false
    },
    {
      "access_level": "Write",
      "action": "iot:CreateKeysAndCertificate",
      "condition": null,
      "credentials_exposure": false,
      "data_access": false,
      "effective_action": "iot:CreateKeysAndCertificate",
      "privesc": false,
      "resource_exposure": false
    },
    {
      "access_level": "Write",
      "action": "iot:CreateOTAUpdate",
      "condition": null,
      "credentials_exposure": false,
      "data_access": false,
      "effective_action": "iot:CreateOTAUpdate",
      "privesc": false,
      "resource_exposure": false
    },
    {
      "access_level": "Permissions management",
      "action": "iot:CreatePolicy",
      "condition": null,
      "credentials_exposure": false,
      "data_access": false,
      "effective_action": "iot:CreatePolicy",
      "privesc": false,
      "resource_exposure": false
    },
    {
      "access_level": "Permissions management",
      "action": "iot:CreatePolicyVersion",
      "condition": null,
      "credentials_exposure": false,
      "data_access": false,
      "effective_action": "iot:CreatePolicyVersion",
      "privesc": false,
      "resource_exposure": false
    },
    {
      "access_level": "Write",
      "action": "iot:CreateRoleAlias",
      "condition": null,
      "credentials_exposure": false,
      "data_access": false,
      "effective_action": "iot:CreateRoleAlias",
      "privesc": false,
      "resource_exposure": false
    },
    {
      "access_level": "Write",
      "action": "iot:CreateStream",
      "condition": null,
      "credentials_exposure": false,
      "data_access": false,
      "effective_action": "iot:CreateStream",
      "privesc": false,
      "resource_exposure": false
    },
    {
      "access_level": "Write",
      "action": "iot:CreateThing",
      "condition": null,
      "credentials_exposure": false,
      "data_access": false,
      "effective_action": "iot:CreateThing",
      "privesc": false,
      "resource_exposure": false
    },
    {
      "access_level": "Write",
      "action": "iot:CreateThingGroup",
      "condition": null,
      "credentials_exposure": false,
      "data_access": false,
      "effective_action": "iot:CreateThingGroup",
      "privesc": false,
      "resource_exposure": false
    },
    {
      "access_level": "Write",
      "action": "iot:CreateThingType",
      "condition": null,
      "credentials_exposure": false,
      "data_access": false,
      "effective_action": "iot:CreateThingType",
      "privesc": false,
      "resource_exposure": false
    },
    {
      "access_level": "Write",
      "action": "iot:CreateTopicRule",
      "condition": null,
      "credentials_exposure": false,
      "data_access": false,
      "effective_action": "iot:CreateTopicRule",
      "privesc": false,
      "resource_exposure": false
    },
    {
      "access_level": "Write",
      "action": "iot:DeleteAuthorizer",
      "condition": null,
      "credentials_exposure": false,
      "data_access": false,
      "effective_action": "iot:DeleteAuthorizer",
      "privesc": false,
      "resource_exposure": false
    },
    {
      "access_level": "Write",
      "action": "iot:DeleteCACertificate",
      "condition": null,
      "credentials_exposure": false,
      "data_access": false,
      "effective_action": "iot:DeleteCACertificate",
      "privesc": false,
      "resource_exposure": false
    },
    {
      "access_level": "Write",
      "action": "iot:DeleteCertificate",
      "condition": null,
      "credentials_exposure": false,
      "data_access": false,
      "effective_action": "iot:DeleteCertificate",
      "privesc": false,
      "resource_exposure": false
    },
    {
      "access_level": "Write",
      "action": "iot:DeleteJob",
      "condition": null,
      "credentials_exposure": false,
      "data_access": false,
      "effective_action": "iot:DeleteJob",
      "privesc": false,
      "resource_exposure": false
    },
    {
      "access_level": "Write",
      "action": "iot:DeleteJobExecution",
      "condition": null,
      "credentials_exposure": false,
      "data_access": false,
      "effective_action": "iot:DeleteJobExecution",
      "privesc": false,
      "resource_exposure": false
    },
    {
      "access_level": "Write",
      "action": "iot:DeleteOTAUpdate",
      "condition": null,
      "credentials_exposure": false,
      "data_access": false,
      "effective_action": "iot:DeleteOTAUpdate",
      "privesc": false,
      "resource_exposure": false
    },
    {
      "access_level": "Permissions management",
      "action": "iot:DeletePolicy",
      "condition": null,
      "credentials_exposure": false,
      "data_access": false,
      "effective_action": "iot:DeletePolicy",
      "privesc": false,
      "resource_exposure": false
    },
    {
      "access_level": "Permissions management",
      "action": "iot:DeletePolicyVersion",
      "condition": null,
      "credentials_exposure": false,
      "data_access": false,
      "effective_action": "iot:DeletePolicyVersion",
      "privesc": false,
      "resource_exposure": false
    },
    {
      "access_level": "Write",
      "action": "iot:DeleteRegistrationCode",
      "condition": null,
      "credentials_exposure": false,
      "data_access": false,
      "effective_action": "iot:DeleteRegistrationCode",
      "privesc": false,
      "resource_exposure": false
    },
    {
      "access_level": "Write",
      "action": "iot:DeleteRoleAlias",
      "condition": null,
      "credentials_exposure": false,
      "data_access": false,
      "effective_action": "iot:DeleteRoleAlias",
      "privesc": false,
      "resource_exposure": false
    },
    {
      "access_level": "Write",
      "action": "iot:DeleteStream",
      "condition": null,
      "credentials_exposure": false,
      "data_access": false,
      "effective_action": "iot:DeleteStream",
      "privesc": false,
      "resource_exposure": false
    },
    {
      "access_level": "Write",
      "action": "iot:DeleteThing",
      "condition": null,
      "credentials_exposure": false,
      "data_access": false,
      "effective_action": "iot:DeleteThing",
      "privesc": false,
      "resource_exposure": false
    },
    {
      "access_level": "Write",
      "action": "iot:DeleteThingGroup",
      "condition": null,
      "credentials_exposure": false,
      "data_access": false,
      "effective_action": "iot:DeleteThingGroup",
      "privesc": false,
      "resource_exposure": false
    },
    {
      "access_level": "Write",
      "action": "iot:DeleteThingType",
      "condition": null,
      "credentials_exposure": false,
      "data_access": false,
      "effective_action": "iot:DeleteThingType",
      "privesc": false,
      "resource_exposure": false
    },
    {
      "access_level": "Write",
      "action": "iot:DeleteTopicRule",
      "condition": null,
      "credentials_exposure": false,
      "data_access": false,
      "effective_action": "iot:DeleteTopicRule",
      "privesc": false,
      "resource_exposure": false
    },
    {
      "access_level": "Write",
      "action": "iot:DeleteV2LoggingLevel",
      "condition": null,
      "credentials_exposure": false,
      "data_access": false,
      "effective_action": "iot:DeleteV2LoggingLevel",
      "privesc": false,
      "resource_exposure": false
    },
    {
      "access_level": "Write",
      "action": "iot:DeprecateThingType",
      "condition": null,
      "credentials_exposure": false,
      "data_access": false,
      "effective_action": "iot:DeprecateThingType",
      "privesc": false,
      "resource_exposure": false
    },
    {
      "access_level": "Read",
      "action": "iot:DescribeAuthorizer",
      "condition": null,
      "credentials_exposure": false,
      "data_access": false,
      "effective_action": "iot:DescribeAuthorizer",
      "privesc": false,
      "resource_exposure": false
    },
    {
      "access_level": "Read",
      "action": "iot:DescribeCACertificate",
      "condition": null,
      "credentials_exposure": false,
      "data_access": false,
      "effective_action": "iot:DescribeCACertificate",
      "privesc": false,
      "resource_exposure": false
    },
    {
      "access_level": "Read",
      "action": "iot:DescribeCertificate",
      "condition": null,
      "credentials_exposure": false,
      "data_access": false,
      "effective_action": "iot:DescribeCertificate",
      "privesc": false,
      "resource_exposure": false
    },
    {
      "access_level": "Read",
      "action": "iot:DescribeDefaultAuthorizer",
      "condition": null,
      "credentials_exposure": false,
      "data_access": false,
      "effective_action": "iot:DescribeDefaultAuthorizer",
      "privesc": false,
      "resource_exposure": false
    },
    {
      "access_level": "Read",
      "action": "iot:DescribeEndpoint",
      "condition": null,
      "credentials_exposure": false,
      "data_access": false,
      "effective_action": "iot:DescribeEndpoint",
      "privesc": false,
      "resource_exposure": false
    },
    {
      "access_level": "Read",
      "action": "iot:DescribeEventConfigurations",
      "condition": null,
      "credentials_exposure": false,
      "data_access": false,
      "effective_action": "iot:DescribeEventConfigurations",
      "privesc": false,
      "resource_exposure": false
    },
    {
      "access_level": "Read",
      "action": "iot:DescribeIndex",
      "condition": null,
      "credentials_exposure": false,
      "data_access": false,
      "effective_action": "iot:DescribeIndex",
      "privesc": false,
      "resource_exposure": false
    },
    {
      "access_level": "Read",
      "action": "iot:DescribeJob",
      "condition": null,
      "credentials_exposure": false,
      "data_access": false,
      "effective_action": "iot:DescribeJob",
      "privesc": false,
      "resource_exposure": false
    },
    {
      "access_level": "Read",
      "action": "iot:DescribeJobExecution",
      "condition": null,
      "credentials_exposure": false,
      "data_access": false,
      "effective_action": "iot:DescribeJobExecution",
      "privesc": false,
      "resource_exposure": false
    },
    {
      "access_level": "Read",
      "action": "iot:DescribeRoleAlias",
      "condition": null,
      "credentials_exposure": false,
      "data_access": false,
      "effective_action": "iot:DescribeRoleAlias",
      "privesc": false,
      "resource_exposure": false
    },
    {
      "access_level": "Read",
      "action": "iot:DescribeStream",
      "condition": null,
      "credentials_exposure": false,
      "data_access": false,
      "effective_action": "iot:DescribeStream",
      "privesc": false,
      "resource_exposure": false
    },
    {
      "access_level": "Read",
      "action": "iot:DescribeThing",
      "condition": null,
      "credentials_exposure": false,
      "data_access": false,
      "effective_action": "iot:DescribeThing",
      "privesc": false,
      "resource_exposure": false
    },
    {
      "access_level": "Read",
      "action": "iot:DescribeThingGroup",
      "condition": null,
      "credentials_exposure": false,
      "data_access": false,
      "effective_action": "iot:DescribeThingGroup",
      "privesc": false,
      "resource_exposure": false
    },
    {
      "access_level": "Read",
      "action": "iot:DescribeThingRegistrationTask",
      "condition": null,
      "credentials_exposure": false,
      "data_access": false,
      "effective_action": "iot:DescribeThingRegistrationTask",
      "privesc": false,
      "resource_exposure": false
    },
    {
      "access_level": "Read",
      "action": "iot:DescribeThingType",
      "condition": null,
      "credentials_exposure": false,
      "data_access": false,
      "effective_action": "iot:DescribeThingType",
      "privesc": false,
      "resource_exposure": false
    },
    {
      "access_level": "Permissions management",
      "action": "iot:DetachPolicy",
      "condition": null,
      "credentials_exposure": false,
      "data_access": false,
      "effective_action": "iot:DetachPolicy",
      "privesc": false,
      "resource_exposure": true
    },
    {
      "access_level": "Permissions management",
      "action": "iot:DetachPrincipalPolicy",
      "condition": null,
      "credentials_exposure": false,
      "data_access": false,
      "effective_action": "iot:DetachPrincipalPolicy",
      "privesc": false,
      "resource_exposure": true
    },
    {
      "access_level": "Write",
      "action": "iot:DetachThingPrincipal",
      "condition": null,
      "credentials_exposure": false,
      "data_access": false,
      "effective_action": "iot:DetachThingPrincipal",
      "privesc": false,
      "resource_exposure": false
    },
    {
      "access_level": "Write",
      "action": "iot:DisableTopicRule",
      "condition": null,
      "credentials_exposure": false,
      "data_access": false,
      "effective_action": "iot:DisableTopicRule",
      "privesc": false,
      "resource_exposure": false
    },
    {
      "access_level": "Write",
      "action": "iot:EnableTopicRule",
      "condition": null,
      "credentials_exposure": false,
      "data_access": false,
      "effective_action": "iot:EnableTopicRule",
      "privesc": false,
      "resource_exposure": false
    },
    {
      "access_level": "Read",
      "action": "iot:GetEffectivePolicies",
      "condition": null,
      "credentials_exposure": false,
      "data_access": false,
      "effective_action": "iot:GetEffectivePolicies",
      "privesc": false,
      "resource_exposure": false
    },
    {
      "access_level": "Read",
      "action": "iot:GetIndexingConfiguration",
      "condition": null,
      "credentials_exposure": false,
      "data_access": false,
      "effective_action": "iot:GetIndexingConfiguration",
      "privesc": false,
      "resource_exposure": false
    },
    {
      "access_level": "Read",
      "action": "iot:GetJobDocument",
      "condition": null,
      "credentials_exposure": false,
      "data_access": false,
      "effective_action": "iot:GetJobDocument",
      "privesc": false,
      "resource_exposure": false
    },
    {
      "access_level": "Read",
      "action": "iot:GetLoggingOptions",
      "condition": null,
      "credentials_exposure": false,
      "data_access": false,
      "effective_action": "iot:GetLoggingOptions",
      "privesc": false,
      "resource_exposure": false
    },
    {
      "access_level": "Read",
      "action": "iot:GetOTAUpdate",
      "condition": null,
      "credentials_exposure": false,
      "data_access": false,
      "effective_action": "iot:GetOTAUpdate",
      "privesc": false,
      "resource_exposure": false
    },
    {
      "access_level": "Read",
      "action": "iot:GetPolicy",
      "condition": null,
      "credentials_exposure": false,
      "data_access": false,
      "effective_action": "iot:GetPolicy",
      "privesc": false,
      "resource_exposure": false
    },
    {
      "access_level": "Read",
      "action": "iot:GetPolicyVersion",
      "condition": null,
      "credentials_exposure": false,
      "data_access": false,
      "effective_action": "iot:GetPolicyVersion",
      "privesc": false,
      "resource_exposure": false
    },
    {
      "access_level": "Read",
      "action": "iot:GetRegistrationCode",
      "condition": null,
      "credentials_exposure": false,
      "data_access": false,
      "effective_action": "iot:GetRegistrationCode",
      "privesc": false,
      "resource_exposure": false
    },
    {
      "access_level": "Read",
      "action": "iot:GetTopicRule",
      "condition": null,
      "credentials_exposure": false,
      "data_access": false,
      "effective_action": "iot:GetTopicRule",
      "privesc": false,
      "resource_exposure": false
    },
    {
      "access_level": "Read",
      "action": "iot:GetV2LoggingOptions",
      "condition": null,
      "credentials_exposure": false,
      "data_access": false,
      "effective_action": "iot:GetV2LoggingOptions",
      "privesc": false,
      "resource_exposure": false
    },
    {
      "access_level": "List",
      "action": "iot:ListAttachedPolicies",
      "condition": null,
      "credentials_exposure": false,
      "data_access": false,
      "effective_action": "iot:ListAttachedPolicies",
      "privesc": false,
      "resource_exposure": false
    },
    {
      "access_level": "List",
      "action": "iot:ListAuthorizers",
      "condition": null,
      "credentials_exposure": false,
      "data_access": false,
      "effective_action": "iot:ListAuthorizers",
      "privesc": false,
      "resource_exposure": false
    },
    {
      "access_level": "List",
      "action": "iot:ListCACertificates",
      "condition": null,
      "credentials_exposure": false,
      "data_access": false,
      "effective_action": "iot:ListCACertificates",
      "privesc": false,
      "resource_exposure": false
    },
    {
      "access_level": "List",
      "action": "iot:ListCertificates",
      "condition": null,
      "credentials_exposure": false,
      "data_access": false,
      "effective_action": "iot:ListCertificates",
      "privesc": false,
      "resource_exposure": false
    },
    {
      "access_level": "List",
      "action": "iot:ListCertificatesByCA",
      "condition": null,
      "credentials_exposure": false,
      "data_access": false,
      "effective_action": "iot:ListCertificatesByCA",
      "privesc": false,
      "resource_exposure": false
    },
    {
      "access_level": "List",
      "action": "iot:ListIndices",
      "condition": null,
      "credentials_exposure": false,
      "data_access": false,
      "effective_action": "iot:ListIndices",
      "privesc": false,
      "resource_exposure": false
    },
    {
      "access_level": "List",
      "action": "iot:ListJobExecutionsForJob",
      "condition": null,
      "credentials_exposure": false,
      "data_access": false,
      "effective_action": "iot:ListJobExecutionsForJob",
      "privesc": false,
      "resource_exposure": false
    },
    {
      "access_level": "List",
      "action": "iot:ListJobExecutionsForThing",
      "condition": null,
      "credentials_exposure": false,
      "data_access": false,
      "effective_action": "iot:ListJobExecutionsForThing",
      "privesc": false,
      "resource_exposure": false
    },
    {
      "access_level": "List",
      "action": "iot:ListJobs",
      "condition": null,
      "credentials_exposure": false,
      "data_access": false,
      "effective_action": "iot:ListJobs",
      "privesc": false,
      "resource_exposure": false
    },
    {
      "access_level": "List",
      "action": "iot:ListOTAUpdates",
      "condition": null,
      "credentials_exposure": false,
      "data_access": false,
      "effective_action": "iot:ListOTAUpdates",
      "privesc": false,
      "resource_exposure": false
    },
    {
      "access_level": "List",
      "action": "iot:ListOutgoingCertificates",
      "condition": null,
      "credentials_exposure": false,
      "data_access": false,
      "effective_action": "iot:ListOutgoingCertificates",
      "privesc": false,
      "resource_exposure": false
    },
    {
      "access_level": "List",
      "action": "iot:ListPolicies",
      "condition": null,
      "credentials_exposure": false,
      "data_access": false,
      "effective_action": "iot:ListPolicies",
      "privesc": false,
      "resource_exposure": false
    },
    {
      "access_level": "List",
      "action": "iot:ListPolicyPrincipals",
      "condition": null,
      "credentials_exposure": false,
      "data_access": false,
      "effective_action": "iot:ListPolicyPrincipals",
      "privesc": false,
      "resource_exposure": false
    },
    {
      "access_level": "List",
      "action": "iot:ListPolicyVersions",
      "condition": null,
      "credentials_exposure": false,
      "data_access": false,
      "effective_action": "iot:ListPolicyVersions",
      "privesc": false,
      "resource_exposure": false
    },
    {
      "access_level": "List",
      "action": "iot:ListPrincipalPolicies",
      "condition": null,
      "credentials_exposure": false,
      "data_access": false,
      "effective_action": "iot:ListPrincipalPolicies",
      "privesc": false,
      "resource_exposure": false
    },
    {
      "access_level": "List",
      "action": "iot:ListPrincipalThings",
      "condition": null,
      "credentials_exposure": false,
      "data_access": false,
      "effective_action": "iot:ListPrincipalThings",
      "privesc": false,
      "resource_exposure": false
    },
    {
      "access_level": "List",
      "action": "iot:ListRoleAliases",
      "condition": null,
      "credentials_exposure": false,
      "data_access": false,
      "effective_action": "iot:ListRoleAliases",
      "privesc": false,
      "resource_exposure": false
    },
    {
      "access_level": "List",
      "action": "iot:ListStreams",
      "condition": null,
      "credentials_exposure": false,
      "data_access": false,
      "effective_action": "iot:ListStreams",
      "privesc": false,
      "resource_exposure": false
    },
    {
      "access_level": "List",
      "action": "iot:ListTargetsForPolicy",
      "condition": null,
      "credentials_exposure": false,
      "data_access": false,
      "effective_action": "iot:ListTargetsForPolicy",
      "privesc": false,
      "resource_exposure": false
    },
    {
      "access_level": "List",
      "action": "iot:ListThingGroups",
      "condition": null,
      "credentials_exposure": false,
      "data_access": false,
      "effective_action": "iot:ListThingGroups",
      "privesc": false,
      "resource_exposure": false
    },
    {
      "access_level": "List",
      "action": "iot:ListThingGroupsForThing",
      "condition": null,
      "credentials_exposure": false,
      "data_access": false,
      "effective_action": "iot:ListThingGroupsForThing",
      "privesc": false,
      "resource_exposure": false
    },
    {
      "access_level": "List",
      "action": "iot:ListThingPrincipals",
      "condition": null,
      "credentials_exposure": false,
      "data_access": false,
      "effective_action": "iot:ListThingPrincipals",
      "privesc": false,
      "resource_exposure": false
    },
    {
      "access_level": "List",
      "action": "iot:ListThingRegistrationTaskReports",
      "condition": null,
      "credentials_exposure": false,
      "data_access": false,
      "effective_action": "iot:ListThingRegistrationTaskReports",
      "privesc": false,
      "resource_exposure": false
    },
    {
      "access_level": "List",
      "action": "iot:ListThingRegistrationTasks",
      "condition": null,
      "credentials_exposure": false,
      "data_access": false,
      "effective_action": "iot:ListThingRegistrationTasks",
      "privesc": false,
      "resource_exposure": false
    },
    {
      "access_level": "List",
      "action": "iot:ListThings",
      "condition": null,
      "credentials_exposure": false,
      "data_access": false,
      "effective_action": "iot:ListThings",
      "privesc": false,
      "resource_exposure": false
    },
    {
      "access_level": "List",
      "action": "iot:ListThingsInThingGroup",
      "condition": null,
      "credentials_exposure": false,
      "data_access": false,
      "effective_action": "iot:ListThingsInThingGroup",
      "privesc": false,
      "resource_exposure": false
    },
    {
      "access_level": "List",
      "action": "iot:ListThingTypes",
      "condition": null,
      "credentials_exposure": false,
      "data_access": false,
      "effective_action": "iot:ListThingTypes",
      "privesc": false,
      "resource_exposure": false
    },
    {
      "access_level": "List",
      "action": "iot:ListTopicRules",
      "condition": null,
      "credentials_exposure": false,
      "data_access": false,
      "effective_action": "iot:ListTopicRules",
      "privesc": false,
      "resource_exposure": false
    },
    {
      "access_level": "List",
      "action": "iot:ListV2LoggingLevels",
      "condition": null,
      "credentials_exposure": false,
      "data_access": false,
      "effective_action": "iot:ListV2LoggingLevels",
      "privesc": false,
      "resource_exposure": false
    },
    {
      "access_level": "Write",
      "action": "iot:RegisterCACertificate",
      "condition": null,
      "credentials_exposure": false,
      "data_access": false,
      "effective_action": "iot:RegisterCACertificate",
      "privesc": false,
      "resource_exposure": false
    },
    {
      "access_level": "Write",
      "action": "iot:RegisterCertificate",
      "condition": null,
      "credentials_exposure": false,
      "data_access": false,
      "effective_action": "iot:RegisterCertificate",
      "privesc": false,
      "resource_exposure": false
    },
    {
      "access_level": "Write",
      "action": "iot:RegisterThing",
      "condition": null,
      "credentials_exposure": false,
      "data_access": false,
      "effective_action": "iot:RegisterThing",
      "privesc": false,
      "resource_exposure": false
    },
    {
      "access_level": "Write",
      "action": "iot:RejectCertificateTransfer",
      "condition": null,
      "credentials_exposure": false,
      "data_access": false,
      "effective_action": "iot:RejectCertificateTransfer",
      "privesc": false,
      "resource_exposure": false
    },
    {
      "access_level": "Write",
      "action": "iot:RemoveThingFromThingGroup",
      "condition": null,
      "credentials_exposure": false,
      "data_access": false,
      "effective_action": "iot:RemoveThingFromThingGroup",
      "privesc": false,
      "resource_exposure": false
    },
    {
      "access_level": "Write",
      "action": "iot:ReplaceTopicRule",
      "condition": null,
      "credentials_exposure": false,
      "data_access": false,
      "effective_action": "iot:ReplaceTopicRule",
      "privesc": false,
      "resource_exposure": false
    },
    {
      "access_level": "Read",
      "action": "iot:SearchIndex",
      "condition": null,
      "credentials_exposure": false,
      "data_access": false,
      "effective_action": "iot:SearchIndex",
      "privesc": false,
      "resource_exposure": false
    },
    {
      "access_level": "Permissions management",
      "action": "iot:SetDefaultAuthorizer",
      "condition": null,
      "credentials_exposure": false,
      "data_access": false,
      "effective_action": "iot:SetDefaultAuthorizer",
      "privesc": false,
      "resource_exposure": true
    },
    {
      "access_level": "Permissions management",
      "action": "iot:SetDefaultPolicyVersion",
      "condition": null,
      "credentials_exposure": false,
      "data_access": false,
      "effective_action": "iot:SetDefaultPolicyVersion",
      "privesc": false,
      "resource_exposure": true
    },
    {
      "access_level": "Write",
      "action": "iot:SetLoggingOptions",
      "condition": null,
      "credentials_exposure": false,
      "data_access": false,
      "effective_action": "iot:SetLoggingOptions",
      "privesc": false,
      "resource_exposure": false
    },
    {
      "access_level": "Write",
      "action": "iot:SetV2LoggingLevel",
      "condition": null,
      "credentials_exposure": false,
      "data_access": false,
      "effective_action": "iot:SetV2LoggingLevel",
      "privesc": false,
      "resource_exposure": false
    },
    {
      "access_level": "Write",
      "action": "iot:SetV2LoggingOptions",
      "condition": null,
      "credentials_exposure": false,
      "data_access": false,
      "effective_action": "iot:SetV2LoggingOptions",
      "privesc": false,
      "resource_exposure": false
    },
    {
      "access_level": "Write",
      "action": "iot:StartThingRegistrationTask",
      "condition": null,
      "credentials_exposure": false,
      "data_access": false,
      "effective_action": "iot:StartThingRegistrationTask",
      "privesc": false,
      "resource_exposure": false
    },
    {
      "access_level": "Write",
      "action": "iot:StopThingRegistrationTask",
      "condition": null,
      "credentials_exposure": false,
      "data_access": false,
      "effective_action": "iot:StopThingRegistrationTask",
      "privesc": false,
      "resource_exposure": false
    },
    {
      "access_level": "Read",
      "action": "iot:TestAuthorization",
      "condition": null,
      "credentials_exposure": false,
      "data_access": false,
      "effective_action": "iot:TestAuthorization",
      "privesc": false,
      "resource_exposure": false
    },
    {
      "access_level": "Read",
      "action": "iot:TestInvokeAuthorizer",
      "condition": null,
      "credentials_exposure": false,
      "data_access": false,
      "effective_action": "iot:TestInvokeAuthorizer",
      "privesc": false,
      "resource_exposure": false
    },
    {
      "access_level": "Write",
      "action": "iot:TransferCertificate",
      "condition": null,
      "credentials_exposure": false,
      "data_access": false,
      "effective_action": "iot:TransferCertificate",
      "privesc": false,
      "resource_exposure": false
    },
    {
      "access_level": "Write",
      "action": "iot:UpdateAuthorizer",
      "condition": null,
      "credentials_exposure": false,
      "data_access": false,
      "effective_action": "iot:UpdateAuthorizer",
      "privesc": false,
      "resource_exposure": false
    },
    {
      "access_level": "Write",
      "action": "iot:UpdateCACertificate",
      "condition": null,
      "credentials_exposure": false,
      "data_access": false,
      "effective_action": "iot:UpdateCACertificate",
      "privesc": false,
      "resource_exposure": false
    },
    {
      "access_level": "Write",
      "action": "iot:UpdateCertificate",
      "condition": null,
      "credentials_exposure": false,
      "data_access": false,
      "effective_action": "iot:UpdateCertificate",
      "privesc": false,
      "resource_exposure": false
    },
    {
      "access_level": "Write",
      "action": "iot:UpdateEventConfigurations",
      "condition": null,
      "credentials_exposure": false,
      "data_access": false,
      "effective_action": "iot:UpdateEventConfigurations",
      "privesc": false,
      "resource_exposure": false
    },
    {
      "access_level": "Write",
      "action": "iot:UpdateIndexingConfiguration",
      "condition": null,
      "credentials_exposure": false,
      "data_access": false,
      "effective_action": "iot:UpdateIndexingConfiguration",
      "privesc": false,
      "resource_exposure": false
    },
    {
      "access_level": "Write",
      "action": "iot:UpdateRoleAlias",
      "condition": null,
      "credentials_exposure": false,
      "data_access": false,
      "effective_action": "iot:UpdateRoleAlias",
      "privesc": false,
      "resource_exposure": false
    },
    {
      "access_level": "Write",
      "action": "iot:UpdateStream",
      "condition": null,
      "credentials_exposure": false,
      "data_access": false,
      "effective_action": "iot:UpdateStream",
      "privesc": false,
      "resource_exposure": false
    },
    {
      "access_level": "Write",
      "action": "iot:UpdateThing",
      "condition": null,
      "credentials_exposure": false,
      "data_access": false,
      "effective_action": "iot:UpdateThing",
      "privesc": false,
      "resource_exposure": false
    },
    {
      "access_level": "Write",
      "action": "iot:UpdateThingGroup",
      "condition": null,
      "credentials_exposure": false,
      "data_access": false,
      "effective_action": "iot:UpdateThingGroup",
      "privesc": false,
      "resource_exposure": false
    },
    {
      "access_level": "Write",
      "action": "iot:UpdateThingGroupsForThing",
      "condition": null,
      "credentials_exposure": false,
      "data_access": false,
      "effective_action": "iot:UpdateThingGroupsForThing",
      "privesc": false,
      "resource_exposure": false
    },
    {
      "access_level": "Write",
      "action": "iot:UpdateAccountAuditConfiguration",
      "condition": null,
      "credentials_exposure": false,
      "data_access": false,
      "effective_action": "iot:UpdateAccountAuditConfiguration",
      "privesc": false,
      "resource_exposure": false
    },
    {
      "access_level": "Read",
      "action": "iot:DescribeAccountAuditConfiguration",
      "condition": null,
      "credentials_exposure": false,
      "data_access": false,
      "effective_action": "iot:DescribeAccountAuditConfiguration",
      "privesc": false,
      "resource_exposure": false
    },
    {
      "access_level": "Write",
      "action": "iot:DeleteAccountAuditConfiguration",
      "condition": null,
      "credentials_exposure": false,
      "data_access": false,
      "effective_action": "iot:DeleteAccountAuditConfiguration",
      "privesc": false,
      "resource_exposure": false
    },
    {
      "access_level": "Write",
      "action": "iot:StartOnDemandAuditTask",
      "condition": null,
      "credentials_exposure": false,
      "data_access": false,
      "effective_action": "iot:StartOnDemandAuditTask",
      "privesc": false,
      "resource_exposure": false
    },
    {
      "access_level": "Write",
      "action": "iot:CancelAuditTask",
      "condition": null,
      "credentials_exposure": false,
      "data_access": false,
      "effective_action": "iot:CancelAuditTask",
      "privesc": false,
      "resource_exposure": false
    },
    {
      "access_level": "Read",
      "action": "iot:DescribeAuditTask",
      "condition": null,
      "credentials_exposure": false,
      "data_access": false,
      "effective_action": "iot:DescribeAuditTask",
      "privesc": false,
      "resource_exposure": false
    },
    {
      "access_level": "List",
      "action": "iot:ListAuditTasks",
      "condition": null,
      "credentials_exposure": false,
      "data_access": false,
      "effective_action": "iot:ListAuditTasks",
      "privesc": false,
      "resource_exposure": false
    },
    {
      "access_level": "Write",
      "action": "iot:CreateScheduledAudit",
      "condition": null,
      "credentials_exposure": false,
      "data_access": false,
      "effective_action": "iot:CreateScheduledAudit",
      "privesc": false,
      "resource_exposure": false
    },
    {
      "access_level": "Write",
      "action": "iot:UpdateScheduledAudit",
      "condition": null,
      "credentials_exposure": false,
      "data_access": false,
      "effective_action": "iot:UpdateScheduledAudit",
      "privesc": false,
      "resource_exposure": false
    },
    {
      "access_level": "Write",
      "action": "iot:DeleteScheduledAudit",
      "condition": null,
      "credentials_exposure": false,
      "data_access": false,
      "effective_action": "iot:DeleteScheduledAudit",
      "privesc": false,
      "resource_exposure": false
    },
    {
      "access_level": "Read",
      "action": "iot:DescribeScheduledAudit",
      "condition": null,
      "credentials_exposure": false,
      "data_access": false,
      "effective_action": "iot:DescribeScheduledAudit",
      "privesc": false,
      "resource_exposure": false
    },
    {
      "access_level": "List",
      "action": "iot:ListScheduledAudits",
      "condition": null,
      "credentials_exposure": false,
      "data_access": false,
      "effective_action": "iot:ListScheduledAudits",
      "privesc": false,
      "resource_exposure": false
    },
    {
      "access_level": "List",
      "action": "iot:ListAuditFindings",
      "condition": null,
      "credentials_exposure": false,
      "data_access": false,
      "effective_action": "iot:ListAuditFindings",
      "privesc": false,
      "resource_exposure": false
    },
    {
      "access_level": "Write",
      "action": "iot:CreateSecurityProfile",
      "condition": null,
      "credentials_exposure": false,
      "data_access": false,
      "effective_action": "iot:CreateSecurityProfile",
      "privesc": false,
      "resource_exposure": false
    },
    {
      "access_level": "Read",
      "action": "iot:DescribeSecurityProfile",
      "condition": null,
      "credentials_exposure": false,
      "data_access": false,
      "effective_action": "iot:DescribeSecurityProfile",
      "privesc": false,
      "resource_exposure": false
    },
    {
      "access_level": "Write",
      "action": "iot:UpdateSecurityProfile",
      "condition": null,
      "credentials_exposure": false,
      "data_access": false,
      "effective_action": "iot:UpdateSecurityProfile",
      "privesc": false,
      "resource_exposure": false
    },
    {
      "access_level": "Write",
      "action": "iot:DeleteSecurityProfile",
      "condition": null,
      "credentials_exposure": false,
      "data_access": false,
      "effective_action": "iot:DeleteSecurityProfile",
      "privesc": false,
      "resource_exposure": false
    },
    {
      "access_level": "Write",
      "action": "iot:AttachSecurityProfile",
      "condition": null,
      "credentials_exposure": false,
      "data_access": false,
      "effective_action": "iot:AttachSecurityProfile",
      "privesc": false,
      "resource_exposure": false
    },
    {
      "access_level": "Write",
      "action": "iot:DetachSecurityProfile",
      "condition": null,
      "credentials_exposure": false,
      "data_access": false,
      "effective_action": "iot:DetachSecurityProfile",
      "privesc": false,
      "resource_exposure": false
    },
    {
      "access_level": "List",
      "action": "iot:ListSecurityProfiles",
      "condition": null,
      "credentials_exposure": false,
      "data_access": false,
      "effective_action": "iot:ListSecurityProfiles",
      "privesc": false,
      "resource_exposure": false
    },
    {
      "access_level": "List",
      "action": "iot:ListSecurityProfilesForTarget",
      "condition": null,
      "credentials_exposure": false,
      "data_access": false,
      "effective_action": "iot:ListSecurityProfilesForTarget",
      "privesc": false,
      "resource_exposure": false
    },
    {
      "access_level": "List",
      "action": "iot:ListTargetsForSecurityProfile",
      "condition": null,
      "credentials_exposure": false,
      "data_access": false,
      "effective_action": "iot:ListTargetsForSecurityProfile",
      "privesc": false,
      "resource_exposure": false
    },
    {
      "access_level": "List",
      "action": "iot:ListActiveViolations",
      "condition": null,
      "credentials_exposure": false,
      "data_access": false,
      "effective_action": "iot:ListActiveViolations",
      "privesc": false,
      "resource_exposure": false
    },
    {
      "access_level": "List",
      "action": "iot:ListViolationEvents",
      "condition": null,
      "credentials_exposure": false,
      "data_access": false,
      "effective_action": "iot:ListViolationEvents",
      "privesc": false,
      "resource_exposure": false
    },
    {
      "access_level": "Read",
      "action": "iot:ValidateSecurityProfileBehaviors",
      "condition": null,
      "credentials_exposure": false,
      "data_access": false,
      "effective_action": "iot:ValidateSecurityProfileBehaviors",
      "privesc": false,
      "resource_exposure": false
    }
  ],
  "grantless": false,
  "malformed": false,
  "name": "AWSIoTConfigAccess",
  "privesc": false,
  "resource_exposure": true,
  "undocumented_actions": false,
  "unknown_actions": [],
  "updatedate": "2019-09-27T20:48:00+00:00",
  "version": "v9"
}