{
  "access_levels": [
    "List",
    "Read",
    "Tagging",
    "Write",
    "Permissions management"
  ],
  "arn": "arn:aws:iam::aws:policy/AWSImageBuilderFullAccess",
  "createdate": "2021-04-13T17:33:42Z",
  "credentials_exposure": false,
  "data_access": false,
  "deprecated": false,
  "document": {
    "Statement": [
      {
        "Action": [
          "imagebuilder:*"
        ],
        "Effect": "Allow",
        "Resource": "*"
      },
      {
        "Action": [
          "sns:ListTopics"
        ],
        "Effect": "Allow",
        "Resource": "*"
      },
      {
        "Action": [
          "sns:Publish"
        ],
        "Effect": "Allow",
        "Resource": "arn:aws:sns:*:*:*imagebuilder*"
      },
      {
        "Action": [
          "license-manager:ListLicenseConfigurations",
          "license-manager:ListLicenseSpecificationsForResource"
        ],
        "Effect": "Allow",
        "Resource": "*"
      },
      {
        "Action": [
          "iam:GetRole"
        ],
        "Effect": "Allow",
        "Resource": "arn:aws:iam::*:role/aws-service-role/imagebuilder.amazonaws.com/AWSServiceRoleForImageBuilder"
      },
      {
        "Action": [
          "iam:GetInstanceProfile"
        ],
        "Effect": "Allow",
        "Resource": "arn:aws:iam::*:instance-profile/*imagebuilder*"
      },
      {
        "Action": [
          "iam:ListInstanceProfiles",
          "iam:ListRoles"
        ],
        "Effect": "Allow",
        "Resource": "*"
      },
      {
        "Action": [
          "iam:PassRole"
        ],
        "Condition": {
          "StringEquals": {
            "iam:PassedToService": "ec2.amazonaws.com"
          }
        },
        "Effect": "Allow",
        "Resource": [
          "arn:aws:iam::*:instance-profile/*imagebuilder*",
          "arn:aws:iam::*:role/*imagebuilder*"
        ]
      },
      {
        "Action": [
          "s3:ListAllMyBuckets",
          "s3:GetBucketLocation"
        ],
        "Effect": "Allow",
        "Resource": "*"
      },
      {
        "Action": [
          "s3:ListBucket"
        ],
        "Effect": "Allow",
        "Resource": "arn:aws:s3::*:*imagebuilder*"
      },
      {
        "Action": [
          "iam:CreateServiceLinkedRole"
        ],
        "Condition": {
          "StringLike": {
            "iam:AWSServiceName": "imagebuilder.amazonaws.com"
          }
        },
        "Effect": "Allow",
        "Resource": "arn:aws:iam::*:role/aws-service-role/imagebuilder.amazonaws.com/AWSServiceRoleForImageBuilder"
      },
      {
        "Action": [
          "ec2:DescribeImages",
          "ec2:DescribeSnapshots",
          "ec2:DescribeVpcs",
          "ec2:DescribeRegions",
          "ec2:DescribeVolumes",
          "ec2:DescribeSubnets",
          "ec2:DescribeKeyPairs",
          "ec2:DescribeSecurityGroups",
          "ec2:DescribeInstanceTypeOfferings",
          "ec2:DescribeLaunchTemplates"
        ],
        "Effect": "Allow",
        "Resource": "*"
      }
    ],
    "Version": "2012-10-17"
  },
  "effective_actions": [
    {
      "access_level": "Write",
      "action": "imagebuilder:*",
      "condition": null,
      "credentials_exposure": false,
      "data_access": false,
      "effective_action": "imagebuilder:CancelImageCreation",
      "privesc": false,
      "resource_exposure": false
    },
    {
      "access_level": "Write",
      "action": "imagebuilder:*",
      "condition": null,
      "credentials_exposure": false,
      "data_access": false,
      "effective_action": "imagebuilder:CancelLifecycleExecution",
      "privesc": false,
      "resource_exposure": false
    },
    {
      "access_level": "Write",
      "action": "imagebuilder:*",
      "condition": null,
      "credentials_exposure": false,
      "data_access": false,
      "effective_action": "imagebuilder:CreateComponent",
      "privesc": false,
      "resource_exposure": false
    },
    {
      "access_level": "Write",
      "action": "imagebuilder:*",
      "condition": null,
      "credentials_exposure": false,
      "data_access": false,
      "effective_action": "imagebuilder:CreateContainerRecipe",
      "privesc": false,
      "resource_exposure": false
    },
    {
      "access_level": "Write",
      "action": "imagebuilder:*",
      "condition": null,
      "credentials_exposure": false,
      "data_access": false,
      "effective_action": "imagebuilder:CreateDistributionConfiguration",
      "privesc": false,
      "resource_exposure": false
    },
    {
      "access_level": "Write",
      "action": "imagebuilder:*",
      "condition": null,
      "credentials_exposure": false,
      "data_access": false,
      "effective_action": "imagebuilder:CreateImage",
      "privesc": false,
      "resource_exposure": false
    },
    {
      "access_level": "Write",
      "action": "imagebuilder:*",
      "condition": null,
      "credentials_exposure": false,
      "data_access": false,
      "effective_action": "imagebuilder:CreateImagePipeline",
      "privesc": false,
      "resource_exposure": false
    },
    {
      "access_level": "Write",
      "action": "imagebuilder:*",
      "condition": null,
      "credentials_exposure": false,
      "data_access": false,
      "effective_action": "imagebuilder:CreateImageRecipe",
      "privesc": false,
      "resource_exposure": false
    },
    {
      "access_level": "Write",
      "action": "imagebuilder:*",
      "condition": null,
      "credentials_exposure": false,
      "data_access": false,
      "effective_action": "imagebuilder:CreateInfrastructureConfiguration",
      "privesc": false,
      "resource_exposure": false
    },
    {
      "access_level": "Write",
      "action": "imagebuilder:*",
      "condition": null,
      "credentials_exposure": false,
      "data_access": false,
      "effective_action": "imagebuilder:CreateLifecyclePolicy",
      "privesc": false,
      "resource_exposure": false
    },
    {
      "access_level": "Write",
      "action": "imagebuilder:*",
      "condition": null,
      "credentials_exposure": false,
      "data_access": false,
      "effective_action": "imagebuilder:CreateWorkflow",
      "privesc": false,
      "resource_exposure": false
    },
    {
      "access_level": "Write",
      "action": "imagebuilder:*",
      "condition": null,
      "credentials_exposure": false,
      "data_access": false,
      "effective_action": "imagebuilder:DeleteComponent",
      "privesc": false,
      "resource_exposure": false
    },
    {
      "access_level": "Write",
      "action": "imagebuilder:*",
      "condition": null,
      "credentials_exposure": false,
      "data_access": false,
      "effective_action": "imagebuilder:DeleteContainerRecipe",
      "privesc": false,
      "resource_exposure": false
    },
    {
      "access_level": "Write",
      "action": "imagebuilder:*",
      "condition": null,
      "credentials_exposure": false,
      "data_access": false,
      "effective_action": "imagebuilder:DeleteDistributionConfiguration",
      "privesc": false,
      "resource_exposure": false
    },
    {
      "access_level": "Write",
      "action": "imagebuilder:*",
      "condition": null,
      "credentials_exposure": false,
      "data_access": false,
      "effective_action": "imagebuilder:DeleteImage",
      "privesc": false,
      "resource_exposure": false
    },
    {
      "access_level": "Write",
      "action": "imagebuilder:*",
      "condition": null,
      "credentials_exposure": false,
      "data_access": false,
      "effective_action": "imagebuilder:DeleteImagePipeline",
      "privesc": false,
      "resource_exposure": false
    },
    {
      "access_level": "Write",
      "action": "imagebuilder:*",
      "condition": null,
      "credentials_exposure": false,
      "data_access": false,
      "effective_action": "imagebuilder:DeleteImageRecipe",
      "privesc": false,
      "resource_exposure": false
    },
    {
      "access_level": "Write",
      "action": "imagebuilder:*",
      "condition": null,
      "credentials_exposure": false,
      "data_access": false,
      "effective_action": "imagebuilder:DeleteInfrastructureConfiguration",
      "privesc": false,
      "resource_exposure": false
    },
    {
      "access_level": "Write",
      "action": "imagebuilder:*",
      "condition": null,
      "credentials_exposure": false,
      "data_access": false,
      "effective_action": "imagebuilder:DeleteLifecyclePolicy",
      "privesc": false,
      "resource_exposure": false
    },
    {
      "access_level": "Write",
      "action": "imagebuilder:*",
      "condition": null,
      "credentials_exposure": false,
      "data_access": false,
      "effective_action": "imagebuilder:DeleteWorkflow",
      "privesc": false,
      "resource_exposure": false
    },
    {
      "access_level": "Read",
      "action": "imagebuilder:*",
      "condition": null,
      "credentials_exposure": false,
      "data_access": false,
      "effective_action": "imagebuilder:GetComponent",
      "privesc": false,
      "resource_exposure": false
    },
    {
      "access_level": "Read",
      "action": "imagebuilder:*",
      "condition": null,
      "credentials_exposure": false,
      "data_access": false,
      "effective_action": "imagebuilder:GetComponentPolicy",
      "privesc": false,
      "resource_exposure": false
    },
    {
      "access_level": "Read",
      "action": "imagebuilder:*",
      "condition": null,
      "credentials_exposure": false,
      "data_access": false,
      "effective_action": "imagebuilder:GetContainerRecipe",
      "privesc": false,
      "resource_exposure": false
    },
    {
      "access_level": "Read",
      "action": "imagebuilder:*",
      "condition": null,
      "credentials_exposure": false,
      "data_access": false,
      "effective_action": "imagebuilder:GetContainerRecipePolicy",
      "privesc": false,
      "resource_exposure": false
    },
    {
      "access_level": "Read",
      "action": "imagebuilder:*",
      "condition": null,
      "credentials_exposure": false,
      "data_access": false,
      "effective_action": "imagebuilder:GetDistributionConfiguration",
      "privesc": false,
      "resource_exposure": false
    },
    {
      "access_level": "Read",
      "action": "imagebuilder:*",
      "condition": null,
      "credentials_exposure": false,
      "data_access": false,
      "effective_action": "imagebuilder:GetImage",
      "privesc": false,
      "resource_exposure": false
    },
    {
      "access_level": "Read",
      "action": "imagebuilder:*",
      "condition": null,
      "credentials_exposure": false,
      "data_access": false,
      "effective_action": "imagebuilder:GetImagePipeline",
      "privesc": false,
      "resource_exposure": false
    },
    {
      "access_level": "Read",
      "action": "imagebuilder:*",
      "condition": null,
      "credentials_exposure": false,
      "data_access": false,
      "effective_action": "imagebuilder:GetImagePolicy",
      "privesc": false,
      "resource_exposure": false
    },
    {
      "access_level": "Read",
      "action": "imagebuilder:*",
      "condition": null,
      "credentials_exposure": false,
      "data_access": false,
      "effective_action": "imagebuilder:GetImageRecipe",
      "privesc": false,
      "resource_exposure": false
    },
    {
      "access_level": "Read",
      "action": "imagebuilder:*",
      "condition": null,
      "credentials_exposure": false,
      "data_access": false,
      "effective_action": "imagebuilder:GetImageRecipePolicy",
      "privesc": false,
      "resource_exposure": false
    },
    {
      "access_level": "Read",
      "action": "imagebuilder:*",
      "condition": null,
      "credentials_exposure": false,
      "data_access": false,
      "effective_action": "imagebuilder:GetInfrastructureConfiguration",
      "privesc": false,
      "resource_exposure": false
    },
    {
      "access_level": "Read",
      "action": "imagebuilder:*",
      "condition": null,
      "credentials_exposure": false,
      "data_access": false,
      "effective_action": "imagebuilder:GetLifecycleExecution",
      "privesc": false,
      "resource_exposure": false
    },
    {
      "access_level": "Read",
      "action": "imagebuilder:*",
      "condition": null,
      "credentials_exposure": false,
      "data_access": false,
      "effective_action": "imagebuilder:GetLifecyclePolicy",
      "privesc": false,
      "resource_exposure": false
    },
    {
      "access_level": "Read",
      "action": "imagebuilder:*",
      "condition": null,
      "credentials_exposure": false,
      "data_access": false,
      "effective_action": "imagebuilder:GetMarketplaceResource",
      "privesc": false,
      "resource_exposure": false
    },
    {
      "access_level": "Read",
      "action": "imagebuilder:*",
      "condition": null,
      "credentials_exposure": false,
      "data_access": false,
      "effective_action": "imagebuilder:GetWorkflow",
      "privesc": false,
      "resource_exposure": false
    },
    {
      "access_level": "Read",
      "action": "imagebuilder:*",
      "condition": null,
      "credentials_exposure": false,
      "data_access": false,
      "effective_action": "imagebuilder:GetWorkflowExecution",
      "privesc": false,
      "resource_exposure": false
    },
    {
      "access_level": "Read",
      "action": "imagebuilder:*",
      "condition": null,
      "credentials_exposure": false,
      "data_access": false,
      "effective_action": "imagebuilder:GetWorkflowStepExecution",
      "privesc": false,
      "resource_exposure": false
    },
    {
      "access_level": "Write",
      "action": "imagebuilder:*",
      "condition": null,
      "credentials_exposure": false,
      "data_access": false,
      "effective_action": "imagebuilder:ImportComponent",
      "privesc": false,
      "resource_exposure": false
    },
    {
      "access_level": "Write",
      "action": "imagebuilder:*",
      "condition": null,
      "credentials_exposure": false,
      "data_access": false,
      "effective_action": "imagebuilder:ImportDiskImage",
      "privesc": false,
      "resource_exposure": false
    },
    {
      "access_level": "Write",
      "action": "imagebuilder:*",
      "condition": null,
      "credentials_exposure": false,
      "data_access": false,
      "effective_action": "imagebuilder:ImportVmImage",
      "privesc": false,
      "resource_exposure": false
    },
    {
      "access_level": "List",
      "action": "imagebuilder:*",
      "condition": null,
      "credentials_exposure": false,
      "data_access": false,
      "effective_action": "imagebuilder:ListComponentBuildVersions",
      "privesc": false,
      "resource_exposure": false
    },
    {
      "access_level": "List",
      "action": "imagebuilder:*",
      "condition": null,
      "credentials_exposure": false,
      "data_access": false,
      "effective_action": "imagebuilder:ListComponents",
      "privesc": false,
      "resource_exposure": false
    },
    {
      "access_level": "List",
      "action": "imagebuilder:*",
      "condition": null,
      "credentials_exposure": false,
      "data_access": false,
      "effective_action": "imagebuilder:ListContainerRecipes",
      "privesc": false,
      "resource_exposure": false
    },
    {
      "access_level": "List",
      "action": "imagebuilder:*",
      "condition": null,
      "credentials_exposure": false,
      "data_access": false,
      "effective_action": "imagebuilder:ListDistributionConfigurations",
      "privesc": false,
      "resource_exposure": false
    },
    {
      "access_level": "List",
      "action": "imagebuilder:*",
      "condition": null,
      "credentials_exposure": false,
      "data_access": false,
      "effective_action": "imagebuilder:ListImageBuildVersions",
      "privesc": false,
      "resource_exposure": false
    },
    {
      "access_level": "List",
      "action": "imagebuilder:*",
      "condition": null,
      "credentials_exposure": false,
      "data_access": false,
      "effective_action": "imagebuilder:ListImagePackages",
      "privesc": false,
      "resource_exposure": false
    },
    {
      "access_level": "List",
      "action": "imagebuilder:*",
      "condition": null,
      "credentials_exposure": false,
      "data_access": false,
      "effective_action": "imagebuilder:ListImagePipelineImages",
      "privesc": false,
      "resource_exposure": false
    },
    {
      "access_level": "List",
      "action": "imagebuilder:*",
      "condition": null,
      "credentials_exposure": false,
      "data_access": false,
      "effective_action": "imagebuilder:ListImagePipelines",
      "privesc": false,
      "resource_exposure": false
    },
    {
      "access_level": "List",
      "action": "imagebuilder:*",
      "condition": null,
      "credentials_exposure": false,
      "data_access": false,
      "effective_action": "imagebuilder:ListImageRecipes",
      "privesc": false,
      "resource_exposure": false
    },
    {
      "access_level": "List",
      "action": "imagebuilder:*",
      "condition": null,
      "credentials_exposure": false,
      "data_access": false,
      "effective_action": "imagebuilder:ListImageScanFindingAggregations",
      "privesc": false,
      "resource_exposure": false
    },
    {
      "access_level": "List",
      "action": "imagebuilder:*",
      "condition": null,
      "credentials_exposure": false,
      "data_access": false,
      "effective_action": "imagebuilder:ListImageScanFindings",
      "privesc": false,
      "resource_exposure": false
    },
    {
      "access_level": "List",
      "action": "imagebuilder:*",
      "condition": null,
      "credentials_exposure": false,
      "data_access": false,
      "effective_action": "imagebuilder:ListImages",
      "privesc": false,
      "resource_exposure": false
    },
    {
      "access_level": "List",
      "action": "imagebuilder:*",
      "condition": null,
      "credentials_exposure": false,
      "data_access": false,
      "effective_action": "imagebuilder:ListInfrastructureConfigurations",
      "privesc": false,
      "resource_exposure": false
    },
    {
      "access_level": "List",
      "action": "imagebuilder:*",
      "condition": null,
      "credentials_exposure": false,
      "data_access": false,
      "effective_action": "imagebuilder:ListLifecycleExecutionResources",
      "privesc": false,
      "resource_exposure": false
    },
    {
      "access_level": "List",
      "action": "imagebuilder:*",
      "condition": null,
      "credentials_exposure": false,
      "data_access": false,
      "effective_action": "imagebuilder:ListLifecycleExecutions",
      "privesc": false,
      "resource_exposure": false
    },
    {
      "access_level": "List",
      "action": "imagebuilder:*",
      "condition": null,
      "credentials_exposure": false,
      "data_access": false,
      "effective_action": "imagebuilder:ListLifecyclePolicies",
      "privesc": false,
      "resource_exposure": false
    },
    {
      "access_level": "Read",
      "action": "imagebuilder:*",
      "condition": null,
      "credentials_exposure": false,
      "data_access": false,
      "effective_action": "imagebuilder:ListTagsForResource",
      "privesc": false,
      "resource_exposure": false
    },
    {
      "access_level": "List",
      "action": "imagebuilder:*",
      "condition": null,
      "credentials_exposure": false,
      "data_access": false,
      "effective_action": "imagebuilder:ListWaitingWorkflowSteps",
      "privesc": false,
      "resource_exposure": false
    },
    {
      "access_level": "List",
      "action": "imagebuilder:*",
      "condition": null,
      "credentials_exposure": false,
      "data_access": false,
      "effective_action": "imagebuilder:ListWorkflowBuildVersions",
      "privesc": false,
      "resource_exposure": false
    },
    {
      "access_level": "List",
      "action": "imagebuilder:*",
      "condition": null,
      "credentials_exposure": false,
      "data_access": false,
      "effective_action": "imagebuilder:ListWorkflowExecutions",
      "privesc": false,
      "resource_exposure": false
    },
    {
      "access_level": "List",
      "action": "imagebuilder:*",
      "condition": null,
      "credentials_exposure": false,
      "data_access": false,
      "effective_action": "imagebuilder:ListWorkflowStepExecutions",
      "privesc": false,
      "resource_exposure": false
    },
    {
      "access_level": "List",
      "action": "imagebuilder:*",
      "condition": null,
      "credentials_exposure": false,
      "data_access": false,
      "effective_action": "imagebuilder:ListWorkflows",
      "privesc": false,
      "resource_exposure": false
    },
    {
      "access_level": "Permissions management",
      "action": "imagebuilder:*",
      "condition": null,
      "credentials_exposure": false,
      "data_access": false,
      "effective_action": "imagebuilder:PutComponentPolicy",
      "privesc": false,
      "resource_exposure": true
    },
    {
      "access_level": "Permissions management",
      "action": "imagebuilder:*",
      "condition": null,
      "credentials_exposure": false,
      "data_access": false,
      "effective_action": "imagebuilder:PutContainerRecipePolicy",
      "privesc": false,
      "resource_exposure": false
    },
    {
      "access_level": "Permissions management",
      "action": "imagebuilder:*",
      "condition": null,
      "credentials_exposure": false,
      "data_access": false,
      "effective_action": "imagebuilder:PutImagePolicy",
      "privesc": false,
      "resource_exposure": true
    },
    {
      "access_level": "Permissions management",
      "action": "imagebuilder:*",
      "condition": null,
      "credentials_exposure": false,
      "data_access": false,
      "effective_action": "imagebuilder:PutImageRecipePolicy",
      "privesc": false,
      "resource_exposure": true
    },
    {
      "access_level": "Write",
      "action": "imagebuilder:*",
      "condition": null,
      "credentials_exposure": false,
      "data_access": false,
      "effective_action": "imagebuilder:SendWorkflowStepAction",
      "privesc": false,
      "resource_exposure": false
    },
    {
      "access_level": "Write",
      "action": "imagebuilder:*",
      "condition": null,
      "credentials_exposure": false,
      "data_access": false,
      "effective_action": "imagebuilder:StartImagePipelineExecution",
      "privesc": false,
      "resource_exposure": false
    },
    {
      "access_level": "Write",
      "action": "imagebuilder:*",
      "condition": null,
      "credentials_exposure": false,
      "data_access": false,
      "effective_action": "imagebuilder:StartResourceStateUpdate",
      "privesc": false,
      "resource_exposure": false
    },
    {
      "access_level": "Tagging",
      "action": "imagebuilder:*",
      "condition": null,
      "credentials_exposure": false,
      "data_access": false,
      "effective_action": "imagebuilder:TagResource",
      "privesc": false,
      "resource_exposure": false
    },
    {
      "access_level": "Tagging",
      "action": "imagebuilder:*",
      "condition": null,
      "credentials_exposure": false,
      "data_access": false,
      "effective_action": "imagebuilder:UntagResource",
      "privesc": false,
      "resource_exposure": false
    },
    {
      "access_level": "Write",
      "action": "imagebuilder:*",
      "condition": null,
      "credentials_exposure": false,
      "data_access": false,
      "effective_action": "imagebuilder:UpdateDistributionConfiguration",
      "privesc": false,
      "resource_exposure": false
    },
    {
      "access_level": "Write",
      "action": "imagebuilder:*",
      "condition": null,
      "credentials_exposure": false,
      "data_access": false,
      "effective_action": "imagebuilder:UpdateImagePipeline",
      "privesc": false,
      "resource_exposure": false
    },
    {
      "access_level": "Write",
      "action": "imagebuilder:*",
      "condition": null,
      "credentials_exposure": false,
      "data_access": false,
      "effective_action": "imagebuilder:UpdateInfrastructureConfiguration",
      "privesc": false,
      "resource_exposure": false
    },
    {
      "access_level": "Write",
      "action": "imagebuilder:*",
      "condition": null,
      "credentials_exposure": false,
      "data_access": false,
      "effective_action": "imagebuilder:UpdateLifecyclePolicy",
      "privesc": false,
      "resource_exposure": false
    },
    {
      "access_level": "List",
      "action": "sns:ListTopics",
      "condition": null,
      "credentials_exposure": false,
      "data_access": false,
      "effective_action": "sns:ListTopics",
      "privesc": false,
      "resource_exposure": false
    },
    {
      "access_level": "Write",
      "action": "sns:Publish",
      "condition": null,
      "credentials_exposure": false,
      "data_access": false,
      "effective_action": "sns:Publish",
      "privesc": false,
      "resource_exposure": false
    },
    {
      "access_level": "Read",
      "action": "license-manager:ListLicenseConfigurations",
      "condition": null,
      "credentials_exposure": false,
      "data_access": false,
      "effective_action": "license-manager:ListLicenseConfigurations",
      "privesc": false,
      "resource_exposure": false
    },
    {
      "access_level": "List",
      "action": "license-manager:ListLicenseSpecificationsForResource",
      "condition": null,
      "credentials_exposure": false,
      "data_access": false,
      "effective_action": "license-manager:ListLicenseSpecificationsForResource",
      "privesc": false,
      "resource_exposure": false
    },
    {
      "access_level": "Read",
      "action": "iam:GetRole",
      "condition": null,
      "credentials_exposure": false,
      "data_access": false,
      "effective_action": "iam:GetRole",
      "privesc": false,
      "resource_exposure": false
    },
    {
      "access_level": "Read",
      "action": "iam:GetInstanceProfile",
      "condition": null,
      "credentials_exposure": false,
      "data_access": false,
      "effective_action": "iam:GetInstanceProfile",
      "privesc": false,
      "resource_exposure": false
    },
    {
      "access_level": "List",
      "action": "iam:ListInstanceProfiles",
      "condition": null,
      "credentials_exposure": false,
      "data_access": false,
      "effective_action": "iam:ListInstanceProfiles",
      "privesc": false,
      "resource_exposure": false
    },
    {
      "access_level": "List",
      "action": "iam:ListRoles",
      "condition": null,
      "credentials_exposure": false,
      "data_access": false,
      "effective_action": "iam:ListRoles",
      "privesc": false,
      "resource_exposure": false
    },
    {
      "access_level": "Permissions management",
      "action": "iam:PassRole",
      "condition": {
        "StringEquals": {
          "iam:PassedToService": "ec2.amazonaws.com"
        }
      },
      "credentials_exposure": false,
      "data_access": false,
      "effective_action": "iam:PassRole",
      "privesc": true,
      "resource_exposure": true
    },
    {
      "access_level": "List",
      "action": "s3:ListAllMyBuckets",
      "condition": null,
      "credentials_exposure": false,
      "data_access": false,
      "effective_action": "s3:ListAllMyBuckets",
      "privesc": false,
      "resource_exposure": false
    },
    {
      "access_level": "Read",
      "action": "s3:GetBucketLocation",
      "condition": null,
      "credentials_exposure": false,
      "data_access": false,
      "effective_action": "s3:GetBucketLocation",
      "privesc": false,
      "resource_exposure": false
    },
    {
      "access_level": "List",
      "action": "s3:ListBucket",
      "condition": null,
      "credentials_exposure": false,
      "data_access": false,
      "effective_action": "s3:ListBucket",
      "privesc": false,
      "resource_exposure": false
    },
    {
      "access_level": "Permissions management",
      "action": "iam:CreateServiceLinkedRole",
      "condition": {
        "StringLike": {
          "iam:AWSServiceName": "imagebuilder.amazonaws.com"
        }
      },
      "credentials_exposure": false,
      "data_access": false,
      "effective_action": "iam:CreateServiceLinkedRole",
      "privesc": true,
      "resource_exposure": true
    },
    {
      "access_level": "List",
      "action": "ec2:DescribeImages",
      "condition": null,
      "credentials_exposure": false,
      "data_access": false,
      "effective_action": "ec2:DescribeImages",
      "privesc": false,
      "resource_exposure": false
    },
    {
      "access_level": "List",
      "action": "ec2:DescribeSnapshots",
      "condition": null,
      "credentials_exposure": false,
      "data_access": false,
      "effective_action": "ec2:DescribeSnapshots",
      "privesc": false,
      "resource_exposure": false
    },
    {
      "access_level": "List",
      "action": "ec2:DescribeVpcs",
      "condition": null,
      "credentials_exposure": false,
      "data_access": false,
      "effective_action": "ec2:DescribeVpcs",
      "privesc": false,
      "resource_exposure": false
    },
    {
      "access_level": "List",
      "action": "ec2:DescribeRegions",
      "condition": null,
      "credentials_exposure": false,
      "data_access": false,
      "effective_action": "ec2:DescribeRegions",
      "privesc": false,
      "resource_exposure": false
    },
    {
      "access_level": "List",
      "action": "ec2:DescribeVolumes",
      "condition": null,
      "credentials_exposure": false,
      "data_access": false,
      "effective_action": "ec2:DescribeVolumes",
      "privesc": false,
      "resource_exposure": false
    },
    {
      "access_level": "List",
      "action": "ec2:DescribeSubnets",
      "condition": null,
      "credentials_exposure": false,
      "data_access": false,
      "effective_action": "ec2:DescribeSubnets",
      "privesc": false,
      "resource_exposure": false
    },
    {
      "access_level": "List",
      "action": "ec2:DescribeKeyPairs",
      "condition": null,
      "credentials_exposure": false,
      "data_access": false,
      "effective_action": "ec2:DescribeKeyPairs",
      "privesc": false,
      "resource_exposure": false
    },
    {
      "access_level": "List",
      "action": "ec2:DescribeSecurityGroups",
      "condition": null,
      "credentials_exposure": false,
      "data_access": false,
      "effective_action": "ec2:DescribeSecurityGroups",
      "privesc": false,
      "resource_exposure": false
    },
    {
      "access_level": "List",
      "action": "ec2:DescribeInstanceTypeOfferings",
      "condition": null,
      "credentials_exposure": false,
      "data_access": false,
      "effective_action": "ec2:DescribeInstanceTypeOfferings",
      "privesc": false,
      "resource_exposure": false
    },
    {
      "access_level": "List",
      "action": "ec2:DescribeLaunchTemplates",
      "condition": null,
      "credentials_exposure": false,
      "data_access": false,
      "effective_action": "ec2:DescribeLaunchTemplates",
      "privesc": false,
      "resource_exposure": false
    }
  ],
  "grantless": false,
  "malformed": false,
  "name": "AWSImageBuilderFullAccess",
  "privesc": true,
  "resource_exposure": true,
  "undocumented_actions": false,
  "unknown_actions": [],
  "updatedate": "2021-04-13T17:33:42+00:00",
  "version": "v2"
}