{
  "access_levels": [
    "List",
    "Read",
    "Write"
  ],
  "arn": "arn:aws:iam::aws:policy/AWSIdentitySyncFullAccess",
  "createdate": "2022-03-23T23:29:33Z",
  "credentials_exposure": false,
  "data_access": false,
  "deprecated": false,
  "document": {
    "Statement": [
      {
        "Action": [
          "ds:AuthorizeApplication",
          "ds:UnauthorizeApplication"
        ],
        "Effect": "Allow",
        "Resource": "arn:*:ds:*:*:*/*"
      },
      {
        "Action": [
          "identity-sync:DeleteSyncProfile",
          "identity-sync:CreateSyncProfile",
          "identity-sync:GetSyncProfile",
          "identity-sync:StartSync",
          "identity-sync:StopSync",
          "identity-sync:CreateSyncFilter",
          "identity-sync:DeleteSyncFilter",
          "identity-sync:ListSyncFilters",
          "identity-sync:CreateSyncTarget",
          "identity-sync:DeleteSyncTarget",
          "identity-sync:GetSyncTarget",
          "identity-sync:UpdateSyncTarget"
        ],
        "Effect": "Allow",
        "Resource": "arn:*:identity-sync:*:*:*/*"
      }
    ],
    "Version": "2012-10-17"
  },
  "effective_actions": [
    {
      "access_level": "Write",
      "action": "ds:AuthorizeApplication",
      "condition": null,
      "credentials_exposure": false,
      "data_access": false,
      "effective_action": "ds:AuthorizeApplication",
      "privesc": false,
      "resource_exposure": false
    },
    {
      "access_level": "Write",
      "action": "ds:UnauthorizeApplication",
      "condition": null,
      "credentials_exposure": false,
      "data_access": false,
      "effective_action": "ds:UnauthorizeApplication",
      "privesc": false,
      "resource_exposure": false
    },
    {
      "access_level": "Write",
      "action": "identity-sync:DeleteSyncProfile",
      "condition": null,
      "credentials_exposure": false,
      "data_access": false,
      "effective_action": "identity-sync:DeleteSyncProfile",
      "privesc": false,
      "resource_exposure": false
    },
    {
      "access_level": "Write",
      "action": "identity-sync:CreateSyncProfile",
      "condition": null,
      "credentials_exposure": false,
      "data_access": false,
      "effective_action": "identity-sync:CreateSyncProfile",
      "privesc": false,
      "resource_exposure": false
    },
    {
      "access_level": "Read",
      "action": "identity-sync:GetSyncProfile",
      "condition": null,
      "credentials_exposure": false,
      "data_access": false,
      "effective_action": "identity-sync:GetSyncProfile",
      "privesc": false,
      "resource_exposure": false
    },
    {
      "access_level": "Write",
      "action": "identity-sync:StartSync",
      "condition": null,
      "credentials_exposure": false,
      "data_access": false,
      "effective_action": "identity-sync:StartSync",
      "privesc": false,
      "resource_exposure": false
    },
    {
      "access_level": "Write",
      "action": "identity-sync:StopSync",
      "condition": null,
      "credentials_exposure": false,
      "data_access": false,
      "effective_action": "identity-sync:StopSync",
      "privesc": false,
      "resource_exposure": false
    },
    {
      "access_level": "Write",
      "action": "identity-sync:CreateSyncFilter",
      "condition": null,
      "credentials_exposure": false,
      "data_access": false,
      "effective_action": "identity-sync:CreateSyncFilter",
      "privesc": false,
      "resource_exposure": false
    },
    {
      "access_level": "Write",
      "action": "identity-sync:DeleteSyncFilter",
      "condition": null,
      "credentials_exposure": false,
      "data_access": false,
      "effective_action": "identity-sync:DeleteSyncFilter",
      "privesc": false,
      "resource_exposure": false
    },
    {
      "access_level": "List",
      "action": "identity-sync:ListSyncFilters",
      "condition": null,
      "credentials_exposure": false,
      "data_access": false,
      "effective_action": "identity-sync:ListSyncFilters",
      "privesc": false,
      "resource_exposure": false
    },
    {
      "access_level": "Write",
      "action": "identity-sync:CreateSyncTarget",
      "condition": null,
      "credentials_exposure": false,
      "data_access": false,
      "effective_action": "identity-sync:CreateSyncTarget",
      "privesc": false,
      "resource_exposure": false
    },
    {
      "access_level": "Write",
      "action": "identity-sync:DeleteSyncTarget",
      "condition": null,
      "credentials_exposure": false,
      "data_access": false,
      "effective_action": "identity-sync:DeleteSyncTarget",
      "privesc": false,
      "resource_exposure": false
    },
    {
      "access_level": "Read",
      "action": "identity-sync:GetSyncTarget",
      "condition": null,
      "credentials_exposure": false,
      "data_access": false,
      "effective_action": "identity-sync:GetSyncTarget",
      "privesc": false,
      "resource_exposure": false
    },
    {
      "access_level": "Write",
      "action": "identity-sync:UpdateSyncTarget",
      "condition": null,
      "credentials_exposure": false,
      "data_access": false,
      "effective_action": "identity-sync:UpdateSyncTarget",
      "privesc": false,
      "resource_exposure": false
    }
  ],
  "grantless": false,
  "malformed": false,
  "name": "AWSIdentitySyncFullAccess",
  "privesc": false,
  "resource_exposure": false,
  "undocumented_actions": false,
  "unknown_actions": [],
  "updatedate": "2022-03-23T23:29:33+00:00",
  "version": "v1"
}