{
  "access_levels": [],
  "arn": null,
  "createdate": "2022-11-16T20:51:43Z",
  "credentials_exposure": false,
  "data_access": false,
  "deprecated": true,
  "document": {
    "Statement": [
      {
        "Action": [
          "iotroborunner:GetSite",
          "iotroborunner:GetWorker",
          "iotroborunner:ListWorkerFleets",
          "iotroborunner:ListSites",
          "iotroborunner:ListWorkers",
          "iotroborunner:GetDestination",
          "iotroborunner:GetWorkerFleet",
          "iotroborunner:ListDestinations"
        ],
        "Effect": "Allow",
        "Resource": "*"
      }
    ],
    "Version": "2012-10-17"
  },
  "effective_actions": [],
  "grantless": false,
  "malformed": false,
  "name": "AWSIotRoboRunnerReadOnly",
  "privesc": false,
  "resource_exposure": false,
  "undocumented_actions": false,
  "unknown_actions": [
    {
      "action": "iotroborunner:GetSite",
      "condition": null
    },
    {
      "action": "iotroborunner:GetWorker",
      "condition": null
    },
    {
      "action": "iotroborunner:ListWorkerFleets",
      "condition": null
    },
    {
      "action": "iotroborunner:ListSites",
      "condition": null
    },
    {
      "action": "iotroborunner:ListWorkers",
      "condition": null
    },
    {
      "action": "iotroborunner:GetDestination",
      "condition": null
    },
    {
      "action": "iotroborunner:GetWorkerFleet",
      "condition": null
    },
    {
      "action": "iotroborunner:ListDestinations",
      "condition": null
    }
  ],
  "updatedate": null,
  "version": "v2"
}