{
  "access_levels": [
    "List",
    "Read",
    "Tagging",
    "Write",
    "Permissions management"
  ],
  "arn": "arn:aws:iam::aws:policy/AWSIoTDeviceTesterForFreeRTOSFullAccess",
  "createdate": "2023-08-10T20:30:07Z",
  "credentials_exposure": false,
  "data_access": true,
  "deprecated": false,
  "document": {
    "Statement": [
      {
        "Action": [
          "iam:PassRole"
        ],
        "Condition": {
          "StringEquals": {
            "iam:PassedToService": "iot.amazonaws.com"
          }
        },
        "Effect": "Allow",
        "Resource": "arn:aws:iam::*:role/idt-*",
        "Sid": "VisualEditor0"
      },
      {
        "Action": [
          "iot:DeleteThing",
          "iot:AttachThingPrincipal",
          "iot:DeleteCertificate",
          "iot:GetRegistrationCode",
          "iot:CreatePolicy",
          "iot:UpdateCACertificate",
          "s3:ListBucket",
          "iot:DescribeEndpoint",
          "iot:CreateOTAUpdate",
          "iot:CreateStream",
          "signer:ListSigningJobs",
          "acm:ListCertificates",
          "iot:CreateKeysAndCertificate",
          "iot:UpdateCertificate",
          "iot:CreateCertificateFromCsr",
          "iot:DetachThingPrincipal",
          "iot:RegisterCACertificate",
          "iot:CreateThing",
          "iam:ListRoles",
          "iot:RegisterCertificate",
          "iot:DeleteCACertificate",
          "signer:PutSigningProfile",
          "s3:ListAllMyBuckets",
          "signer:ListSigningPlatforms",
          "iot-device-tester:SendMetrics",
          "iot-device-tester:SupportedVersion",
          "iot-device-tester:LatestIdt",
          "iot-device-tester:CheckVersion",
          "iot-device-tester:DownloadTestSuite"
        ],
        "Effect": "Allow",
        "Resource": "*",
        "Sid": "VisualEditor1"
      },
      {
        "Action": [
          "iam:GetRole",
          "signer:StartSigningJob",
          "acm:GetCertificate",
          "signer:DescribeSigningJob",
          "s3:CreateBucket",
          "execute-api:Invoke",
          "s3:DeleteBucket",
          "s3:PutBucketVersioning",
          "signer:CancelSigningProfile"
        ],
        "Effect": "Allow",
        "Resource": [
          "arn:aws:execute-api:us-east-1:098862408343:9xpmnvs5h4/prod/POST/metrics",
          "arn:aws:signer:*:*:/signing-profiles/*",
          "arn:aws:signer:*:*:/signing-jobs/*",
          "arn:aws:iam::*:role/idt-*",
          "arn:aws:acm:*:*:certificate/*",
          "arn:aws:s3:::idt-*",
          "arn:aws:s3:::afr-ota*"
        ],
        "Sid": "VisualEditor2"
      },
      {
        "Action": [
          "iot:DeleteStream",
          "iot:DeleteCertificate",
          "iot:AttachPolicy",
          "iot:DetachPolicy",
          "iot:DeletePolicy",
          "s3:ListBucketVersions",
          "iot:UpdateCertificate",
          "iot:GetOTAUpdate",
          "iot:DeleteOTAUpdate",
          "iot:DescribeJobExecution"
        ],
        "Effect": "Allow",
        "Resource": [
          "arn:aws:s3:::afr-ota*",
          "arn:aws:iot:*:*:thinggroup/idt*",
          "arn:aws:iam::*:role/idt-*"
        ],
        "Sid": "VisualEditor3"
      },
      {
        "Action": [
          "iot:DeleteCertificate",
          "iot:AttachPolicy",
          "iot:DetachPolicy",
          "s3:DeleteObjectVersion",
          "iot:DeleteOTAUpdate",
          "s3:PutObject",
          "s3:GetObject",
          "iot:DeleteStream",
          "iot:DeletePolicy",
          "s3:DeleteObject",
          "iot:UpdateCertificate",
          "iot:GetOTAUpdate",
          "s3:GetObjectVersion",
          "iot:DescribeJobExecution"
        ],
        "Effect": "Allow",
        "Resource": [
          "arn:aws:s3:::afr-ota*/*",
          "arn:aws:s3:::idt-*/*",
          "arn:aws:iot:*:*:policy/idt*",
          "arn:aws:iam::*:role/idt-*",
          "arn:aws:iot:*:*:otaupdate/idt*",
          "arn:aws:iot:*:*:thing/idt*",
          "arn:aws:iot:*:*:cert/*",
          "arn:aws:iot:*:*:job/*",
          "arn:aws:iot:*:*:stream/*"
        ],
        "Sid": "VisualEditor4"
      },
      {
        "Action": [
          "s3:PutObject",
          "s3:GetObject"
        ],
        "Effect": "Allow",
        "Resource": [
          "arn:aws:s3:::afr-ota*/*",
          "arn:aws:s3:::idt-*/*"
        ],
        "Sid": "VisualEditor5"
      },
      {
        "Action": [
          "iot:CancelJobExecution"
        ],
        "Effect": "Allow",
        "Resource": [
          "arn:aws:iot:*:*:job/*",
          "arn:aws:iot:*:*:thing/idt*"
        ],
        "Sid": "VisualEditor6"
      },
      {
        "Action": [
          "ec2:TerminateInstances"
        ],
        "Condition": {
          "StringEquals": {
            "ec2:ResourceTag/Owner": "IoTDeviceTester"
          }
        },
        "Effect": "Allow",
        "Resource": [
          "arn:aws:ec2:*:*:instance/*"
        ],
        "Sid": "VisualEditor7"
      },
      {
        "Action": [
          "ec2:AuthorizeSecurityGroupIngress",
          "ec2:DeleteSecurityGroup"
        ],
        "Condition": {
          "StringEquals": {
            "ec2:ResourceTag/Owner": "IoTDeviceTester"
          }
        },
        "Effect": "Allow",
        "Resource": [
          "arn:aws:ec2:*:*:security-group/*"
        ],
        "Sid": "VisualEditor8"
      },
      {
        "Action": [
          "ec2:RunInstances"
        ],
        "Condition": {
          "StringEquals": {
            "aws:RequestTag/Owner": "IoTDeviceTester"
          }
        },
        "Effect": "Allow",
        "Resource": [
          "arn:aws:ec2:*:*:instance/*"
        ],
        "Sid": "VisualEditor9"
      },
      {
        "Action": [
          "ec2:RunInstances"
        ],
        "Effect": "Allow",
        "Resource": [
          "arn:aws:ec2:*:*:image/*",
          "arn:aws:ec2:*:*:security-group/*",
          "arn:aws:ec2:*:*:volume/*",
          "arn:aws:ec2:*:*:key-pair/*",
          "arn:aws:ec2:*:*:placement-group/*",
          "arn:aws:ec2:*:*:snapshot/*",
          "arn:aws:ec2:*:*:network-interface/*",
          "arn:aws:ec2:*:*:subnet/*"
        ],
        "Sid": "VisualEditor10"
      },
      {
        "Action": [
          "ec2:CreateSecurityGroup"
        ],
        "Condition": {
          "StringEquals": {
            "aws:RequestTag/Owner": "IoTDeviceTester"
          }
        },
        "Effect": "Allow",
        "Resource": [
          "arn:aws:ec2:*:*:security-group/*"
        ],
        "Sid": "VisualEditor11"
      },
      {
        "Action": [
          "ec2:DescribeInstances",
          "ec2:DescribeSecurityGroups",
          "ssm:DescribeParameters",
          "ssm:GetParameters"
        ],
        "Effect": "Allow",
        "Resource": "*",
        "Sid": "VisualEditor12"
      },
      {
        "Action": [
          "ec2:CreateTags"
        ],
        "Condition": {
          "ForAnyValue:StringEquals": {
            "aws:TagKeys": [
              "Owner"
            ]
          },
          "StringEquals": {
            "ec2:CreateAction": [
              "RunInstances",
              "CreateSecurityGroup"
            ]
          }
        },
        "Effect": "Allow",
        "Resource": [
          "arn:aws:ec2:*:*:security-group/*",
          "arn:aws:ec2:*:*:instance/*"
        ],
        "Sid": "VisualEditor13"
      }
    ],
    "Version": "2012-10-17"
  },
  "effective_actions": [
    {
      "access_level": "Permissions management",
      "action": "iam:PassRole",
      "condition": {
        "StringEquals": {
          "iam:PassedToService": "iot.amazonaws.com"
        }
      },
      "credentials_exposure": false,
      "data_access": false,
      "effective_action": "iam:PassRole",
      "privesc": true,
      "resource_exposure": true
    },
    {
      "access_level": "Write",
      "action": "iot:DeleteThing",
      "condition": null,
      "credentials_exposure": false,
      "data_access": false,
      "effective_action": "iot:DeleteThing",
      "privesc": false,
      "resource_exposure": false
    },
    {
      "access_level": "Write",
      "action": "iot:AttachThingPrincipal",
      "condition": null,
      "credentials_exposure": false,
      "data_access": false,
      "effective_action": "iot:AttachThingPrincipal",
      "privesc": false,
      "resource_exposure": false
    },
    {
      "access_level": "Write",
      "action": "iot:DeleteCertificate",
      "condition": null,
      "credentials_exposure": false,
      "data_access": false,
      "effective_action": "iot:DeleteCertificate",
      "privesc": false,
      "resource_exposure": false
    },
    {
      "access_level": "Read",
      "action": "iot:GetRegistrationCode",
      "condition": null,
      "credentials_exposure": false,
      "data_access": false,
      "effective_action": "iot:GetRegistrationCode",
      "privesc": false,
      "resource_exposure": false
    },
    {
      "access_level": "Permissions management",
      "action": "iot:CreatePolicy",
      "condition": null,
      "credentials_exposure": false,
      "data_access": false,
      "effective_action": "iot:CreatePolicy",
      "privesc": false,
      "resource_exposure": false
    },
    {
      "access_level": "Write",
      "action": "iot:UpdateCACertificate",
      "condition": null,
      "credentials_exposure": false,
      "data_access": false,
      "effective_action": "iot:UpdateCACertificate",
      "privesc": false,
      "resource_exposure": false
    },
    {
      "access_level": "List",
      "action": "s3:ListBucket",
      "condition": null,
      "credentials_exposure": false,
      "data_access": false,
      "effective_action": "s3:ListBucket",
      "privesc": false,
      "resource_exposure": false
    },
    {
      "access_level": "Read",
      "action": "iot:DescribeEndpoint",
      "condition": null,
      "credentials_exposure": false,
      "data_access": false,
      "effective_action": "iot:DescribeEndpoint",
      "privesc": false,
      "resource_exposure": false
    },
    {
      "access_level": "Write",
      "action": "iot:CreateOTAUpdate",
      "condition": null,
      "credentials_exposure": false,
      "data_access": false,
      "effective_action": "iot:CreateOTAUpdate",
      "privesc": false,
      "resource_exposure": false
    },
    {
      "access_level": "Write",
      "action": "iot:CreateStream",
      "condition": null,
      "credentials_exposure": false,
      "data_access": false,
      "effective_action": "iot:CreateStream",
      "privesc": false,
      "resource_exposure": false
    },
    {
      "access_level": "List",
      "action": "signer:ListSigningJobs",
      "condition": null,
      "credentials_exposure": false,
      "data_access": false,
      "effective_action": "signer:ListSigningJobs",
      "privesc": false,
      "resource_exposure": false
    },
    {
      "access_level": "List",
      "action": "acm:ListCertificates",
      "condition": null,
      "credentials_exposure": false,
      "data_access": false,
      "effective_action": "acm:ListCertificates",
      "privesc": false,
      "resource_exposure": false
    },
    {
      "access_level": "Write",
      "action": "iot:CreateKeysAndCertificate",
      "condition": null,
      "credentials_exposure": false,
      "data_access": false,
      "effective_action": "iot:CreateKeysAndCertificate",
      "privesc": false,
      "resource_exposure": false
    },
    {
      "access_level": "Write",
      "action": "iot:UpdateCertificate",
      "condition": null,
      "credentials_exposure": false,
      "data_access": false,
      "effective_action": "iot:UpdateCertificate",
      "privesc": false,
      "resource_exposure": false
    },
    {
      "access_level": "Write",
      "action": "iot:CreateCertificateFromCsr",
      "condition": null,
      "credentials_exposure": false,
      "data_access": false,
      "effective_action": "iot:CreateCertificateFromCsr",
      "privesc": false,
      "resource_exposure": false
    },
    {
      "access_level": "Write",
      "action": "iot:DetachThingPrincipal",
      "condition": null,
      "credentials_exposure": false,
      "data_access": false,
      "effective_action": "iot:DetachThingPrincipal",
      "privesc": false,
      "resource_exposure": false
    },
    {
      "access_level": "Write",
      "action": "iot:RegisterCACertificate",
      "condition": null,
      "credentials_exposure": false,
      "data_access": false,
      "effective_action": "iot:RegisterCACertificate",
      "privesc": false,
      "resource_exposure": false
    },
    {
      "access_level": "Write",
      "action": "iot:CreateThing",
      "condition": null,
      "credentials_exposure": false,
      "data_access": false,
      "effective_action": "iot:CreateThing",
      "privesc": false,
      "resource_exposure": false
    },
    {
      "access_level": "List",
      "action": "iam:ListRoles",
      "condition": null,
      "credentials_exposure": false,
      "data_access": false,
      "effective_action": "iam:ListRoles",
      "privesc": false,
      "resource_exposure": false
    },
    {
      "access_level": "Write",
      "action": "iot:RegisterCertificate",
      "condition": null,
      "credentials_exposure": false,
      "data_access": false,
      "effective_action": "iot:RegisterCertificate",
      "privesc": false,
      "resource_exposure": false
    },
    {
      "access_level": "Write",
      "action": "iot:DeleteCACertificate",
      "condition": null,
      "credentials_exposure": false,
      "data_access": false,
      "effective_action": "iot:DeleteCACertificate",
      "privesc": false,
      "resource_exposure": false
    },
    {
      "access_level": "Write",
      "action": "signer:PutSigningProfile",
      "condition": null,
      "credentials_exposure": false,
      "data_access": false,
      "effective_action": "signer:PutSigningProfile",
      "privesc": false,
      "resource_exposure": false
    },
    {
      "access_level": "List",
      "action": "s3:ListAllMyBuckets",
      "condition": null,
      "credentials_exposure": false,
      "data_access": false,
      "effective_action": "s3:ListAllMyBuckets",
      "privesc": false,
      "resource_exposure": false
    },
    {
      "access_level": "List",
      "action": "signer:ListSigningPlatforms",
      "condition": null,
      "credentials_exposure": false,
      "data_access": false,
      "effective_action": "signer:ListSigningPlatforms",
      "privesc": false,
      "resource_exposure": false
    },
    {
      "access_level": "Write",
      "action": "iot-device-tester:SendMetrics",
      "condition": null,
      "credentials_exposure": false,
      "data_access": false,
      "effective_action": "iot-device-tester:SendMetrics",
      "privesc": false,
      "resource_exposure": false
    },
    {
      "access_level": "Read",
      "action": "iot-device-tester:SupportedVersion",
      "condition": null,
      "credentials_exposure": false,
      "data_access": false,
      "effective_action": "iot-device-tester:SupportedVersion",
      "privesc": false,
      "resource_exposure": false
    },
    {
      "access_level": "Read",
      "action": "iot-device-tester:LatestIdt",
      "condition": null,
      "credentials_exposure": false,
      "data_access": false,
      "effective_action": "iot-device-tester:LatestIdt",
      "privesc": false,
      "resource_exposure": false
    },
    {
      "access_level": "Read",
      "action": "iot-device-tester:CheckVersion",
      "condition": null,
      "credentials_exposure": false,
      "data_access": false,
      "effective_action": "iot-device-tester:CheckVersion",
      "privesc": false,
      "resource_exposure": false
    },
    {
      "access_level": "Read",
      "action": "iot-device-tester:DownloadTestSuite",
      "condition": null,
      "credentials_exposure": false,
      "data_access": false,
      "effective_action": "iot-device-tester:DownloadTestSuite",
      "privesc": false,
      "resource_exposure": false
    },
    {
      "access_level": "Read",
      "action": "iam:GetRole",
      "condition": null,
      "credentials_exposure": false,
      "data_access": false,
      "effective_action": "iam:GetRole",
      "privesc": false,
      "resource_exposure": false
    },
    {
      "access_level": "Write",
      "action": "signer:StartSigningJob",
      "condition": null,
      "credentials_exposure": false,
      "data_access": false,
      "effective_action": "signer:StartSigningJob",
      "privesc": false,
      "resource_exposure": false
    },
    {
      "access_level": "Read",
      "action": "acm:GetCertificate",
      "condition": null,
      "credentials_exposure": false,
      "data_access": false,
      "effective_action": "acm:GetCertificate",
      "privesc": false,
      "resource_exposure": false
    },
    {
      "access_level": "Read",
      "action": "signer:DescribeSigningJob",
      "condition": null,
      "credentials_exposure": false,
      "data_access": false,
      "effective_action": "signer:DescribeSigningJob",
      "privesc": false,
      "resource_exposure": false
    },
    {
      "access_level": "Write",
      "action": "s3:CreateBucket",
      "condition": null,
      "credentials_exposure": false,
      "data_access": false,
      "effective_action": "s3:CreateBucket",
      "privesc": false,
      "resource_exposure": false
    },
    {
      "access_level": "Write",
      "action": "execute-api:Invoke",
      "condition": null,
      "credentials_exposure": false,
      "data_access": false,
      "effective_action": "execute-api:Invoke",
      "privesc": false,
      "resource_exposure": false
    },
    {
      "access_level": "Write",
      "action": "s3:DeleteBucket",
      "condition": null,
      "credentials_exposure": false,
      "data_access": false,
      "effective_action": "s3:DeleteBucket",
      "privesc": false,
      "resource_exposure": false
    },
    {
      "access_level": "Write",
      "action": "s3:PutBucketVersioning",
      "condition": null,
      "credentials_exposure": false,
      "data_access": false,
      "effective_action": "s3:PutBucketVersioning",
      "privesc": false,
      "resource_exposure": false
    },
    {
      "access_level": "Write",
      "action": "signer:CancelSigningProfile",
      "condition": null,
      "credentials_exposure": false,
      "data_access": false,
      "effective_action": "signer:CancelSigningProfile",
      "privesc": false,
      "resource_exposure": false
    },
    {
      "access_level": "Write",
      "action": "iot:DeleteStream",
      "condition": null,
      "credentials_exposure": false,
      "data_access": false,
      "effective_action": "iot:DeleteStream",
      "privesc": false,
      "resource_exposure": false
    },
    {
      "access_level": "Write",
      "action": "iot:DeleteCertificate",
      "condition": null,
      "credentials_exposure": false,
      "data_access": false,
      "effective_action": "iot:DeleteCertificate",
      "privesc": false,
      "resource_exposure": false
    },
    {
      "access_level": "Permissions management",
      "action": "iot:AttachPolicy",
      "condition": null,
      "credentials_exposure": false,
      "data_access": false,
      "effective_action": "iot:AttachPolicy",
      "privesc": false,
      "resource_exposure": true
    },
    {
      "access_level": "Permissions management",
      "action": "iot:DetachPolicy",
      "condition": null,
      "credentials_exposure": false,
      "data_access": false,
      "effective_action": "iot:DetachPolicy",
      "privesc": false,
      "resource_exposure": true
    },
    {
      "access_level": "Permissions management",
      "action": "iot:DeletePolicy",
      "condition": null,
      "credentials_exposure": false,
      "data_access": false,
      "effective_action": "iot:DeletePolicy",
      "privesc": false,
      "resource_exposure": false
    },
    {
      "access_level": "List",
      "action": "s3:ListBucketVersions",
      "condition": null,
      "credentials_exposure": false,
      "data_access": false,
      "effective_action": "s3:ListBucketVersions",
      "privesc": false,
      "resource_exposure": false
    },
    {
      "access_level": "Write",
      "action": "iot:UpdateCertificate",
      "condition": null,
      "credentials_exposure": false,
      "data_access": false,
      "effective_action": "iot:UpdateCertificate",
      "privesc": false,
      "resource_exposure": false
    },
    {
      "access_level": "Read",
      "action": "iot:GetOTAUpdate",
      "condition": null,
      "credentials_exposure": false,
      "data_access": false,
      "effective_action": "iot:GetOTAUpdate",
      "privesc": false,
      "resource_exposure": false
    },
    {
      "access_level": "Write",
      "action": "iot:DeleteOTAUpdate",
      "condition": null,
      "credentials_exposure": false,
      "data_access": false,
      "effective_action": "iot:DeleteOTAUpdate",
      "privesc": false,
      "resource_exposure": false
    },
    {
      "access_level": "Read",
      "action": "iot:DescribeJobExecution",
      "condition": null,
      "credentials_exposure": false,
      "data_access": false,
      "effective_action": "iot:DescribeJobExecution",
      "privesc": false,
      "resource_exposure": false
    },
    {
      "access_level": "Write",
      "action": "iot:DeleteCertificate",
      "condition": null,
      "credentials_exposure": false,
      "data_access": false,
      "effective_action": "iot:DeleteCertificate",
      "privesc": false,
      "resource_exposure": false
    },
    {
      "access_level": "Permissions management",
      "action": "iot:AttachPolicy",
      "condition": null,
      "credentials_exposure": false,
      "data_access": false,
      "effective_action": "iot:AttachPolicy",
      "privesc": false,
      "resource_exposure": true
    },
    {
      "access_level": "Permissions management",
      "action": "iot:DetachPolicy",
      "condition": null,
      "credentials_exposure": false,
      "data_access": false,
      "effective_action": "iot:DetachPolicy",
      "privesc": false,
      "resource_exposure": true
    },
    {
      "access_level": "Write",
      "action": "s3:DeleteObjectVersion",
      "condition": null,
      "credentials_exposure": false,
      "data_access": false,
      "effective_action": "s3:DeleteObjectVersion",
      "privesc": false,
      "resource_exposure": false
    },
    {
      "access_level": "Write",
      "action": "iot:DeleteOTAUpdate",
      "condition": null,
      "credentials_exposure": false,
      "data_access": false,
      "effective_action": "iot:DeleteOTAUpdate",
      "privesc": false,
      "resource_exposure": false
    },
    {
      "access_level": "Write",
      "action": "s3:PutObject",
      "condition": null,
      "credentials_exposure": false,
      "data_access": false,
      "effective_action": "s3:PutObject",
      "privesc": false,
      "resource_exposure": false
    },
    {
      "access_level": "Read",
      "action": "s3:GetObject",
      "condition": null,
      "credentials_exposure": false,
      "data_access": true,
      "effective_action": "s3:GetObject",
      "privesc": false,
      "resource_exposure": false
    },
    {
      "access_level": "Write",
      "action": "iot:DeleteStream",
      "condition": null,
      "credentials_exposure": false,
      "data_access": false,
      "effective_action": "iot:DeleteStream",
      "privesc": false,
      "resource_exposure": false
    },
    {
      "access_level": "Permissions management",
      "action": "iot:DeletePolicy",
      "condition": null,
      "credentials_exposure": false,
      "data_access": false,
      "effective_action": "iot:DeletePolicy",
      "privesc": false,
      "resource_exposure": false
    },
    {
      "access_level": "Write",
      "action": "s3:DeleteObject",
      "condition": null,
      "credentials_exposure": false,
      "data_access": false,
      "effective_action": "s3:DeleteObject",
      "privesc": false,
      "resource_exposure": false
    },
    {
      "access_level": "Write",
      "action": "iot:UpdateCertificate",
      "condition": null,
      "credentials_exposure": false,
      "data_access": false,
      "effective_action": "iot:UpdateCertificate",
      "privesc": false,
      "resource_exposure": false
    },
    {
      "access_level": "Read",
      "action": "iot:GetOTAUpdate",
      "condition": null,
      "credentials_exposure": false,
      "data_access": false,
      "effective_action": "iot:GetOTAUpdate",
      "privesc": false,
      "resource_exposure": false
    },
    {
      "access_level": "Read",
      "action": "s3:GetObjectVersion",
      "condition": null,
      "credentials_exposure": false,
      "data_access": true,
      "effective_action": "s3:GetObjectVersion",
      "privesc": false,
      "resource_exposure": false
    },
    {
      "access_level": "Read",
      "action": "iot:DescribeJobExecution",
      "condition": null,
      "credentials_exposure": false,
      "data_access": false,
      "effective_action": "iot:DescribeJobExecution",
      "privesc": false,
      "resource_exposure": false
    },
    {
      "access_level": "Write",
      "action": "s3:PutObject",
      "condition": null,
      "credentials_exposure": false,
      "data_access": false,
      "effective_action": "s3:PutObject",
      "privesc": false,
      "resource_exposure": false
    },
    {
      "access_level": "Read",
      "action": "s3:GetObject",
      "condition": null,
      "credentials_exposure": false,
      "data_access": true,
      "effective_action": "s3:GetObject",
      "privesc": false,
      "resource_exposure": false
    },
    {
      "access_level": "Write",
      "action": "iot:CancelJobExecution",
      "condition": null,
      "credentials_exposure": false,
      "data_access": false,
      "effective_action": "iot:CancelJobExecution",
      "privesc": false,
      "resource_exposure": false
    },
    {
      "access_level": "Write",
      "action": "ec2:TerminateInstances",
      "condition": {
        "StringEquals": {
          "ec2:ResourceTag/Owner": "IoTDeviceTester"
        }
      },
      "credentials_exposure": false,
      "data_access": false,
      "effective_action": "ec2:TerminateInstances",
      "privesc": false,
      "resource_exposure": false
    },
    {
      "access_level": "Write",
      "action": "ec2:AuthorizeSecurityGroupIngress",
      "condition": {
        "StringEquals": {
          "ec2:ResourceTag/Owner": "IoTDeviceTester"
        }
      },
      "credentials_exposure": false,
      "data_access": false,
      "effective_action": "ec2:AuthorizeSecurityGroupIngress",
      "privesc": false,
      "resource_exposure": false
    },
    {
      "access_level": "Write",
      "action": "ec2:DeleteSecurityGroup",
      "condition": {
        "StringEquals": {
          "ec2:ResourceTag/Owner": "IoTDeviceTester"
        }
      },
      "credentials_exposure": false,
      "data_access": false,
      "effective_action": "ec2:DeleteSecurityGroup",
      "privesc": false,
      "resource_exposure": false
    },
    {
      "access_level": "Write",
      "action": "ec2:RunInstances",
      "condition": {
        "StringEquals": {
          "aws:RequestTag/Owner": "IoTDeviceTester"
        }
      },
      "credentials_exposure": false,
      "data_access": false,
      "effective_action": "ec2:RunInstances",
      "privesc": false,
      "resource_exposure": false
    },
    {
      "access_level": "Write",
      "action": "ec2:RunInstances",
      "condition": null,
      "credentials_exposure": false,
      "data_access": false,
      "effective_action": "ec2:RunInstances",
      "privesc": false,
      "resource_exposure": false
    },
    {
      "access_level": "Write",
      "action": "ec2:CreateSecurityGroup",
      "condition": {
        "StringEquals": {
          "aws:RequestTag/Owner": "IoTDeviceTester"
        }
      },
      "credentials_exposure": false,
      "data_access": false,
      "effective_action": "ec2:CreateSecurityGroup",
      "privesc": false,
      "resource_exposure": false
    },
    {
      "access_level": "List",
      "action": "ec2:DescribeInstances",
      "condition": null,
      "credentials_exposure": false,
      "data_access": false,
      "effective_action": "ec2:DescribeInstances",
      "privesc": false,
      "resource_exposure": false
    },
    {
      "access_level": "List",
      "action": "ec2:DescribeSecurityGroups",
      "condition": null,
      "credentials_exposure": false,
      "data_access": false,
      "effective_action": "ec2:DescribeSecurityGroups",
      "privesc": false,
      "resource_exposure": false
    },
    {
      "access_level": "List",
      "action": "ssm:DescribeParameters",
      "condition": null,
      "credentials_exposure": false,
      "data_access": false,
      "effective_action": "ssm:DescribeParameters",
      "privesc": false,
      "resource_exposure": false
    },
    {
      "access_level": "Read",
      "action": "ssm:GetParameters",
      "condition": null,
      "credentials_exposure": false,
      "data_access": true,
      "effective_action": "ssm:GetParameters",
      "privesc": false,
      "resource_exposure": false
    },
    {
      "access_level": "Tagging",
      "action": "ec2:CreateTags",
      "condition": {
        "ForAnyValue:StringEquals": {
          "aws:TagKeys": [
            "Owner"
          ]
        },
        "StringEquals": {
          "ec2:CreateAction": [
            "RunInstances",
            "CreateSecurityGroup"
          ]
        }
      },
      "credentials_exposure": false,
      "data_access": false,
      "effective_action": "ec2:CreateTags",
      "privesc": false,
      "resource_exposure": false
    }
  ],
  "grantless": false,
  "malformed": false,
  "name": "AWSIoTDeviceTesterForFreeRTOSFullAccess",
  "privesc": true,
  "resource_exposure": true,
  "undocumented_actions": false,
  "unknown_actions": [],
  "updatedate": "2023-08-10T20:30:07+00:00",
  "version": "v7"
}