{
  "access_levels": [
    "List",
    "Write"
  ],
  "arn": "arn:aws:iam::aws:policy/service-role/AWSIoTDeviceDefenderAddThingsToThingGroupMitigationAction",
  "createdate": "2019-08-07T17:55:37Z",
  "credentials_exposure": false,
  "data_access": false,
  "deprecated": false,
  "document": {
    "Statement": [
      {
        "Action": [
          "iot:ListPrincipalThings",
          "iot:AddThingToThingGroup"
        ],
        "Effect": "Allow",
        "Resource": [
          "*"
        ]
      }
    ],
    "Version": "2012-10-17"
  },
  "effective_actions": [
    {
      "access_level": "List",
      "action": "iot:ListPrincipalThings",
      "condition": null,
      "credentials_exposure": false,
      "data_access": false,
      "effective_action": "iot:ListPrincipalThings",
      "privesc": false,
      "resource_exposure": false
    },
    {
      "access_level": "Write",
      "action": "iot:AddThingToThingGroup",
      "condition": null,
      "credentials_exposure": false,
      "data_access": false,
      "effective_action": "iot:AddThingToThingGroup",
      "privesc": false,
      "resource_exposure": false
    }
  ],
  "grantless": false,
  "malformed": false,
  "name": "AWSIoTDeviceDefenderAddThingsToThingGroupMitigationAction",
  "privesc": false,
  "resource_exposure": false,
  "undocumented_actions": false,
  "unknown_actions": [],
  "updatedate": "2019-08-07T17:55:37+00:00",
  "version": "v1"
}