{
  "access_levels": [
    "Write"
  ],
  "arn": "arn:aws:iam::aws:policy/aws-service-role/AWSIoTFleetwiseServiceRolePolicy",
  "createdate": "2025-10-16T04:04:07Z",
  "credentials_exposure": false,
  "data_access": false,
  "deprecated": false,
  "document": {
    "Statement": [
      {
        "Action": [
          "cloudwatch:PutMetricData"
        ],
        "Condition": {
          "StringEquals": {
            "cloudwatch:namespace": [
              "AWS/IoTFleetWise",
              "AWS/Usage"
            ]
          }
        },
        "Effect": "Allow",
        "Resource": "*"
      }
    ],
    "Version": "2012-10-17"
  },
  "effective_actions": [
    {
      "access_level": "Write",
      "action": "cloudwatch:PutMetricData",
      "condition": {
        "StringEquals": {
          "cloudwatch:namespace": [
            "AWS/IoTFleetWise",
            "AWS/Usage"
          ]
        }
      },
      "credentials_exposure": false,
      "data_access": false,
      "effective_action": "cloudwatch:PutMetricData",
      "privesc": false,
      "resource_exposure": false
    }
  ],
  "grantless": false,
  "malformed": false,
  "name": "AWSIoTFleetwiseServiceRolePolicy",
  "privesc": false,
  "resource_exposure": false,
  "undocumented_actions": false,
  "unknown_actions": [],
  "updatedate": "2025-10-16T04:04:07+00:00",
  "version": "v2"
}