{
  "access_levels": [
    "List",
    "Write"
  ],
  "arn": "arn:aws:iam::aws:policy/aws-service-role/AWSIncidentManagerServiceRolePolicy",
  "createdate": "2025-01-28T02:52:06Z",
  "credentials_exposure": false,
  "data_access": false,
  "deprecated": false,
  "document": {
    "Statement": [
      {
        "Action": [
          "ssm-incidents:ListIncidentRecords",
          "ssm-incidents:CreateTimelineEvent"
        ],
        "Effect": "Allow",
        "Resource": "*",
        "Sid": "UpdateIncidentRecordPermissions"
      },
      {
        "Action": [
          "ssm:CreateOpsItem",
          "ssm:AssociateOpsItemRelatedItem"
        ],
        "Effect": "Allow",
        "Resource": "*",
        "Sid": "RelatedOpsItemPermissions"
      },
      {
        "Action": [
          "ssm-contacts:StartEngagement"
        ],
        "Effect": "Allow",
        "Resource": "*",
        "Sid": "IncidentEngagementPermissions"
      },
      {
        "Action": [
          "cloudwatch:PutMetricData"
        ],
        "Condition": {
          "StringEquals": {
            "cloudwatch:namespace": [
              "AWS/IncidentManager",
              "AWS/Usage"
            ]
          }
        },
        "Effect": "Allow",
        "Resource": "*",
        "Sid": "PutMetricDataPermission"
      }
    ],
    "Version": "2012-10-17"
  },
  "effective_actions": [
    {
      "access_level": "List",
      "action": "ssm-incidents:ListIncidentRecords",
      "condition": null,
      "credentials_exposure": false,
      "data_access": false,
      "effective_action": "ssm-incidents:ListIncidentRecords",
      "privesc": false,
      "resource_exposure": false
    },
    {
      "access_level": "Write",
      "action": "ssm-incidents:CreateTimelineEvent",
      "condition": null,
      "credentials_exposure": false,
      "data_access": false,
      "effective_action": "ssm-incidents:CreateTimelineEvent",
      "privesc": false,
      "resource_exposure": false
    },
    {
      "access_level": "Write",
      "action": "ssm:CreateOpsItem",
      "condition": null,
      "credentials_exposure": false,
      "data_access": false,
      "effective_action": "ssm:CreateOpsItem",
      "privesc": false,
      "resource_exposure": false
    },
    {
      "access_level": "Write",
      "action": "ssm:AssociateOpsItemRelatedItem",
      "condition": null,
      "credentials_exposure": false,
      "data_access": false,
      "effective_action": "ssm:AssociateOpsItemRelatedItem",
      "privesc": false,
      "resource_exposure": false
    },
    {
      "access_level": "Write",
      "action": "ssm-contacts:StartEngagement",
      "condition": null,
      "credentials_exposure": false,
      "data_access": false,
      "effective_action": "ssm-contacts:StartEngagement",
      "privesc": false,
      "resource_exposure": false
    },
    {
      "access_level": "Write",
      "action": "cloudwatch:PutMetricData",
      "condition": {
        "StringEquals": {
          "cloudwatch:namespace": [
            "AWS/IncidentManager",
            "AWS/Usage"
          ]
        }
      },
      "credentials_exposure": false,
      "data_access": false,
      "effective_action": "cloudwatch:PutMetricData",
      "privesc": false,
      "resource_exposure": false
    }
  ],
  "grantless": false,
  "malformed": false,
  "name": "AWSIncidentManagerServiceRolePolicy",
  "privesc": false,
  "resource_exposure": false,
  "undocumented_actions": false,
  "unknown_actions": [],
  "updatedate": "2025-01-28T02:52:06+00:00",
  "version": "v3"
}