{
  "access_levels": [
    "List",
    "Read",
    "Write"
  ],
  "arn": "arn:aws:iam::aws:policy/AWSIoTWirelessGatewayCertManager",
  "createdate": "2020-12-15T15:30:48Z",
  "credentials_exposure": false,
  "data_access": false,
  "deprecated": false,
  "document": {
    "Statement": [
      {
        "Action": [
          "iot:CreateKeysAndCertificate",
          "iot:DescribeCertificate",
          "iot:ListCertificates"
        ],
        "Effect": "Allow",
        "Resource": "*",
        "Sid": "IoTWirelessGatewayCertManager"
      }
    ],
    "Version": "2012-10-17"
  },
  "effective_actions": [
    {
      "access_level": "Write",
      "action": "iot:CreateKeysAndCertificate",
      "condition": null,
      "credentials_exposure": false,
      "data_access": false,
      "effective_action": "iot:CreateKeysAndCertificate",
      "privesc": false,
      "resource_exposure": false
    },
    {
      "access_level": "Read",
      "action": "iot:DescribeCertificate",
      "condition": null,
      "credentials_exposure": false,
      "data_access": false,
      "effective_action": "iot:DescribeCertificate",
      "privesc": false,
      "resource_exposure": false
    },
    {
      "access_level": "List",
      "action": "iot:ListCertificates",
      "condition": null,
      "credentials_exposure": false,
      "data_access": false,
      "effective_action": "iot:ListCertificates",
      "privesc": false,
      "resource_exposure": false
    }
  ],
  "grantless": false,
  "malformed": false,
  "name": "AWSIoTWirelessGatewayCertManager",
  "privesc": false,
  "resource_exposure": false,
  "undocumented_actions": false,
  "unknown_actions": [],
  "updatedate": "2020-12-15T15:30:48+00:00",
  "version": "v1"
}