{
  "access_levels": [
    "Write"
  ],
  "arn": "arn:aws:iam::aws:policy/AWSIoTWirelessDataAccess",
  "createdate": "2020-12-15T15:31:39Z",
  "credentials_exposure": false,
  "data_access": false,
  "deprecated": false,
  "document": {
    "Statement": [
      {
        "Action": [
          "iotwireless:SendDataToWirelessDevice"
        ],
        "Effect": "Allow",
        "Resource": "*"
      }
    ],
    "Version": "2012-10-17"
  },
  "effective_actions": [
    {
      "access_level": "Write",
      "action": "iotwireless:SendDataToWirelessDevice",
      "condition": null,
      "credentials_exposure": false,
      "data_access": false,
      "effective_action": "iotwireless:SendDataToWirelessDevice",
      "privesc": false,
      "resource_exposure": false
    }
  ],
  "grantless": false,
  "malformed": false,
  "name": "AWSIoTWirelessDataAccess",
  "privesc": false,
  "resource_exposure": false,
  "undocumented_actions": false,
  "unknown_actions": [],
  "updatedate": "2020-12-15T15:31:39+00:00",
  "version": "v1"
}