{
  "access_levels": [
    "List",
    "Read",
    "Write"
  ],
  "arn": "arn:aws:iam::aws:policy/aws-service-role/AWSIPAMServiceRolePolicy",
  "createdate": "2025-10-28T00:19:07Z",
  "credentials_exposure": false,
  "data_access": false,
  "deprecated": false,
  "document": {
    "Statement": [
      {
        "Action": [
          "ec2:DescribeAccountAttributes",
          "ec2:DescribeAddresses",
          "ec2:DescribeByoipCidrs",
          "ec2:DescribeIpv6Pools",
          "ec2:DescribeNetworkInterfaces",
          "ec2:DescribePublicIpv4Pools",
          "ec2:DescribeSecurityGroups",
          "ec2:DescribeSecurityGroupRules",
          "ec2:DescribeSubnets",
          "ec2:DescribeVpcs",
          "ec2:DescribeVpnConnections",
          "ec2:GetIpamDiscoveredAccounts",
          "ec2:GetIpamDiscoveredPublicAddresses",
          "ec2:GetIpamDiscoveredResourceCidrs",
          "globalaccelerator:ListAccelerators",
          "globalaccelerator:ListByoipCidrs",
          "organizations:DescribeAccount",
          "organizations:DescribeOrganization",
          "organizations:ListAccounts",
          "organizations:ListDelegatedAdministrators",
          "organizations:ListChildren",
          "organizations:ListParents",
          "organizations:DescribeOrganizationalUnit",
          "cloudfront:ListAnycastIpLists",
          "cloudfront:ListDistributionsByAnycastIpListId",
          "cloudfront:ListTagsForResource"
        ],
        "Effect": "Allow",
        "Resource": "*",
        "Sid": "IPAMDiscoveryDescribeActions"
      },
      {
        "Action": [
          "cloudwatch:PutMetricData"
        ],
        "Condition": {
          "StringEquals": {
            "cloudwatch:namespace": "AWS/IPAM"
          }
        },
        "Effect": "Allow",
        "Resource": "*",
        "Sid": "CloudWatchMetricsPublishActions"
      },
      {
        "Action": [
          "ec2:AllocateIpamPoolCidr"
        ],
        "Effect": "Allow",
        "Resource": "*",
        "Sid": "IPAMAllocationPolicyActions"
      },
      {
        "Action": [
          "ec2:ModifyManagedPrefixList"
        ],
        "Condition": {
          "Null": {
            "ec2:Attribute/ExpectedIpamPrefixListResolverTarget": "false"
          }
        },
        "Effect": "Allow",
        "Resource": [
          "*"
        ],
        "Sid": "PrefixListResolverWriteActions"
      },
      {
        "Action": [
          "ec2:DescribeManagedPrefixLists",
          "ec2:GetManagedPrefixListEntries"
        ],
        "Effect": "Allow",
        "Resource": [
          "*"
        ],
        "Sid": "PrefixListResolverReadActions"
      }
    ],
    "Version": "2012-10-17"
  },
  "effective_actions": [
    {
      "access_level": "List",
      "action": "ec2:DescribeAccountAttributes",
      "condition": null,
      "credentials_exposure": false,
      "data_access": false,
      "effective_action": "ec2:DescribeAccountAttributes",
      "privesc": false,
      "resource_exposure": false
    },
    {
      "access_level": "List",
      "action": "ec2:DescribeAddresses",
      "condition": null,
      "credentials_exposure": false,
      "data_access": false,
      "effective_action": "ec2:DescribeAddresses",
      "privesc": false,
      "resource_exposure": false
    },
    {
      "access_level": "List",
      "action": "ec2:DescribeByoipCidrs",
      "condition": null,
      "credentials_exposure": false,
      "data_access": false,
      "effective_action": "ec2:DescribeByoipCidrs",
      "privesc": false,
      "resource_exposure": false
    },
    {
      "access_level": "List",
      "action": "ec2:DescribeIpv6Pools",
      "condition": null,
      "credentials_exposure": false,
      "data_access": false,
      "effective_action": "ec2:DescribeIpv6Pools",
      "privesc": false,
      "resource_exposure": false
    },
    {
      "access_level": "List",
      "action": "ec2:DescribeNetworkInterfaces",
      "condition": null,
      "credentials_exposure": false,
      "data_access": false,
      "effective_action": "ec2:DescribeNetworkInterfaces",
      "privesc": false,
      "resource_exposure": false
    },
    {
      "access_level": "List",
      "action": "ec2:DescribePublicIpv4Pools",
      "condition": null,
      "credentials_exposure": false,
      "data_access": false,
      "effective_action": "ec2:DescribePublicIpv4Pools",
      "privesc": false,
      "resource_exposure": false
    },
    {
      "access_level": "List",
      "action": "ec2:DescribeSecurityGroups",
      "condition": null,
      "credentials_exposure": false,
      "data_access": false,
      "effective_action": "ec2:DescribeSecurityGroups",
      "privesc": false,
      "resource_exposure": false
    },
    {
      "access_level": "List",
      "action": "ec2:DescribeSecurityGroupRules",
      "condition": null,
      "credentials_exposure": false,
      "data_access": false,
      "effective_action": "ec2:DescribeSecurityGroupRules",
      "privesc": false,
      "resource_exposure": false
    },
    {
      "access_level": "List",
      "action": "ec2:DescribeSubnets",
      "condition": null,
      "credentials_exposure": false,
      "data_access": false,
      "effective_action": "ec2:DescribeSubnets",
      "privesc": false,
      "resource_exposure": false
    },
    {
      "access_level": "List",
      "action": "ec2:DescribeVpcs",
      "condition": null,
      "credentials_exposure": false,
      "data_access": false,
      "effective_action": "ec2:DescribeVpcs",
      "privesc": false,
      "resource_exposure": false
    },
    {
      "access_level": "List",
      "action": "ec2:DescribeVpnConnections",
      "condition": null,
      "credentials_exposure": false,
      "data_access": false,
      "effective_action": "ec2:DescribeVpnConnections",
      "privesc": false,
      "resource_exposure": false
    },
    {
      "access_level": "Read",
      "action": "ec2:GetIpamDiscoveredAccounts",
      "condition": null,
      "credentials_exposure": false,
      "data_access": false,
      "effective_action": "ec2:GetIpamDiscoveredAccounts",
      "privesc": false,
      "resource_exposure": false
    },
    {
      "access_level": "Read",
      "action": "ec2:GetIpamDiscoveredPublicAddresses",
      "condition": null,
      "credentials_exposure": false,
      "data_access": false,
      "effective_action": "ec2:GetIpamDiscoveredPublicAddresses",
      "privesc": false,
      "resource_exposure": false
    },
    {
      "access_level": "Read",
      "action": "ec2:GetIpamDiscoveredResourceCidrs",
      "condition": null,
      "credentials_exposure": false,
      "data_access": false,
      "effective_action": "ec2:GetIpamDiscoveredResourceCidrs",
      "privesc": false,
      "resource_exposure": false
    },
    {
      "access_level": "List",
      "action": "globalaccelerator:ListAccelerators",
      "condition": null,
      "credentials_exposure": false,
      "data_access": false,
      "effective_action": "globalaccelerator:ListAccelerators",
      "privesc": false,
      "resource_exposure": false
    },
    {
      "access_level": "List",
      "action": "globalaccelerator:ListByoipCidrs",
      "condition": null,
      "credentials_exposure": false,
      "data_access": false,
      "effective_action": "globalaccelerator:ListByoipCidrs",
      "privesc": false,
      "resource_exposure": false
    },
    {
      "access_level": "Read",
      "action": "organizations:DescribeAccount",
      "condition": null,
      "credentials_exposure": false,
      "data_access": false,
      "effective_action": "organizations:DescribeAccount",
      "privesc": false,
      "resource_exposure": false
    },
    {
      "access_level": "Read",
      "action": "organizations:DescribeOrganization",
      "condition": null,
      "credentials_exposure": false,
      "data_access": false,
      "effective_action": "organizations:DescribeOrganization",
      "privesc": false,
      "resource_exposure": false
    },
    {
      "access_level": "List",
      "action": "organizations:ListAccounts",
      "condition": null,
      "credentials_exposure": false,
      "data_access": false,
      "effective_action": "organizations:ListAccounts",
      "privesc": false,
      "resource_exposure": false
    },
    {
      "access_level": "List",
      "action": "organizations:ListDelegatedAdministrators",
      "condition": null,
      "credentials_exposure": false,
      "data_access": false,
      "effective_action": "organizations:ListDelegatedAdministrators",
      "privesc": false,
      "resource_exposure": false
    },
    {
      "access_level": "List",
      "action": "organizations:ListChildren",
      "condition": null,
      "credentials_exposure": false,
      "data_access": false,
      "effective_action": "organizations:ListChildren",
      "privesc": false,
      "resource_exposure": false
    },
    {
      "access_level": "List",
      "action": "organizations:ListParents",
      "condition": null,
      "credentials_exposure": false,
      "data_access": false,
      "effective_action": "organizations:ListParents",
      "privesc": false,
      "resource_exposure": false
    },
    {
      "access_level": "Read",
      "action": "organizations:DescribeOrganizationalUnit",
      "condition": null,
      "credentials_exposure": false,
      "data_access": false,
      "effective_action": "organizations:DescribeOrganizationalUnit",
      "privesc": false,
      "resource_exposure": false
    },
    {
      "access_level": "List",
      "action": "cloudfront:ListAnycastIpLists",
      "condition": null,
      "credentials_exposure": false,
      "data_access": false,
      "effective_action": "cloudfront:ListAnycastIpLists",
      "privesc": false,
      "resource_exposure": false
    },
    {
      "access_level": "List",
      "action": "cloudfront:ListDistributionsByAnycastIpListId",
      "condition": null,
      "credentials_exposure": false,
      "data_access": false,
      "effective_action": "cloudfront:ListDistributionsByAnycastIpListId",
      "privesc": false,
      "resource_exposure": false
    },
    {
      "access_level": "Read",
      "action": "cloudfront:ListTagsForResource",
      "condition": null,
      "credentials_exposure": false,
      "data_access": false,
      "effective_action": "cloudfront:ListTagsForResource",
      "privesc": false,
      "resource_exposure": false
    },
    {
      "access_level": "Write",
      "action": "cloudwatch:PutMetricData",
      "condition": {
        "StringEquals": {
          "cloudwatch:namespace": "AWS/IPAM"
        }
      },
      "credentials_exposure": false,
      "data_access": false,
      "effective_action": "cloudwatch:PutMetricData",
      "privesc": false,
      "resource_exposure": false
    },
    {
      "access_level": "Write",
      "action": "ec2:AllocateIpamPoolCidr",
      "condition": null,
      "credentials_exposure": false,
      "data_access": false,
      "effective_action": "ec2:AllocateIpamPoolCidr",
      "privesc": false,
      "resource_exposure": false
    },
    {
      "access_level": "Write",
      "action": "ec2:ModifyManagedPrefixList",
      "condition": {
        "Null": {
          "ec2:Attribute/ExpectedIpamPrefixListResolverTarget": "false"
        }
      },
      "credentials_exposure": false,
      "data_access": false,
      "effective_action": "ec2:ModifyManagedPrefixList",
      "privesc": false,
      "resource_exposure": false
    },
    {
      "access_level": "List",
      "action": "ec2:DescribeManagedPrefixLists",
      "condition": null,
      "credentials_exposure": false,
      "data_access": false,
      "effective_action": "ec2:DescribeManagedPrefixLists",
      "privesc": false,
      "resource_exposure": false
    },
    {
      "access_level": "Read",
      "action": "ec2:GetManagedPrefixListEntries",
      "condition": null,
      "credentials_exposure": false,
      "data_access": false,
      "effective_action": "ec2:GetManagedPrefixListEntries",
      "privesc": false,
      "resource_exposure": false
    }
  ],
  "grantless": false,
  "malformed": false,
  "name": "AWSIPAMServiceRolePolicy",
  "privesc": false,
  "resource_exposure": false,
  "undocumented_actions": false,
  "unknown_actions": [],
  "updatedate": "2025-10-28T00:19:07+00:00",
  "version": "v7"
}