{
  "access_levels": [
    "List",
    "Read",
    "Tagging",
    "Write"
  ],
  "arn": "arn:aws:iam::aws:policy/AWSIoTSiteWiseFullAccess",
  "createdate": "2018-12-04T20:53:39Z",
  "credentials_exposure": false,
  "data_access": false,
  "deprecated": false,
  "document": {
    "Statement": [
      {
        "Action": [
          "iotsitewise:*"
        ],
        "Effect": "Allow",
        "Resource": "*"
      }
    ],
    "Version": "2012-10-17"
  },
  "effective_actions": [
    {
      "access_level": "Write",
      "action": "iotsitewise:*",
      "condition": null,
      "credentials_exposure": false,
      "data_access": false,
      "effective_action": "iotsitewise:AssociateAssets",
      "privesc": false,
      "resource_exposure": false
    },
    {
      "access_level": "Write",
      "action": "iotsitewise:*",
      "condition": null,
      "credentials_exposure": false,
      "data_access": false,
      "effective_action": "iotsitewise:AssociateTimeSeriesToAssetProperty",
      "privesc": false,
      "resource_exposure": false
    },
    {
      "access_level": "Write",
      "action": "iotsitewise:*",
      "condition": null,
      "credentials_exposure": false,
      "data_access": false,
      "effective_action": "iotsitewise:BatchAssociateProjectAssets",
      "privesc": false,
      "resource_exposure": false
    },
    {
      "access_level": "Write",
      "action": "iotsitewise:*",
      "condition": null,
      "credentials_exposure": false,
      "data_access": false,
      "effective_action": "iotsitewise:BatchDisassociateProjectAssets",
      "privesc": false,
      "resource_exposure": false
    },
    {
      "access_level": "Read",
      "action": "iotsitewise:*",
      "condition": null,
      "credentials_exposure": false,
      "data_access": false,
      "effective_action": "iotsitewise:BatchGetAssetPropertyAggregates",
      "privesc": false,
      "resource_exposure": false
    },
    {
      "access_level": "Read",
      "action": "iotsitewise:*",
      "condition": null,
      "credentials_exposure": false,
      "data_access": false,
      "effective_action": "iotsitewise:BatchGetAssetPropertyValue",
      "privesc": false,
      "resource_exposure": false
    },
    {
      "access_level": "Read",
      "action": "iotsitewise:*",
      "condition": null,
      "credentials_exposure": false,
      "data_access": false,
      "effective_action": "iotsitewise:BatchGetAssetPropertyValueHistory",
      "privesc": false,
      "resource_exposure": false
    },
    {
      "access_level": "Write",
      "action": "iotsitewise:*",
      "condition": null,
      "credentials_exposure": false,
      "data_access": false,
      "effective_action": "iotsitewise:BatchPutAssetPropertyValue",
      "privesc": false,
      "resource_exposure": false
    },
    {
      "access_level": "Write",
      "action": "iotsitewise:*",
      "condition": null,
      "credentials_exposure": false,
      "data_access": false,
      "effective_action": "iotsitewise:CreateAccessPolicy",
      "privesc": false,
      "resource_exposure": true
    },
    {
      "access_level": "Write",
      "action": "iotsitewise:*",
      "condition": null,
      "credentials_exposure": false,
      "data_access": false,
      "effective_action": "iotsitewise:CreateAsset",
      "privesc": false,
      "resource_exposure": false
    },
    {
      "access_level": "Write",
      "action": "iotsitewise:*",
      "condition": null,
      "credentials_exposure": false,
      "data_access": false,
      "effective_action": "iotsitewise:CreateAssetModel",
      "privesc": false,
      "resource_exposure": false
    },
    {
      "access_level": "Write",
      "action": "iotsitewise:*",
      "condition": null,
      "credentials_exposure": false,
      "data_access": false,
      "effective_action": "iotsitewise:CreateAssetModelCompositeModel",
      "privesc": false,
      "resource_exposure": false
    },
    {
      "access_level": "Write",
      "action": "iotsitewise:*",
      "condition": null,
      "credentials_exposure": false,
      "data_access": false,
      "effective_action": "iotsitewise:CreateBulkImportJob",
      "privesc": false,
      "resource_exposure": false
    },
    {
      "access_level": "Write",
      "action": "iotsitewise:*",
      "condition": null,
      "credentials_exposure": false,
      "data_access": false,
      "effective_action": "iotsitewise:CreateComputationModel",
      "privesc": false,
      "resource_exposure": false
    },
    {
      "access_level": "Write",
      "action": "iotsitewise:*",
      "condition": null,
      "credentials_exposure": false,
      "data_access": false,
      "effective_action": "iotsitewise:CreateDashboard",
      "privesc": false,
      "resource_exposure": false
    },
    {
      "access_level": "Write",
      "action": "iotsitewise:*",
      "condition": null,
      "credentials_exposure": false,
      "data_access": false,
      "effective_action": "iotsitewise:CreateDataset",
      "privesc": false,
      "resource_exposure": false
    },
    {
      "access_level": "Write",
      "action": "iotsitewise:*",
      "condition": null,
      "credentials_exposure": false,
      "data_access": false,
      "effective_action": "iotsitewise:CreateGateway",
      "privesc": false,
      "resource_exposure": false
    },
    {
      "access_level": "Write",
      "action": "iotsitewise:*",
      "condition": null,
      "credentials_exposure": false,
      "data_access": false,
      "effective_action": "iotsitewise:CreatePortal",
      "privesc": false,
      "resource_exposure": false
    },
    {
      "access_level": "Write",
      "action": "iotsitewise:*",
      "condition": null,
      "credentials_exposure": false,
      "data_access": false,
      "effective_action": "iotsitewise:CreateProject",
      "privesc": false,
      "resource_exposure": false
    },
    {
      "access_level": "Write",
      "action": "iotsitewise:*",
      "condition": null,
      "credentials_exposure": false,
      "data_access": false,
      "effective_action": "iotsitewise:DeleteAccessPolicy",
      "privesc": false,
      "resource_exposure": true
    },
    {
      "access_level": "Write",
      "action": "iotsitewise:*",
      "condition": null,
      "credentials_exposure": false,
      "data_access": false,
      "effective_action": "iotsitewise:DeleteAsset",
      "privesc": false,
      "resource_exposure": false
    },
    {
      "access_level": "Write",
      "action": "iotsitewise:*",
      "condition": null,
      "credentials_exposure": false,
      "data_access": false,
      "effective_action": "iotsitewise:DeleteAssetModel",
      "privesc": false,
      "resource_exposure": false
    },
    {
      "access_level": "Write",
      "action": "iotsitewise:*",
      "condition": null,
      "credentials_exposure": false,
      "data_access": false,
      "effective_action": "iotsitewise:DeleteAssetModelCompositeModel",
      "privesc": false,
      "resource_exposure": false
    },
    {
      "access_level": "Write",
      "action": "iotsitewise:*",
      "condition": null,
      "credentials_exposure": false,
      "data_access": false,
      "effective_action": "iotsitewise:DeleteAssetModelInterfaceRelationship",
      "privesc": false,
      "resource_exposure": false
    },
    {
      "access_level": "Write",
      "action": "iotsitewise:*",
      "condition": null,
      "credentials_exposure": false,
      "data_access": false,
      "effective_action": "iotsitewise:DeleteComputationModel",
      "privesc": false,
      "resource_exposure": false
    },
    {
      "access_level": "Write",
      "action": "iotsitewise:*",
      "condition": null,
      "credentials_exposure": false,
      "data_access": false,
      "effective_action": "iotsitewise:DeleteDashboard",
      "privesc": false,
      "resource_exposure": false
    },
    {
      "access_level": "Write",
      "action": "iotsitewise:*",
      "condition": null,
      "credentials_exposure": false,
      "data_access": false,
      "effective_action": "iotsitewise:DeleteDataset",
      "privesc": false,
      "resource_exposure": false
    },
    {
      "access_level": "Write",
      "action": "iotsitewise:*",
      "condition": null,
      "credentials_exposure": false,
      "data_access": false,
      "effective_action": "iotsitewise:DeleteGateway",
      "privesc": false,
      "resource_exposure": false
    },
    {
      "access_level": "Write",
      "action": "iotsitewise:*",
      "condition": null,
      "credentials_exposure": false,
      "data_access": false,
      "effective_action": "iotsitewise:DeletePortal",
      "privesc": false,
      "resource_exposure": false
    },
    {
      "access_level": "Write",
      "action": "iotsitewise:*",
      "condition": null,
      "credentials_exposure": false,
      "data_access": false,
      "effective_action": "iotsitewise:DeleteProject",
      "privesc": false,
      "resource_exposure": false
    },
    {
      "access_level": "Write",
      "action": "iotsitewise:*",
      "condition": null,
      "credentials_exposure": false,
      "data_access": false,
      "effective_action": "iotsitewise:DeleteTimeSeries",
      "privesc": false,
      "resource_exposure": false
    },
    {
      "access_level": "Read",
      "action": "iotsitewise:*",
      "condition": null,
      "credentials_exposure": false,
      "data_access": false,
      "effective_action": "iotsitewise:DescribeAccessPolicy",
      "privesc": false,
      "resource_exposure": false
    },
    {
      "access_level": "Read",
      "action": "iotsitewise:*",
      "condition": null,
      "credentials_exposure": false,
      "data_access": false,
      "effective_action": "iotsitewise:DescribeAction",
      "privesc": false,
      "resource_exposure": false
    },
    {
      "access_level": "Read",
      "action": "iotsitewise:*",
      "condition": null,
      "credentials_exposure": false,
      "data_access": false,
      "effective_action": "iotsitewise:DescribeAsset",
      "privesc": false,
      "resource_exposure": false
    },
    {
      "access_level": "Read",
      "action": "iotsitewise:*",
      "condition": null,
      "credentials_exposure": false,
      "data_access": false,
      "effective_action": "iotsitewise:DescribeAssetCompositeModel",
      "privesc": false,
      "resource_exposure": false
    },
    {
      "access_level": "Read",
      "action": "iotsitewise:*",
      "condition": null,
      "credentials_exposure": false,
      "data_access": false,
      "effective_action": "iotsitewise:DescribeAssetModel",
      "privesc": false,
      "resource_exposure": false
    },
    {
      "access_level": "Read",
      "action": "iotsitewise:*",
      "condition": null,
      "credentials_exposure": false,
      "data_access": false,
      "effective_action": "iotsitewise:DescribeAssetModelCompositeModel",
      "privesc": false,
      "resource_exposure": false
    },
    {
      "access_level": "Read",
      "action": "iotsitewise:*",
      "condition": null,
      "credentials_exposure": false,
      "data_access": false,
      "effective_action": "iotsitewise:DescribeAssetModelInterfaceRelationship",
      "privesc": false,
      "resource_exposure": false
    },
    {
      "access_level": "Read",
      "action": "iotsitewise:*",
      "condition": null,
      "credentials_exposure": false,
      "data_access": false,
      "effective_action": "iotsitewise:DescribeAssetProperty",
      "privesc": false,
      "resource_exposure": false
    },
    {
      "access_level": "Read",
      "action": "iotsitewise:*",
      "condition": null,
      "credentials_exposure": false,
      "data_access": false,
      "effective_action": "iotsitewise:DescribeBulkImportJob",
      "privesc": false,
      "resource_exposure": false
    },
    {
      "access_level": "Read",
      "action": "iotsitewise:*",
      "condition": null,
      "credentials_exposure": false,
      "data_access": false,
      "effective_action": "iotsitewise:DescribeComputationModel",
      "privesc": false,
      "resource_exposure": false
    },
    {
      "access_level": "Read",
      "action": "iotsitewise:*",
      "condition": null,
      "credentials_exposure": false,
      "data_access": false,
      "effective_action": "iotsitewise:DescribeComputationModelExecutionSummary",
      "privesc": false,
      "resource_exposure": false
    },
    {
      "access_level": "Read",
      "action": "iotsitewise:*",
      "condition": null,
      "credentials_exposure": false,
      "data_access": false,
      "effective_action": "iotsitewise:DescribeDashboard",
      "privesc": false,
      "resource_exposure": false
    },
    {
      "access_level": "Read",
      "action": "iotsitewise:*",
      "condition": null,
      "credentials_exposure": false,
      "data_access": false,
      "effective_action": "iotsitewise:DescribeDataset",
      "privesc": false,
      "resource_exposure": false
    },
    {
      "access_level": "Read",
      "action": "iotsitewise:*",
      "condition": null,
      "credentials_exposure": false,
      "data_access": false,
      "effective_action": "iotsitewise:DescribeDefaultEncryptionConfiguration",
      "privesc": false,
      "resource_exposure": false
    },
    {
      "access_level": "Read",
      "action": "iotsitewise:*",
      "condition": null,
      "credentials_exposure": false,
      "data_access": false,
      "effective_action": "iotsitewise:DescribeExecution",
      "privesc": false,
      "resource_exposure": false
    },
    {
      "access_level": "Read",
      "action": "iotsitewise:*",
      "condition": null,
      "credentials_exposure": false,
      "data_access": false,
      "effective_action": "iotsitewise:DescribeGateway",
      "privesc": false,
      "resource_exposure": false
    },
    {
      "access_level": "Read",
      "action": "iotsitewise:*",
      "condition": null,
      "credentials_exposure": false,
      "data_access": false,
      "effective_action": "iotsitewise:DescribeGatewayCapabilityConfiguration",
      "privesc": false,
      "resource_exposure": false
    },
    {
      "access_level": "Read",
      "action": "iotsitewise:*",
      "condition": null,
      "credentials_exposure": false,
      "data_access": false,
      "effective_action": "iotsitewise:DescribeLoggingOptions",
      "privesc": false,
      "resource_exposure": false
    },
    {
      "access_level": "Read",
      "action": "iotsitewise:*",
      "condition": null,
      "credentials_exposure": false,
      "data_access": false,
      "effective_action": "iotsitewise:DescribePortal",
      "privesc": false,
      "resource_exposure": false
    },
    {
      "access_level": "Read",
      "action": "iotsitewise:*",
      "condition": null,
      "credentials_exposure": false,
      "data_access": false,
      "effective_action": "iotsitewise:DescribeProject",
      "privesc": false,
      "resource_exposure": false
    },
    {
      "access_level": "Read",
      "action": "iotsitewise:*",
      "condition": null,
      "credentials_exposure": false,
      "data_access": false,
      "effective_action": "iotsitewise:DescribeStorageConfiguration",
      "privesc": false,
      "resource_exposure": false
    },
    {
      "access_level": "Read",
      "action": "iotsitewise:*",
      "condition": null,
      "credentials_exposure": false,
      "data_access": false,
      "effective_action": "iotsitewise:DescribeTimeSeries",
      "privesc": false,
      "resource_exposure": false
    },
    {
      "access_level": "Write",
      "action": "iotsitewise:*",
      "condition": null,
      "credentials_exposure": false,
      "data_access": false,
      "effective_action": "iotsitewise:DisassociateAssets",
      "privesc": false,
      "resource_exposure": false
    },
    {
      "access_level": "Write",
      "action": "iotsitewise:*",
      "condition": null,
      "credentials_exposure": false,
      "data_access": false,
      "effective_action": "iotsitewise:DisassociateTimeSeriesFromAssetProperty",
      "privesc": false,
      "resource_exposure": false
    },
    {
      "access_level": "Write",
      "action": "iotsitewise:*",
      "condition": null,
      "credentials_exposure": false,
      "data_access": false,
      "effective_action": "iotsitewise:EnableSiteWiseIntegration",
      "privesc": false,
      "resource_exposure": false
    },
    {
      "access_level": "Write",
      "action": "iotsitewise:*",
      "condition": null,
      "credentials_exposure": false,
      "data_access": false,
      "effective_action": "iotsitewise:ExecuteAction",
      "privesc": false,
      "resource_exposure": false
    },
    {
      "access_level": "Read",
      "action": "iotsitewise:*",
      "condition": null,
      "credentials_exposure": false,
      "data_access": false,
      "effective_action": "iotsitewise:ExecuteQuery",
      "privesc": false,
      "resource_exposure": false
    },
    {
      "access_level": "Read",
      "action": "iotsitewise:*",
      "condition": null,
      "credentials_exposure": false,
      "data_access": false,
      "effective_action": "iotsitewise:GetAssetPropertyAggregates",
      "privesc": false,
      "resource_exposure": false
    },
    {
      "access_level": "Read",
      "action": "iotsitewise:*",
      "condition": null,
      "credentials_exposure": false,
      "data_access": false,
      "effective_action": "iotsitewise:GetAssetPropertyValue",
      "privesc": false,
      "resource_exposure": false
    },
    {
      "access_level": "Read",
      "action": "iotsitewise:*",
      "condition": null,
      "credentials_exposure": false,
      "data_access": false,
      "effective_action": "iotsitewise:GetAssetPropertyValueHistory",
      "privesc": false,
      "resource_exposure": false
    },
    {
      "access_level": "Read",
      "action": "iotsitewise:*",
      "condition": null,
      "credentials_exposure": false,
      "data_access": false,
      "effective_action": "iotsitewise:GetInterpolatedAssetPropertyValues",
      "privesc": false,
      "resource_exposure": false
    },
    {
      "access_level": "Read",
      "action": "iotsitewise:*",
      "condition": null,
      "credentials_exposure": false,
      "data_access": false,
      "effective_action": "iotsitewise:InvokeAssistant",
      "privesc": false,
      "resource_exposure": false
    },
    {
      "access_level": "List",
      "action": "iotsitewise:*",
      "condition": null,
      "credentials_exposure": false,
      "data_access": false,
      "effective_action": "iotsitewise:ListAccessPolicies",
      "privesc": false,
      "resource_exposure": false
    },
    {
      "access_level": "List",
      "action": "iotsitewise:*",
      "condition": null,
      "credentials_exposure": false,
      "data_access": false,
      "effective_action": "iotsitewise:ListActions",
      "privesc": false,
      "resource_exposure": false
    },
    {
      "access_level": "List",
      "action": "iotsitewise:*",
      "condition": null,
      "credentials_exposure": false,
      "data_access": false,
      "effective_action": "iotsitewise:ListAssetModelCompositeModels",
      "privesc": false,
      "resource_exposure": false
    },
    {
      "access_level": "List",
      "action": "iotsitewise:*",
      "condition": null,
      "credentials_exposure": false,
      "data_access": false,
      "effective_action": "iotsitewise:ListAssetModelProperties",
      "privesc": false,
      "resource_exposure": false
    },
    {
      "access_level": "List",
      "action": "iotsitewise:*",
      "condition": null,
      "credentials_exposure": false,
      "data_access": false,
      "effective_action": "iotsitewise:ListAssetModels",
      "privesc": false,
      "resource_exposure": false
    },
    {
      "access_level": "List",
      "action": "iotsitewise:*",
      "condition": null,
      "credentials_exposure": false,
      "data_access": false,
      "effective_action": "iotsitewise:ListAssetProperties",
      "privesc": false,
      "resource_exposure": false
    },
    {
      "access_level": "List",
      "action": "iotsitewise:*",
      "condition": null,
      "credentials_exposure": false,
      "data_access": false,
      "effective_action": "iotsitewise:ListAssetRelationships",
      "privesc": false,
      "resource_exposure": false
    },
    {
      "access_level": "List",
      "action": "iotsitewise:*",
      "condition": null,
      "credentials_exposure": false,
      "data_access": false,
      "effective_action": "iotsitewise:ListAssets",
      "privesc": false,
      "resource_exposure": false
    },
    {
      "access_level": "List",
      "action": "iotsitewise:*",
      "condition": null,
      "credentials_exposure": false,
      "data_access": false,
      "effective_action": "iotsitewise:ListAssociatedAssets",
      "privesc": false,
      "resource_exposure": false
    },
    {
      "access_level": "List",
      "action": "iotsitewise:*",
      "condition": null,
      "credentials_exposure": false,
      "data_access": false,
      "effective_action": "iotsitewise:ListBulkImportJobs",
      "privesc": false,
      "resource_exposure": false
    },
    {
      "access_level": "List",
      "action": "iotsitewise:*",
      "condition": null,
      "credentials_exposure": false,
      "data_access": false,
      "effective_action": "iotsitewise:ListCompositionRelationships",
      "privesc": false,
      "resource_exposure": false
    },
    {
      "access_level": "List",
      "action": "iotsitewise:*",
      "condition": null,
      "credentials_exposure": false,
      "data_access": false,
      "effective_action": "iotsitewise:ListComputationModelDataBindingUsages",
      "privesc": false,
      "resource_exposure": false
    },
    {
      "access_level": "List",
      "action": "iotsitewise:*",
      "condition": null,
      "credentials_exposure": false,
      "data_access": false,
      "effective_action": "iotsitewise:ListComputationModelResolveToResources",
      "privesc": false,
      "resource_exposure": false
    },
    {
      "access_level": "List",
      "action": "iotsitewise:*",
      "condition": null,
      "credentials_exposure": false,
      "data_access": false,
      "effective_action": "iotsitewise:ListComputationModels",
      "privesc": false,
      "resource_exposure": false
    },
    {
      "access_level": "List",
      "action": "iotsitewise:*",
      "condition": null,
      "credentials_exposure": false,
      "data_access": false,
      "effective_action": "iotsitewise:ListDashboards",
      "privesc": false,
      "resource_exposure": false
    },
    {
      "access_level": "List",
      "action": "iotsitewise:*",
      "condition": null,
      "credentials_exposure": false,
      "data_access": false,
      "effective_action": "iotsitewise:ListDatasets",
      "privesc": false,
      "resource_exposure": false
    },
    {
      "access_level": "List",
      "action": "iotsitewise:*",
      "condition": null,
      "credentials_exposure": false,
      "data_access": false,
      "effective_action": "iotsitewise:ListExecutions",
      "privesc": false,
      "resource_exposure": false
    },
    {
      "access_level": "List",
      "action": "iotsitewise:*",
      "condition": null,
      "credentials_exposure": false,
      "data_access": false,
      "effective_action": "iotsitewise:ListGateways",
      "privesc": false,
      "resource_exposure": false
    },
    {
      "access_level": "List",
      "action": "iotsitewise:*",
      "condition": null,
      "credentials_exposure": false,
      "data_access": false,
      "effective_action": "iotsitewise:ListInterfaceRelationships",
      "privesc": false,
      "resource_exposure": false
    },
    {
      "access_level": "List",
      "action": "iotsitewise:*",
      "condition": null,
      "credentials_exposure": false,
      "data_access": false,
      "effective_action": "iotsitewise:ListPortals",
      "privesc": false,
      "resource_exposure": false
    },
    {
      "access_level": "List",
      "action": "iotsitewise:*",
      "condition": null,
      "credentials_exposure": false,
      "data_access": false,
      "effective_action": "iotsitewise:ListProjectAssets",
      "privesc": false,
      "resource_exposure": false
    },
    {
      "access_level": "List",
      "action": "iotsitewise:*",
      "condition": null,
      "credentials_exposure": false,
      "data_access": false,
      "effective_action": "iotsitewise:ListProjects",
      "privesc": false,
      "resource_exposure": false
    },
    {
      "access_level": "Read",
      "action": "iotsitewise:*",
      "condition": null,
      "credentials_exposure": false,
      "data_access": false,
      "effective_action": "iotsitewise:ListTagsForResource",
      "privesc": false,
      "resource_exposure": false
    },
    {
      "access_level": "List",
      "action": "iotsitewise:*",
      "condition": null,
      "credentials_exposure": false,
      "data_access": false,
      "effective_action": "iotsitewise:ListTimeSeries",
      "privesc": false,
      "resource_exposure": false
    },
    {
      "access_level": "Write",
      "action": "iotsitewise:*",
      "condition": null,
      "credentials_exposure": false,
      "data_access": false,
      "effective_action": "iotsitewise:PutAssetModelInterfaceRelationship",
      "privesc": false,
      "resource_exposure": false
    },
    {
      "access_level": "Write",
      "action": "iotsitewise:*",
      "condition": null,
      "credentials_exposure": false,
      "data_access": false,
      "effective_action": "iotsitewise:PutDefaultEncryptionConfiguration",
      "privesc": false,
      "resource_exposure": false
    },
    {
      "access_level": "Write",
      "action": "iotsitewise:*",
      "condition": null,
      "credentials_exposure": false,
      "data_access": false,
      "effective_action": "iotsitewise:PutLoggingOptions",
      "privesc": false,
      "resource_exposure": false
    },
    {
      "access_level": "Write",
      "action": "iotsitewise:*",
      "condition": null,
      "credentials_exposure": false,
      "data_access": false,
      "effective_action": "iotsitewise:PutStorageConfiguration",
      "privesc": false,
      "resource_exposure": false
    },
    {
      "access_level": "Tagging",
      "action": "iotsitewise:*",
      "condition": null,
      "credentials_exposure": false,
      "data_access": false,
      "effective_action": "iotsitewise:TagResource",
      "privesc": false,
      "resource_exposure": false
    },
    {
      "access_level": "Tagging",
      "action": "iotsitewise:*",
      "condition": null,
      "credentials_exposure": false,
      "data_access": false,
      "effective_action": "iotsitewise:UntagResource",
      "privesc": false,
      "resource_exposure": false
    },
    {
      "access_level": "Write",
      "action": "iotsitewise:*",
      "condition": null,
      "credentials_exposure": false,
      "data_access": false,
      "effective_action": "iotsitewise:UpdateAccessPolicy",
      "privesc": false,
      "resource_exposure": true
    },
    {
      "access_level": "Write",
      "action": "iotsitewise:*",
      "condition": null,
      "credentials_exposure": false,
      "data_access": false,
      "effective_action": "iotsitewise:UpdateAsset",
      "privesc": false,
      "resource_exposure": false
    },
    {
      "access_level": "Write",
      "action": "iotsitewise:*",
      "condition": null,
      "credentials_exposure": false,
      "data_access": false,
      "effective_action": "iotsitewise:UpdateAssetModel",
      "privesc": false,
      "resource_exposure": false
    },
    {
      "access_level": "Write",
      "action": "iotsitewise:*",
      "condition": null,
      "credentials_exposure": false,
      "data_access": false,
      "effective_action": "iotsitewise:UpdateAssetModelCompositeModel",
      "privesc": false,
      "resource_exposure": false
    },
    {
      "access_level": "Write",
      "action": "iotsitewise:*",
      "condition": null,
      "credentials_exposure": false,
      "data_access": false,
      "effective_action": "iotsitewise:UpdateAssetModelPropertyRouting",
      "privesc": false,
      "resource_exposure": false
    },
    {
      "access_level": "Write",
      "action": "iotsitewise:*",
      "condition": null,
      "credentials_exposure": false,
      "data_access": false,
      "effective_action": "iotsitewise:UpdateAssetProperty",
      "privesc": false,
      "resource_exposure": false
    },
    {
      "access_level": "Write",
      "action": "iotsitewise:*",
      "condition": null,
      "credentials_exposure": false,
      "data_access": false,
      "effective_action": "iotsitewise:UpdateComputationModel",
      "privesc": false,
      "resource_exposure": false
    },
    {
      "access_level": "Write",
      "action": "iotsitewise:*",
      "condition": null,
      "credentials_exposure": false,
      "data_access": false,
      "effective_action": "iotsitewise:UpdateDashboard",
      "privesc": false,
      "resource_exposure": false
    },
    {
      "access_level": "Write",
      "action": "iotsitewise:*",
      "condition": null,
      "credentials_exposure": false,
      "data_access": false,
      "effective_action": "iotsitewise:UpdateDataset",
      "privesc": false,
      "resource_exposure": false
    },
    {
      "access_level": "Write",
      "action": "iotsitewise:*",
      "condition": null,
      "credentials_exposure": false,
      "data_access": false,
      "effective_action": "iotsitewise:UpdateGateway",
      "privesc": false,
      "resource_exposure": false
    },
    {
      "access_level": "Write",
      "action": "iotsitewise:*",
      "condition": null,
      "credentials_exposure": false,
      "data_access": false,
      "effective_action": "iotsitewise:UpdateGatewayCapabilityConfiguration",
      "privesc": false,
      "resource_exposure": false
    },
    {
      "access_level": "Write",
      "action": "iotsitewise:*",
      "condition": null,
      "credentials_exposure": false,
      "data_access": false,
      "effective_action": "iotsitewise:UpdatePortal",
      "privesc": false,
      "resource_exposure": false
    },
    {
      "access_level": "Write",
      "action": "iotsitewise:*",
      "condition": null,
      "credentials_exposure": false,
      "data_access": false,
      "effective_action": "iotsitewise:UpdateProject",
      "privesc": false,
      "resource_exposure": false
    }
  ],
  "grantless": false,
  "malformed": false,
  "name": "AWSIoTSiteWiseFullAccess",
  "privesc": false,
  "resource_exposure": true,
  "undocumented_actions": false,
  "unknown_actions": [],
  "updatedate": "2018-12-04T20:53:39+00:00",
  "version": "v1"
}