{
  "access_levels": [
    "List",
    "Read",
    "Write",
    "Permissions management"
  ],
  "arn": "arn:aws:iam::aws:policy/service-role/AWSIoTFleetHubFederationAccess",
  "createdate": "2022-04-04T18:03:01Z",
  "credentials_exposure": false,
  "data_access": false,
  "deprecated": false,
  "document": {
    "Statement": [
      {
        "Action": [
          "iot:DescribeIndex",
          "iot:DescribeThingGroup",
          "iot:GetBucketsAggregation",
          "iot:GetCardinality",
          "iot:GetIndexingConfiguration",
          "iot:GetPercentiles",
          "iot:GetStatistics",
          "iot:SearchIndex",
          "iot:CreateFleetMetric",
          "iot:ListFleetMetrics",
          "iot:DeleteFleetMetric",
          "iot:DescribeFleetMetric",
          "iot:UpdateFleetMetric",
          "iot:DescribeCustomMetric",
          "iot:ListCustomMetrics",
          "iot:ListDimensions",
          "iot:ListMetricValues",
          "iot:ListThingGroups",
          "iot:ListThingsInThingGroup",
          "iot:ListJobTemplates",
          "iot:DescribeJobTemplate",
          "iot:ListJobs",
          "iot:CreateJob",
          "iot:CancelJob",
          "iot:DescribeJob",
          "iot:ListJobExecutionsForJob",
          "iot:ListJobExecutionsForThing",
          "iot:DescribeJobExecution",
          "iot:ListSecurityProfiles",
          "iot:DescribeSecurityProfile",
          "iot:ListActiveViolations",
          "iot:GetThingShadow",
          "iot:ListNamedShadowsForThing",
          "iot:CancelJobExecution",
          "iot:DescribeEndpoint",
          "iotfleethub:DescribeApplication",
          "cloudwatch:DescribeAlarms",
          "cloudwatch:GetMetricData",
          "cloudwatch:ListMetrics",
          "sns:ListTopics"
        ],
        "Effect": "Allow",
        "Resource": "*"
      },
      {
        "Action": [
          "sns:CreateTopic",
          "sns:DeleteTopic",
          "sns:ListSubscriptionsByTopic",
          "sns:Subscribe",
          "sns:Unsubscribe"
        ],
        "Effect": "Allow",
        "Resource": "arn:aws:sns:*:*:iotfleethub*"
      },
      {
        "Action": [
          "cloudwatch:PutMetricAlarm",
          "cloudwatch:DeleteAlarms",
          "cloudwatch:DescribeAlarmHistory"
        ],
        "Effect": "Allow",
        "Resource": "arn:aws:cloudwatch:*:*:iotfleethub*"
      }
    ],
    "Version": "2012-10-17"
  },
  "effective_actions": [
    {
      "access_level": "Read",
      "action": "iot:DescribeIndex",
      "condition": null,
      "credentials_exposure": false,
      "data_access": false,
      "effective_action": "iot:DescribeIndex",
      "privesc": false,
      "resource_exposure": false
    },
    {
      "access_level": "Read",
      "action": "iot:DescribeThingGroup",
      "condition": null,
      "credentials_exposure": false,
      "data_access": false,
      "effective_action": "iot:DescribeThingGroup",
      "privesc": false,
      "resource_exposure": false
    },
    {
      "access_level": "Read",
      "action": "iot:GetBucketsAggregation",
      "condition": null,
      "credentials_exposure": false,
      "data_access": false,
      "effective_action": "iot:GetBucketsAggregation",
      "privesc": false,
      "resource_exposure": false
    },
    {
      "access_level": "Read",
      "action": "iot:GetCardinality",
      "condition": null,
      "credentials_exposure": false,
      "data_access": false,
      "effective_action": "iot:GetCardinality",
      "privesc": false,
      "resource_exposure": false
    },
    {
      "access_level": "Read",
      "action": "iot:GetIndexingConfiguration",
      "condition": null,
      "credentials_exposure": false,
      "data_access": false,
      "effective_action": "iot:GetIndexingConfiguration",
      "privesc": false,
      "resource_exposure": false
    },
    {
      "access_level": "Read",
      "action": "iot:GetPercentiles",
      "condition": null,
      "credentials_exposure": false,
      "data_access": false,
      "effective_action": "iot:GetPercentiles",
      "privesc": false,
      "resource_exposure": false
    },
    {
      "access_level": "Read",
      "action": "iot:GetStatistics",
      "condition": null,
      "credentials_exposure": false,
      "data_access": false,
      "effective_action": "iot:GetStatistics",
      "privesc": false,
      "resource_exposure": false
    },
    {
      "access_level": "Read",
      "action": "iot:SearchIndex",
      "condition": null,
      "credentials_exposure": false,
      "data_access": false,
      "effective_action": "iot:SearchIndex",
      "privesc": false,
      "resource_exposure": false
    },
    {
      "access_level": "Write",
      "action": "iot:CreateFleetMetric",
      "condition": null,
      "credentials_exposure": false,
      "data_access": false,
      "effective_action": "iot:CreateFleetMetric",
      "privesc": false,
      "resource_exposure": false
    },
    {
      "access_level": "List",
      "action": "iot:ListFleetMetrics",
      "condition": null,
      "credentials_exposure": false,
      "data_access": false,
      "effective_action": "iot:ListFleetMetrics",
      "privesc": false,
      "resource_exposure": false
    },
    {
      "access_level": "Write",
      "action": "iot:DeleteFleetMetric",
      "condition": null,
      "credentials_exposure": false,
      "data_access": false,
      "effective_action": "iot:DeleteFleetMetric",
      "privesc": false,
      "resource_exposure": false
    },
    {
      "access_level": "Read",
      "action": "iot:DescribeFleetMetric",
      "condition": null,
      "credentials_exposure": false,
      "data_access": false,
      "effective_action": "iot:DescribeFleetMetric",
      "privesc": false,
      "resource_exposure": false
    },
    {
      "access_level": "Write",
      "action": "iot:UpdateFleetMetric",
      "condition": null,
      "credentials_exposure": false,
      "data_access": false,
      "effective_action": "iot:UpdateFleetMetric",
      "privesc": false,
      "resource_exposure": false
    },
    {
      "access_level": "Read",
      "action": "iot:DescribeCustomMetric",
      "condition": null,
      "credentials_exposure": false,
      "data_access": false,
      "effective_action": "iot:DescribeCustomMetric",
      "privesc": false,
      "resource_exposure": false
    },
    {
      "access_level": "List",
      "action": "iot:ListCustomMetrics",
      "condition": null,
      "credentials_exposure": false,
      "data_access": false,
      "effective_action": "iot:ListCustomMetrics",
      "privesc": false,
      "resource_exposure": false
    },
    {
      "access_level": "List",
      "action": "iot:ListDimensions",
      "condition": null,
      "credentials_exposure": false,
      "data_access": false,
      "effective_action": "iot:ListDimensions",
      "privesc": false,
      "resource_exposure": false
    },
    {
      "access_level": "List",
      "action": "iot:ListMetricValues",
      "condition": null,
      "credentials_exposure": false,
      "data_access": false,
      "effective_action": "iot:ListMetricValues",
      "privesc": false,
      "resource_exposure": false
    },
    {
      "access_level": "List",
      "action": "iot:ListThingGroups",
      "condition": null,
      "credentials_exposure": false,
      "data_access": false,
      "effective_action": "iot:ListThingGroups",
      "privesc": false,
      "resource_exposure": false
    },
    {
      "access_level": "List",
      "action": "iot:ListThingsInThingGroup",
      "condition": null,
      "credentials_exposure": false,
      "data_access": false,
      "effective_action": "iot:ListThingsInThingGroup",
      "privesc": false,
      "resource_exposure": false
    },
    {
      "access_level": "List",
      "action": "iot:ListJobTemplates",
      "condition": null,
      "credentials_exposure": false,
      "data_access": false,
      "effective_action": "iot:ListJobTemplates",
      "privesc": false,
      "resource_exposure": false
    },
    {
      "access_level": "Read",
      "action": "iot:DescribeJobTemplate",
      "condition": null,
      "credentials_exposure": false,
      "data_access": false,
      "effective_action": "iot:DescribeJobTemplate",
      "privesc": false,
      "resource_exposure": false
    },
    {
      "access_level": "List",
      "action": "iot:ListJobs",
      "condition": null,
      "credentials_exposure": false,
      "data_access": false,
      "effective_action": "iot:ListJobs",
      "privesc": false,
      "resource_exposure": false
    },
    {
      "access_level": "Write",
      "action": "iot:CreateJob",
      "condition": null,
      "credentials_exposure": false,
      "data_access": false,
      "effective_action": "iot:CreateJob",
      "privesc": false,
      "resource_exposure": false
    },
    {
      "access_level": "Write",
      "action": "iot:CancelJob",
      "condition": null,
      "credentials_exposure": false,
      "data_access": false,
      "effective_action": "iot:CancelJob",
      "privesc": false,
      "resource_exposure": false
    },
    {
      "access_level": "Read",
      "action": "iot:DescribeJob",
      "condition": null,
      "credentials_exposure": false,
      "data_access": false,
      "effective_action": "iot:DescribeJob",
      "privesc": false,
      "resource_exposure": false
    },
    {
      "access_level": "List",
      "action": "iot:ListJobExecutionsForJob",
      "condition": null,
      "credentials_exposure": false,
      "data_access": false,
      "effective_action": "iot:ListJobExecutionsForJob",
      "privesc": false,
      "resource_exposure": false
    },
    {
      "access_level": "List",
      "action": "iot:ListJobExecutionsForThing",
      "condition": null,
      "credentials_exposure": false,
      "data_access": false,
      "effective_action": "iot:ListJobExecutionsForThing",
      "privesc": false,
      "resource_exposure": false
    },
    {
      "access_level": "Read",
      "action": "iot:DescribeJobExecution",
      "condition": null,
      "credentials_exposure": false,
      "data_access": false,
      "effective_action": "iot:DescribeJobExecution",
      "privesc": false,
      "resource_exposure": false
    },
    {
      "access_level": "List",
      "action": "iot:ListSecurityProfiles",
      "condition": null,
      "credentials_exposure": false,
      "data_access": false,
      "effective_action": "iot:ListSecurityProfiles",
      "privesc": false,
      "resource_exposure": false
    },
    {
      "access_level": "Read",
      "action": "iot:DescribeSecurityProfile",
      "condition": null,
      "credentials_exposure": false,
      "data_access": false,
      "effective_action": "iot:DescribeSecurityProfile",
      "privesc": false,
      "resource_exposure": false
    },
    {
      "access_level": "List",
      "action": "iot:ListActiveViolations",
      "condition": null,
      "credentials_exposure": false,
      "data_access": false,
      "effective_action": "iot:ListActiveViolations",
      "privesc": false,
      "resource_exposure": false
    },
    {
      "access_level": "Read",
      "action": "iot:GetThingShadow",
      "condition": null,
      "credentials_exposure": false,
      "data_access": false,
      "effective_action": "iot:GetThingShadow",
      "privesc": false,
      "resource_exposure": false
    },
    {
      "access_level": "List",
      "action": "iot:ListNamedShadowsForThing",
      "condition": null,
      "credentials_exposure": false,
      "data_access": false,
      "effective_action": "iot:ListNamedShadowsForThing",
      "privesc": false,
      "resource_exposure": false
    },
    {
      "access_level": "Write",
      "action": "iot:CancelJobExecution",
      "condition": null,
      "credentials_exposure": false,
      "data_access": false,
      "effective_action": "iot:CancelJobExecution",
      "privesc": false,
      "resource_exposure": false
    },
    {
      "access_level": "Read",
      "action": "iot:DescribeEndpoint",
      "condition": null,
      "credentials_exposure": false,
      "data_access": false,
      "effective_action": "iot:DescribeEndpoint",
      "privesc": false,
      "resource_exposure": false
    },
    {
      "access_level": "Read",
      "action": "iotfleethub:DescribeApplication",
      "condition": null,
      "credentials_exposure": false,
      "data_access": false,
      "effective_action": "iotfleethub:DescribeApplication",
      "privesc": false,
      "resource_exposure": false
    },
    {
      "access_level": "Read",
      "action": "cloudwatch:DescribeAlarms",
      "condition": null,
      "credentials_exposure": false,
      "data_access": false,
      "effective_action": "cloudwatch:DescribeAlarms",
      "privesc": false,
      "resource_exposure": false
    },
    {
      "access_level": "Read",
      "action": "cloudwatch:GetMetricData",
      "condition": null,
      "credentials_exposure": false,
      "data_access": false,
      "effective_action": "cloudwatch:GetMetricData",
      "privesc": false,
      "resource_exposure": false
    },
    {
      "access_level": "List",
      "action": "cloudwatch:ListMetrics",
      "condition": null,
      "credentials_exposure": false,
      "data_access": false,
      "effective_action": "cloudwatch:ListMetrics",
      "privesc": false,
      "resource_exposure": false
    },
    {
      "access_level": "List",
      "action": "sns:ListTopics",
      "condition": null,
      "credentials_exposure": false,
      "data_access": false,
      "effective_action": "sns:ListTopics",
      "privesc": false,
      "resource_exposure": false
    },
    {
      "access_level": "Permissions management",
      "action": "sns:CreateTopic",
      "condition": null,
      "credentials_exposure": false,
      "data_access": false,
      "effective_action": "sns:CreateTopic",
      "privesc": false,
      "resource_exposure": true
    },
    {
      "access_level": "Write",
      "action": "sns:DeleteTopic",
      "condition": null,
      "credentials_exposure": false,
      "data_access": false,
      "effective_action": "sns:DeleteTopic",
      "privesc": false,
      "resource_exposure": false
    },
    {
      "access_level": "List",
      "action": "sns:ListSubscriptionsByTopic",
      "condition": null,
      "credentials_exposure": false,
      "data_access": false,
      "effective_action": "sns:ListSubscriptionsByTopic",
      "privesc": false,
      "resource_exposure": false
    },
    {
      "access_level": "Write",
      "action": "sns:Subscribe",
      "condition": null,
      "credentials_exposure": false,
      "data_access": false,
      "effective_action": "sns:Subscribe",
      "privesc": false,
      "resource_exposure": false
    },
    {
      "access_level": "Write",
      "action": "sns:Unsubscribe",
      "condition": null,
      "credentials_exposure": false,
      "data_access": false,
      "effective_action": "sns:Unsubscribe",
      "privesc": false,
      "resource_exposure": false
    },
    {
      "access_level": "Write",
      "action": "cloudwatch:PutMetricAlarm",
      "condition": null,
      "credentials_exposure": false,
      "data_access": false,
      "effective_action": "cloudwatch:PutMetricAlarm",
      "privesc": false,
      "resource_exposure": false
    },
    {
      "access_level": "Write",
      "action": "cloudwatch:DeleteAlarms",
      "condition": null,
      "credentials_exposure": false,
      "data_access": false,
      "effective_action": "cloudwatch:DeleteAlarms",
      "privesc": false,
      "resource_exposure": false
    },
    {
      "access_level": "Read",
      "action": "cloudwatch:DescribeAlarmHistory",
      "condition": null,
      "credentials_exposure": false,
      "data_access": false,
      "effective_action": "cloudwatch:DescribeAlarmHistory",
      "privesc": false,
      "resource_exposure": false
    }
  ],
  "grantless": false,
  "malformed": false,
  "name": "AWSIoTFleetHubFederationAccess",
  "privesc": false,
  "resource_exposure": true,
  "undocumented_actions": false,
  "unknown_actions": [],
  "updatedate": "2022-04-04T18:03:01+00:00",
  "version": "v5"
}