{
  "access_levels": [
    "Write"
  ],
  "arn": "arn:aws:iam::aws:policy/service-role/AWSIoTRuleActions",
  "createdate": "2018-01-16T19:28:19Z",
  "credentials_exposure": false,
  "data_access": true,
  "deprecated": false,
  "document": {
    "Statement": [
      {
        "Action": [
          "dynamodb:PutItem",
          "kinesis:PutRecord",
          "iot:Publish",
          "s3:PutObject",
          "sns:Publish",
          "sqs:SendMessage*",
          "cloudwatch:SetAlarmState",
          "cloudwatch:PutMetricData",
          "es:ESHttpPut",
          "firehose:PutRecord"
        ],
        "Effect": "Allow",
        "Resource": "*"
      }
    ],
    "Version": "2012-10-17"
  },
  "effective_actions": [
    {
      "access_level": "Write",
      "action": "dynamodb:PutItem",
      "condition": null,
      "credentials_exposure": false,
      "data_access": false,
      "effective_action": "dynamodb:PutItem",
      "privesc": false,
      "resource_exposure": false
    },
    {
      "access_level": "Write",
      "action": "kinesis:PutRecord",
      "condition": null,
      "credentials_exposure": false,
      "data_access": false,
      "effective_action": "kinesis:PutRecord",
      "privesc": false,
      "resource_exposure": false
    },
    {
      "access_level": "Write",
      "action": "iot:Publish",
      "condition": null,
      "credentials_exposure": false,
      "data_access": false,
      "effective_action": "iot:Publish",
      "privesc": false,
      "resource_exposure": false
    },
    {
      "access_level": "Write",
      "action": "s3:PutObject",
      "condition": null,
      "credentials_exposure": false,
      "data_access": false,
      "effective_action": "s3:PutObject",
      "privesc": false,
      "resource_exposure": false
    },
    {
      "access_level": "Write",
      "action": "sns:Publish",
      "condition": null,
      "credentials_exposure": false,
      "data_access": false,
      "effective_action": "sns:Publish",
      "privesc": false,
      "resource_exposure": false
    },
    {
      "access_level": "Write",
      "action": "sqs:SendMessage*",
      "condition": null,
      "credentials_exposure": false,
      "data_access": false,
      "effective_action": "sqs:SendMessage",
      "privesc": false,
      "resource_exposure": false
    },
    {
      "access_level": "Write",
      "action": "cloudwatch:SetAlarmState",
      "condition": null,
      "credentials_exposure": false,
      "data_access": false,
      "effective_action": "cloudwatch:SetAlarmState",
      "privesc": false,
      "resource_exposure": false
    },
    {
      "access_level": "Write",
      "action": "cloudwatch:PutMetricData",
      "condition": null,
      "credentials_exposure": false,
      "data_access": false,
      "effective_action": "cloudwatch:PutMetricData",
      "privesc": false,
      "resource_exposure": false
    },
    {
      "access_level": "Write",
      "action": "es:ESHttpPut",
      "condition": null,
      "credentials_exposure": false,
      "data_access": true,
      "effective_action": "es:ESHttpPut",
      "privesc": false,
      "resource_exposure": false
    },
    {
      "access_level": "Write",
      "action": "firehose:PutRecord",
      "condition": null,
      "credentials_exposure": false,
      "data_access": false,
      "effective_action": "firehose:PutRecord",
      "privesc": false,
      "resource_exposure": false
    }
  ],
  "grantless": false,
  "malformed": false,
  "name": "AWSIoTRuleActions",
  "privesc": false,
  "resource_exposure": false,
  "undocumented_actions": false,
  "unknown_actions": [],
  "updatedate": "2018-01-16T19:28:19+00:00",
  "version": "v2"
}