{
  "access_levels": [
    "List",
    "Read",
    "Write",
    "Permissions management"
  ],
  "arn": "arn:aws:iam::aws:policy/AWSIQFullAccess",
  "createdate": "2019-09-25T20:22:34Z",
  "credentials_exposure": false,
  "data_access": false,
  "deprecated": false,
  "document": {
    "Statement": [
      {
        "Action": [
          "iq:*",
          "iq-permission:*"
        ],
        "Effect": "Allow",
        "Resource": "*"
      },
      {
        "Action": [
          "iam:CreateServiceLinkedRole"
        ],
        "Condition": {
          "StringEquals": {
            "iam:AWSServiceName": [
              "permission.iq.amazonaws.com",
              "contract.iq.amazonaws.com"
            ]
          }
        },
        "Effect": "Allow",
        "Resource": "*"
      }
    ],
    "Version": "2012-10-17"
  },
  "effective_actions": [
    {
      "access_level": "Write",
      "action": "iq:*",
      "condition": null,
      "credentials_exposure": false,
      "data_access": false,
      "effective_action": "iq:AcceptCall",
      "privesc": false,
      "resource_exposure": false
    },
    {
      "access_level": "Write",
      "action": "iq:*",
      "condition": null,
      "credentials_exposure": false,
      "data_access": false,
      "effective_action": "iq:ApprovePaymentRequest",
      "privesc": false,
      "resource_exposure": false
    },
    {
      "access_level": "Write",
      "action": "iq:*",
      "condition": null,
      "credentials_exposure": false,
      "data_access": false,
      "effective_action": "iq:ApproveProposal",
      "privesc": false,
      "resource_exposure": false
    },
    {
      "access_level": "Write",
      "action": "iq:*",
      "condition": null,
      "credentials_exposure": false,
      "data_access": false,
      "effective_action": "iq:ArchiveConversation",
      "privesc": false,
      "resource_exposure": false
    },
    {
      "access_level": "Write",
      "action": "iq:*",
      "condition": null,
      "credentials_exposure": false,
      "data_access": false,
      "effective_action": "iq:CompleteProposal",
      "privesc": false,
      "resource_exposure": false
    },
    {
      "access_level": "Write",
      "action": "iq:*",
      "condition": null,
      "credentials_exposure": false,
      "data_access": false,
      "effective_action": "iq:CreateConversation",
      "privesc": false,
      "resource_exposure": false
    },
    {
      "access_level": "Write",
      "action": "iq:*",
      "condition": null,
      "credentials_exposure": false,
      "data_access": false,
      "effective_action": "iq:CreateExpert",
      "privesc": false,
      "resource_exposure": false
    },
    {
      "access_level": "Write",
      "action": "iq:*",
      "condition": null,
      "credentials_exposure": false,
      "data_access": false,
      "effective_action": "iq:CreateListing",
      "privesc": false,
      "resource_exposure": false
    },
    {
      "access_level": "Write",
      "action": "iq:*",
      "condition": null,
      "credentials_exposure": false,
      "data_access": false,
      "effective_action": "iq:CreateMilestoneProposal",
      "privesc": false,
      "resource_exposure": false
    },
    {
      "access_level": "Write",
      "action": "iq:*",
      "condition": null,
      "credentials_exposure": false,
      "data_access": false,
      "effective_action": "iq:CreatePaymentRequest",
      "privesc": false,
      "resource_exposure": false
    },
    {
      "access_level": "Write",
      "action": "iq:*",
      "condition": null,
      "credentials_exposure": false,
      "data_access": false,
      "effective_action": "iq:CreateProject",
      "privesc": false,
      "resource_exposure": false
    },
    {
      "access_level": "Write",
      "action": "iq:*",
      "condition": null,
      "credentials_exposure": false,
      "data_access": false,
      "effective_action": "iq:CreateRequest",
      "privesc": false,
      "resource_exposure": false
    },
    {
      "access_level": "Write",
      "action": "iq:*",
      "condition": null,
      "credentials_exposure": false,
      "data_access": false,
      "effective_action": "iq:CreateScheduledProposal",
      "privesc": false,
      "resource_exposure": false
    },
    {
      "access_level": "Write",
      "action": "iq:*",
      "condition": null,
      "credentials_exposure": false,
      "data_access": false,
      "effective_action": "iq:CreateSeller",
      "privesc": false,
      "resource_exposure": false
    },
    {
      "access_level": "Write",
      "action": "iq:*",
      "condition": null,
      "credentials_exposure": false,
      "data_access": false,
      "effective_action": "iq:CreateUpfrontProposal",
      "privesc": false,
      "resource_exposure": false
    },
    {
      "access_level": "Write",
      "action": "iq:*",
      "condition": null,
      "credentials_exposure": false,
      "data_access": false,
      "effective_action": "iq:DeclineCall",
      "privesc": false,
      "resource_exposure": false
    },
    {
      "access_level": "Write",
      "action": "iq:*",
      "condition": null,
      "credentials_exposure": false,
      "data_access": false,
      "effective_action": "iq:DeleteAttachment",
      "privesc": false,
      "resource_exposure": false
    },
    {
      "access_level": "Write",
      "action": "iq:*",
      "condition": null,
      "credentials_exposure": false,
      "data_access": false,
      "effective_action": "iq:DisableIndividualPublicProfile",
      "privesc": false,
      "resource_exposure": false
    },
    {
      "access_level": "Read",
      "action": "iq:*",
      "condition": null,
      "credentials_exposure": false,
      "data_access": false,
      "effective_action": "iq:DownloadAttachment",
      "privesc": false,
      "resource_exposure": false
    },
    {
      "access_level": "Write",
      "action": "iq:*",
      "condition": null,
      "credentials_exposure": false,
      "data_access": false,
      "effective_action": "iq:EnableIndividualPublicProfile",
      "privesc": false,
      "resource_exposure": false
    },
    {
      "access_level": "Write",
      "action": "iq:*",
      "condition": null,
      "credentials_exposure": false,
      "data_access": false,
      "effective_action": "iq:EndCall",
      "privesc": false,
      "resource_exposure": false
    },
    {
      "access_level": "Read",
      "action": "iq:*",
      "condition": null,
      "credentials_exposure": false,
      "data_access": false,
      "effective_action": "iq:GetBuyer",
      "privesc": false,
      "resource_exposure": false
    },
    {
      "access_level": "Read",
      "action": "iq:*",
      "condition": null,
      "credentials_exposure": false,
      "data_access": false,
      "effective_action": "iq:GetCall",
      "privesc": false,
      "resource_exposure": false
    },
    {
      "access_level": "Read",
      "action": "iq:*",
      "condition": null,
      "credentials_exposure": false,
      "data_access": false,
      "effective_action": "iq:GetChatInfo",
      "privesc": false,
      "resource_exposure": false
    },
    {
      "access_level": "Read",
      "action": "iq:*",
      "condition": null,
      "credentials_exposure": false,
      "data_access": false,
      "effective_action": "iq:GetChatMessages",
      "privesc": false,
      "resource_exposure": false
    },
    {
      "access_level": "Read",
      "action": "iq:*",
      "condition": null,
      "credentials_exposure": false,
      "data_access": false,
      "effective_action": "iq:GetChatToken",
      "privesc": false,
      "resource_exposure": false
    },
    {
      "access_level": "Read",
      "action": "iq:*",
      "condition": null,
      "credentials_exposure": false,
      "data_access": false,
      "effective_action": "iq:GetCompanyChatMessages",
      "privesc": false,
      "resource_exposure": false
    },
    {
      "access_level": "Read",
      "action": "iq:*",
      "condition": null,
      "credentials_exposure": false,
      "data_access": false,
      "effective_action": "iq:GetCompanyProfile",
      "privesc": false,
      "resource_exposure": false
    },
    {
      "access_level": "Read",
      "action": "iq:*",
      "condition": null,
      "credentials_exposure": false,
      "data_access": false,
      "effective_action": "iq:GetConversation",
      "privesc": false,
      "resource_exposure": false
    },
    {
      "access_level": "Read",
      "action": "iq:*",
      "condition": null,
      "credentials_exposure": false,
      "data_access": false,
      "effective_action": "iq:GetExpert",
      "privesc": false,
      "resource_exposure": false
    },
    {
      "access_level": "Read",
      "action": "iq:*",
      "condition": null,
      "credentials_exposure": false,
      "data_access": false,
      "effective_action": "iq:GetListing",
      "privesc": false,
      "resource_exposure": false
    },
    {
      "access_level": "Read",
      "action": "iq:*",
      "condition": null,
      "credentials_exposure": false,
      "data_access": false,
      "effective_action": "iq:GetMarketplaceSeller",
      "privesc": false,
      "resource_exposure": false
    },
    {
      "access_level": "Read",
      "action": "iq:*",
      "condition": null,
      "credentials_exposure": false,
      "data_access": false,
      "effective_action": "iq:GetPaymentRequest",
      "privesc": false,
      "resource_exposure": false
    },
    {
      "access_level": "Read",
      "action": "iq:*",
      "condition": null,
      "credentials_exposure": false,
      "data_access": false,
      "effective_action": "iq:GetProposal",
      "privesc": false,
      "resource_exposure": false
    },
    {
      "access_level": "Read",
      "action": "iq:*",
      "condition": null,
      "credentials_exposure": false,
      "data_access": false,
      "effective_action": "iq:GetRequest",
      "privesc": false,
      "resource_exposure": false
    },
    {
      "access_level": "Read",
      "action": "iq:*",
      "condition": null,
      "credentials_exposure": false,
      "data_access": false,
      "effective_action": "iq:GetReview",
      "privesc": false,
      "resource_exposure": false
    },
    {
      "access_level": "Write",
      "action": "iq:*",
      "condition": null,
      "credentials_exposure": false,
      "data_access": false,
      "effective_action": "iq:HideRequest",
      "privesc": false,
      "resource_exposure": false
    },
    {
      "access_level": "Write",
      "action": "iq:*",
      "condition": null,
      "credentials_exposure": false,
      "data_access": false,
      "effective_action": "iq:InitiateCall",
      "privesc": false,
      "resource_exposure": false
    },
    {
      "access_level": "Write",
      "action": "iq:*",
      "condition": null,
      "credentials_exposure": false,
      "data_access": false,
      "effective_action": "iq:LinkAwsCertification",
      "privesc": false,
      "resource_exposure": false
    },
    {
      "access_level": "List",
      "action": "iq:*",
      "condition": null,
      "credentials_exposure": false,
      "data_access": false,
      "effective_action": "iq:ListAttachments",
      "privesc": false,
      "resource_exposure": false
    },
    {
      "access_level": "Read",
      "action": "iq:*",
      "condition": null,
      "credentials_exposure": false,
      "data_access": false,
      "effective_action": "iq:ListConversations",
      "privesc": false,
      "resource_exposure": false
    },
    {
      "access_level": "Read",
      "action": "iq:*",
      "condition": null,
      "credentials_exposure": false,
      "data_access": false,
      "effective_action": "iq:ListExpertAccessLogs",
      "privesc": false,
      "resource_exposure": false
    },
    {
      "access_level": "Read",
      "action": "iq:*",
      "condition": null,
      "credentials_exposure": false,
      "data_access": false,
      "effective_action": "iq:ListListings",
      "privesc": false,
      "resource_exposure": false
    },
    {
      "access_level": "Read",
      "action": "iq:*",
      "condition": null,
      "credentials_exposure": false,
      "data_access": false,
      "effective_action": "iq:ListPaymentRequests",
      "privesc": false,
      "resource_exposure": false
    },
    {
      "access_level": "Read",
      "action": "iq:*",
      "condition": null,
      "credentials_exposure": false,
      "data_access": false,
      "effective_action": "iq:ListProposals",
      "privesc": false,
      "resource_exposure": false
    },
    {
      "access_level": "Read",
      "action": "iq:*",
      "condition": null,
      "credentials_exposure": false,
      "data_access": false,
      "effective_action": "iq:ListRequests",
      "privesc": false,
      "resource_exposure": false
    },
    {
      "access_level": "Read",
      "action": "iq:*",
      "condition": null,
      "credentials_exposure": false,
      "data_access": false,
      "effective_action": "iq:ListReviews",
      "privesc": false,
      "resource_exposure": false
    },
    {
      "access_level": "Write",
      "action": "iq:*",
      "condition": null,
      "credentials_exposure": false,
      "data_access": false,
      "effective_action": "iq:MarkChatMessageRead",
      "privesc": false,
      "resource_exposure": false
    },
    {
      "access_level": "Write",
      "action": "iq:*",
      "condition": null,
      "credentials_exposure": false,
      "data_access": false,
      "effective_action": "iq:RejectPaymentRequest",
      "privesc": false,
      "resource_exposure": false
    },
    {
      "access_level": "Write",
      "action": "iq:*",
      "condition": null,
      "credentials_exposure": false,
      "data_access": false,
      "effective_action": "iq:RejectProposal",
      "privesc": false,
      "resource_exposure": false
    },
    {
      "access_level": "Write",
      "action": "iq:*",
      "condition": null,
      "credentials_exposure": false,
      "data_access": false,
      "effective_action": "iq:SendCompanyChatMessage",
      "privesc": false,
      "resource_exposure": false
    },
    {
      "access_level": "Write",
      "action": "iq:*",
      "condition": null,
      "credentials_exposure": false,
      "data_access": false,
      "effective_action": "iq:SendIndividualChatMessage",
      "privesc": false,
      "resource_exposure": false
    },
    {
      "access_level": "Write",
      "action": "iq:*",
      "condition": null,
      "credentials_exposure": false,
      "data_access": false,
      "effective_action": "iq:UnarchiveConversation",
      "privesc": false,
      "resource_exposure": false
    },
    {
      "access_level": "Write",
      "action": "iq:*",
      "condition": null,
      "credentials_exposure": false,
      "data_access": false,
      "effective_action": "iq:UnlinkAwsCertification",
      "privesc": false,
      "resource_exposure": false
    },
    {
      "access_level": "Write",
      "action": "iq:*",
      "condition": null,
      "credentials_exposure": false,
      "data_access": false,
      "effective_action": "iq:UpdateCompanyProfile",
      "privesc": false,
      "resource_exposure": false
    },
    {
      "access_level": "Write",
      "action": "iq:*",
      "condition": null,
      "credentials_exposure": false,
      "data_access": false,
      "effective_action": "iq:UpdateConversationMembers",
      "privesc": false,
      "resource_exposure": false
    },
    {
      "access_level": "Write",
      "action": "iq:*",
      "condition": null,
      "credentials_exposure": false,
      "data_access": false,
      "effective_action": "iq:UpdateExpert",
      "privesc": false,
      "resource_exposure": false
    },
    {
      "access_level": "Write",
      "action": "iq:*",
      "condition": null,
      "credentials_exposure": false,
      "data_access": false,
      "effective_action": "iq:UpdateListing",
      "privesc": false,
      "resource_exposure": false
    },
    {
      "access_level": "Write",
      "action": "iq:*",
      "condition": null,
      "credentials_exposure": false,
      "data_access": false,
      "effective_action": "iq:UpdateRequest",
      "privesc": false,
      "resource_exposure": false
    },
    {
      "access_level": "Write",
      "action": "iq:*",
      "condition": null,
      "credentials_exposure": false,
      "data_access": false,
      "effective_action": "iq:UploadAttachment",
      "privesc": false,
      "resource_exposure": false
    },
    {
      "access_level": "Write",
      "action": "iq:*",
      "condition": null,
      "credentials_exposure": false,
      "data_access": false,
      "effective_action": "iq:WithdrawPaymentRequest",
      "privesc": false,
      "resource_exposure": false
    },
    {
      "access_level": "Write",
      "action": "iq:*",
      "condition": null,
      "credentials_exposure": false,
      "data_access": false,
      "effective_action": "iq:WithdrawProposal",
      "privesc": false,
      "resource_exposure": false
    },
    {
      "access_level": "Write",
      "action": "iq:*",
      "condition": null,
      "credentials_exposure": false,
      "data_access": false,
      "effective_action": "iq:WriteReview",
      "privesc": false,
      "resource_exposure": false
    },
    {
      "access_level": "Write",
      "action": "iq-permission:*",
      "condition": null,
      "credentials_exposure": false,
      "data_access": false,
      "effective_action": "iq-permission:ApproveAccessGrant",
      "privesc": false,
      "resource_exposure": false
    },
    {
      "access_level": "Write",
      "action": "iq-permission:*",
      "condition": null,
      "credentials_exposure": false,
      "data_access": false,
      "effective_action": "iq-permission:ApprovePermissionRequest",
      "privesc": false,
      "resource_exposure": false
    },
    {
      "access_level": "Write",
      "action": "iq-permission:*",
      "condition": null,
      "credentials_exposure": false,
      "data_access": false,
      "effective_action": "iq-permission:AssumePermissionRole",
      "privesc": false,
      "resource_exposure": false
    },
    {
      "access_level": "Write",
      "action": "iq-permission:*",
      "condition": null,
      "credentials_exposure": false,
      "data_access": false,
      "effective_action": "iq-permission:CreatePermissionRequest",
      "privesc": false,
      "resource_exposure": false
    },
    {
      "access_level": "Read",
      "action": "iq-permission:*",
      "condition": null,
      "credentials_exposure": false,
      "data_access": false,
      "effective_action": "iq-permission:GetPermissionRequest",
      "privesc": false,
      "resource_exposure": false
    },
    {
      "access_level": "Read",
      "action": "iq-permission:*",
      "condition": null,
      "credentials_exposure": false,
      "data_access": false,
      "effective_action": "iq-permission:ListPermissionRequests",
      "privesc": false,
      "resource_exposure": false
    },
    {
      "access_level": "Write",
      "action": "iq-permission:*",
      "condition": null,
      "credentials_exposure": false,
      "data_access": false,
      "effective_action": "iq-permission:RejectPermissionRequest",
      "privesc": false,
      "resource_exposure": false
    },
    {
      "access_level": "Write",
      "action": "iq-permission:*",
      "condition": null,
      "credentials_exposure": false,
      "data_access": false,
      "effective_action": "iq-permission:RevokePermissionRequest",
      "privesc": false,
      "resource_exposure": false
    },
    {
      "access_level": "Write",
      "action": "iq-permission:*",
      "condition": null,
      "credentials_exposure": false,
      "data_access": false,
      "effective_action": "iq-permission:WithdrawPermissionRequest",
      "privesc": false,
      "resource_exposure": false
    },
    {
      "access_level": "Permissions management",
      "action": "iam:CreateServiceLinkedRole",
      "condition": {
        "StringEquals": {
          "iam:AWSServiceName": [
            "permission.iq.amazonaws.com",
            "contract.iq.amazonaws.com"
          ]
        }
      },
      "credentials_exposure": false,
      "data_access": false,
      "effective_action": "iam:CreateServiceLinkedRole",
      "privesc": true,
      "resource_exposure": true
    }
  ],
  "grantless": false,
  "malformed": false,
  "name": "AWSIQFullAccess",
  "privesc": true,
  "resource_exposure": true,
  "undocumented_actions": false,
  "unknown_actions": [],
  "updatedate": "2019-09-25T20:22:34+00:00",
  "version": "v2"
}