{
  "access_levels": [
    "Write"
  ],
  "arn": "arn:aws:iam::aws:policy/aws-service-role/AWSIoTManagedIntegrationsRolePolicy",
  "createdate": "2025-03-05T21:22:06Z",
  "credentials_exposure": false,
  "data_access": false,
  "deprecated": false,
  "document": {
    "Statement": [
      {
        "Action": [
          "logs:CreateLogGroup"
        ],
        "Condition": {
          "StringEquals": {
            "aws:PrincipalAccount": "${aws:ResourceAccount}"
          }
        },
        "Effect": "Allow",
        "Resource": [
          "arn:aws:logs:*:*:log-group:/aws/iotmanagedintegrations/*"
        ],
        "Sid": "CloudWatchLogs"
      },
      {
        "Action": [
          "logs:CreateLogStream",
          "logs:PutLogEvents"
        ],
        "Condition": {
          "StringEquals": {
            "aws:PrincipalAccount": "${aws:ResourceAccount}"
          }
        },
        "Effect": "Allow",
        "Resource": [
          "arn:aws:logs:*:*:log-group:/aws/iotmanagedintegrations/*:log-stream:*"
        ],
        "Sid": "CloudWatchStreams"
      },
      {
        "Action": [
          "cloudwatch:PutMetricData"
        ],
        "Condition": {
          "StringEquals": {
            "cloudwatch:namespace": [
              "AWS/IoTManagedIntegrations",
              "AWS/Usage"
            ]
          }
        },
        "Effect": "Allow",
        "Resource": "*",
        "Sid": "CloudWatchMetrics"
      }
    ],
    "Version": "2012-10-17"
  },
  "effective_actions": [
    {
      "access_level": "Write",
      "action": "logs:CreateLogGroup",
      "condition": {
        "StringEquals": {
          "aws:PrincipalAccount": "${aws:ResourceAccount}"
        }
      },
      "credentials_exposure": false,
      "data_access": false,
      "effective_action": "logs:CreateLogGroup",
      "privesc": false,
      "resource_exposure": false
    },
    {
      "access_level": "Write",
      "action": "logs:CreateLogStream",
      "condition": {
        "StringEquals": {
          "aws:PrincipalAccount": "${aws:ResourceAccount}"
        }
      },
      "credentials_exposure": false,
      "data_access": false,
      "effective_action": "logs:CreateLogStream",
      "privesc": false,
      "resource_exposure": false
    },
    {
      "access_level": "Write",
      "action": "logs:PutLogEvents",
      "condition": {
        "StringEquals": {
          "aws:PrincipalAccount": "${aws:ResourceAccount}"
        }
      },
      "credentials_exposure": false,
      "data_access": false,
      "effective_action": "logs:PutLogEvents",
      "privesc": false,
      "resource_exposure": false
    },
    {
      "access_level": "Write",
      "action": "cloudwatch:PutMetricData",
      "condition": {
        "StringEquals": {
          "cloudwatch:namespace": [
            "AWS/IoTManagedIntegrations",
            "AWS/Usage"
          ]
        }
      },
      "credentials_exposure": false,
      "data_access": false,
      "effective_action": "cloudwatch:PutMetricData",
      "privesc": false,
      "resource_exposure": false
    }
  ],
  "grantless": false,
  "malformed": false,
  "name": "AWSIoTManagedIntegrationsRolePolicy",
  "privesc": false,
  "resource_exposure": false,
  "undocumented_actions": false,
  "unknown_actions": [],
  "updatedate": "2025-03-05T21:22:06+00:00",
  "version": "v1"
}