{
  "access_levels": [
    "List",
    "Permissions management"
  ],
  "arn": "arn:aws:iam::aws:policy/aws-service-role/AWSIQPermissionServiceRolePolicy",
  "createdate": "2019-08-22T19:36:29Z",
  "credentials_exposure": false,
  "data_access": false,
  "deprecated": false,
  "document": {
    "Statement": [
      {
        "Action": [
          "iam:DeleteRole",
          "iam:ListAttachedRolePolicies"
        ],
        "Effect": "Allow",
        "Resource": "arn:aws:iam::*:role/AWSIQPermission-*"
      },
      {
        "Action": [
          "iam:AttachRolePolicy"
        ],
        "Condition": {
          "ArnEquals": {
            "iam:PolicyARN": "arn:aws:iam::aws:policy/AWSDenyAll"
          }
        },
        "Effect": "Allow",
        "Resource": "arn:aws:iam::*:role/AWSIQPermission-*"
      },
      {
        "Action": [
          "iam:DetachRolePolicy"
        ],
        "Effect": "Allow",
        "Resource": "arn:aws:iam::*:role/AWSIQPermission-*"
      }
    ],
    "Version": "2012-10-17"
  },
  "effective_actions": [
    {
      "access_level": "Permissions management",
      "action": "iam:DeleteRole",
      "condition": null,
      "credentials_exposure": false,
      "data_access": false,
      "effective_action": "iam:DeleteRole",
      "privesc": false,
      "resource_exposure": true
    },
    {
      "access_level": "List",
      "action": "iam:ListAttachedRolePolicies",
      "condition": null,
      "credentials_exposure": false,
      "data_access": false,
      "effective_action": "iam:ListAttachedRolePolicies",
      "privesc": false,
      "resource_exposure": false
    },
    {
      "access_level": "Permissions management",
      "action": "iam:AttachRolePolicy",
      "condition": {
        "ArnEquals": {
          "iam:PolicyARN": "arn:aws:iam::aws:policy/AWSDenyAll"
        }
      },
      "credentials_exposure": false,
      "data_access": false,
      "effective_action": "iam:AttachRolePolicy",
      "privesc": true,
      "resource_exposure": true
    },
    {
      "access_level": "Permissions management",
      "action": "iam:DetachRolePolicy",
      "condition": null,
      "credentials_exposure": false,
      "data_access": false,
      "effective_action": "iam:DetachRolePolicy",
      "privesc": false,
      "resource_exposure": true
    }
  ],
  "grantless": false,
  "malformed": false,
  "name": "AWSIQPermissionServiceRolePolicy",
  "privesc": true,
  "resource_exposure": true,
  "undocumented_actions": false,
  "unknown_actions": [],
  "updatedate": "2019-08-22T19:36:29+00:00",
  "version": "v1"
}