{
  "access_levels": [
    "List",
    "Read"
  ],
  "arn": "arn:aws:iam::aws:policy/AWSIoTAnalyticsReadOnlyAccess",
  "createdate": "2018-06-18T21:37:49Z",
  "credentials_exposure": false,
  "data_access": false,
  "deprecated": false,
  "document": {
    "Statement": [
      {
        "Action": [
          "iotanalytics:Describe*",
          "iotanalytics:List*",
          "iotanalytics:Get*",
          "iotanalytics:SampleChannelData"
        ],
        "Effect": "Allow",
        "Resource": "*"
      }
    ],
    "Version": "2012-10-17"
  },
  "effective_actions": [
    {
      "access_level": "Read",
      "action": "iotanalytics:Describe*",
      "condition": null,
      "credentials_exposure": false,
      "data_access": false,
      "effective_action": "iotanalytics:DescribeChannel",
      "privesc": false,
      "resource_exposure": false
    },
    {
      "access_level": "Read",
      "action": "iotanalytics:Describe*",
      "condition": null,
      "credentials_exposure": false,
      "data_access": false,
      "effective_action": "iotanalytics:DescribeDataset",
      "privesc": false,
      "resource_exposure": false
    },
    {
      "access_level": "Read",
      "action": "iotanalytics:Describe*",
      "condition": null,
      "credentials_exposure": false,
      "data_access": false,
      "effective_action": "iotanalytics:DescribeDatastore",
      "privesc": false,
      "resource_exposure": false
    },
    {
      "access_level": "Read",
      "action": "iotanalytics:Describe*",
      "condition": null,
      "credentials_exposure": false,
      "data_access": false,
      "effective_action": "iotanalytics:DescribeLoggingOptions",
      "privesc": false,
      "resource_exposure": false
    },
    {
      "access_level": "Read",
      "action": "iotanalytics:Describe*",
      "condition": null,
      "credentials_exposure": false,
      "data_access": false,
      "effective_action": "iotanalytics:DescribePipeline",
      "privesc": false,
      "resource_exposure": false
    },
    {
      "access_level": "List",
      "action": "iotanalytics:List*",
      "condition": null,
      "credentials_exposure": false,
      "data_access": false,
      "effective_action": "iotanalytics:ListChannels",
      "privesc": false,
      "resource_exposure": false
    },
    {
      "access_level": "List",
      "action": "iotanalytics:List*",
      "condition": null,
      "credentials_exposure": false,
      "data_access": false,
      "effective_action": "iotanalytics:ListDatasetContents",
      "privesc": false,
      "resource_exposure": false
    },
    {
      "access_level": "List",
      "action": "iotanalytics:List*",
      "condition": null,
      "credentials_exposure": false,
      "data_access": false,
      "effective_action": "iotanalytics:ListDatasets",
      "privesc": false,
      "resource_exposure": false
    },
    {
      "access_level": "List",
      "action": "iotanalytics:List*",
      "condition": null,
      "credentials_exposure": false,
      "data_access": false,
      "effective_action": "iotanalytics:ListDatastores",
      "privesc": false,
      "resource_exposure": false
    },
    {
      "access_level": "List",
      "action": "iotanalytics:List*",
      "condition": null,
      "credentials_exposure": false,
      "data_access": false,
      "effective_action": "iotanalytics:ListPipelines",
      "privesc": false,
      "resource_exposure": false
    },
    {
      "access_level": "Read",
      "action": "iotanalytics:List*",
      "condition": null,
      "credentials_exposure": false,
      "data_access": false,
      "effective_action": "iotanalytics:ListTagsForResource",
      "privesc": false,
      "resource_exposure": false
    },
    {
      "access_level": "Read",
      "action": "iotanalytics:Get*",
      "condition": null,
      "credentials_exposure": false,
      "data_access": false,
      "effective_action": "iotanalytics:GetDatasetContent",
      "privesc": false,
      "resource_exposure": false
    },
    {
      "access_level": "Read",
      "action": "iotanalytics:SampleChannelData",
      "condition": null,
      "credentials_exposure": false,
      "data_access": false,
      "effective_action": "iotanalytics:SampleChannelData",
      "privesc": false,
      "resource_exposure": false
    }
  ],
  "grantless": false,
  "malformed": false,
  "name": "AWSIoTAnalyticsReadOnlyAccess",
  "privesc": false,
  "resource_exposure": false,
  "undocumented_actions": false,
  "unknown_actions": [],
  "updatedate": "2018-06-18T21:37:49+00:00",
  "version": "v1"
}