{
  "access_levels": [
    "List",
    "Read",
    "Write"
  ],
  "arn": "arn:aws:iam::aws:policy/aws-service-role/AWSIoTTwinMakerServiceRolePolicy",
  "createdate": "2023-11-13T18:59:42Z",
  "credentials_exposure": false,
  "data_access": false,
  "deprecated": false,
  "document": {
    "Statement": [
      {
        "Action": [
          "iotsitewise:DescribeAsset"
        ],
        "Effect": "Allow",
        "Resource": [
          "arn:aws:iotsitewise:*:*:asset/*"
        ],
        "Sid": "SiteWiseAssetReadAccess"
      },
      {
        "Action": [
          "iotsitewise:DescribeAssetModel"
        ],
        "Effect": "Allow",
        "Resource": [
          "arn:aws:iotsitewise:*:*:asset-model/*"
        ],
        "Sid": "SiteWiseAssetModelReadAccess"
      },
      {
        "Action": [
          "iotsitewise:ListAssets",
          "iotsitewise:ListAssetModels"
        ],
        "Effect": "Allow",
        "Resource": [
          "*"
        ],
        "Sid": "SiteWiseAssetModelAndAssetListAccess"
      },
      {
        "Action": [
          "iottwinmaker:GetEntity",
          "iottwinmaker:CreateEntity",
          "iottwinmaker:UpdateEntity",
          "iottwinmaker:DeleteEntity",
          "iottwinmaker:ListEntities",
          "iottwinmaker:GetComponentType",
          "iottwinmaker:CreateComponentType",
          "iottwinmaker:UpdateComponentType",
          "iottwinmaker:DeleteComponentType",
          "iottwinmaker:ListComponentTypes"
        ],
        "Condition": {
          "ForAnyValue:StringEquals": {
            "iottwinmaker:linkedServices": [
              "IOTSITEWISE"
            ]
          }
        },
        "Effect": "Allow",
        "Resource": [
          "arn:aws:iottwinmaker:*:*:workspace/*"
        ],
        "Sid": "TwinMakerAccess"
      }
    ],
    "Version": "2012-10-17"
  },
  "effective_actions": [
    {
      "access_level": "Read",
      "action": "iotsitewise:DescribeAsset",
      "condition": null,
      "credentials_exposure": false,
      "data_access": false,
      "effective_action": "iotsitewise:DescribeAsset",
      "privesc": false,
      "resource_exposure": false
    },
    {
      "access_level": "Read",
      "action": "iotsitewise:DescribeAssetModel",
      "condition": null,
      "credentials_exposure": false,
      "data_access": false,
      "effective_action": "iotsitewise:DescribeAssetModel",
      "privesc": false,
      "resource_exposure": false
    },
    {
      "access_level": "List",
      "action": "iotsitewise:ListAssets",
      "condition": null,
      "credentials_exposure": false,
      "data_access": false,
      "effective_action": "iotsitewise:ListAssets",
      "privesc": false,
      "resource_exposure": false
    },
    {
      "access_level": "List",
      "action": "iotsitewise:ListAssetModels",
      "condition": null,
      "credentials_exposure": false,
      "data_access": false,
      "effective_action": "iotsitewise:ListAssetModels",
      "privesc": false,
      "resource_exposure": false
    },
    {
      "access_level": "Read",
      "action": "iottwinmaker:GetEntity",
      "condition": {
        "ForAnyValue:StringEquals": {
          "iottwinmaker:linkedServices": [
            "IOTSITEWISE"
          ]
        }
      },
      "credentials_exposure": false,
      "data_access": false,
      "effective_action": "iottwinmaker:GetEntity",
      "privesc": false,
      "resource_exposure": false
    },
    {
      "access_level": "Write",
      "action": "iottwinmaker:CreateEntity",
      "condition": {
        "ForAnyValue:StringEquals": {
          "iottwinmaker:linkedServices": [
            "IOTSITEWISE"
          ]
        }
      },
      "credentials_exposure": false,
      "data_access": false,
      "effective_action": "iottwinmaker:CreateEntity",
      "privesc": false,
      "resource_exposure": false
    },
    {
      "access_level": "Write",
      "action": "iottwinmaker:UpdateEntity",
      "condition": {
        "ForAnyValue:StringEquals": {
          "iottwinmaker:linkedServices": [
            "IOTSITEWISE"
          ]
        }
      },
      "credentials_exposure": false,
      "data_access": false,
      "effective_action": "iottwinmaker:UpdateEntity",
      "privesc": false,
      "resource_exposure": false
    },
    {
      "access_level": "Write",
      "action": "iottwinmaker:DeleteEntity",
      "condition": {
        "ForAnyValue:StringEquals": {
          "iottwinmaker:linkedServices": [
            "IOTSITEWISE"
          ]
        }
      },
      "credentials_exposure": false,
      "data_access": false,
      "effective_action": "iottwinmaker:DeleteEntity",
      "privesc": false,
      "resource_exposure": false
    },
    {
      "access_level": "List",
      "action": "iottwinmaker:ListEntities",
      "condition": {
        "ForAnyValue:StringEquals": {
          "iottwinmaker:linkedServices": [
            "IOTSITEWISE"
          ]
        }
      },
      "credentials_exposure": false,
      "data_access": false,
      "effective_action": "iottwinmaker:ListEntities",
      "privesc": false,
      "resource_exposure": false
    },
    {
      "access_level": "Read",
      "action": "iottwinmaker:GetComponentType",
      "condition": {
        "ForAnyValue:StringEquals": {
          "iottwinmaker:linkedServices": [
            "IOTSITEWISE"
          ]
        }
      },
      "credentials_exposure": false,
      "data_access": false,
      "effective_action": "iottwinmaker:GetComponentType",
      "privesc": false,
      "resource_exposure": false
    },
    {
      "access_level": "Write",
      "action": "iottwinmaker:CreateComponentType",
      "condition": {
        "ForAnyValue:StringEquals": {
          "iottwinmaker:linkedServices": [
            "IOTSITEWISE"
          ]
        }
      },
      "credentials_exposure": false,
      "data_access": false,
      "effective_action": "iottwinmaker:CreateComponentType",
      "privesc": false,
      "resource_exposure": false
    },
    {
      "access_level": "Write",
      "action": "iottwinmaker:UpdateComponentType",
      "condition": {
        "ForAnyValue:StringEquals": {
          "iottwinmaker:linkedServices": [
            "IOTSITEWISE"
          ]
        }
      },
      "credentials_exposure": false,
      "data_access": false,
      "effective_action": "iottwinmaker:UpdateComponentType",
      "privesc": false,
      "resource_exposure": false
    },
    {
      "access_level": "Write",
      "action": "iottwinmaker:DeleteComponentType",
      "condition": {
        "ForAnyValue:StringEquals": {
          "iottwinmaker:linkedServices": [
            "IOTSITEWISE"
          ]
        }
      },
      "credentials_exposure": false,
      "data_access": false,
      "effective_action": "iottwinmaker:DeleteComponentType",
      "privesc": false,
      "resource_exposure": false
    },
    {
      "access_level": "List",
      "action": "iottwinmaker:ListComponentTypes",
      "condition": {
        "ForAnyValue:StringEquals": {
          "iottwinmaker:linkedServices": [
            "IOTSITEWISE"
          ]
        }
      },
      "credentials_exposure": false,
      "data_access": false,
      "effective_action": "iottwinmaker:ListComponentTypes",
      "privesc": false,
      "resource_exposure": false
    }
  ],
  "grantless": false,
  "malformed": false,
  "name": "AWSIoTTwinMakerServiceRolePolicy",
  "privesc": false,
  "resource_exposure": false,
  "undocumented_actions": false,
  "unknown_actions": [],
  "updatedate": "2023-11-13T18:59:42+00:00",
  "version": "v1"
}