{
  "access_levels": [
    "Write"
  ],
  "arn": "arn:aws:iam::aws:policy/service-role/AWSIoTDeviceDefenderUpdateDeviceCertMitigationAction",
  "createdate": "2019-08-07T17:06:00Z",
  "credentials_exposure": false,
  "data_access": false,
  "deprecated": false,
  "document": {
    "Statement": [
      {
        "Action": [
          "iot:UpdateCertificate"
        ],
        "Effect": "Allow",
        "Resource": [
          "*"
        ]
      }
    ],
    "Version": "2012-10-17"
  },
  "effective_actions": [
    {
      "access_level": "Write",
      "action": "iot:UpdateCertificate",
      "condition": null,
      "credentials_exposure": false,
      "data_access": false,
      "effective_action": "iot:UpdateCertificate",
      "privesc": false,
      "resource_exposure": false
    }
  ],
  "grantless": false,
  "malformed": false,
  "name": "AWSIoTDeviceDefenderUpdateDeviceCertMitigationAction",
  "privesc": false,
  "resource_exposure": false,
  "undocumented_actions": false,
  "unknown_actions": [],
  "updatedate": "2019-08-07T17:06:00+00:00",
  "version": "v1"
}