{
  "access_levels": [
    "Read",
    "Tagging",
    "Write"
  ],
  "arn": "arn:aws:iam::aws:policy/AWSIoTWirelessFullAccess",
  "createdate": "2020-12-15T15:27:57Z",
  "credentials_exposure": false,
  "data_access": false,
  "deprecated": false,
  "document": {
    "Statement": [
      {
        "Action": [
          "iotwireless:*"
        ],
        "Effect": "Allow",
        "Resource": "*"
      }
    ],
    "Version": "2012-10-17"
  },
  "effective_actions": [
    {
      "access_level": "Write",
      "action": "iotwireless:*",
      "condition": null,
      "credentials_exposure": false,
      "data_access": false,
      "effective_action": "iotwireless:AssociateAwsAccountWithPartnerAccount",
      "privesc": false,
      "resource_exposure": false
    },
    {
      "access_level": "Write",
      "action": "iotwireless:*",
      "condition": null,
      "credentials_exposure": false,
      "data_access": false,
      "effective_action": "iotwireless:AssociateMulticastGroupWithFuotaTask",
      "privesc": false,
      "resource_exposure": false
    },
    {
      "access_level": "Write",
      "action": "iotwireless:*",
      "condition": null,
      "credentials_exposure": false,
      "data_access": false,
      "effective_action": "iotwireless:AssociateWirelessDeviceWithFuotaTask",
      "privesc": false,
      "resource_exposure": false
    },
    {
      "access_level": "Write",
      "action": "iotwireless:*",
      "condition": null,
      "credentials_exposure": false,
      "data_access": false,
      "effective_action": "iotwireless:AssociateWirelessDeviceWithMulticastGroup",
      "privesc": false,
      "resource_exposure": false
    },
    {
      "access_level": "Write",
      "action": "iotwireless:*",
      "condition": null,
      "credentials_exposure": false,
      "data_access": false,
      "effective_action": "iotwireless:AssociateWirelessDeviceWithThing",
      "privesc": false,
      "resource_exposure": false
    },
    {
      "access_level": "Write",
      "action": "iotwireless:*",
      "condition": null,
      "credentials_exposure": false,
      "data_access": false,
      "effective_action": "iotwireless:AssociateWirelessGatewayWithCertificate",
      "privesc": false,
      "resource_exposure": false
    },
    {
      "access_level": "Write",
      "action": "iotwireless:*",
      "condition": null,
      "credentials_exposure": false,
      "data_access": false,
      "effective_action": "iotwireless:AssociateWirelessGatewayWithThing",
      "privesc": false,
      "resource_exposure": false
    },
    {
      "access_level": "Write",
      "action": "iotwireless:*",
      "condition": null,
      "credentials_exposure": false,
      "data_access": false,
      "effective_action": "iotwireless:CancelMulticastGroupSession",
      "privesc": false,
      "resource_exposure": false
    },
    {
      "access_level": "Write",
      "action": "iotwireless:*",
      "condition": null,
      "credentials_exposure": false,
      "data_access": false,
      "effective_action": "iotwireless:CreateDestination",
      "privesc": false,
      "resource_exposure": false
    },
    {
      "access_level": "Write",
      "action": "iotwireless:*",
      "condition": null,
      "credentials_exposure": false,
      "data_access": false,
      "effective_action": "iotwireless:CreateDeviceProfile",
      "privesc": false,
      "resource_exposure": false
    },
    {
      "access_level": "Write",
      "action": "iotwireless:*",
      "condition": null,
      "credentials_exposure": false,
      "data_access": false,
      "effective_action": "iotwireless:CreateFuotaTask",
      "privesc": false,
      "resource_exposure": false
    },
    {
      "access_level": "Write",
      "action": "iotwireless:*",
      "condition": null,
      "credentials_exposure": false,
      "data_access": false,
      "effective_action": "iotwireless:CreateMulticastGroup",
      "privesc": false,
      "resource_exposure": false
    },
    {
      "access_level": "Write",
      "action": "iotwireless:*",
      "condition": null,
      "credentials_exposure": false,
      "data_access": false,
      "effective_action": "iotwireless:CreateNetworkAnalyzerConfiguration",
      "privesc": false,
      "resource_exposure": false
    },
    {
      "access_level": "Write",
      "action": "iotwireless:*",
      "condition": null,
      "credentials_exposure": false,
      "data_access": false,
      "effective_action": "iotwireless:CreateServiceProfile",
      "privesc": false,
      "resource_exposure": false
    },
    {
      "access_level": "Write",
      "action": "iotwireless:*",
      "condition": null,
      "credentials_exposure": false,
      "data_access": false,
      "effective_action": "iotwireless:CreateWirelessDevice",
      "privesc": false,
      "resource_exposure": false
    },
    {
      "access_level": "Write",
      "action": "iotwireless:*",
      "condition": null,
      "credentials_exposure": false,
      "data_access": false,
      "effective_action": "iotwireless:CreateWirelessGateway",
      "privesc": false,
      "resource_exposure": false
    },
    {
      "access_level": "Write",
      "action": "iotwireless:*",
      "condition": null,
      "credentials_exposure": false,
      "data_access": false,
      "effective_action": "iotwireless:CreateWirelessGatewayTask",
      "privesc": false,
      "resource_exposure": false
    },
    {
      "access_level": "Write",
      "action": "iotwireless:*",
      "condition": null,
      "credentials_exposure": false,
      "data_access": false,
      "effective_action": "iotwireless:CreateWirelessGatewayTaskDefinition",
      "privesc": false,
      "resource_exposure": false
    },
    {
      "access_level": "Write",
      "action": "iotwireless:*",
      "condition": null,
      "credentials_exposure": false,
      "data_access": false,
      "effective_action": "iotwireless:DeleteDestination",
      "privesc": false,
      "resource_exposure": false
    },
    {
      "access_level": "Write",
      "action": "iotwireless:*",
      "condition": null,
      "credentials_exposure": false,
      "data_access": false,
      "effective_action": "iotwireless:DeleteDeviceProfile",
      "privesc": false,
      "resource_exposure": false
    },
    {
      "access_level": "Write",
      "action": "iotwireless:*",
      "condition": null,
      "credentials_exposure": false,
      "data_access": false,
      "effective_action": "iotwireless:DeleteFuotaTask",
      "privesc": false,
      "resource_exposure": false
    },
    {
      "access_level": "Write",
      "action": "iotwireless:*",
      "condition": null,
      "credentials_exposure": false,
      "data_access": false,
      "effective_action": "iotwireless:DeleteMulticastGroup",
      "privesc": false,
      "resource_exposure": false
    },
    {
      "access_level": "Write",
      "action": "iotwireless:*",
      "condition": null,
      "credentials_exposure": false,
      "data_access": false,
      "effective_action": "iotwireless:DeleteNetworkAnalyzerConfiguration",
      "privesc": false,
      "resource_exposure": false
    },
    {
      "access_level": "Write",
      "action": "iotwireless:*",
      "condition": null,
      "credentials_exposure": false,
      "data_access": false,
      "effective_action": "iotwireless:DeleteQueuedMessages",
      "privesc": false,
      "resource_exposure": false
    },
    {
      "access_level": "Write",
      "action": "iotwireless:*",
      "condition": null,
      "credentials_exposure": false,
      "data_access": false,
      "effective_action": "iotwireless:DeleteServiceProfile",
      "privesc": false,
      "resource_exposure": false
    },
    {
      "access_level": "Write",
      "action": "iotwireless:*",
      "condition": null,
      "credentials_exposure": false,
      "data_access": false,
      "effective_action": "iotwireless:DeleteWirelessDevice",
      "privesc": false,
      "resource_exposure": false
    },
    {
      "access_level": "Write",
      "action": "iotwireless:*",
      "condition": null,
      "credentials_exposure": false,
      "data_access": false,
      "effective_action": "iotwireless:DeleteWirelessDeviceImportTask",
      "privesc": false,
      "resource_exposure": false
    },
    {
      "access_level": "Write",
      "action": "iotwireless:*",
      "condition": null,
      "credentials_exposure": false,
      "data_access": false,
      "effective_action": "iotwireless:DeleteWirelessGateway",
      "privesc": false,
      "resource_exposure": false
    },
    {
      "access_level": "Write",
      "action": "iotwireless:*",
      "condition": null,
      "credentials_exposure": false,
      "data_access": false,
      "effective_action": "iotwireless:DeleteWirelessGatewayTask",
      "privesc": false,
      "resource_exposure": false
    },
    {
      "access_level": "Write",
      "action": "iotwireless:*",
      "condition": null,
      "credentials_exposure": false,
      "data_access": false,
      "effective_action": "iotwireless:DeleteWirelessGatewayTaskDefinition",
      "privesc": false,
      "resource_exposure": false
    },
    {
      "access_level": "Write",
      "action": "iotwireless:*",
      "condition": null,
      "credentials_exposure": false,
      "data_access": false,
      "effective_action": "iotwireless:DeregisterWirelessDevice",
      "privesc": false,
      "resource_exposure": false
    },
    {
      "access_level": "Write",
      "action": "iotwireless:*",
      "condition": null,
      "credentials_exposure": false,
      "data_access": false,
      "effective_action": "iotwireless:DisassociateAwsAccountFromPartnerAccount",
      "privesc": false,
      "resource_exposure": false
    },
    {
      "access_level": "Write",
      "action": "iotwireless:*",
      "condition": null,
      "credentials_exposure": false,
      "data_access": false,
      "effective_action": "iotwireless:DisassociateMulticastGroupFromFuotaTask",
      "privesc": false,
      "resource_exposure": false
    },
    {
      "access_level": "Write",
      "action": "iotwireless:*",
      "condition": null,
      "credentials_exposure": false,
      "data_access": false,
      "effective_action": "iotwireless:DisassociateWirelessDeviceFromFuotaTask",
      "privesc": false,
      "resource_exposure": false
    },
    {
      "access_level": "Write",
      "action": "iotwireless:*",
      "condition": null,
      "credentials_exposure": false,
      "data_access": false,
      "effective_action": "iotwireless:DisassociateWirelessDeviceFromMulticastGroup",
      "privesc": false,
      "resource_exposure": false
    },
    {
      "access_level": "Write",
      "action": "iotwireless:*",
      "condition": null,
      "credentials_exposure": false,
      "data_access": false,
      "effective_action": "iotwireless:DisassociateWirelessDeviceFromThing",
      "privesc": false,
      "resource_exposure": false
    },
    {
      "access_level": "Write",
      "action": "iotwireless:*",
      "condition": null,
      "credentials_exposure": false,
      "data_access": false,
      "effective_action": "iotwireless:DisassociateWirelessGatewayFromCertificate",
      "privesc": false,
      "resource_exposure": false
    },
    {
      "access_level": "Write",
      "action": "iotwireless:*",
      "condition": null,
      "credentials_exposure": false,
      "data_access": false,
      "effective_action": "iotwireless:DisassociateWirelessGatewayFromThing",
      "privesc": false,
      "resource_exposure": false
    },
    {
      "access_level": "Read",
      "action": "iotwireless:*",
      "condition": null,
      "credentials_exposure": false,
      "data_access": false,
      "effective_action": "iotwireless:GetDestination",
      "privesc": false,
      "resource_exposure": false
    },
    {
      "access_level": "Read",
      "action": "iotwireless:*",
      "condition": null,
      "credentials_exposure": false,
      "data_access": false,
      "effective_action": "iotwireless:GetDeviceProfile",
      "privesc": false,
      "resource_exposure": false
    },
    {
      "access_level": "Read",
      "action": "iotwireless:*",
      "condition": null,
      "credentials_exposure": false,
      "data_access": false,
      "effective_action": "iotwireless:GetEventConfigurationByResourceTypes",
      "privesc": false,
      "resource_exposure": false
    },
    {
      "access_level": "Read",
      "action": "iotwireless:*",
      "condition": null,
      "credentials_exposure": false,
      "data_access": false,
      "effective_action": "iotwireless:GetFuotaTask",
      "privesc": false,
      "resource_exposure": false
    },
    {
      "access_level": "Read",
      "action": "iotwireless:*",
      "condition": null,
      "credentials_exposure": false,
      "data_access": false,
      "effective_action": "iotwireless:GetLogLevelsByResourceTypes",
      "privesc": false,
      "resource_exposure": false
    },
    {
      "access_level": "Read",
      "action": "iotwireless:*",
      "condition": null,
      "credentials_exposure": false,
      "data_access": false,
      "effective_action": "iotwireless:GetMetricConfiguration",
      "privesc": false,
      "resource_exposure": false
    },
    {
      "access_level": "Read",
      "action": "iotwireless:*",
      "condition": null,
      "credentials_exposure": false,
      "data_access": false,
      "effective_action": "iotwireless:GetMetrics",
      "privesc": false,
      "resource_exposure": false
    },
    {
      "access_level": "Read",
      "action": "iotwireless:*",
      "condition": null,
      "credentials_exposure": false,
      "data_access": false,
      "effective_action": "iotwireless:GetMulticastGroup",
      "privesc": false,
      "resource_exposure": false
    },
    {
      "access_level": "Read",
      "action": "iotwireless:*",
      "condition": null,
      "credentials_exposure": false,
      "data_access": false,
      "effective_action": "iotwireless:GetMulticastGroupSession",
      "privesc": false,
      "resource_exposure": false
    },
    {
      "access_level": "Read",
      "action": "iotwireless:*",
      "condition": null,
      "credentials_exposure": false,
      "data_access": false,
      "effective_action": "iotwireless:GetNetworkAnalyzerConfiguration",
      "privesc": false,
      "resource_exposure": false
    },
    {
      "access_level": "Read",
      "action": "iotwireless:*",
      "condition": null,
      "credentials_exposure": false,
      "data_access": false,
      "effective_action": "iotwireless:GetPartnerAccount",
      "privesc": false,
      "resource_exposure": false
    },
    {
      "access_level": "Read",
      "action": "iotwireless:*",
      "condition": null,
      "credentials_exposure": false,
      "data_access": false,
      "effective_action": "iotwireless:GetPosition",
      "privesc": false,
      "resource_exposure": false
    },
    {
      "access_level": "Read",
      "action": "iotwireless:*",
      "condition": null,
      "credentials_exposure": false,
      "data_access": false,
      "effective_action": "iotwireless:GetPositionConfiguration",
      "privesc": false,
      "resource_exposure": false
    },
    {
      "access_level": "Read",
      "action": "iotwireless:*",
      "condition": null,
      "credentials_exposure": false,
      "data_access": false,
      "effective_action": "iotwireless:GetPositionEstimate",
      "privesc": false,
      "resource_exposure": false
    },
    {
      "access_level": "Read",
      "action": "iotwireless:*",
      "condition": null,
      "credentials_exposure": false,
      "data_access": false,
      "effective_action": "iotwireless:GetResourceEventConfiguration",
      "privesc": false,
      "resource_exposure": false
    },
    {
      "access_level": "Read",
      "action": "iotwireless:*",
      "condition": null,
      "credentials_exposure": false,
      "data_access": false,
      "effective_action": "iotwireless:GetResourceLogLevel",
      "privesc": false,
      "resource_exposure": false
    },
    {
      "access_level": "Read",
      "action": "iotwireless:*",
      "condition": null,
      "credentials_exposure": false,
      "data_access": false,
      "effective_action": "iotwireless:GetResourcePosition",
      "privesc": false,
      "resource_exposure": false
    },
    {
      "access_level": "Read",
      "action": "iotwireless:*",
      "condition": null,
      "credentials_exposure": false,
      "data_access": false,
      "effective_action": "iotwireless:GetServiceEndpoint",
      "privesc": false,
      "resource_exposure": false
    },
    {
      "access_level": "Read",
      "action": "iotwireless:*",
      "condition": null,
      "credentials_exposure": false,
      "data_access": false,
      "effective_action": "iotwireless:GetServiceProfile",
      "privesc": false,
      "resource_exposure": false
    },
    {
      "access_level": "Read",
      "action": "iotwireless:*",
      "condition": null,
      "credentials_exposure": false,
      "data_access": false,
      "effective_action": "iotwireless:GetWirelessDevice",
      "privesc": false,
      "resource_exposure": false
    },
    {
      "access_level": "Read",
      "action": "iotwireless:*",
      "condition": null,
      "credentials_exposure": false,
      "data_access": false,
      "effective_action": "iotwireless:GetWirelessDeviceImportTask",
      "privesc": false,
      "resource_exposure": false
    },
    {
      "access_level": "Read",
      "action": "iotwireless:*",
      "condition": null,
      "credentials_exposure": false,
      "data_access": false,
      "effective_action": "iotwireless:GetWirelessDeviceStatistics",
      "privesc": false,
      "resource_exposure": false
    },
    {
      "access_level": "Read",
      "action": "iotwireless:*",
      "condition": null,
      "credentials_exposure": false,
      "data_access": false,
      "effective_action": "iotwireless:GetWirelessGateway",
      "privesc": false,
      "resource_exposure": false
    },
    {
      "access_level": "Read",
      "action": "iotwireless:*",
      "condition": null,
      "credentials_exposure": false,
      "data_access": false,
      "effective_action": "iotwireless:GetWirelessGatewayCertificate",
      "privesc": false,
      "resource_exposure": false
    },
    {
      "access_level": "Read",
      "action": "iotwireless:*",
      "condition": null,
      "credentials_exposure": false,
      "data_access": false,
      "effective_action": "iotwireless:GetWirelessGatewayFirmwareInformation",
      "privesc": false,
      "resource_exposure": false
    },
    {
      "access_level": "Read",
      "action": "iotwireless:*",
      "condition": null,
      "credentials_exposure": false,
      "data_access": false,
      "effective_action": "iotwireless:GetWirelessGatewayStatistics",
      "privesc": false,
      "resource_exposure": false
    },
    {
      "access_level": "Read",
      "action": "iotwireless:*",
      "condition": null,
      "credentials_exposure": false,
      "data_access": false,
      "effective_action": "iotwireless:GetWirelessGatewayTask",
      "privesc": false,
      "resource_exposure": false
    },
    {
      "access_level": "Read",
      "action": "iotwireless:*",
      "condition": null,
      "credentials_exposure": false,
      "data_access": false,
      "effective_action": "iotwireless:GetWirelessGatewayTaskDefinition",
      "privesc": false,
      "resource_exposure": false
    },
    {
      "access_level": "Read",
      "action": "iotwireless:*",
      "condition": null,
      "credentials_exposure": false,
      "data_access": false,
      "effective_action": "iotwireless:ListDestinations",
      "privesc": false,
      "resource_exposure": false
    },
    {
      "access_level": "Read",
      "action": "iotwireless:*",
      "condition": null,
      "credentials_exposure": false,
      "data_access": false,
      "effective_action": "iotwireless:ListDeviceProfiles",
      "privesc": false,
      "resource_exposure": false
    },
    {
      "access_level": "Read",
      "action": "iotwireless:*",
      "condition": null,
      "credentials_exposure": false,
      "data_access": false,
      "effective_action": "iotwireless:ListDevicesForWirelessDeviceImportTask",
      "privesc": false,
      "resource_exposure": false
    },
    {
      "access_level": "Read",
      "action": "iotwireless:*",
      "condition": null,
      "credentials_exposure": false,
      "data_access": false,
      "effective_action": "iotwireless:ListEventConfigurations",
      "privesc": false,
      "resource_exposure": false
    },
    {
      "access_level": "Read",
      "action": "iotwireless:*",
      "condition": null,
      "credentials_exposure": false,
      "data_access": false,
      "effective_action": "iotwireless:ListFuotaTasks",
      "privesc": false,
      "resource_exposure": false
    },
    {
      "access_level": "Read",
      "action": "iotwireless:*",
      "condition": null,
      "credentials_exposure": false,
      "data_access": false,
      "effective_action": "iotwireless:ListMulticastGroups",
      "privesc": false,
      "resource_exposure": false
    },
    {
      "access_level": "Read",
      "action": "iotwireless:*",
      "condition": null,
      "credentials_exposure": false,
      "data_access": false,
      "effective_action": "iotwireless:ListMulticastGroupsByFuotaTask",
      "privesc": false,
      "resource_exposure": false
    },
    {
      "access_level": "Read",
      "action": "iotwireless:*",
      "condition": null,
      "credentials_exposure": false,
      "data_access": false,
      "effective_action": "iotwireless:ListNetworkAnalyzerConfigurations",
      "privesc": false,
      "resource_exposure": false
    },
    {
      "access_level": "Read",
      "action": "iotwireless:*",
      "condition": null,
      "credentials_exposure": false,
      "data_access": false,
      "effective_action": "iotwireless:ListPartnerAccounts",
      "privesc": false,
      "resource_exposure": false
    },
    {
      "access_level": "Read",
      "action": "iotwireless:*",
      "condition": null,
      "credentials_exposure": false,
      "data_access": false,
      "effective_action": "iotwireless:ListPositionConfigurations",
      "privesc": false,
      "resource_exposure": false
    },
    {
      "access_level": "Read",
      "action": "iotwireless:*",
      "condition": null,
      "credentials_exposure": false,
      "data_access": false,
      "effective_action": "iotwireless:ListQueuedMessages",
      "privesc": false,
      "resource_exposure": false
    },
    {
      "access_level": "Read",
      "action": "iotwireless:*",
      "condition": null,
      "credentials_exposure": false,
      "data_access": false,
      "effective_action": "iotwireless:ListServiceProfiles",
      "privesc": false,
      "resource_exposure": false
    },
    {
      "access_level": "Read",
      "action": "iotwireless:*",
      "condition": null,
      "credentials_exposure": false,
      "data_access": false,
      "effective_action": "iotwireless:ListTagsForResource",
      "privesc": false,
      "resource_exposure": false
    },
    {
      "access_level": "Read",
      "action": "iotwireless:*",
      "condition": null,
      "credentials_exposure": false,
      "data_access": false,
      "effective_action": "iotwireless:ListWirelessDeviceImportTasks",
      "privesc": false,
      "resource_exposure": false
    },
    {
      "access_level": "Read",
      "action": "iotwireless:*",
      "condition": null,
      "credentials_exposure": false,
      "data_access": false,
      "effective_action": "iotwireless:ListWirelessDevices",
      "privesc": false,
      "resource_exposure": false
    },
    {
      "access_level": "Read",
      "action": "iotwireless:*",
      "condition": null,
      "credentials_exposure": false,
      "data_access": false,
      "effective_action": "iotwireless:ListWirelessGatewayTaskDefinitions",
      "privesc": false,
      "resource_exposure": false
    },
    {
      "access_level": "Read",
      "action": "iotwireless:*",
      "condition": null,
      "credentials_exposure": false,
      "data_access": false,
      "effective_action": "iotwireless:ListWirelessGateways",
      "privesc": false,
      "resource_exposure": false
    },
    {
      "access_level": "Write",
      "action": "iotwireless:*",
      "condition": null,
      "credentials_exposure": false,
      "data_access": false,
      "effective_action": "iotwireless:PutPositionConfiguration",
      "privesc": false,
      "resource_exposure": false
    },
    {
      "access_level": "Write",
      "action": "iotwireless:*",
      "condition": null,
      "credentials_exposure": false,
      "data_access": false,
      "effective_action": "iotwireless:PutResourceLogLevel",
      "privesc": false,
      "resource_exposure": false
    },
    {
      "access_level": "Write",
      "action": "iotwireless:*",
      "condition": null,
      "credentials_exposure": false,
      "data_access": false,
      "effective_action": "iotwireless:ResetAllResourceLogLevels",
      "privesc": false,
      "resource_exposure": false
    },
    {
      "access_level": "Write",
      "action": "iotwireless:*",
      "condition": null,
      "credentials_exposure": false,
      "data_access": false,
      "effective_action": "iotwireless:ResetResourceLogLevel",
      "privesc": false,
      "resource_exposure": false
    },
    {
      "access_level": "Write",
      "action": "iotwireless:*",
      "condition": null,
      "credentials_exposure": false,
      "data_access": false,
      "effective_action": "iotwireless:SendDataToMulticastGroup",
      "privesc": false,
      "resource_exposure": false
    },
    {
      "access_level": "Write",
      "action": "iotwireless:*",
      "condition": null,
      "credentials_exposure": false,
      "data_access": false,
      "effective_action": "iotwireless:SendDataToWirelessDevice",
      "privesc": false,
      "resource_exposure": false
    },
    {
      "access_level": "Write",
      "action": "iotwireless:*",
      "condition": null,
      "credentials_exposure": false,
      "data_access": false,
      "effective_action": "iotwireless:StartBulkAssociateWirelessDeviceWithMulticastGroup",
      "privesc": false,
      "resource_exposure": false
    },
    {
      "access_level": "Write",
      "action": "iotwireless:*",
      "condition": null,
      "credentials_exposure": false,
      "data_access": false,
      "effective_action": "iotwireless:StartBulkDisassociateWirelessDeviceFromMulticastGroup",
      "privesc": false,
      "resource_exposure": false
    },
    {
      "access_level": "Write",
      "action": "iotwireless:*",
      "condition": null,
      "credentials_exposure": false,
      "data_access": false,
      "effective_action": "iotwireless:StartFuotaTask",
      "privesc": false,
      "resource_exposure": false
    },
    {
      "access_level": "Write",
      "action": "iotwireless:*",
      "condition": null,
      "credentials_exposure": false,
      "data_access": false,
      "effective_action": "iotwireless:StartMulticastGroupSession",
      "privesc": false,
      "resource_exposure": false
    },
    {
      "access_level": "Write",
      "action": "iotwireless:*",
      "condition": null,
      "credentials_exposure": false,
      "data_access": false,
      "effective_action": "iotwireless:StartNetworkAnalyzerStream",
      "privesc": false,
      "resource_exposure": false
    },
    {
      "access_level": "Write",
      "action": "iotwireless:*",
      "condition": null,
      "credentials_exposure": false,
      "data_access": false,
      "effective_action": "iotwireless:StartSingleWirelessDeviceImportTask",
      "privesc": false,
      "resource_exposure": false
    },
    {
      "access_level": "Write",
      "action": "iotwireless:*",
      "condition": null,
      "credentials_exposure": false,
      "data_access": false,
      "effective_action": "iotwireless:StartWirelessDeviceImportTask",
      "privesc": false,
      "resource_exposure": false
    },
    {
      "access_level": "Tagging",
      "action": "iotwireless:*",
      "condition": null,
      "credentials_exposure": false,
      "data_access": false,
      "effective_action": "iotwireless:TagResource",
      "privesc": false,
      "resource_exposure": false
    },
    {
      "access_level": "Write",
      "action": "iotwireless:*",
      "condition": null,
      "credentials_exposure": false,
      "data_access": false,
      "effective_action": "iotwireless:TestWirelessDevice",
      "privesc": false,
      "resource_exposure": false
    },
    {
      "access_level": "Tagging",
      "action": "iotwireless:*",
      "condition": null,
      "credentials_exposure": false,
      "data_access": false,
      "effective_action": "iotwireless:UntagResource",
      "privesc": false,
      "resource_exposure": false
    },
    {
      "access_level": "Write",
      "action": "iotwireless:*",
      "condition": null,
      "credentials_exposure": false,
      "data_access": false,
      "effective_action": "iotwireless:UpdateDestination",
      "privesc": false,
      "resource_exposure": false
    },
    {
      "access_level": "Write",
      "action": "iotwireless:*",
      "condition": null,
      "credentials_exposure": false,
      "data_access": false,
      "effective_action": "iotwireless:UpdateEventConfigurationByResourceTypes",
      "privesc": false,
      "resource_exposure": false
    },
    {
      "access_level": "Write",
      "action": "iotwireless:*",
      "condition": null,
      "credentials_exposure": false,
      "data_access": false,
      "effective_action": "iotwireless:UpdateFuotaTask",
      "privesc": false,
      "resource_exposure": false
    },
    {
      "access_level": "Write",
      "action": "iotwireless:*",
      "condition": null,
      "credentials_exposure": false,
      "data_access": false,
      "effective_action": "iotwireless:UpdateLogLevelsByResourceTypes",
      "privesc": false,
      "resource_exposure": false
    },
    {
      "access_level": "Write",
      "action": "iotwireless:*",
      "condition": null,
      "credentials_exposure": false,
      "data_access": false,
      "effective_action": "iotwireless:UpdateMetricConfiguration",
      "privesc": false,
      "resource_exposure": false
    },
    {
      "access_level": "Write",
      "action": "iotwireless:*",
      "condition": null,
      "credentials_exposure": false,
      "data_access": false,
      "effective_action": "iotwireless:UpdateMulticastGroup",
      "privesc": false,
      "resource_exposure": false
    },
    {
      "access_level": "Write",
      "action": "iotwireless:*",
      "condition": null,
      "credentials_exposure": false,
      "data_access": false,
      "effective_action": "iotwireless:UpdateNetworkAnalyzerConfiguration",
      "privesc": false,
      "resource_exposure": false
    },
    {
      "access_level": "Write",
      "action": "iotwireless:*",
      "condition": null,
      "credentials_exposure": false,
      "data_access": false,
      "effective_action": "iotwireless:UpdatePartnerAccount",
      "privesc": false,
      "resource_exposure": false
    },
    {
      "access_level": "Write",
      "action": "iotwireless:*",
      "condition": null,
      "credentials_exposure": false,
      "data_access": false,
      "effective_action": "iotwireless:UpdatePosition",
      "privesc": false,
      "resource_exposure": false
    },
    {
      "access_level": "Write",
      "action": "iotwireless:*",
      "condition": null,
      "credentials_exposure": false,
      "data_access": false,
      "effective_action": "iotwireless:UpdateResourceEventConfiguration",
      "privesc": false,
      "resource_exposure": false
    },
    {
      "access_level": "Write",
      "action": "iotwireless:*",
      "condition": null,
      "credentials_exposure": false,
      "data_access": false,
      "effective_action": "iotwireless:UpdateResourcePosition",
      "privesc": false,
      "resource_exposure": false
    },
    {
      "access_level": "Write",
      "action": "iotwireless:*",
      "condition": null,
      "credentials_exposure": false,
      "data_access": false,
      "effective_action": "iotwireless:UpdateWirelessDevice",
      "privesc": false,
      "resource_exposure": false
    },
    {
      "access_level": "Write",
      "action": "iotwireless:*",
      "condition": null,
      "credentials_exposure": false,
      "data_access": false,
      "effective_action": "iotwireless:UpdateWirelessDeviceImportTask",
      "privesc": false,
      "resource_exposure": false
    },
    {
      "access_level": "Write",
      "action": "iotwireless:*",
      "condition": null,
      "credentials_exposure": false,
      "data_access": false,
      "effective_action": "iotwireless:UpdateWirelessGateway",
      "privesc": false,
      "resource_exposure": false
    }
  ],
  "grantless": false,
  "malformed": false,
  "name": "AWSIoTWirelessFullAccess",
  "privesc": false,
  "resource_exposure": false,
  "undocumented_actions": false,
  "unknown_actions": [],
  "updatedate": "2020-12-15T15:27:57+00:00",
  "version": "v1"
}