{
  "access_levels": [
    "List",
    "Write",
    "Permissions management"
  ],
  "arn": "arn:aws:iam::aws:policy/aws-service-role/AWSLambdaReplicator",
  "createdate": "2017-12-08T00:17:54Z",
  "credentials_exposure": false,
  "data_access": false,
  "deprecated": false,
  "document": {
    "Statement": [
      {
        "Action": [
          "lambda:CreateFunction",
          "lambda:DeleteFunction",
          "lambda:DisableReplication"
        ],
        "Effect": "Allow",
        "Resource": [
          "arn:aws:lambda:*:*:function:*"
        ],
        "Sid": "LambdaCreateDeletePermission"
      },
      {
        "Action": [
          "iam:PassRole"
        ],
        "Condition": {
          "StringLikeIfExists": {
            "iam:PassedToService": "lambda.amazonaws.com"
          }
        },
        "Effect": "Allow",
        "Resource": [
          "*"
        ],
        "Sid": "IamPassRolePermission"
      },
      {
        "Action": [
          "cloudfront:ListDistributionsByLambdaFunction"
        ],
        "Effect": "Allow",
        "Resource": [
          "*"
        ],
        "Sid": "CloudFrontListDistributions"
      }
    ],
    "Version": "2012-10-17"
  },
  "effective_actions": [
    {
      "access_level": "Write",
      "action": "lambda:CreateFunction",
      "condition": null,
      "credentials_exposure": false,
      "data_access": false,
      "effective_action": "lambda:CreateFunction",
      "privesc": false,
      "resource_exposure": false
    },
    {
      "access_level": "Write",
      "action": "lambda:DeleteFunction",
      "condition": null,
      "credentials_exposure": false,
      "data_access": false,
      "effective_action": "lambda:DeleteFunction",
      "privesc": false,
      "resource_exposure": false
    },
    {
      "access_level": "Permissions management",
      "action": "lambda:DisableReplication",
      "condition": null,
      "credentials_exposure": false,
      "data_access": false,
      "effective_action": "lambda:DisableReplication",
      "privesc": false,
      "resource_exposure": true
    },
    {
      "access_level": "Permissions management",
      "action": "iam:PassRole",
      "condition": {
        "StringLikeIfExists": {
          "iam:PassedToService": "lambda.amazonaws.com"
        }
      },
      "credentials_exposure": false,
      "data_access": false,
      "effective_action": "iam:PassRole",
      "privesc": true,
      "resource_exposure": true
    },
    {
      "access_level": "List",
      "action": "cloudfront:ListDistributionsByLambdaFunction",
      "condition": null,
      "credentials_exposure": false,
      "data_access": false,
      "effective_action": "cloudfront:ListDistributionsByLambdaFunction",
      "privesc": false,
      "resource_exposure": false
    }
  ],
  "grantless": false,
  "malformed": false,
  "name": "AWSLambdaReplicator",
  "privesc": true,
  "resource_exposure": true,
  "undocumented_actions": false,
  "unknown_actions": [],
  "updatedate": "2017-12-08T00:17:54+00:00",
  "version": "v3"
}