{
  "access_levels": [
    "List",
    "Read",
    "Write",
    "Permissions management"
  ],
  "arn": "arn:aws:iam::aws:policy/AWSLakeFormationCrossAccountManager",
  "createdate": "2025-02-25T00:37:06Z",
  "credentials_exposure": false,
  "data_access": false,
  "deprecated": false,
  "document": {
    "Statement": [
      {
        "Action": [
          "ram:CreateResourceShare"
        ],
        "Condition": {
          "StringLikeIfExists": {
            "ram:RequestedResourceType": [
              "glue:Table",
              "glue:Database",
              "glue:Catalog"
            ]
          }
        },
        "Effect": "Allow",
        "Resource": "*",
        "Sid": "AllowCreateResourceShare"
      },
      {
        "Action": [
          "ram:UpdateResourceShare",
          "ram:DeleteResourceShare",
          "ram:AssociateResourceShare",
          "ram:DisassociateResourceShare",
          "ram:GetResourceShares"
        ],
        "Condition": {
          "StringLike": {
            "ram:ResourceShareName": [
              "LakeFormation*"
            ]
          }
        },
        "Effect": "Allow",
        "Resource": "*",
        "Sid": "AllowManageResourceShare"
      },
      {
        "Action": [
          "ram:AssociateResourceSharePermission"
        ],
        "Condition": {
          "ArnLike": {
            "ram:PermissionArn": [
              "arn:aws:ram::aws:permission/AWSRAMLFEnabled*"
            ]
          }
        },
        "Effect": "Allow",
        "Resource": "*",
        "Sid": "AllowManageResourceSharePermissions"
      },
      {
        "Action": [
          "glue:PutResourcePolicy",
          "glue:DeleteResourcePolicy",
          "organizations:DescribeOrganization",
          "organizations:DescribeAccount",
          "ram:Get*",
          "ram:List*"
        ],
        "Effect": "Allow",
        "Resource": "*",
        "Sid": "AllowXAcctManagerPermissions"
      },
      {
        "Action": [
          "organizations:ListRoots",
          "organizations:ListAccountsForParent",
          "organizations:ListOrganizationalUnitsForParent"
        ],
        "Effect": "Allow",
        "Resource": "*",
        "Sid": "AllowOrganizationsPermissions"
      }
    ],
    "Version": "2012-10-17"
  },
  "effective_actions": [
    {
      "access_level": "Permissions management",
      "action": "ram:CreateResourceShare",
      "condition": {
        "StringLikeIfExists": {
          "ram:RequestedResourceType": [
            "glue:Table",
            "glue:Database",
            "glue:Catalog"
          ]
        }
      },
      "credentials_exposure": false,
      "data_access": false,
      "effective_action": "ram:CreateResourceShare",
      "privesc": false,
      "resource_exposure": true
    },
    {
      "access_level": "Permissions management",
      "action": "ram:UpdateResourceShare",
      "condition": {
        "StringLike": {
          "ram:ResourceShareName": [
            "LakeFormation*"
          ]
        }
      },
      "credentials_exposure": false,
      "data_access": false,
      "effective_action": "ram:UpdateResourceShare",
      "privesc": false,
      "resource_exposure": true
    },
    {
      "access_level": "Permissions management",
      "action": "ram:DeleteResourceShare",
      "condition": {
        "StringLike": {
          "ram:ResourceShareName": [
            "LakeFormation*"
          ]
        }
      },
      "credentials_exposure": false,
      "data_access": false,
      "effective_action": "ram:DeleteResourceShare",
      "privesc": false,
      "resource_exposure": true
    },
    {
      "access_level": "Permissions management",
      "action": "ram:AssociateResourceShare",
      "condition": {
        "StringLike": {
          "ram:ResourceShareName": [
            "LakeFormation*"
          ]
        }
      },
      "credentials_exposure": false,
      "data_access": false,
      "effective_action": "ram:AssociateResourceShare",
      "privesc": false,
      "resource_exposure": true
    },
    {
      "access_level": "Permissions management",
      "action": "ram:DisassociateResourceShare",
      "condition": {
        "StringLike": {
          "ram:ResourceShareName": [
            "LakeFormation*"
          ]
        }
      },
      "credentials_exposure": false,
      "data_access": false,
      "effective_action": "ram:DisassociateResourceShare",
      "privesc": false,
      "resource_exposure": true
    },
    {
      "access_level": "Read",
      "action": "ram:GetResourceShares",
      "condition": {
        "StringLike": {
          "ram:ResourceShareName": [
            "LakeFormation*"
          ]
        }
      },
      "credentials_exposure": false,
      "data_access": false,
      "effective_action": "ram:GetResourceShares",
      "privesc": false,
      "resource_exposure": false
    },
    {
      "access_level": "Write",
      "action": "ram:AssociateResourceSharePermission",
      "condition": {
        "ArnLike": {
          "ram:PermissionArn": [
            "arn:aws:ram::aws:permission/AWSRAMLFEnabled*"
          ]
        }
      },
      "credentials_exposure": false,
      "data_access": false,
      "effective_action": "ram:AssociateResourceSharePermission",
      "privesc": false,
      "resource_exposure": false
    },
    {
      "access_level": "Permissions management",
      "action": "glue:PutResourcePolicy",
      "condition": null,
      "credentials_exposure": false,
      "data_access": false,
      "effective_action": "glue:PutResourcePolicy",
      "privesc": false,
      "resource_exposure": true
    },
    {
      "access_level": "Permissions management",
      "action": "glue:DeleteResourcePolicy",
      "condition": null,
      "credentials_exposure": false,
      "data_access": false,
      "effective_action": "glue:DeleteResourcePolicy",
      "privesc": false,
      "resource_exposure": true
    },
    {
      "access_level": "Read",
      "action": "organizations:DescribeOrganization",
      "condition": null,
      "credentials_exposure": false,
      "data_access": false,
      "effective_action": "organizations:DescribeOrganization",
      "privesc": false,
      "resource_exposure": false
    },
    {
      "access_level": "Read",
      "action": "organizations:DescribeAccount",
      "condition": null,
      "credentials_exposure": false,
      "data_access": false,
      "effective_action": "organizations:DescribeAccount",
      "privesc": false,
      "resource_exposure": false
    },
    {
      "access_level": "Read",
      "action": "ram:Get*",
      "condition": null,
      "credentials_exposure": false,
      "data_access": false,
      "effective_action": "ram:GetPermission",
      "privesc": false,
      "resource_exposure": false
    },
    {
      "access_level": "Read",
      "action": "ram:Get*",
      "condition": null,
      "credentials_exposure": false,
      "data_access": false,
      "effective_action": "ram:GetResourcePolicies",
      "privesc": false,
      "resource_exposure": false
    },
    {
      "access_level": "Read",
      "action": "ram:Get*",
      "condition": null,
      "credentials_exposure": false,
      "data_access": false,
      "effective_action": "ram:GetResourceShareAssociations",
      "privesc": false,
      "resource_exposure": false
    },
    {
      "access_level": "Read",
      "action": "ram:Get*",
      "condition": null,
      "credentials_exposure": false,
      "data_access": false,
      "effective_action": "ram:GetResourceShareInvitations",
      "privesc": false,
      "resource_exposure": false
    },
    {
      "access_level": "Read",
      "action": "ram:Get*",
      "condition": null,
      "credentials_exposure": false,
      "data_access": false,
      "effective_action": "ram:GetResourceShares",
      "privesc": false,
      "resource_exposure": false
    },
    {
      "access_level": "Read",
      "action": "ram:List*",
      "condition": null,
      "credentials_exposure": false,
      "data_access": false,
      "effective_action": "ram:ListPendingInvitationResources",
      "privesc": false,
      "resource_exposure": false
    },
    {
      "access_level": "List",
      "action": "ram:List*",
      "condition": null,
      "credentials_exposure": false,
      "data_access": false,
      "effective_action": "ram:ListPermissionAssociations",
      "privesc": false,
      "resource_exposure": false
    },
    {
      "access_level": "List",
      "action": "ram:List*",
      "condition": null,
      "credentials_exposure": false,
      "data_access": false,
      "effective_action": "ram:ListPermissionVersions",
      "privesc": false,
      "resource_exposure": false
    },
    {
      "access_level": "List",
      "action": "ram:List*",
      "condition": null,
      "credentials_exposure": false,
      "data_access": false,
      "effective_action": "ram:ListPermissions",
      "privesc": false,
      "resource_exposure": false
    },
    {
      "access_level": "List",
      "action": "ram:List*",
      "condition": null,
      "credentials_exposure": false,
      "data_access": false,
      "effective_action": "ram:ListPrincipals",
      "privesc": false,
      "resource_exposure": false
    },
    {
      "access_level": "List",
      "action": "ram:List*",
      "condition": null,
      "credentials_exposure": false,
      "data_access": false,
      "effective_action": "ram:ListReplacePermissionAssociationsWork",
      "privesc": false,
      "resource_exposure": false
    },
    {
      "access_level": "List",
      "action": "ram:List*",
      "condition": null,
      "credentials_exposure": false,
      "data_access": false,
      "effective_action": "ram:ListResourceSharePermissions",
      "privesc": false,
      "resource_exposure": false
    },
    {
      "access_level": "List",
      "action": "ram:List*",
      "condition": null,
      "credentials_exposure": false,
      "data_access": false,
      "effective_action": "ram:ListResourceTypes",
      "privesc": false,
      "resource_exposure": false
    },
    {
      "access_level": "List",
      "action": "ram:List*",
      "condition": null,
      "credentials_exposure": false,
      "data_access": false,
      "effective_action": "ram:ListResources",
      "privesc": false,
      "resource_exposure": false
    },
    {
      "access_level": "List",
      "action": "organizations:ListRoots",
      "condition": null,
      "credentials_exposure": false,
      "data_access": false,
      "effective_action": "organizations:ListRoots",
      "privesc": false,
      "resource_exposure": false
    },
    {
      "access_level": "List",
      "action": "organizations:ListAccountsForParent",
      "condition": null,
      "credentials_exposure": false,
      "data_access": false,
      "effective_action": "organizations:ListAccountsForParent",
      "privesc": false,
      "resource_exposure": false
    },
    {
      "access_level": "List",
      "action": "organizations:ListOrganizationalUnitsForParent",
      "condition": null,
      "credentials_exposure": false,
      "data_access": false,
      "effective_action": "organizations:ListOrganizationalUnitsForParent",
      "privesc": false,
      "resource_exposure": false
    }
  ],
  "grantless": false,
  "malformed": false,
  "name": "AWSLakeFormationCrossAccountManager",
  "privesc": false,
  "resource_exposure": true,
  "undocumented_actions": false,
  "unknown_actions": [],
  "updatedate": "2025-02-25T00:37:06+00:00",
  "version": "v7"
}