{
  "access_levels": [
    "Read",
    "Write"
  ],
  "arn": "arn:aws:iam::aws:policy/service-role/AWSLicenseManagerConsumptionPolicy",
  "createdate": "2021-08-11T23:18:08Z",
  "credentials_exposure": false,
  "data_access": false,
  "deprecated": false,
  "document": {
    "Statement": [
      {
        "Action": [
          "license-manager:CheckoutLicense",
          "license-manager:CheckInLicense",
          "license-manager:ExtendLicenseConsumption",
          "license-manager:GetLicense"
        ],
        "Effect": "Allow",
        "Resource": "*"
      }
    ],
    "Version": "2012-10-17"
  },
  "effective_actions": [
    {
      "access_level": "Write",
      "action": "license-manager:CheckoutLicense",
      "condition": null,
      "credentials_exposure": false,
      "data_access": false,
      "effective_action": "license-manager:CheckoutLicense",
      "privesc": false,
      "resource_exposure": false
    },
    {
      "access_level": "Write",
      "action": "license-manager:CheckInLicense",
      "condition": null,
      "credentials_exposure": false,
      "data_access": false,
      "effective_action": "license-manager:CheckInLicense",
      "privesc": false,
      "resource_exposure": false
    },
    {
      "access_level": "Write",
      "action": "license-manager:ExtendLicenseConsumption",
      "condition": null,
      "credentials_exposure": false,
      "data_access": false,
      "effective_action": "license-manager:ExtendLicenseConsumption",
      "privesc": false,
      "resource_exposure": false
    },
    {
      "access_level": "Read",
      "action": "license-manager:GetLicense",
      "condition": null,
      "credentials_exposure": false,
      "data_access": false,
      "effective_action": "license-manager:GetLicense",
      "privesc": false,
      "resource_exposure": false
    }
  ],
  "grantless": false,
  "malformed": false,
  "name": "AWSLicenseManagerConsumptionPolicy",
  "privesc": false,
  "resource_exposure": false,
  "undocumented_actions": false,
  "unknown_actions": [],
  "updatedate": "2021-08-11T23:18:08+00:00",
  "version": "v1"
}