{
  "access_levels": [
    "List",
    "Read"
  ],
  "arn": "arn:aws:iam::aws:policy/AWSLambda_ReadOnlyAccess",
  "createdate": "2025-03-17T21:07:06Z",
  "credentials_exposure": false,
  "data_access": true,
  "deprecated": false,
  "document": {
    "Statement": [
      {
        "Action": [
          "cloudformation:DescribeStacks",
          "cloudformation:ListStacks",
          "cloudformation:ListStackResources",
          "cloudwatch:GetMetricData",
          "cloudwatch:ListMetrics",
          "ec2:DescribeSecurityGroups",
          "ec2:DescribeSubnets",
          "ec2:DescribeVpcs",
          "kms:ListAliases",
          "iam:GetPolicy",
          "iam:GetPolicyVersion",
          "iam:GetRole",
          "iam:GetRolePolicy",
          "iam:ListAttachedRolePolicies",
          "iam:ListRolePolicies",
          "iam:ListRoles",
          "logs:DescribeLogGroups",
          "lambda:Get*",
          "lambda:List*",
          "states:DescribeStateMachine",
          "states:ListStateMachines",
          "tag:GetResources",
          "xray:GetTraceSummaries",
          "xray:BatchGetTraces"
        ],
        "Effect": "Allow",
        "Resource": "*"
      },
      {
        "Action": [
          "logs:DescribeLogStreams",
          "logs:GetLogEvents",
          "logs:FilterLogEvents",
          "logs:StartQuery",
          "logs:StopQuery",
          "logs:DescribeQueries",
          "logs:GetLogGroupFields",
          "logs:GetLogRecord",
          "logs:GetQueryResults",
          "logs:StartLiveTail",
          "logs:StopLiveTail"
        ],
        "Effect": "Allow",
        "Resource": "arn:aws:logs:*:*:log-group:/aws/lambda/*"
      }
    ],
    "Version": "2012-10-17"
  },
  "effective_actions": [
    {
      "access_level": "List",
      "action": "cloudformation:DescribeStacks",
      "condition": null,
      "credentials_exposure": false,
      "data_access": false,
      "effective_action": "cloudformation:DescribeStacks",
      "privesc": false,
      "resource_exposure": false
    },
    {
      "access_level": "List",
      "action": "cloudformation:ListStacks",
      "condition": null,
      "credentials_exposure": false,
      "data_access": false,
      "effective_action": "cloudformation:ListStacks",
      "privesc": false,
      "resource_exposure": false
    },
    {
      "access_level": "List",
      "action": "cloudformation:ListStackResources",
      "condition": null,
      "credentials_exposure": false,
      "data_access": false,
      "effective_action": "cloudformation:ListStackResources",
      "privesc": false,
      "resource_exposure": false
    },
    {
      "access_level": "Read",
      "action": "cloudwatch:GetMetricData",
      "condition": null,
      "credentials_exposure": false,
      "data_access": false,
      "effective_action": "cloudwatch:GetMetricData",
      "privesc": false,
      "resource_exposure": false
    },
    {
      "access_level": "List",
      "action": "cloudwatch:ListMetrics",
      "condition": null,
      "credentials_exposure": false,
      "data_access": false,
      "effective_action": "cloudwatch:ListMetrics",
      "privesc": false,
      "resource_exposure": false
    },
    {
      "access_level": "List",
      "action": "ec2:DescribeSecurityGroups",
      "condition": null,
      "credentials_exposure": false,
      "data_access": false,
      "effective_action": "ec2:DescribeSecurityGroups",
      "privesc": false,
      "resource_exposure": false
    },
    {
      "access_level": "List",
      "action": "ec2:DescribeSubnets",
      "condition": null,
      "credentials_exposure": false,
      "data_access": false,
      "effective_action": "ec2:DescribeSubnets",
      "privesc": false,
      "resource_exposure": false
    },
    {
      "access_level": "List",
      "action": "ec2:DescribeVpcs",
      "condition": null,
      "credentials_exposure": false,
      "data_access": false,
      "effective_action": "ec2:DescribeVpcs",
      "privesc": false,
      "resource_exposure": false
    },
    {
      "access_level": "List",
      "action": "kms:ListAliases",
      "condition": null,
      "credentials_exposure": false,
      "data_access": false,
      "effective_action": "kms:ListAliases",
      "privesc": false,
      "resource_exposure": false
    },
    {
      "access_level": "Read",
      "action": "iam:GetPolicy",
      "condition": null,
      "credentials_exposure": false,
      "data_access": false,
      "effective_action": "iam:GetPolicy",
      "privesc": false,
      "resource_exposure": false
    },
    {
      "access_level": "Read",
      "action": "iam:GetPolicyVersion",
      "condition": null,
      "credentials_exposure": false,
      "data_access": false,
      "effective_action": "iam:GetPolicyVersion",
      "privesc": false,
      "resource_exposure": false
    },
    {
      "access_level": "Read",
      "action": "iam:GetRole",
      "condition": null,
      "credentials_exposure": false,
      "data_access": false,
      "effective_action": "iam:GetRole",
      "privesc": false,
      "resource_exposure": false
    },
    {
      "access_level": "Read",
      "action": "iam:GetRolePolicy",
      "condition": null,
      "credentials_exposure": false,
      "data_access": false,
      "effective_action": "iam:GetRolePolicy",
      "privesc": false,
      "resource_exposure": false
    },
    {
      "access_level": "List",
      "action": "iam:ListAttachedRolePolicies",
      "condition": null,
      "credentials_exposure": false,
      "data_access": false,
      "effective_action": "iam:ListAttachedRolePolicies",
      "privesc": false,
      "resource_exposure": false
    },
    {
      "access_level": "List",
      "action": "iam:ListRolePolicies",
      "condition": null,
      "credentials_exposure": false,
      "data_access": false,
      "effective_action": "iam:ListRolePolicies",
      "privesc": false,
      "resource_exposure": false
    },
    {
      "access_level": "List",
      "action": "iam:ListRoles",
      "condition": null,
      "credentials_exposure": false,
      "data_access": false,
      "effective_action": "iam:ListRoles",
      "privesc": false,
      "resource_exposure": false
    },
    {
      "access_level": "List",
      "action": "logs:DescribeLogGroups",
      "condition": null,
      "credentials_exposure": false,
      "data_access": false,
      "effective_action": "logs:DescribeLogGroups",
      "privesc": false,
      "resource_exposure": false
    },
    {
      "access_level": "Read",
      "action": "lambda:Get*",
      "condition": null,
      "credentials_exposure": false,
      "data_access": false,
      "effective_action": "lambda:GetAccountSettings",
      "privesc": false,
      "resource_exposure": false
    },
    {
      "access_level": "Read",
      "action": "lambda:Get*",
      "condition": null,
      "credentials_exposure": false,
      "data_access": false,
      "effective_action": "lambda:GetAlias",
      "privesc": false,
      "resource_exposure": false
    },
    {
      "access_level": "Read",
      "action": "lambda:Get*",
      "condition": null,
      "credentials_exposure": false,
      "data_access": false,
      "effective_action": "lambda:GetCodeSigningConfig",
      "privesc": false,
      "resource_exposure": false
    },
    {
      "access_level": "Read",
      "action": "lambda:Get*",
      "condition": null,
      "credentials_exposure": false,
      "data_access": false,
      "effective_action": "lambda:GetEventSourceMapping",
      "privesc": false,
      "resource_exposure": false
    },
    {
      "access_level": "Read",
      "action": "lambda:Get*",
      "condition": null,
      "credentials_exposure": false,
      "data_access": true,
      "effective_action": "lambda:GetFunction",
      "privesc": false,
      "resource_exposure": false
    },
    {
      "access_level": "Read",
      "action": "lambda:Get*",
      "condition": null,
      "credentials_exposure": false,
      "data_access": false,
      "effective_action": "lambda:GetFunctionCodeSigningConfig",
      "privesc": false,
      "resource_exposure": false
    },
    {
      "access_level": "Read",
      "action": "lambda:Get*",
      "condition": null,
      "credentials_exposure": false,
      "data_access": false,
      "effective_action": "lambda:GetFunctionConcurrency",
      "privesc": false,
      "resource_exposure": false
    },
    {
      "access_level": "Read",
      "action": "lambda:Get*",
      "condition": null,
      "credentials_exposure": false,
      "data_access": false,
      "effective_action": "lambda:GetFunctionConfiguration",
      "privesc": false,
      "resource_exposure": false
    },
    {
      "access_level": "Read",
      "action": "lambda:Get*",
      "condition": null,
      "credentials_exposure": false,
      "data_access": false,
      "effective_action": "lambda:GetFunctionEventInvokeConfig",
      "privesc": false,
      "resource_exposure": false
    },
    {
      "access_level": "Read",
      "action": "lambda:Get*",
      "condition": null,
      "credentials_exposure": false,
      "data_access": false,
      "effective_action": "lambda:GetFunctionRecursionConfig",
      "privesc": false,
      "resource_exposure": false
    },
    {
      "access_level": "Read",
      "action": "lambda:Get*",
      "condition": null,
      "credentials_exposure": false,
      "data_access": false,
      "effective_action": "lambda:GetFunctionUrlConfig",
      "privesc": false,
      "resource_exposure": false
    },
    {
      "access_level": "Read",
      "action": "lambda:Get*",
      "condition": null,
      "credentials_exposure": false,
      "data_access": true,
      "effective_action": "lambda:GetLayerVersion",
      "privesc": false,
      "resource_exposure": false
    },
    {
      "access_level": "Read",
      "action": "lambda:Get*",
      "condition": null,
      "credentials_exposure": false,
      "data_access": false,
      "effective_action": "lambda:GetLayerVersionPolicy",
      "privesc": false,
      "resource_exposure": false
    },
    {
      "access_level": "Read",
      "action": "lambda:Get*",
      "condition": null,
      "credentials_exposure": false,
      "data_access": false,
      "effective_action": "lambda:GetPolicy",
      "privesc": false,
      "resource_exposure": false
    },
    {
      "access_level": "Read",
      "action": "lambda:Get*",
      "condition": null,
      "credentials_exposure": false,
      "data_access": false,
      "effective_action": "lambda:GetProvisionedConcurrencyConfig",
      "privesc": false,
      "resource_exposure": false
    },
    {
      "access_level": "Read",
      "action": "lambda:Get*",
      "condition": null,
      "credentials_exposure": false,
      "data_access": false,
      "effective_action": "lambda:GetRuntimeManagementConfig",
      "privesc": false,
      "resource_exposure": false
    },
    {
      "access_level": "List",
      "action": "lambda:List*",
      "condition": null,
      "credentials_exposure": false,
      "data_access": false,
      "effective_action": "lambda:ListAliases",
      "privesc": false,
      "resource_exposure": false
    },
    {
      "access_level": "List",
      "action": "lambda:List*",
      "condition": null,
      "credentials_exposure": false,
      "data_access": false,
      "effective_action": "lambda:ListCodeSigningConfigs",
      "privesc": false,
      "resource_exposure": false
    },
    {
      "access_level": "List",
      "action": "lambda:List*",
      "condition": null,
      "credentials_exposure": false,
      "data_access": false,
      "effective_action": "lambda:ListEventSourceMappings",
      "privesc": false,
      "resource_exposure": false
    },
    {
      "access_level": "List",
      "action": "lambda:List*",
      "condition": null,
      "credentials_exposure": false,
      "data_access": false,
      "effective_action": "lambda:ListFunctionEventInvokeConfigs",
      "privesc": false,
      "resource_exposure": false
    },
    {
      "access_level": "List",
      "action": "lambda:List*",
      "condition": null,
      "credentials_exposure": false,
      "data_access": false,
      "effective_action": "lambda:ListFunctionUrlConfigs",
      "privesc": false,
      "resource_exposure": false
    },
    {
      "access_level": "List",
      "action": "lambda:List*",
      "condition": null,
      "credentials_exposure": false,
      "data_access": false,
      "effective_action": "lambda:ListFunctions",
      "privesc": false,
      "resource_exposure": false
    },
    {
      "access_level": "List",
      "action": "lambda:List*",
      "condition": null,
      "credentials_exposure": false,
      "data_access": false,
      "effective_action": "lambda:ListFunctionsByCodeSigningConfig",
      "privesc": false,
      "resource_exposure": false
    },
    {
      "access_level": "List",
      "action": "lambda:List*",
      "condition": null,
      "credentials_exposure": false,
      "data_access": false,
      "effective_action": "lambda:ListLayerVersions",
      "privesc": false,
      "resource_exposure": false
    },
    {
      "access_level": "List",
      "action": "lambda:List*",
      "condition": null,
      "credentials_exposure": false,
      "data_access": false,
      "effective_action": "lambda:ListLayers",
      "privesc": false,
      "resource_exposure": false
    },
    {
      "access_level": "List",
      "action": "lambda:List*",
      "condition": null,
      "credentials_exposure": false,
      "data_access": false,
      "effective_action": "lambda:ListProvisionedConcurrencyConfigs",
      "privesc": false,
      "resource_exposure": false
    },
    {
      "access_level": "Read",
      "action": "lambda:List*",
      "condition": null,
      "credentials_exposure": false,
      "data_access": false,
      "effective_action": "lambda:ListTags",
      "privesc": false,
      "resource_exposure": false
    },
    {
      "access_level": "List",
      "action": "lambda:List*",
      "condition": null,
      "credentials_exposure": false,
      "data_access": false,
      "effective_action": "lambda:ListVersionsByFunction",
      "privesc": false,
      "resource_exposure": false
    },
    {
      "access_level": "Read",
      "action": "states:DescribeStateMachine",
      "condition": null,
      "credentials_exposure": false,
      "data_access": false,
      "effective_action": "states:DescribeStateMachine",
      "privesc": false,
      "resource_exposure": false
    },
    {
      "access_level": "List",
      "action": "states:ListStateMachines",
      "condition": null,
      "credentials_exposure": false,
      "data_access": false,
      "effective_action": "states:ListStateMachines",
      "privesc": false,
      "resource_exposure": false
    },
    {
      "access_level": "Read",
      "action": "tag:GetResources",
      "condition": null,
      "credentials_exposure": false,
      "data_access": false,
      "effective_action": "tag:GetResources",
      "privesc": false,
      "resource_exposure": false
    },
    {
      "access_level": "Read",
      "action": "xray:GetTraceSummaries",
      "condition": null,
      "credentials_exposure": false,
      "data_access": false,
      "effective_action": "xray:GetTraceSummaries",
      "privesc": false,
      "resource_exposure": false
    },
    {
      "access_level": "List",
      "action": "xray:BatchGetTraces",
      "condition": null,
      "credentials_exposure": false,
      "data_access": false,
      "effective_action": "xray:BatchGetTraces",
      "privesc": false,
      "resource_exposure": false
    },
    {
      "access_level": "List",
      "action": "logs:DescribeLogStreams",
      "condition": null,
      "credentials_exposure": false,
      "data_access": false,
      "effective_action": "logs:DescribeLogStreams",
      "privesc": false,
      "resource_exposure": false
    },
    {
      "access_level": "Read",
      "action": "logs:GetLogEvents",
      "condition": null,
      "credentials_exposure": false,
      "data_access": true,
      "effective_action": "logs:GetLogEvents",
      "privesc": false,
      "resource_exposure": false
    },
    {
      "access_level": "Read",
      "action": "logs:FilterLogEvents",
      "condition": null,
      "credentials_exposure": false,
      "data_access": false,
      "effective_action": "logs:FilterLogEvents",
      "privesc": false,
      "resource_exposure": false
    },
    {
      "access_level": "Read",
      "action": "logs:StartQuery",
      "condition": null,
      "credentials_exposure": false,
      "data_access": false,
      "effective_action": "logs:StartQuery",
      "privesc": false,
      "resource_exposure": false
    },
    {
      "access_level": "Read",
      "action": "logs:StopQuery",
      "condition": null,
      "credentials_exposure": false,
      "data_access": false,
      "effective_action": "logs:StopQuery",
      "privesc": false,
      "resource_exposure": false
    },
    {
      "access_level": "List",
      "action": "logs:DescribeQueries",
      "condition": null,
      "credentials_exposure": false,
      "data_access": false,
      "effective_action": "logs:DescribeQueries",
      "privesc": false,
      "resource_exposure": false
    },
    {
      "access_level": "Read",
      "action": "logs:GetLogGroupFields",
      "condition": null,
      "credentials_exposure": false,
      "data_access": false,
      "effective_action": "logs:GetLogGroupFields",
      "privesc": false,
      "resource_exposure": false
    },
    {
      "access_level": "Read",
      "action": "logs:GetLogRecord",
      "condition": null,
      "credentials_exposure": false,
      "data_access": true,
      "effective_action": "logs:GetLogRecord",
      "privesc": false,
      "resource_exposure": false
    },
    {
      "access_level": "Read",
      "action": "logs:GetQueryResults",
      "condition": null,
      "credentials_exposure": false,
      "data_access": true,
      "effective_action": "logs:GetQueryResults",
      "privesc": false,
      "resource_exposure": false
    },
    {
      "access_level": "Read",
      "action": "logs:StartLiveTail",
      "condition": null,
      "credentials_exposure": false,
      "data_access": false,
      "effective_action": "logs:StartLiveTail",
      "privesc": false,
      "resource_exposure": false
    },
    {
      "access_level": "Read",
      "action": "logs:StopLiveTail",
      "condition": null,
      "credentials_exposure": false,
      "data_access": false,
      "effective_action": "logs:StopLiveTail",
      "privesc": false,
      "resource_exposure": false
    }
  ],
  "grantless": false,
  "malformed": false,
  "name": "AWSLambda_ReadOnlyAccess",
  "privesc": false,
  "resource_exposure": false,
  "undocumented_actions": false,
  "unknown_actions": [],
  "updatedate": "2025-03-17T21:07:06+00:00",
  "version": "v3"
}