{
  "access_levels": [
    "List",
    "Read",
    "Tagging",
    "Write",
    "Permissions management"
  ],
  "arn": "arn:aws:iam::aws:policy/aws-service-role/AWSLicenseManagerMasterAccountRolePolicy",
  "createdate": "2022-05-31T20:50:26Z",
  "credentials_exposure": false,
  "data_access": true,
  "deprecated": false,
  "document": {
    "Statement": [
      {
        "Action": [
          "s3:GetBucketLocation",
          "s3:ListBucket",
          "s3:GetLifecycleConfiguration",
          "s3:PutLifecycleConfiguration",
          "s3:GetBucketPolicy",
          "s3:PutBucketPolicy"
        ],
        "Effect": "Allow",
        "Resource": [
          "arn:aws:s3:::aws-license-manager-service-*"
        ],
        "Sid": "S3BucketPermissions"
      },
      {
        "Action": [
          "s3:AbortMultipartUpload",
          "s3:PutObject",
          "s3:GetObject",
          "s3:ListBucketMultipartUploads",
          "s3:ListMultipartUploadParts"
        ],
        "Effect": "Allow",
        "Resource": [
          "arn:aws:s3:::aws-license-manager-service-*"
        ],
        "Sid": "S3ObjectPermissions1"
      },
      {
        "Action": [
          "s3:DeleteObject"
        ],
        "Effect": "Allow",
        "Resource": [
          "arn:aws:s3:::aws-license-manager-service-*/resource_sync/*"
        ],
        "Sid": "S3ObjectPermissions2"
      },
      {
        "Action": [
          "athena:GetQueryExecution",
          "athena:GetQueryResults",
          "athena:StartQueryExecution"
        ],
        "Effect": "Allow",
        "Resource": [
          "*"
        ],
        "Sid": "AthenaPermissions"
      },
      {
        "Action": [
          "glue:GetTable",
          "glue:GetPartition",
          "glue:GetPartitions"
        ],
        "Effect": "Allow",
        "Resource": [
          "*"
        ],
        "Sid": "GluePermissions"
      },
      {
        "Action": [
          "organizations:DescribeOrganization",
          "organizations:ListAccounts",
          "organizations:DescribeAccount",
          "organizations:ListChildren",
          "organizations:ListParents",
          "organizations:ListAccountsForParent",
          "organizations:ListRoots",
          "organizations:ListAWSServiceAccessForOrganization"
        ],
        "Effect": "Allow",
        "Resource": [
          "*"
        ],
        "Sid": "OrganizationPermissions"
      },
      {
        "Action": [
          "ram:GetResourceShares",
          "ram:GetResourceShareAssociations",
          "ram:TagResource"
        ],
        "Effect": "Allow",
        "Resource": [
          "*"
        ],
        "Sid": "RAMPermissions1"
      },
      {
        "Action": [
          "ram:CreateResourceShare"
        ],
        "Condition": {
          "StringEquals": {
            "aws:RequestTag/Service": "LicenseManager"
          }
        },
        "Effect": "Allow",
        "Resource": [
          "*"
        ],
        "Sid": "RAMPermissions2"
      },
      {
        "Action": [
          "ram:AssociateResourceShare",
          "ram:DisassociateResourceShare",
          "ram:UpdateResourceShare",
          "ram:DeleteResourceShare"
        ],
        "Condition": {
          "StringEquals": {
            "aws:ResourceTag/Service": "LicenseManager"
          }
        },
        "Effect": "Allow",
        "Resource": [
          "*"
        ],
        "Sid": "RAMPermissions3"
      },
      {
        "Action": [
          "iam:GetRole"
        ],
        "Effect": "Allow",
        "Resource": [
          "*"
        ],
        "Sid": "IAMGetRoles"
      },
      {
        "Action": [
          "iam:PassRole"
        ],
        "Condition": {
          "StringEquals": {
            "iam:PassedToService": [
              "cloudformation.amazonaws.com",
              "glue.amazonaws.com"
            ]
          }
        },
        "Effect": "Allow",
        "Resource": [
          "arn:aws:iam::*:role/LicenseManagerServiceResourceDataSyncRole*"
        ],
        "Sid": "IAMPassRoles"
      },
      {
        "Action": [
          "cloudformation:UpdateStack",
          "cloudformation:CreateStack",
          "cloudformation:DeleteStack",
          "cloudformation:DescribeStacks"
        ],
        "Effect": "Allow",
        "Resource": [
          "arn:aws:cloudformation:*:*:stack/LicenseManagerCrossAccountCloudDiscoveryStack/*"
        ],
        "Sid": "CloudformationPermission"
      },
      {
        "Action": [
          "glue:CreateTable",
          "glue:UpdateTable",
          "glue:DeleteTable",
          "glue:UpdateJob",
          "glue:UpdateCrawler"
        ],
        "Effect": "Allow",
        "Resource": [
          "arn:aws:glue:*:*:catalog",
          "arn:aws:glue:*:*:crawler/LicenseManagerResourceSynDataCrawler",
          "arn:aws:glue:*:*:job/LicenseManagerResourceSynDataProcessJob",
          "arn:aws:glue:*:*:table/license_manager_resource_inventory_db/*",
          "arn:aws:glue:*:*:table/license_manager_resource_sync/*",
          "arn:aws:glue:*:*:database/license_manager_resource_inventory_db",
          "arn:aws:glue:*:*:database/license_manager_resource_sync"
        ],
        "Sid": "GlueUpdatePermissions"
      },
      {
        "Action": [
          "resource-groups:PutGroupPolicy"
        ],
        "Condition": {
          "ForAnyValue:StringEquals": {
            "aws:CalledVia": [
              "ram.amazonaws.com"
            ]
          }
        },
        "Effect": "Allow",
        "Resource": "*",
        "Sid": "RGPermissions"
      }
    ],
    "Version": "2012-10-17"
  },
  "effective_actions": [
    {
      "access_level": "Read",
      "action": "s3:GetBucketLocation",
      "condition": null,
      "credentials_exposure": false,
      "data_access": false,
      "effective_action": "s3:GetBucketLocation",
      "privesc": false,
      "resource_exposure": false
    },
    {
      "access_level": "List",
      "action": "s3:ListBucket",
      "condition": null,
      "credentials_exposure": false,
      "data_access": false,
      "effective_action": "s3:ListBucket",
      "privesc": false,
      "resource_exposure": false
    },
    {
      "access_level": "Read",
      "action": "s3:GetLifecycleConfiguration",
      "condition": null,
      "credentials_exposure": false,
      "data_access": false,
      "effective_action": "s3:GetLifecycleConfiguration",
      "privesc": false,
      "resource_exposure": false
    },
    {
      "access_level": "Write",
      "action": "s3:PutLifecycleConfiguration",
      "condition": null,
      "credentials_exposure": false,
      "data_access": false,
      "effective_action": "s3:PutLifecycleConfiguration",
      "privesc": false,
      "resource_exposure": false
    },
    {
      "access_level": "Read",
      "action": "s3:GetBucketPolicy",
      "condition": null,
      "credentials_exposure": false,
      "data_access": false,
      "effective_action": "s3:GetBucketPolicy",
      "privesc": false,
      "resource_exposure": false
    },
    {
      "access_level": "Permissions management",
      "action": "s3:PutBucketPolicy",
      "condition": null,
      "credentials_exposure": false,
      "data_access": false,
      "effective_action": "s3:PutBucketPolicy",
      "privesc": false,
      "resource_exposure": true
    },
    {
      "access_level": "Write",
      "action": "s3:AbortMultipartUpload",
      "condition": null,
      "credentials_exposure": false,
      "data_access": false,
      "effective_action": "s3:AbortMultipartUpload",
      "privesc": false,
      "resource_exposure": false
    },
    {
      "access_level": "Write",
      "action": "s3:PutObject",
      "condition": null,
      "credentials_exposure": false,
      "data_access": false,
      "effective_action": "s3:PutObject",
      "privesc": false,
      "resource_exposure": false
    },
    {
      "access_level": "Read",
      "action": "s3:GetObject",
      "condition": null,
      "credentials_exposure": false,
      "data_access": true,
      "effective_action": "s3:GetObject",
      "privesc": false,
      "resource_exposure": false
    },
    {
      "access_level": "List",
      "action": "s3:ListBucketMultipartUploads",
      "condition": null,
      "credentials_exposure": false,
      "data_access": false,
      "effective_action": "s3:ListBucketMultipartUploads",
      "privesc": false,
      "resource_exposure": false
    },
    {
      "access_level": "List",
      "action": "s3:ListMultipartUploadParts",
      "condition": null,
      "credentials_exposure": false,
      "data_access": false,
      "effective_action": "s3:ListMultipartUploadParts",
      "privesc": false,
      "resource_exposure": false
    },
    {
      "access_level": "Write",
      "action": "s3:DeleteObject",
      "condition": null,
      "credentials_exposure": false,
      "data_access": false,
      "effective_action": "s3:DeleteObject",
      "privesc": false,
      "resource_exposure": false
    },
    {
      "access_level": "Read",
      "action": "athena:GetQueryExecution",
      "condition": null,
      "credentials_exposure": false,
      "data_access": true,
      "effective_action": "athena:GetQueryExecution",
      "privesc": false,
      "resource_exposure": false
    },
    {
      "access_level": "Read",
      "action": "athena:GetQueryResults",
      "condition": null,
      "credentials_exposure": false,
      "data_access": true,
      "effective_action": "athena:GetQueryResults",
      "privesc": false,
      "resource_exposure": false
    },
    {
      "access_level": "Write",
      "action": "athena:StartQueryExecution",
      "condition": null,
      "credentials_exposure": false,
      "data_access": false,
      "effective_action": "athena:StartQueryExecution",
      "privesc": false,
      "resource_exposure": false
    },
    {
      "access_level": "Read",
      "action": "glue:GetTable",
      "condition": null,
      "credentials_exposure": false,
      "data_access": false,
      "effective_action": "glue:GetTable",
      "privesc": false,
      "resource_exposure": false
    },
    {
      "access_level": "Read",
      "action": "glue:GetPartition",
      "condition": null,
      "credentials_exposure": false,
      "data_access": false,
      "effective_action": "glue:GetPartition",
      "privesc": false,
      "resource_exposure": false
    },
    {
      "access_level": "Read",
      "action": "glue:GetPartitions",
      "condition": null,
      "credentials_exposure": false,
      "data_access": false,
      "effective_action": "glue:GetPartitions",
      "privesc": false,
      "resource_exposure": false
    },
    {
      "access_level": "Read",
      "action": "organizations:DescribeOrganization",
      "condition": null,
      "credentials_exposure": false,
      "data_access": false,
      "effective_action": "organizations:DescribeOrganization",
      "privesc": false,
      "resource_exposure": false
    },
    {
      "access_level": "List",
      "action": "organizations:ListAccounts",
      "condition": null,
      "credentials_exposure": false,
      "data_access": false,
      "effective_action": "organizations:ListAccounts",
      "privesc": false,
      "resource_exposure": false
    },
    {
      "access_level": "Read",
      "action": "organizations:DescribeAccount",
      "condition": null,
      "credentials_exposure": false,
      "data_access": false,
      "effective_action": "organizations:DescribeAccount",
      "privesc": false,
      "resource_exposure": false
    },
    {
      "access_level": "List",
      "action": "organizations:ListChildren",
      "condition": null,
      "credentials_exposure": false,
      "data_access": false,
      "effective_action": "organizations:ListChildren",
      "privesc": false,
      "resource_exposure": false
    },
    {
      "access_level": "List",
      "action": "organizations:ListParents",
      "condition": null,
      "credentials_exposure": false,
      "data_access": false,
      "effective_action": "organizations:ListParents",
      "privesc": false,
      "resource_exposure": false
    },
    {
      "access_level": "List",
      "action": "organizations:ListAccountsForParent",
      "condition": null,
      "credentials_exposure": false,
      "data_access": false,
      "effective_action": "organizations:ListAccountsForParent",
      "privesc": false,
      "resource_exposure": false
    },
    {
      "access_level": "List",
      "action": "organizations:ListRoots",
      "condition": null,
      "credentials_exposure": false,
      "data_access": false,
      "effective_action": "organizations:ListRoots",
      "privesc": false,
      "resource_exposure": false
    },
    {
      "access_level": "List",
      "action": "organizations:ListAWSServiceAccessForOrganization",
      "condition": null,
      "credentials_exposure": false,
      "data_access": false,
      "effective_action": "organizations:ListAWSServiceAccessForOrganization",
      "privesc": false,
      "resource_exposure": false
    },
    {
      "access_level": "Read",
      "action": "ram:GetResourceShares",
      "condition": null,
      "credentials_exposure": false,
      "data_access": false,
      "effective_action": "ram:GetResourceShares",
      "privesc": false,
      "resource_exposure": false
    },
    {
      "access_level": "Read",
      "action": "ram:GetResourceShareAssociations",
      "condition": null,
      "credentials_exposure": false,
      "data_access": false,
      "effective_action": "ram:GetResourceShareAssociations",
      "privesc": false,
      "resource_exposure": false
    },
    {
      "access_level": "Tagging",
      "action": "ram:TagResource",
      "condition": null,
      "credentials_exposure": false,
      "data_access": false,
      "effective_action": "ram:TagResource",
      "privesc": false,
      "resource_exposure": false
    },
    {
      "access_level": "Permissions management",
      "action": "ram:CreateResourceShare",
      "condition": {
        "StringEquals": {
          "aws:RequestTag/Service": "LicenseManager"
        }
      },
      "credentials_exposure": false,
      "data_access": false,
      "effective_action": "ram:CreateResourceShare",
      "privesc": false,
      "resource_exposure": true
    },
    {
      "access_level": "Permissions management",
      "action": "ram:AssociateResourceShare",
      "condition": {
        "StringEquals": {
          "aws:ResourceTag/Service": "LicenseManager"
        }
      },
      "credentials_exposure": false,
      "data_access": false,
      "effective_action": "ram:AssociateResourceShare",
      "privesc": false,
      "resource_exposure": true
    },
    {
      "access_level": "Permissions management",
      "action": "ram:DisassociateResourceShare",
      "condition": {
        "StringEquals": {
          "aws:ResourceTag/Service": "LicenseManager"
        }
      },
      "credentials_exposure": false,
      "data_access": false,
      "effective_action": "ram:DisassociateResourceShare",
      "privesc": false,
      "resource_exposure": true
    },
    {
      "access_level": "Permissions management",
      "action": "ram:UpdateResourceShare",
      "condition": {
        "StringEquals": {
          "aws:ResourceTag/Service": "LicenseManager"
        }
      },
      "credentials_exposure": false,
      "data_access": false,
      "effective_action": "ram:UpdateResourceShare",
      "privesc": false,
      "resource_exposure": true
    },
    {
      "access_level": "Permissions management",
      "action": "ram:DeleteResourceShare",
      "condition": {
        "StringEquals": {
          "aws:ResourceTag/Service": "LicenseManager"
        }
      },
      "credentials_exposure": false,
      "data_access": false,
      "effective_action": "ram:DeleteResourceShare",
      "privesc": false,
      "resource_exposure": true
    },
    {
      "access_level": "Read",
      "action": "iam:GetRole",
      "condition": null,
      "credentials_exposure": false,
      "data_access": false,
      "effective_action": "iam:GetRole",
      "privesc": false,
      "resource_exposure": false
    },
    {
      "access_level": "Permissions management",
      "action": "iam:PassRole",
      "condition": {
        "StringEquals": {
          "iam:PassedToService": [
            "cloudformation.amazonaws.com",
            "glue.amazonaws.com"
          ]
        }
      },
      "credentials_exposure": false,
      "data_access": false,
      "effective_action": "iam:PassRole",
      "privesc": true,
      "resource_exposure": true
    },
    {
      "access_level": "Write",
      "action": "cloudformation:UpdateStack",
      "condition": null,
      "credentials_exposure": false,
      "data_access": false,
      "effective_action": "cloudformation:UpdateStack",
      "privesc": false,
      "resource_exposure": false
    },
    {
      "access_level": "Write",
      "action": "cloudformation:CreateStack",
      "condition": null,
      "credentials_exposure": false,
      "data_access": false,
      "effective_action": "cloudformation:CreateStack",
      "privesc": false,
      "resource_exposure": false
    },
    {
      "access_level": "Write",
      "action": "cloudformation:DeleteStack",
      "condition": null,
      "credentials_exposure": false,
      "data_access": false,
      "effective_action": "cloudformation:DeleteStack",
      "privesc": false,
      "resource_exposure": false
    },
    {
      "access_level": "List",
      "action": "cloudformation:DescribeStacks",
      "condition": null,
      "credentials_exposure": false,
      "data_access": false,
      "effective_action": "cloudformation:DescribeStacks",
      "privesc": false,
      "resource_exposure": false
    },
    {
      "access_level": "Write",
      "action": "glue:CreateTable",
      "condition": null,
      "credentials_exposure": false,
      "data_access": false,
      "effective_action": "glue:CreateTable",
      "privesc": false,
      "resource_exposure": false
    },
    {
      "access_level": "Write",
      "action": "glue:UpdateTable",
      "condition": null,
      "credentials_exposure": false,
      "data_access": false,
      "effective_action": "glue:UpdateTable",
      "privesc": false,
      "resource_exposure": false
    },
    {
      "access_level": "Write",
      "action": "glue:DeleteTable",
      "condition": null,
      "credentials_exposure": false,
      "data_access": false,
      "effective_action": "glue:DeleteTable",
      "privesc": false,
      "resource_exposure": false
    },
    {
      "access_level": "Write",
      "action": "glue:UpdateJob",
      "condition": null,
      "credentials_exposure": false,
      "data_access": false,
      "effective_action": "glue:UpdateJob",
      "privesc": false,
      "resource_exposure": false
    },
    {
      "access_level": "Write",
      "action": "glue:UpdateCrawler",
      "condition": null,
      "credentials_exposure": false,
      "data_access": false,
      "effective_action": "glue:UpdateCrawler",
      "privesc": false,
      "resource_exposure": false
    },
    {
      "access_level": "Write",
      "action": "resource-groups:PutGroupPolicy",
      "condition": {
        "ForAnyValue:StringEquals": {
          "aws:CalledVia": [
            "ram.amazonaws.com"
          ]
        }
      },
      "credentials_exposure": false,
      "data_access": false,
      "effective_action": "resource-groups:PutGroupPolicy",
      "privesc": false,
      "resource_exposure": false
    }
  ],
  "grantless": false,
  "malformed": false,
  "name": "AWSLicenseManagerMasterAccountRolePolicy",
  "privesc": true,
  "resource_exposure": true,
  "undocumented_actions": false,
  "unknown_actions": [],
  "updatedate": "2022-05-31T20:50:26+00:00",
  "version": "v5"
}