{
  "access_levels": [
    "List",
    "Read",
    "Write"
  ],
  "arn": "arn:aws:iam::aws:policy/service-role/AWSLambdaKinesisExecutionRole",
  "createdate": "2018-11-19T20:09:24Z",
  "credentials_exposure": false,
  "data_access": true,
  "deprecated": false,
  "document": {
    "Statement": [
      {
        "Action": [
          "kinesis:DescribeStream",
          "kinesis:DescribeStreamSummary",
          "kinesis:GetRecords",
          "kinesis:GetShardIterator",
          "kinesis:ListShards",
          "kinesis:ListStreams",
          "kinesis:SubscribeToShard",
          "logs:CreateLogGroup",
          "logs:CreateLogStream",
          "logs:PutLogEvents"
        ],
        "Effect": "Allow",
        "Resource": "*"
      }
    ],
    "Version": "2012-10-17"
  },
  "effective_actions": [
    {
      "access_level": "Read",
      "action": "kinesis:DescribeStream",
      "condition": null,
      "credentials_exposure": false,
      "data_access": false,
      "effective_action": "kinesis:DescribeStream",
      "privesc": false,
      "resource_exposure": false
    },
    {
      "access_level": "Read",
      "action": "kinesis:DescribeStreamSummary",
      "condition": null,
      "credentials_exposure": false,
      "data_access": false,
      "effective_action": "kinesis:DescribeStreamSummary",
      "privesc": false,
      "resource_exposure": false
    },
    {
      "access_level": "Read",
      "action": "kinesis:GetRecords",
      "condition": null,
      "credentials_exposure": false,
      "data_access": true,
      "effective_action": "kinesis:GetRecords",
      "privesc": false,
      "resource_exposure": false
    },
    {
      "access_level": "Read",
      "action": "kinesis:GetShardIterator",
      "condition": null,
      "credentials_exposure": false,
      "data_access": false,
      "effective_action": "kinesis:GetShardIterator",
      "privesc": false,
      "resource_exposure": false
    },
    {
      "access_level": "List",
      "action": "kinesis:ListShards",
      "condition": null,
      "credentials_exposure": false,
      "data_access": false,
      "effective_action": "kinesis:ListShards",
      "privesc": false,
      "resource_exposure": false
    },
    {
      "access_level": "List",
      "action": "kinesis:ListStreams",
      "condition": null,
      "credentials_exposure": false,
      "data_access": false,
      "effective_action": "kinesis:ListStreams",
      "privesc": false,
      "resource_exposure": false
    },
    {
      "access_level": "Read",
      "action": "kinesis:SubscribeToShard",
      "condition": null,
      "credentials_exposure": false,
      "data_access": false,
      "effective_action": "kinesis:SubscribeToShard",
      "privesc": false,
      "resource_exposure": false
    },
    {
      "access_level": "Write",
      "action": "logs:CreateLogGroup",
      "condition": null,
      "credentials_exposure": false,
      "data_access": false,
      "effective_action": "logs:CreateLogGroup",
      "privesc": false,
      "resource_exposure": false
    },
    {
      "access_level": "Write",
      "action": "logs:CreateLogStream",
      "condition": null,
      "credentials_exposure": false,
      "data_access": false,
      "effective_action": "logs:CreateLogStream",
      "privesc": false,
      "resource_exposure": false
    },
    {
      "access_level": "Write",
      "action": "logs:PutLogEvents",
      "condition": null,
      "credentials_exposure": false,
      "data_access": false,
      "effective_action": "logs:PutLogEvents",
      "privesc": false,
      "resource_exposure": false
    }
  ],
  "grantless": false,
  "malformed": false,
  "name": "AWSLambdaKinesisExecutionRole",
  "privesc": false,
  "resource_exposure": false,
  "undocumented_actions": false,
  "unknown_actions": [],
  "updatedate": "2018-11-19T20:09:24+00:00",
  "version": "v2"
}