{
  "access_levels": [
    "List",
    "Read",
    "Write",
    "Permissions management"
  ],
  "arn": "arn:aws:iam::aws:policy/aws-service-role/AWSLicenseManagerServiceRolePolicy",
  "createdate": "2021-07-30T01:43:19Z",
  "credentials_exposure": false,
  "data_access": false,
  "deprecated": false,
  "document": {
    "Statement": [
      {
        "Action": [
          "iam:CreateServiceLinkedRole"
        ],
        "Condition": {
          "StringEquals": {
            "iam:AWSServiceName": "license-management.marketplace.amazonaws.com"
          }
        },
        "Effect": "Allow",
        "Resource": [
          "arn:aws:iam::*:role/aws-service-role/license-management.marketplace.amazonaws.com/AWSServiceRoleForMarketplaceLicenseManagement"
        ],
        "Sid": "IAMPermissions"
      },
      {
        "Action": [
          "iam:CreateServiceLinkedRole"
        ],
        "Condition": {
          "StringEquals": {
            "iam:AWSServiceName": "license-manager.member-account.amazonaws.com"
          }
        },
        "Effect": "Allow",
        "Resource": [
          "arn:*:iam::*:role/aws-service-role/license-manager.member-account.amazonaws.com/AWSServiceRoleForAWSLicenseManagerMemberAccountRole"
        ],
        "Sid": "IAMPermissionsForCreatingMemberSLR"
      },
      {
        "Action": [
          "s3:GetBucketLocation",
          "s3:ListBucket"
        ],
        "Effect": "Allow",
        "Resource": [
          "arn:aws:s3:::aws-license-manager-service-*"
        ],
        "Sid": "S3BucketPermissions1"
      },
      {
        "Action": [
          "s3:ListAllMyBuckets"
        ],
        "Effect": "Allow",
        "Resource": [
          "*"
        ],
        "Sid": "S3BucketPermissions2"
      },
      {
        "Action": [
          "s3:PutObject"
        ],
        "Effect": "Allow",
        "Resource": [
          "arn:aws:s3:::aws-license-manager-service-*"
        ],
        "Sid": "S3ObjectPermissions"
      },
      {
        "Action": [
          "sns:Publish"
        ],
        "Effect": "Allow",
        "Resource": [
          "arn:aws:sns:*:*:aws-license-manager-service-*"
        ],
        "Sid": "SNSAccountPermissions"
      },
      {
        "Action": [
          "sns:ListTopics"
        ],
        "Effect": "Allow",
        "Resource": [
          "*"
        ],
        "Sid": "SNSTopicPermissions"
      },
      {
        "Action": [
          "ec2:DescribeInstances",
          "ec2:DescribeImages",
          "ec2:DescribeHosts"
        ],
        "Effect": "Allow",
        "Resource": [
          "*"
        ],
        "Sid": "EC2Permissions"
      },
      {
        "Action": [
          "ssm:ListInventoryEntries",
          "ssm:GetInventory",
          "ssm:CreateAssociation"
        ],
        "Effect": "Allow",
        "Resource": [
          "*"
        ],
        "Sid": "SSMPermissions"
      },
      {
        "Action": [
          "organizations:ListAWSServiceAccessForOrganization",
          "organizations:DescribeOrganization",
          "organizations:ListDelegatedAdministrators"
        ],
        "Effect": "Allow",
        "Resource": [
          "*"
        ],
        "Sid": "OrganizationPermissions"
      },
      {
        "Action": [
          "license-manager:GetServiceSettings",
          "license-manager:GetLicense*",
          "license-manager:UpdateLicenseSpecificationsForResource",
          "license-manager:List*"
        ],
        "Effect": "Allow",
        "Resource": [
          "*"
        ],
        "Sid": "LicenseManagerPermissions"
      }
    ],
    "Version": "2012-10-17"
  },
  "effective_actions": [
    {
      "access_level": "Permissions management",
      "action": "iam:CreateServiceLinkedRole",
      "condition": {
        "StringEquals": {
          "iam:AWSServiceName": "license-management.marketplace.amazonaws.com"
        }
      },
      "credentials_exposure": false,
      "data_access": false,
      "effective_action": "iam:CreateServiceLinkedRole",
      "privesc": true,
      "resource_exposure": true
    },
    {
      "access_level": "Permissions management",
      "action": "iam:CreateServiceLinkedRole",
      "condition": {
        "StringEquals": {
          "iam:AWSServiceName": "license-manager.member-account.amazonaws.com"
        }
      },
      "credentials_exposure": false,
      "data_access": false,
      "effective_action": "iam:CreateServiceLinkedRole",
      "privesc": true,
      "resource_exposure": true
    },
    {
      "access_level": "Read",
      "action": "s3:GetBucketLocation",
      "condition": null,
      "credentials_exposure": false,
      "data_access": false,
      "effective_action": "s3:GetBucketLocation",
      "privesc": false,
      "resource_exposure": false
    },
    {
      "access_level": "List",
      "action": "s3:ListBucket",
      "condition": null,
      "credentials_exposure": false,
      "data_access": false,
      "effective_action": "s3:ListBucket",
      "privesc": false,
      "resource_exposure": false
    },
    {
      "access_level": "List",
      "action": "s3:ListAllMyBuckets",
      "condition": null,
      "credentials_exposure": false,
      "data_access": false,
      "effective_action": "s3:ListAllMyBuckets",
      "privesc": false,
      "resource_exposure": false
    },
    {
      "access_level": "Write",
      "action": "s3:PutObject",
      "condition": null,
      "credentials_exposure": false,
      "data_access": false,
      "effective_action": "s3:PutObject",
      "privesc": false,
      "resource_exposure": false
    },
    {
      "access_level": "Write",
      "action": "sns:Publish",
      "condition": null,
      "credentials_exposure": false,
      "data_access": false,
      "effective_action": "sns:Publish",
      "privesc": false,
      "resource_exposure": false
    },
    {
      "access_level": "List",
      "action": "sns:ListTopics",
      "condition": null,
      "credentials_exposure": false,
      "data_access": false,
      "effective_action": "sns:ListTopics",
      "privesc": false,
      "resource_exposure": false
    },
    {
      "access_level": "List",
      "action": "ec2:DescribeInstances",
      "condition": null,
      "credentials_exposure": false,
      "data_access": false,
      "effective_action": "ec2:DescribeInstances",
      "privesc": false,
      "resource_exposure": false
    },
    {
      "access_level": "List",
      "action": "ec2:DescribeImages",
      "condition": null,
      "credentials_exposure": false,
      "data_access": false,
      "effective_action": "ec2:DescribeImages",
      "privesc": false,
      "resource_exposure": false
    },
    {
      "access_level": "List",
      "action": "ec2:DescribeHosts",
      "condition": null,
      "credentials_exposure": false,
      "data_access": false,
      "effective_action": "ec2:DescribeHosts",
      "privesc": false,
      "resource_exposure": false
    },
    {
      "access_level": "List",
      "action": "ssm:ListInventoryEntries",
      "condition": null,
      "credentials_exposure": false,
      "data_access": false,
      "effective_action": "ssm:ListInventoryEntries",
      "privesc": false,
      "resource_exposure": false
    },
    {
      "access_level": "Read",
      "action": "ssm:GetInventory",
      "condition": null,
      "credentials_exposure": false,
      "data_access": false,
      "effective_action": "ssm:GetInventory",
      "privesc": false,
      "resource_exposure": false
    },
    {
      "access_level": "Write",
      "action": "ssm:CreateAssociation",
      "condition": null,
      "credentials_exposure": false,
      "data_access": false,
      "effective_action": "ssm:CreateAssociation",
      "privesc": false,
      "resource_exposure": false
    },
    {
      "access_level": "List",
      "action": "organizations:ListAWSServiceAccessForOrganization",
      "condition": null,
      "credentials_exposure": false,
      "data_access": false,
      "effective_action": "organizations:ListAWSServiceAccessForOrganization",
      "privesc": false,
      "resource_exposure": false
    },
    {
      "access_level": "Read",
      "action": "organizations:DescribeOrganization",
      "condition": null,
      "credentials_exposure": false,
      "data_access": false,
      "effective_action": "organizations:DescribeOrganization",
      "privesc": false,
      "resource_exposure": false
    },
    {
      "access_level": "List",
      "action": "organizations:ListDelegatedAdministrators",
      "condition": null,
      "credentials_exposure": false,
      "data_access": false,
      "effective_action": "organizations:ListDelegatedAdministrators",
      "privesc": false,
      "resource_exposure": false
    },
    {
      "access_level": "List",
      "action": "license-manager:GetServiceSettings",
      "condition": null,
      "credentials_exposure": false,
      "data_access": false,
      "effective_action": "license-manager:GetServiceSettings",
      "privesc": false,
      "resource_exposure": false
    },
    {
      "access_level": "Read",
      "action": "license-manager:GetLicense*",
      "condition": null,
      "credentials_exposure": false,
      "data_access": false,
      "effective_action": "license-manager:GetLicense",
      "privesc": false,
      "resource_exposure": false
    },
    {
      "access_level": "Read",
      "action": "license-manager:GetLicense*",
      "condition": null,
      "credentials_exposure": false,
      "data_access": false,
      "effective_action": "license-manager:GetLicenseConfiguration",
      "privesc": false,
      "resource_exposure": false
    },
    {
      "access_level": "Read",
      "action": "license-manager:GetLicense*",
      "condition": null,
      "credentials_exposure": false,
      "data_access": false,
      "effective_action": "license-manager:GetLicenseConversionTask",
      "privesc": false,
      "resource_exposure": false
    },
    {
      "access_level": "Read",
      "action": "license-manager:GetLicense*",
      "condition": null,
      "credentials_exposure": false,
      "data_access": false,
      "effective_action": "license-manager:GetLicenseManagerReportGenerator",
      "privesc": false,
      "resource_exposure": false
    },
    {
      "access_level": "Read",
      "action": "license-manager:GetLicense*",
      "condition": null,
      "credentials_exposure": false,
      "data_access": false,
      "effective_action": "license-manager:GetLicenseUsage",
      "privesc": false,
      "resource_exposure": false
    },
    {
      "access_level": "Write",
      "action": "license-manager:UpdateLicenseSpecificationsForResource",
      "condition": null,
      "credentials_exposure": false,
      "data_access": false,
      "effective_action": "license-manager:UpdateLicenseSpecificationsForResource",
      "privesc": false,
      "resource_exposure": false
    },
    {
      "access_level": "List",
      "action": "license-manager:List*",
      "condition": null,
      "credentials_exposure": false,
      "data_access": false,
      "effective_action": "license-manager:ListAssociationsForLicenseConfiguration",
      "privesc": false,
      "resource_exposure": false
    },
    {
      "access_level": "List",
      "action": "license-manager:List*",
      "condition": null,
      "credentials_exposure": false,
      "data_access": false,
      "effective_action": "license-manager:ListDistributedGrants",
      "privesc": false,
      "resource_exposure": false
    },
    {
      "access_level": "List",
      "action": "license-manager:List*",
      "condition": null,
      "credentials_exposure": false,
      "data_access": false,
      "effective_action": "license-manager:ListFailuresForLicenseConfigurationOperations",
      "privesc": false,
      "resource_exposure": false
    },
    {
      "access_level": "Read",
      "action": "license-manager:List*",
      "condition": null,
      "credentials_exposure": false,
      "data_access": false,
      "effective_action": "license-manager:ListLicenseConfigurations",
      "privesc": false,
      "resource_exposure": false
    },
    {
      "access_level": "List",
      "action": "license-manager:List*",
      "condition": null,
      "credentials_exposure": false,
      "data_access": false,
      "effective_action": "license-manager:ListLicenseConversionTasks",
      "privesc": false,
      "resource_exposure": false
    },
    {
      "access_level": "List",
      "action": "license-manager:List*",
      "condition": null,
      "credentials_exposure": false,
      "data_access": false,
      "effective_action": "license-manager:ListLicenseManagerReportGenerators",
      "privesc": false,
      "resource_exposure": false
    },
    {
      "access_level": "List",
      "action": "license-manager:List*",
      "condition": null,
      "credentials_exposure": false,
      "data_access": false,
      "effective_action": "license-manager:ListLicenseSpecificationsForResource",
      "privesc": false,
      "resource_exposure": false
    },
    {
      "access_level": "List",
      "action": "license-manager:List*",
      "condition": null,
      "credentials_exposure": false,
      "data_access": false,
      "effective_action": "license-manager:ListLicenseVersions",
      "privesc": false,
      "resource_exposure": false
    },
    {
      "access_level": "Read",
      "action": "license-manager:List*",
      "condition": null,
      "credentials_exposure": false,
      "data_access": false,
      "effective_action": "license-manager:ListLicenses",
      "privesc": false,
      "resource_exposure": false
    },
    {
      "access_level": "List",
      "action": "license-manager:List*",
      "condition": null,
      "credentials_exposure": false,
      "data_access": false,
      "effective_action": "license-manager:ListReceivedGrants",
      "privesc": false,
      "resource_exposure": false
    },
    {
      "access_level": "List",
      "action": "license-manager:List*",
      "condition": null,
      "credentials_exposure": false,
      "data_access": false,
      "effective_action": "license-manager:ListReceivedGrantsForOrganization",
      "privesc": false,
      "resource_exposure": false
    },
    {
      "access_level": "List",
      "action": "license-manager:List*",
      "condition": null,
      "credentials_exposure": false,
      "data_access": false,
      "effective_action": "license-manager:ListReceivedLicenses",
      "privesc": false,
      "resource_exposure": false
    },
    {
      "access_level": "List",
      "action": "license-manager:List*",
      "condition": null,
      "credentials_exposure": false,
      "data_access": false,
      "effective_action": "license-manager:ListReceivedLicensesForOrganization",
      "privesc": false,
      "resource_exposure": false
    },
    {
      "access_level": "List",
      "action": "license-manager:List*",
      "condition": null,
      "credentials_exposure": false,
      "data_access": false,
      "effective_action": "license-manager:ListResourceInventory",
      "privesc": false,
      "resource_exposure": false
    },
    {
      "access_level": "Read",
      "action": "license-manager:List*",
      "condition": null,
      "credentials_exposure": false,
      "data_access": false,
      "effective_action": "license-manager:ListTagsForResource",
      "privesc": false,
      "resource_exposure": false
    },
    {
      "access_level": "List",
      "action": "license-manager:List*",
      "condition": null,
      "credentials_exposure": false,
      "data_access": false,
      "effective_action": "license-manager:ListTokens",
      "privesc": false,
      "resource_exposure": false
    },
    {
      "access_level": "List",
      "action": "license-manager:List*",
      "condition": null,
      "credentials_exposure": false,
      "data_access": false,
      "effective_action": "license-manager:ListUsageForLicenseConfiguration",
      "privesc": false,
      "resource_exposure": false
    }
  ],
  "grantless": false,
  "malformed": false,
  "name": "AWSLicenseManagerServiceRolePolicy",
  "privesc": true,
  "resource_exposure": true,
  "undocumented_actions": false,
  "unknown_actions": [],
  "updatedate": "2021-07-30T01:43:19+00:00",
  "version": "v7"
}