{
  "access_levels": [
    "Read",
    "Write"
  ],
  "arn": "arn:aws:iam::aws:policy/AWSLambdaInvocation-DynamoDB",
  "createdate": "2015-02-06T18:40:47Z",
  "credentials_exposure": false,
  "data_access": true,
  "deprecated": false,
  "document": {
    "Statement": [
      {
        "Action": [
          "lambda:InvokeFunction"
        ],
        "Effect": "Allow",
        "Resource": "*"
      },
      {
        "Action": [
          "dynamodb:DescribeStream",
          "dynamodb:GetRecords",
          "dynamodb:GetShardIterator",
          "dynamodb:ListStreams"
        ],
        "Effect": "Allow",
        "Resource": "*"
      }
    ],
    "Version": "2012-10-17"
  },
  "effective_actions": [
    {
      "access_level": "Write",
      "action": "lambda:InvokeFunction",
      "condition": null,
      "credentials_exposure": false,
      "data_access": false,
      "effective_action": "lambda:InvokeFunction",
      "privesc": false,
      "resource_exposure": false
    },
    {
      "access_level": "Read",
      "action": "dynamodb:DescribeStream",
      "condition": null,
      "credentials_exposure": false,
      "data_access": false,
      "effective_action": "dynamodb:DescribeStream",
      "privesc": false,
      "resource_exposure": false
    },
    {
      "access_level": "Read",
      "action": "dynamodb:GetRecords",
      "condition": null,
      "credentials_exposure": false,
      "data_access": true,
      "effective_action": "dynamodb:GetRecords",
      "privesc": false,
      "resource_exposure": false
    },
    {
      "access_level": "Read",
      "action": "dynamodb:GetShardIterator",
      "condition": null,
      "credentials_exposure": false,
      "data_access": false,
      "effective_action": "dynamodb:GetShardIterator",
      "privesc": false,
      "resource_exposure": false
    },
    {
      "access_level": "Read",
      "action": "dynamodb:ListStreams",
      "condition": null,
      "credentials_exposure": false,
      "data_access": false,
      "effective_action": "dynamodb:ListStreams",
      "privesc": false,
      "resource_exposure": false
    }
  ],
  "grantless": false,
  "malformed": false,
  "name": "AWSLambdaInvocation-DynamoDB",
  "privesc": false,
  "resource_exposure": false,
  "undocumented_actions": false,
  "unknown_actions": [],
  "updatedate": "2015-02-06T18:40:47+00:00",
  "version": "v1"
}