{
  "access_levels": [
    "List",
    "Read",
    "Write",
    "Permissions management"
  ],
  "arn": "arn:aws:iam::aws:policy/AWSMigrationHubStrategyCollector",
  "createdate": "2024-04-01T16:21:02Z",
  "credentials_exposure": false,
  "data_access": true,
  "deprecated": false,
  "document": {
    "Statement": [
      {
        "Action": [
          "s3:GetObject",
          "s3:PutObject",
          "s3:GetBucketAcl",
          "s3:CreateBucket",
          "s3:PutEncryptionConfiguration",
          "s3:PutBucketPublicAccessBlock",
          "s3:PutBucketVersioning",
          "s3:PutLifecycleConfiguration",
          "s3:ListBucket",
          "s3:GetBucketLocation"
        ],
        "Condition": {
          "StringEquals": {
            "aws:ResourceAccount": "${aws:PrincipalAccount}"
          }
        },
        "Effect": "Allow",
        "Resource": "arn:aws:s3:::migrationhub-strategy-*",
        "Sid": "MHSRAllowS3Resources"
      },
      {
        "Action": [
          "s3:ListAllMyBuckets"
        ],
        "Condition": {
          "StringEquals": {
            "aws:ResourceAccount": "${aws:PrincipalAccount}"
          }
        },
        "Effect": "Allow",
        "Resource": "arn:aws:s3:::*",
        "Sid": "MHSRAllowS3ListBucket"
      },
      {
        "Action": [
          "application-transformation:PutMetricData",
          "application-transformation:PutLogData",
          "application-transformation:StartPortingCompatibilityAssessment",
          "application-transformation:GetPortingCompatibilityAssessment",
          "application-transformation:StartPortingRecommendationAssessment",
          "application-transformation:GetPortingRecommendationAssessment"
        ],
        "Effect": "Allow",
        "Resource": "*",
        "Sid": "MHSRAllowMetricsAndLogs"
      },
      {
        "Action": [
          "execute-api:Invoke",
          "execute-api:ManageConnections"
        ],
        "Effect": "Allow",
        "Resource": [
          "arn:aws:execute-api:*:*:*/prod/*/put-log-data",
          "arn:aws:execute-api:*:*:*/prod/*/put-metric-data"
        ],
        "Sid": "MHSRAllowExecuteAPI"
      },
      {
        "Action": [
          "migrationhub-strategy:RegisterCollector",
          "migrationhub-strategy:GetAntiPattern",
          "migrationhub-strategy:GetMessage",
          "migrationhub-strategy:SendMessage",
          "migrationhub-strategy:ListAntiPatterns",
          "migrationhub-strategy:ListJarArtifacts",
          "migrationhub-strategy:UpdateCollectorConfiguration",
          "migrationhub-strategy:PutLogData",
          "migrationhub-strategy:PutMetricData"
        ],
        "Effect": "Allow",
        "Resource": "arn:aws:migrationhub-strategy:*:*:*",
        "Sid": "MHSRAllowCollectorAPI"
      },
      {
        "Action": [
          "secretsmanager:GetSecretValue"
        ],
        "Condition": {
          "StringEquals": {
            "aws:ResourceAccount": "${aws:PrincipalAccount}"
          }
        },
        "Effect": "Allow",
        "Resource": "arn:aws:secretsmanager:*:*:secret:migrationhub-strategy-*",
        "Sid": "MHSRAllowSecretsManager"
      }
    ],
    "Version": "2012-10-17"
  },
  "effective_actions": [
    {
      "access_level": "Read",
      "action": "s3:GetObject",
      "condition": {
        "StringEquals": {
          "aws:ResourceAccount": "${aws:PrincipalAccount}"
        }
      },
      "credentials_exposure": false,
      "data_access": true,
      "effective_action": "s3:GetObject",
      "privesc": false,
      "resource_exposure": false
    },
    {
      "access_level": "Write",
      "action": "s3:PutObject",
      "condition": {
        "StringEquals": {
          "aws:ResourceAccount": "${aws:PrincipalAccount}"
        }
      },
      "credentials_exposure": false,
      "data_access": false,
      "effective_action": "s3:PutObject",
      "privesc": false,
      "resource_exposure": false
    },
    {
      "access_level": "Read",
      "action": "s3:GetBucketAcl",
      "condition": {
        "StringEquals": {
          "aws:ResourceAccount": "${aws:PrincipalAccount}"
        }
      },
      "credentials_exposure": false,
      "data_access": false,
      "effective_action": "s3:GetBucketAcl",
      "privesc": false,
      "resource_exposure": false
    },
    {
      "access_level": "Write",
      "action": "s3:CreateBucket",
      "condition": {
        "StringEquals": {
          "aws:ResourceAccount": "${aws:PrincipalAccount}"
        }
      },
      "credentials_exposure": false,
      "data_access": false,
      "effective_action": "s3:CreateBucket",
      "privesc": false,
      "resource_exposure": false
    },
    {
      "access_level": "Write",
      "action": "s3:PutEncryptionConfiguration",
      "condition": {
        "StringEquals": {
          "aws:ResourceAccount": "${aws:PrincipalAccount}"
        }
      },
      "credentials_exposure": false,
      "data_access": false,
      "effective_action": "s3:PutEncryptionConfiguration",
      "privesc": false,
      "resource_exposure": false
    },
    {
      "access_level": "Permissions management",
      "action": "s3:PutBucketPublicAccessBlock",
      "condition": {
        "StringEquals": {
          "aws:ResourceAccount": "${aws:PrincipalAccount}"
        }
      },
      "credentials_exposure": false,
      "data_access": false,
      "effective_action": "s3:PutBucketPublicAccessBlock",
      "privesc": false,
      "resource_exposure": true
    },
    {
      "access_level": "Write",
      "action": "s3:PutBucketVersioning",
      "condition": {
        "StringEquals": {
          "aws:ResourceAccount": "${aws:PrincipalAccount}"
        }
      },
      "credentials_exposure": false,
      "data_access": false,
      "effective_action": "s3:PutBucketVersioning",
      "privesc": false,
      "resource_exposure": false
    },
    {
      "access_level": "Write",
      "action": "s3:PutLifecycleConfiguration",
      "condition": {
        "StringEquals": {
          "aws:ResourceAccount": "${aws:PrincipalAccount}"
        }
      },
      "credentials_exposure": false,
      "data_access": false,
      "effective_action": "s3:PutLifecycleConfiguration",
      "privesc": false,
      "resource_exposure": false
    },
    {
      "access_level": "List",
      "action": "s3:ListBucket",
      "condition": {
        "StringEquals": {
          "aws:ResourceAccount": "${aws:PrincipalAccount}"
        }
      },
      "credentials_exposure": false,
      "data_access": false,
      "effective_action": "s3:ListBucket",
      "privesc": false,
      "resource_exposure": false
    },
    {
      "access_level": "Read",
      "action": "s3:GetBucketLocation",
      "condition": {
        "StringEquals": {
          "aws:ResourceAccount": "${aws:PrincipalAccount}"
        }
      },
      "credentials_exposure": false,
      "data_access": false,
      "effective_action": "s3:GetBucketLocation",
      "privesc": false,
      "resource_exposure": false
    },
    {
      "access_level": "List",
      "action": "s3:ListAllMyBuckets",
      "condition": {
        "StringEquals": {
          "aws:ResourceAccount": "${aws:PrincipalAccount}"
        }
      },
      "credentials_exposure": false,
      "data_access": false,
      "effective_action": "s3:ListAllMyBuckets",
      "privesc": false,
      "resource_exposure": false
    },
    {
      "access_level": "Write",
      "action": "application-transformation:PutMetricData",
      "condition": null,
      "credentials_exposure": false,
      "data_access": false,
      "effective_action": "application-transformation:PutMetricData",
      "privesc": false,
      "resource_exposure": false
    },
    {
      "access_level": "Write",
      "action": "application-transformation:PutLogData",
      "condition": null,
      "credentials_exposure": false,
      "data_access": false,
      "effective_action": "application-transformation:PutLogData",
      "privesc": false,
      "resource_exposure": false
    },
    {
      "access_level": "Write",
      "action": "application-transformation:StartPortingCompatibilityAssessment",
      "condition": null,
      "credentials_exposure": false,
      "data_access": false,
      "effective_action": "application-transformation:StartPortingCompatibilityAssessment",
      "privesc": false,
      "resource_exposure": false
    },
    {
      "access_level": "Read",
      "action": "application-transformation:GetPortingCompatibilityAssessment",
      "condition": null,
      "credentials_exposure": false,
      "data_access": false,
      "effective_action": "application-transformation:GetPortingCompatibilityAssessment",
      "privesc": false,
      "resource_exposure": false
    },
    {
      "access_level": "Write",
      "action": "application-transformation:StartPortingRecommendationAssessment",
      "condition": null,
      "credentials_exposure": false,
      "data_access": false,
      "effective_action": "application-transformation:StartPortingRecommendationAssessment",
      "privesc": false,
      "resource_exposure": false
    },
    {
      "access_level": "Read",
      "action": "application-transformation:GetPortingRecommendationAssessment",
      "condition": null,
      "credentials_exposure": false,
      "data_access": false,
      "effective_action": "application-transformation:GetPortingRecommendationAssessment",
      "privesc": false,
      "resource_exposure": false
    },
    {
      "access_level": "Write",
      "action": "execute-api:Invoke",
      "condition": null,
      "credentials_exposure": false,
      "data_access": false,
      "effective_action": "execute-api:Invoke",
      "privesc": false,
      "resource_exposure": false
    },
    {
      "access_level": "Write",
      "action": "execute-api:ManageConnections",
      "condition": null,
      "credentials_exposure": false,
      "data_access": false,
      "effective_action": "execute-api:ManageConnections",
      "privesc": false,
      "resource_exposure": false
    },
    {
      "access_level": "Write",
      "action": "migrationhub-strategy:RegisterCollector",
      "condition": null,
      "credentials_exposure": false,
      "data_access": false,
      "effective_action": "migrationhub-strategy:RegisterCollector",
      "privesc": false,
      "resource_exposure": false
    },
    {
      "access_level": "Read",
      "action": "migrationhub-strategy:GetAntiPattern",
      "condition": null,
      "credentials_exposure": false,
      "data_access": false,
      "effective_action": "migrationhub-strategy:GetAntiPattern",
      "privesc": false,
      "resource_exposure": false
    },
    {
      "access_level": "Read",
      "action": "migrationhub-strategy:GetMessage",
      "condition": null,
      "credentials_exposure": false,
      "data_access": false,
      "effective_action": "migrationhub-strategy:GetMessage",
      "privesc": false,
      "resource_exposure": false
    },
    {
      "access_level": "Write",
      "action": "migrationhub-strategy:SendMessage",
      "condition": null,
      "credentials_exposure": false,
      "data_access": false,
      "effective_action": "migrationhub-strategy:SendMessage",
      "privesc": false,
      "resource_exposure": false
    },
    {
      "access_level": "List",
      "action": "migrationhub-strategy:ListAntiPatterns",
      "condition": null,
      "credentials_exposure": false,
      "data_access": false,
      "effective_action": "migrationhub-strategy:ListAntiPatterns",
      "privesc": false,
      "resource_exposure": false
    },
    {
      "access_level": "List",
      "action": "migrationhub-strategy:ListJarArtifacts",
      "condition": null,
      "credentials_exposure": false,
      "data_access": false,
      "effective_action": "migrationhub-strategy:ListJarArtifacts",
      "privesc": false,
      "resource_exposure": false
    },
    {
      "access_level": "Write",
      "action": "migrationhub-strategy:UpdateCollectorConfiguration",
      "condition": null,
      "credentials_exposure": false,
      "data_access": false,
      "effective_action": "migrationhub-strategy:UpdateCollectorConfiguration",
      "privesc": false,
      "resource_exposure": false
    },
    {
      "access_level": "Write",
      "action": "migrationhub-strategy:PutLogData",
      "condition": null,
      "credentials_exposure": false,
      "data_access": false,
      "effective_action": "migrationhub-strategy:PutLogData",
      "privesc": false,
      "resource_exposure": false
    },
    {
      "access_level": "Write",
      "action": "migrationhub-strategy:PutMetricData",
      "condition": null,
      "credentials_exposure": false,
      "data_access": false,
      "effective_action": "migrationhub-strategy:PutMetricData",
      "privesc": false,
      "resource_exposure": false
    },
    {
      "access_level": "Read",
      "action": "secretsmanager:GetSecretValue",
      "condition": {
        "StringEquals": {
          "aws:ResourceAccount": "${aws:PrincipalAccount}"
        }
      },
      "credentials_exposure": false,
      "data_access": false,
      "effective_action": "secretsmanager:GetSecretValue",
      "privesc": false,
      "resource_exposure": false
    }
  ],
  "grantless": false,
  "malformed": false,
  "name": "AWSMigrationHubStrategyCollector",
  "privesc": false,
  "resource_exposure": true,
  "undocumented_actions": false,
  "unknown_actions": [],
  "updatedate": "2024-04-01T16:21:02+00:00",
  "version": "v6"
}