{
  "access_levels": [
    "List",
    "Read",
    "Write"
  ],
  "arn": null,
  "createdate": "2019-12-19T23:15:52Z",
  "credentials_exposure": false,
  "data_access": true,
  "deprecated": true,
  "document": {
    "Statement": [
      {
        "Action": [
          "apigateway:GET",
          "apigateway:POST",
          "cloudfront:GetDistribution",
          "devicefarm:CreateProject",
          "devicefarm:ListJobs",
          "devicefarm:ListRuns",
          "devicefarm:GetProject",
          "devicefarm:GetRun",
          "devicefarm:ListArtifacts",
          "devicefarm:ListProjects",
          "devicefarm:ScheduleRun",
          "dynamodb:DescribeTable",
          "ec2:DescribeSecurityGroups",
          "ec2:DescribeSubnets",
          "ec2:DescribeVpcs",
          "iam:ListSAMLProviders",
          "lambda:ListFunctions",
          "sns:ListTopics",
          "lex:GetIntent",
          "lex:GetIntents",
          "lex:GetSlotType",
          "lex:GetSlotTypes",
          "lex:GetBot",
          "lex:GetBots",
          "lex:GetBotAlias",
          "lex:GetBotAliases",
          "mobilehub:*"
        ],
        "Effect": "Allow",
        "Resource": "*"
      },
      {
        "Action": [
          "s3:GetObject"
        ],
        "Effect": "Allow",
        "Resource": "arn:aws:s3:::*/aws-my-sample-app*.zip"
      },
      {
        "Action": [
          "s3:PutObject"
        ],
        "Effect": "Allow",
        "Resource": "arn:aws:s3:::*-mobilehub-*/*"
      },
      {
        "Action": [
          "s3:ListBucket"
        ],
        "Effect": "Allow",
        "Resource": "arn:aws:s3:::*-mobilehub-*"
      }
    ],
    "Version": "2012-10-17"
  },
  "effective_actions": [
    {
      "access_level": "Read",
      "action": "apigateway:GET",
      "condition": null,
      "credentials_exposure": false,
      "data_access": false,
      "effective_action": "apigateway:GET",
      "privesc": false,
      "resource_exposure": false
    },
    {
      "access_level": "Write",
      "action": "apigateway:POST",
      "condition": null,
      "credentials_exposure": false,
      "data_access": false,
      "effective_action": "apigateway:POST",
      "privesc": false,
      "resource_exposure": false
    },
    {
      "access_level": "Read",
      "action": "cloudfront:GetDistribution",
      "condition": null,
      "credentials_exposure": false,
      "data_access": false,
      "effective_action": "cloudfront:GetDistribution",
      "privesc": false,
      "resource_exposure": false
    },
    {
      "access_level": "Write",
      "action": "devicefarm:CreateProject",
      "condition": null,
      "credentials_exposure": false,
      "data_access": false,
      "effective_action": "devicefarm:CreateProject",
      "privesc": false,
      "resource_exposure": false
    },
    {
      "access_level": "List",
      "action": "devicefarm:ListJobs",
      "condition": null,
      "credentials_exposure": false,
      "data_access": false,
      "effective_action": "devicefarm:ListJobs",
      "privesc": false,
      "resource_exposure": false
    },
    {
      "access_level": "List",
      "action": "devicefarm:ListRuns",
      "condition": null,
      "credentials_exposure": false,
      "data_access": false,
      "effective_action": "devicefarm:ListRuns",
      "privesc": false,
      "resource_exposure": false
    },
    {
      "access_level": "Read",
      "action": "devicefarm:GetProject",
      "condition": null,
      "credentials_exposure": false,
      "data_access": false,
      "effective_action": "devicefarm:GetProject",
      "privesc": false,
      "resource_exposure": false
    },
    {
      "access_level": "Read",
      "action": "devicefarm:GetRun",
      "condition": null,
      "credentials_exposure": false,
      "data_access": false,
      "effective_action": "devicefarm:GetRun",
      "privesc": false,
      "resource_exposure": false
    },
    {
      "access_level": "List",
      "action": "devicefarm:ListArtifacts",
      "condition": null,
      "credentials_exposure": false,
      "data_access": false,
      "effective_action": "devicefarm:ListArtifacts",
      "privesc": false,
      "resource_exposure": false
    },
    {
      "access_level": "List",
      "action": "devicefarm:ListProjects",
      "condition": null,
      "credentials_exposure": false,
      "data_access": false,
      "effective_action": "devicefarm:ListProjects",
      "privesc": false,
      "resource_exposure": false
    },
    {
      "access_level": "Write",
      "action": "devicefarm:ScheduleRun",
      "condition": null,
      "credentials_exposure": false,
      "data_access": false,
      "effective_action": "devicefarm:ScheduleRun",
      "privesc": false,
      "resource_exposure": false
    },
    {
      "access_level": "Read",
      "action": "dynamodb:DescribeTable",
      "condition": null,
      "credentials_exposure": false,
      "data_access": false,
      "effective_action": "dynamodb:DescribeTable",
      "privesc": false,
      "resource_exposure": false
    },
    {
      "access_level": "List",
      "action": "ec2:DescribeSecurityGroups",
      "condition": null,
      "credentials_exposure": false,
      "data_access": false,
      "effective_action": "ec2:DescribeSecurityGroups",
      "privesc": false,
      "resource_exposure": false
    },
    {
      "access_level": "List",
      "action": "ec2:DescribeSubnets",
      "condition": null,
      "credentials_exposure": false,
      "data_access": false,
      "effective_action": "ec2:DescribeSubnets",
      "privesc": false,
      "resource_exposure": false
    },
    {
      "access_level": "List",
      "action": "ec2:DescribeVpcs",
      "condition": null,
      "credentials_exposure": false,
      "data_access": false,
      "effective_action": "ec2:DescribeVpcs",
      "privesc": false,
      "resource_exposure": false
    },
    {
      "access_level": "List",
      "action": "iam:ListSAMLProviders",
      "condition": null,
      "credentials_exposure": false,
      "data_access": false,
      "effective_action": "iam:ListSAMLProviders",
      "privesc": false,
      "resource_exposure": false
    },
    {
      "access_level": "List",
      "action": "lambda:ListFunctions",
      "condition": null,
      "credentials_exposure": false,
      "data_access": false,
      "effective_action": "lambda:ListFunctions",
      "privesc": false,
      "resource_exposure": false
    },
    {
      "access_level": "List",
      "action": "sns:ListTopics",
      "condition": null,
      "credentials_exposure": false,
      "data_access": false,
      "effective_action": "sns:ListTopics",
      "privesc": false,
      "resource_exposure": false
    },
    {
      "access_level": "Read",
      "action": "lex:GetIntent",
      "condition": null,
      "credentials_exposure": false,
      "data_access": false,
      "effective_action": "lex:GetIntent",
      "privesc": false,
      "resource_exposure": false
    },
    {
      "access_level": "List",
      "action": "lex:GetIntents",
      "condition": null,
      "credentials_exposure": false,
      "data_access": false,
      "effective_action": "lex:GetIntents",
      "privesc": false,
      "resource_exposure": false
    },
    {
      "access_level": "Read",
      "action": "lex:GetSlotType",
      "condition": null,
      "credentials_exposure": false,
      "data_access": false,
      "effective_action": "lex:GetSlotType",
      "privesc": false,
      "resource_exposure": false
    },
    {
      "access_level": "List",
      "action": "lex:GetSlotTypes",
      "condition": null,
      "credentials_exposure": false,
      "data_access": false,
      "effective_action": "lex:GetSlotTypes",
      "privesc": false,
      "resource_exposure": false
    },
    {
      "access_level": "Read",
      "action": "lex:GetBot",
      "condition": null,
      "credentials_exposure": false,
      "data_access": false,
      "effective_action": "lex:GetBot",
      "privesc": false,
      "resource_exposure": false
    },
    {
      "access_level": "List",
      "action": "lex:GetBots",
      "condition": null,
      "credentials_exposure": false,
      "data_access": false,
      "effective_action": "lex:GetBots",
      "privesc": false,
      "resource_exposure": false
    },
    {
      "access_level": "Read",
      "action": "lex:GetBotAlias",
      "condition": null,
      "credentials_exposure": false,
      "data_access": false,
      "effective_action": "lex:GetBotAlias",
      "privesc": false,
      "resource_exposure": false
    },
    {
      "access_level": "List",
      "action": "lex:GetBotAliases",
      "condition": null,
      "credentials_exposure": false,
      "data_access": false,
      "effective_action": "lex:GetBotAliases",
      "privesc": false,
      "resource_exposure": false
    },
    {
      "access_level": "Read",
      "action": "s3:GetObject",
      "condition": null,
      "credentials_exposure": false,
      "data_access": true,
      "effective_action": "s3:GetObject",
      "privesc": false,
      "resource_exposure": false
    },
    {
      "access_level": "Write",
      "action": "s3:PutObject",
      "condition": null,
      "credentials_exposure": false,
      "data_access": false,
      "effective_action": "s3:PutObject",
      "privesc": false,
      "resource_exposure": false
    },
    {
      "access_level": "List",
      "action": "s3:ListBucket",
      "condition": null,
      "credentials_exposure": false,
      "data_access": false,
      "effective_action": "s3:ListBucket",
      "privesc": false,
      "resource_exposure": false
    }
  ],
  "grantless": false,
  "malformed": false,
  "name": "AWSMobileHub_FullAccess",
  "privesc": false,
  "resource_exposure": false,
  "undocumented_actions": false,
  "unknown_actions": [
    {
      "action": "mobilehub:*",
      "condition": null
    }
  ],
  "updatedate": null,
  "version": "v14"
}