{
  "access_levels": [
    "List",
    "Read",
    "Write"
  ],
  "arn": "arn:aws:iam::aws:policy/service-role/AWSMigrationHubDMSAccess",
  "createdate": "2019-10-07T17:51:53Z",
  "credentials_exposure": false,
  "data_access": false,
  "deprecated": false,
  "document": {
    "Statement": [
      {
        "Action": [
          "mgh:CreateProgressUpdateStream"
        ],
        "Effect": "Allow",
        "Resource": "arn:aws:mgh:*:*:progressUpdateStream/DMS"
      },
      {
        "Action": [
          "mgh:AssociateCreatedArtifact",
          "mgh:DescribeMigrationTask",
          "mgh:DisassociateCreatedArtifact",
          "mgh:ImportMigrationTask",
          "mgh:ListCreatedArtifacts",
          "mgh:NotifyMigrationTaskState",
          "mgh:PutResourceAttributes",
          "mgh:NotifyApplicationState",
          "mgh:DescribeApplicationState",
          "mgh:AssociateDiscoveredResource",
          "mgh:DisassociateDiscoveredResource",
          "mgh:ListDiscoveredResources"
        ],
        "Effect": "Allow",
        "Resource": "arn:aws:mgh:*:*:progressUpdateStream/DMS/*"
      },
      {
        "Action": [
          "mgh:ListMigrationTasks",
          "mgh:GetHomeRegion"
        ],
        "Effect": "Allow",
        "Resource": "*"
      }
    ],
    "Version": "2012-10-17"
  },
  "effective_actions": [
    {
      "access_level": "Write",
      "action": "mgh:CreateProgressUpdateStream",
      "condition": null,
      "credentials_exposure": false,
      "data_access": false,
      "effective_action": "mgh:CreateProgressUpdateStream",
      "privesc": false,
      "resource_exposure": false
    },
    {
      "access_level": "Write",
      "action": "mgh:AssociateCreatedArtifact",
      "condition": null,
      "credentials_exposure": false,
      "data_access": false,
      "effective_action": "mgh:AssociateCreatedArtifact",
      "privesc": false,
      "resource_exposure": false
    },
    {
      "access_level": "Read",
      "action": "mgh:DescribeMigrationTask",
      "condition": null,
      "credentials_exposure": false,
      "data_access": false,
      "effective_action": "mgh:DescribeMigrationTask",
      "privesc": false,
      "resource_exposure": false
    },
    {
      "access_level": "Write",
      "action": "mgh:DisassociateCreatedArtifact",
      "condition": null,
      "credentials_exposure": false,
      "data_access": false,
      "effective_action": "mgh:DisassociateCreatedArtifact",
      "privesc": false,
      "resource_exposure": false
    },
    {
      "access_level": "Write",
      "action": "mgh:ImportMigrationTask",
      "condition": null,
      "credentials_exposure": false,
      "data_access": false,
      "effective_action": "mgh:ImportMigrationTask",
      "privesc": false,
      "resource_exposure": false
    },
    {
      "access_level": "List",
      "action": "mgh:ListCreatedArtifacts",
      "condition": null,
      "credentials_exposure": false,
      "data_access": false,
      "effective_action": "mgh:ListCreatedArtifacts",
      "privesc": false,
      "resource_exposure": false
    },
    {
      "access_level": "Write",
      "action": "mgh:NotifyMigrationTaskState",
      "condition": null,
      "credentials_exposure": false,
      "data_access": false,
      "effective_action": "mgh:NotifyMigrationTaskState",
      "privesc": false,
      "resource_exposure": false
    },
    {
      "access_level": "Write",
      "action": "mgh:PutResourceAttributes",
      "condition": null,
      "credentials_exposure": false,
      "data_access": false,
      "effective_action": "mgh:PutResourceAttributes",
      "privesc": false,
      "resource_exposure": false
    },
    {
      "access_level": "Write",
      "action": "mgh:NotifyApplicationState",
      "condition": null,
      "credentials_exposure": false,
      "data_access": false,
      "effective_action": "mgh:NotifyApplicationState",
      "privesc": false,
      "resource_exposure": false
    },
    {
      "access_level": "Read",
      "action": "mgh:DescribeApplicationState",
      "condition": null,
      "credentials_exposure": false,
      "data_access": false,
      "effective_action": "mgh:DescribeApplicationState",
      "privesc": false,
      "resource_exposure": false
    },
    {
      "access_level": "Write",
      "action": "mgh:AssociateDiscoveredResource",
      "condition": null,
      "credentials_exposure": false,
      "data_access": false,
      "effective_action": "mgh:AssociateDiscoveredResource",
      "privesc": false,
      "resource_exposure": false
    },
    {
      "access_level": "Write",
      "action": "mgh:DisassociateDiscoveredResource",
      "condition": null,
      "credentials_exposure": false,
      "data_access": false,
      "effective_action": "mgh:DisassociateDiscoveredResource",
      "privesc": false,
      "resource_exposure": false
    },
    {
      "access_level": "List",
      "action": "mgh:ListDiscoveredResources",
      "condition": null,
      "credentials_exposure": false,
      "data_access": false,
      "effective_action": "mgh:ListDiscoveredResources",
      "privesc": false,
      "resource_exposure": false
    },
    {
      "access_level": "List",
      "action": "mgh:ListMigrationTasks",
      "condition": null,
      "credentials_exposure": false,
      "data_access": false,
      "effective_action": "mgh:ListMigrationTasks",
      "privesc": false,
      "resource_exposure": false
    },
    {
      "access_level": "Read",
      "action": "mgh:GetHomeRegion",
      "condition": null,
      "credentials_exposure": false,
      "data_access": false,
      "effective_action": "mgh:GetHomeRegion",
      "privesc": false,
      "resource_exposure": false
    }
  ],
  "grantless": false,
  "malformed": false,
  "name": "AWSMigrationHubDMSAccess",
  "privesc": false,
  "resource_exposure": false,
  "undocumented_actions": false,
  "unknown_actions": [],
  "updatedate": "2019-10-07T17:51:53+00:00",
  "version": "v2"
}