{
  "access_levels": [
    "Read",
    "Permissions management"
  ],
  "arn": "arn:aws:iam::aws:policy/aws-service-role/AWSMarketplaceResaleAuthorizationServiceRolePolicy",
  "createdate": "2025-08-01T15:19:07Z",
  "credentials_exposure": false,
  "data_access": false,
  "deprecated": false,
  "document": {
    "Statement": [
      {
        "Action": [
          "ram:CreateResourceShare"
        ],
        "Condition": {
          "ArnLike": {
            "ram:ResourceArn": "arn:aws:aws-marketplace:*:*:*/ResaleAuthorization/*"
          },
          "Null": {
            "ram:Principal": "true"
          },
          "StringEquals": {
            "ram:RequestedResourceType": "aws-marketplace:Entity"
          }
        },
        "Effect": "Allow",
        "Resource": [
          "arn:aws:ram:*:*:*"
        ],
        "Sid": "AllowResaleAuthorizationShareActionsRAMCreate"
      },
      {
        "Action": [
          "ram:AssociateResourceShare"
        ],
        "Condition": {
          "Null": {
            "ram:Principal": "false"
          },
          "StringEquals": {
            "ram:ResourceShareName": "AWSMarketplaceResaleAuthorization"
          }
        },
        "Effect": "Allow",
        "Resource": [
          "arn:aws:ram:*:*:*"
        ],
        "Sid": "AllowResaleAuthorizationShareActionsRAMAssociate"
      },
      {
        "Action": [
          "ram:AcceptResourceShareInvitation",
          "ram:DeleteResourceShare"
        ],
        "Condition": {
          "StringEquals": {
            "ram:ResourceShareName": "AWSMarketplaceResaleAuthorization"
          }
        },
        "Effect": "Allow",
        "Resource": [
          "arn:aws:ram:*:*:*"
        ],
        "Sid": "AllowResaleAuthorizationShareActionsRAMAcceptDelete"
      },
      {
        "Action": [
          "ram:GetResourceShareInvitations",
          "ram:GetResourceShareAssociations"
        ],
        "Effect": "Allow",
        "Resource": [
          "arn:aws:ram:*:*:*"
        ],
        "Sid": "AllowResaleAuthorizationShareActionsRAMGet"
      },
      {
        "Action": [
          "aws-marketplace:PutResourcePolicy",
          "aws-marketplace:GetResourcePolicy",
          "aws-marketplace:DeleteResourcePolicy"
        ],
        "Condition": {
          "ForAnyValue:StringEquals": {
            "aws:CalledVia": [
              "ram.amazonaws.com"
            ]
          }
        },
        "Effect": "Allow",
        "Resource": "arn:aws:aws-marketplace:*:*:*/ResaleAuthorization/*",
        "Sid": "AllowResaleAuthorizationShareActionsMarketplace"
      },
      {
        "Action": [
          "aws-marketplace:DescribeEntity"
        ],
        "Effect": "Allow",
        "Resource": "arn:aws:aws-marketplace:*:*:*/ResaleAuthorization/*",
        "Sid": "AllowResaleAuthorizationShareActionsMarketplaceDescribe"
      }
    ],
    "Version": "2012-10-17"
  },
  "effective_actions": [
    {
      "access_level": "Permissions management",
      "action": "ram:CreateResourceShare",
      "condition": {
        "ArnLike": {
          "ram:ResourceArn": "arn:aws:aws-marketplace:*:*:*/ResaleAuthorization/*"
        },
        "Null": {
          "ram:Principal": "true"
        },
        "StringEquals": {
          "ram:RequestedResourceType": "aws-marketplace:Entity"
        }
      },
      "credentials_exposure": false,
      "data_access": false,
      "effective_action": "ram:CreateResourceShare",
      "privesc": false,
      "resource_exposure": true
    },
    {
      "access_level": "Permissions management",
      "action": "ram:AssociateResourceShare",
      "condition": {
        "Null": {
          "ram:Principal": "false"
        },
        "StringEquals": {
          "ram:ResourceShareName": "AWSMarketplaceResaleAuthorization"
        }
      },
      "credentials_exposure": false,
      "data_access": false,
      "effective_action": "ram:AssociateResourceShare",
      "privesc": false,
      "resource_exposure": true
    },
    {
      "access_level": "Permissions management",
      "action": "ram:AcceptResourceShareInvitation",
      "condition": {
        "StringEquals": {
          "ram:ResourceShareName": "AWSMarketplaceResaleAuthorization"
        }
      },
      "credentials_exposure": false,
      "data_access": false,
      "effective_action": "ram:AcceptResourceShareInvitation",
      "privesc": false,
      "resource_exposure": true
    },
    {
      "access_level": "Permissions management",
      "action": "ram:DeleteResourceShare",
      "condition": {
        "StringEquals": {
          "ram:ResourceShareName": "AWSMarketplaceResaleAuthorization"
        }
      },
      "credentials_exposure": false,
      "data_access": false,
      "effective_action": "ram:DeleteResourceShare",
      "privesc": false,
      "resource_exposure": true
    },
    {
      "access_level": "Read",
      "action": "ram:GetResourceShareInvitations",
      "condition": null,
      "credentials_exposure": false,
      "data_access": false,
      "effective_action": "ram:GetResourceShareInvitations",
      "privesc": false,
      "resource_exposure": false
    },
    {
      "access_level": "Read",
      "action": "ram:GetResourceShareAssociations",
      "condition": null,
      "credentials_exposure": false,
      "data_access": false,
      "effective_action": "ram:GetResourceShareAssociations",
      "privesc": false,
      "resource_exposure": false
    },
    {
      "access_level": "Permissions management",
      "action": "aws-marketplace:PutResourcePolicy",
      "condition": {
        "ForAnyValue:StringEquals": {
          "aws:CalledVia": [
            "ram.amazonaws.com"
          ]
        }
      },
      "credentials_exposure": false,
      "data_access": false,
      "effective_action": "aws-marketplace:PutResourcePolicy",
      "privesc": false,
      "resource_exposure": false
    },
    {
      "access_level": "Read",
      "action": "aws-marketplace:GetResourcePolicy",
      "condition": {
        "ForAnyValue:StringEquals": {
          "aws:CalledVia": [
            "ram.amazonaws.com"
          ]
        }
      },
      "credentials_exposure": false,
      "data_access": false,
      "effective_action": "aws-marketplace:GetResourcePolicy",
      "privesc": false,
      "resource_exposure": false
    },
    {
      "access_level": "Permissions management",
      "action": "aws-marketplace:DeleteResourcePolicy",
      "condition": {
        "ForAnyValue:StringEquals": {
          "aws:CalledVia": [
            "ram.amazonaws.com"
          ]
        }
      },
      "credentials_exposure": false,
      "data_access": false,
      "effective_action": "aws-marketplace:DeleteResourcePolicy",
      "privesc": false,
      "resource_exposure": false
    },
    {
      "access_level": "Read",
      "action": "aws-marketplace:DescribeEntity",
      "condition": null,
      "credentials_exposure": false,
      "data_access": false,
      "effective_action": "aws-marketplace:DescribeEntity",
      "privesc": false,
      "resource_exposure": false
    }
  ],
  "grantless": false,
  "malformed": false,
  "name": "AWSMarketplaceResaleAuthorizationServiceRolePolicy",
  "privesc": false,
  "resource_exposure": true,
  "undocumented_actions": false,
  "unknown_actions": [],
  "updatedate": "2025-08-01T15:19:07+00:00",
  "version": "v2"
}