{
  "access_levels": [
    "Write"
  ],
  "arn": "arn:aws:iam::aws:policy/AWSMarketplaceMeteringFullAccess",
  "createdate": "2016-03-17T22:39:22Z",
  "credentials_exposure": false,
  "data_access": false,
  "deprecated": false,
  "document": {
    "Statement": [
      {
        "Action": [
          "aws-marketplace:MeterUsage"
        ],
        "Effect": "Allow",
        "Resource": "*"
      }
    ],
    "Version": "2012-10-17"
  },
  "effective_actions": [
    {
      "access_level": "Write",
      "action": "aws-marketplace:MeterUsage",
      "condition": null,
      "credentials_exposure": false,
      "data_access": false,
      "effective_action": "aws-marketplace:MeterUsage",
      "privesc": false,
      "resource_exposure": false
    }
  ],
  "grantless": false,
  "malformed": false,
  "name": "AWSMarketplaceMeteringFullAccess",
  "privesc": false,
  "resource_exposure": false,
  "undocumented_actions": false,
  "unknown_actions": [],
  "updatedate": "2016-03-17T22:39:22+00:00",
  "version": "v1"
}