{
  "access_levels": [
    "List",
    "Read",
    "Write"
  ],
  "arn": "arn:aws:iam::aws:policy/service-role/AWSMSKReplicatorExecutionRole",
  "createdate": "2024-03-25T21:36:08Z",
  "credentials_exposure": false,
  "data_access": false,
  "deprecated": false,
  "document": {
    "Statement": [
      {
        "Action": [
          "kafka-cluster:Connect",
          "kafka-cluster:DescribeCluster",
          "kafka-cluster:AlterCluster",
          "kafka-cluster:DescribeTopic",
          "kafka-cluster:CreateTopic",
          "kafka-cluster:AlterTopic",
          "kafka-cluster:WriteData",
          "kafka-cluster:ReadData",
          "kafka-cluster:AlterGroup",
          "kafka-cluster:DescribeGroup",
          "kafka-cluster:DescribeTopicDynamicConfiguration",
          "kafka-cluster:AlterTopicDynamicConfiguration",
          "kafka-cluster:WriteDataIdempotently"
        ],
        "Effect": "Allow",
        "Resource": [
          "arn:aws:kafka:*:*:cluster/*"
        ],
        "Sid": "ClusterPermissions"
      },
      {
        "Action": [
          "kafka-cluster:DescribeTopic",
          "kafka-cluster:CreateTopic",
          "kafka-cluster:AlterTopic",
          "kafka-cluster:WriteData",
          "kafka-cluster:ReadData",
          "kafka-cluster:DescribeTopicDynamicConfiguration",
          "kafka-cluster:AlterTopicDynamicConfiguration",
          "kafka-cluster:AlterCluster"
        ],
        "Effect": "Allow",
        "Resource": [
          "arn:aws:kafka:*:*:topic/*/*"
        ],
        "Sid": "TopicPermissions"
      },
      {
        "Action": [
          "kafka-cluster:AlterGroup",
          "kafka-cluster:DescribeGroup"
        ],
        "Effect": "Allow",
        "Resource": [
          "arn:aws:kafka:*:*:group/*/*"
        ],
        "Sid": "GroupPermissions"
      }
    ],
    "Version": "2012-10-17"
  },
  "effective_actions": [
    {
      "access_level": "Write",
      "action": "kafka-cluster:Connect",
      "condition": null,
      "credentials_exposure": false,
      "data_access": false,
      "effective_action": "kafka-cluster:Connect",
      "privesc": false,
      "resource_exposure": false
    },
    {
      "access_level": "List",
      "action": "kafka-cluster:DescribeCluster",
      "condition": null,
      "credentials_exposure": false,
      "data_access": false,
      "effective_action": "kafka-cluster:DescribeCluster",
      "privesc": false,
      "resource_exposure": false
    },
    {
      "access_level": "Write",
      "action": "kafka-cluster:AlterCluster",
      "condition": null,
      "credentials_exposure": false,
      "data_access": false,
      "effective_action": "kafka-cluster:AlterCluster",
      "privesc": false,
      "resource_exposure": false
    },
    {
      "access_level": "List",
      "action": "kafka-cluster:DescribeTopic",
      "condition": null,
      "credentials_exposure": false,
      "data_access": false,
      "effective_action": "kafka-cluster:DescribeTopic",
      "privesc": false,
      "resource_exposure": false
    },
    {
      "access_level": "Write",
      "action": "kafka-cluster:CreateTopic",
      "condition": null,
      "credentials_exposure": false,
      "data_access": false,
      "effective_action": "kafka-cluster:CreateTopic",
      "privesc": false,
      "resource_exposure": false
    },
    {
      "access_level": "Write",
      "action": "kafka-cluster:AlterTopic",
      "condition": null,
      "credentials_exposure": false,
      "data_access": false,
      "effective_action": "kafka-cluster:AlterTopic",
      "privesc": false,
      "resource_exposure": false
    },
    {
      "access_level": "Write",
      "action": "kafka-cluster:WriteData",
      "condition": null,
      "credentials_exposure": false,
      "data_access": false,
      "effective_action": "kafka-cluster:WriteData",
      "privesc": false,
      "resource_exposure": false
    },
    {
      "access_level": "Read",
      "action": "kafka-cluster:ReadData",
      "condition": null,
      "credentials_exposure": false,
      "data_access": false,
      "effective_action": "kafka-cluster:ReadData",
      "privesc": false,
      "resource_exposure": false
    },
    {
      "access_level": "Write",
      "action": "kafka-cluster:AlterGroup",
      "condition": null,
      "credentials_exposure": false,
      "data_access": false,
      "effective_action": "kafka-cluster:AlterGroup",
      "privesc": false,
      "resource_exposure": false
    },
    {
      "access_level": "List",
      "action": "kafka-cluster:DescribeGroup",
      "condition": null,
      "credentials_exposure": false,
      "data_access": false,
      "effective_action": "kafka-cluster:DescribeGroup",
      "privesc": false,
      "resource_exposure": false
    },
    {
      "access_level": "List",
      "action": "kafka-cluster:DescribeTopicDynamicConfiguration",
      "condition": null,
      "credentials_exposure": false,
      "data_access": false,
      "effective_action": "kafka-cluster:DescribeTopicDynamicConfiguration",
      "privesc": false,
      "resource_exposure": false
    },
    {
      "access_level": "Write",
      "action": "kafka-cluster:AlterTopicDynamicConfiguration",
      "condition": null,
      "credentials_exposure": false,
      "data_access": false,
      "effective_action": "kafka-cluster:AlterTopicDynamicConfiguration",
      "privesc": false,
      "resource_exposure": false
    },
    {
      "access_level": "Write",
      "action": "kafka-cluster:WriteDataIdempotently",
      "condition": null,
      "credentials_exposure": false,
      "data_access": false,
      "effective_action": "kafka-cluster:WriteDataIdempotently",
      "privesc": false,
      "resource_exposure": false
    },
    {
      "access_level": "List",
      "action": "kafka-cluster:DescribeTopic",
      "condition": null,
      "credentials_exposure": false,
      "data_access": false,
      "effective_action": "kafka-cluster:DescribeTopic",
      "privesc": false,
      "resource_exposure": false
    },
    {
      "access_level": "Write",
      "action": "kafka-cluster:CreateTopic",
      "condition": null,
      "credentials_exposure": false,
      "data_access": false,
      "effective_action": "kafka-cluster:CreateTopic",
      "privesc": false,
      "resource_exposure": false
    },
    {
      "access_level": "Write",
      "action": "kafka-cluster:AlterTopic",
      "condition": null,
      "credentials_exposure": false,
      "data_access": false,
      "effective_action": "kafka-cluster:AlterTopic",
      "privesc": false,
      "resource_exposure": false
    },
    {
      "access_level": "Write",
      "action": "kafka-cluster:WriteData",
      "condition": null,
      "credentials_exposure": false,
      "data_access": false,
      "effective_action": "kafka-cluster:WriteData",
      "privesc": false,
      "resource_exposure": false
    },
    {
      "access_level": "Read",
      "action": "kafka-cluster:ReadData",
      "condition": null,
      "credentials_exposure": false,
      "data_access": false,
      "effective_action": "kafka-cluster:ReadData",
      "privesc": false,
      "resource_exposure": false
    },
    {
      "access_level": "List",
      "action": "kafka-cluster:DescribeTopicDynamicConfiguration",
      "condition": null,
      "credentials_exposure": false,
      "data_access": false,
      "effective_action": "kafka-cluster:DescribeTopicDynamicConfiguration",
      "privesc": false,
      "resource_exposure": false
    },
    {
      "access_level": "Write",
      "action": "kafka-cluster:AlterTopicDynamicConfiguration",
      "condition": null,
      "credentials_exposure": false,
      "data_access": false,
      "effective_action": "kafka-cluster:AlterTopicDynamicConfiguration",
      "privesc": false,
      "resource_exposure": false
    },
    {
      "access_level": "Write",
      "action": "kafka-cluster:AlterCluster",
      "condition": null,
      "credentials_exposure": false,
      "data_access": false,
      "effective_action": "kafka-cluster:AlterCluster",
      "privesc": false,
      "resource_exposure": false
    },
    {
      "access_level": "Write",
      "action": "kafka-cluster:AlterGroup",
      "condition": null,
      "credentials_exposure": false,
      "data_access": false,
      "effective_action": "kafka-cluster:AlterGroup",
      "privesc": false,
      "resource_exposure": false
    },
    {
      "access_level": "List",
      "action": "kafka-cluster:DescribeGroup",
      "condition": null,
      "credentials_exposure": false,
      "data_access": false,
      "effective_action": "kafka-cluster:DescribeGroup",
      "privesc": false,
      "resource_exposure": false
    }
  ],
  "grantless": false,
  "malformed": false,
  "name": "AWSMSKReplicatorExecutionRole",
  "privesc": false,
  "resource_exposure": false,
  "undocumented_actions": false,
  "unknown_actions": [],
  "updatedate": "2024-03-25T21:36:08+00:00",
  "version": "v2"
}