{
  "access_levels": [
    "List",
    "Read",
    "Write"
  ],
  "arn": "arn:aws:iam::aws:policy/aws-service-role/AWSMarketplaceLicenseManagementServiceRolePolicy",
  "createdate": "2020-12-03T08:33:40Z",
  "credentials_exposure": false,
  "data_access": false,
  "deprecated": false,
  "document": {
    "Statement": [
      {
        "Action": [
          "organizations:DescribeOrganization",
          "license-manager:ListReceivedGrants",
          "license-manager:ListDistributedGrants",
          "license-manager:GetGrant",
          "license-manager:CreateGrant",
          "license-manager:CreateGrantVersion",
          "license-manager:DeleteGrant",
          "license-manager:AcceptGrant"
        ],
        "Effect": "Allow",
        "Resource": [
          "*"
        ],
        "Sid": "AllowLicenseManagerActions"
      }
    ],
    "Version": "2012-10-17"
  },
  "effective_actions": [
    {
      "access_level": "Read",
      "action": "organizations:DescribeOrganization",
      "condition": null,
      "credentials_exposure": false,
      "data_access": false,
      "effective_action": "organizations:DescribeOrganization",
      "privesc": false,
      "resource_exposure": false
    },
    {
      "access_level": "List",
      "action": "license-manager:ListReceivedGrants",
      "condition": null,
      "credentials_exposure": false,
      "data_access": false,
      "effective_action": "license-manager:ListReceivedGrants",
      "privesc": false,
      "resource_exposure": false
    },
    {
      "access_level": "List",
      "action": "license-manager:ListDistributedGrants",
      "condition": null,
      "credentials_exposure": false,
      "data_access": false,
      "effective_action": "license-manager:ListDistributedGrants",
      "privesc": false,
      "resource_exposure": false
    },
    {
      "access_level": "Read",
      "action": "license-manager:GetGrant",
      "condition": null,
      "credentials_exposure": false,
      "data_access": false,
      "effective_action": "license-manager:GetGrant",
      "privesc": false,
      "resource_exposure": false
    },
    {
      "access_level": "Write",
      "action": "license-manager:CreateGrant",
      "condition": null,
      "credentials_exposure": false,
      "data_access": false,
      "effective_action": "license-manager:CreateGrant",
      "privesc": false,
      "resource_exposure": false
    },
    {
      "access_level": "Write",
      "action": "license-manager:CreateGrantVersion",
      "condition": null,
      "credentials_exposure": false,
      "data_access": false,
      "effective_action": "license-manager:CreateGrantVersion",
      "privesc": false,
      "resource_exposure": false
    },
    {
      "access_level": "Write",
      "action": "license-manager:DeleteGrant",
      "condition": null,
      "credentials_exposure": false,
      "data_access": false,
      "effective_action": "license-manager:DeleteGrant",
      "privesc": false,
      "resource_exposure": false
    },
    {
      "access_level": "Write",
      "action": "license-manager:AcceptGrant",
      "condition": null,
      "credentials_exposure": false,
      "data_access": false,
      "effective_action": "license-manager:AcceptGrant",
      "privesc": false,
      "resource_exposure": false
    }
  ],
  "grantless": false,
  "malformed": false,
  "name": "AWSMarketplaceLicenseManagementServiceRolePolicy",
  "privesc": false,
  "resource_exposure": false,
  "undocumented_actions": false,
  "unknown_actions": [],
  "updatedate": "2020-12-03T08:33:40+00:00",
  "version": "v1"
}