{
  "access_levels": [
    "List",
    "Read",
    "Tagging"
  ],
  "arn": "arn:aws:iam::aws:policy/service-role/AWSMigrationHubDiscoveryAccess",
  "createdate": "2020-08-06T17:34:42Z",
  "credentials_exposure": false,
  "data_access": false,
  "deprecated": false,
  "document": {
    "Statement": [
      {
        "Action": [
          "discovery:ListConfigurations",
          "discovery:DescribeConfigurations"
        ],
        "Effect": "Allow",
        "Resource": [
          "*"
        ]
      },
      {
        "Action": [
          "ec2:CreateTags"
        ],
        "Condition": {
          "ForAllValues:StringEquals": {
            "aws:TagKeys": "aws:migrationhub:source-id"
          }
        },
        "Effect": "Allow",
        "Resource": [
          "arn:aws:ec2:*:*:instance/*",
          "arn:aws:ec2:*:*:image/*",
          "arn:aws:ec2:*:*:volume/*"
        ]
      },
      {
        "Action": [
          "dms:AddTagsToResource"
        ],
        "Condition": {
          "ForAllValues:StringEquals": {
            "aws:TagKeys": "aws:migrationhub:source-id"
          }
        },
        "Effect": "Allow",
        "Resource": [
          "arn:aws:dms:*:*:endpoint:*"
        ]
      },
      {
        "Action": [
          "ec2:DescribeInstanceAttribute"
        ],
        "Effect": "Allow",
        "Resource": [
          "*"
        ]
      }
    ],
    "Version": "2012-10-17"
  },
  "effective_actions": [
    {
      "access_level": "List",
      "action": "discovery:ListConfigurations",
      "condition": null,
      "credentials_exposure": false,
      "data_access": false,
      "effective_action": "discovery:ListConfigurations",
      "privesc": false,
      "resource_exposure": false
    },
    {
      "access_level": "Read",
      "action": "discovery:DescribeConfigurations",
      "condition": null,
      "credentials_exposure": false,
      "data_access": false,
      "effective_action": "discovery:DescribeConfigurations",
      "privesc": false,
      "resource_exposure": false
    },
    {
      "access_level": "Tagging",
      "action": "ec2:CreateTags",
      "condition": {
        "ForAllValues:StringEquals": {
          "aws:TagKeys": "aws:migrationhub:source-id"
        }
      },
      "credentials_exposure": false,
      "data_access": false,
      "effective_action": "ec2:CreateTags",
      "privesc": false,
      "resource_exposure": false
    },
    {
      "access_level": "Tagging",
      "action": "dms:AddTagsToResource",
      "condition": {
        "ForAllValues:StringEquals": {
          "aws:TagKeys": "aws:migrationhub:source-id"
        }
      },
      "credentials_exposure": false,
      "data_access": false,
      "effective_action": "dms:AddTagsToResource",
      "privesc": false,
      "resource_exposure": false
    },
    {
      "access_level": "List",
      "action": "ec2:DescribeInstanceAttribute",
      "condition": null,
      "credentials_exposure": false,
      "data_access": false,
      "effective_action": "ec2:DescribeInstanceAttribute",
      "privesc": false,
      "resource_exposure": false
    }
  ],
  "grantless": false,
  "malformed": false,
  "name": "AWSMigrationHubDiscoveryAccess",
  "privesc": false,
  "resource_exposure": false,
  "undocumented_actions": false,
  "unknown_actions": [],
  "updatedate": "2020-08-06T17:34:42+00:00",
  "version": "v3"
}