{
  "access_levels": [
    "List",
    "Read",
    "Write"
  ],
  "arn": "arn:aws:iam::aws:policy/aws-service-role/AWSMigrationHubOrchestratorServiceRolePolicy",
  "createdate": "2024-03-04T18:25:12Z",
  "credentials_exposure": false,
  "data_access": true,
  "deprecated": false,
  "document": {
    "Statement": [
      {
        "Action": [
          "discovery:DescribeConfigurations",
          "discovery:ListConfigurations"
        ],
        "Effect": "Allow",
        "Resource": "*",
        "Sid": "ApplicationDiscoveryService"
      },
      {
        "Action": [
          "launchwizard:ListProvisionedApps",
          "launchwizard:DescribeProvisionedApp",
          "launchwizard:ListDeployments",
          "launchwizard:GetDeployment"
        ],
        "Effect": "Allow",
        "Resource": "*",
        "Sid": "LaunchWizard"
      },
      {
        "Action": [
          "ec2:DescribeInstances"
        ],
        "Effect": "Allow",
        "Resource": "*",
        "Sid": "EC2instances"
      },
      {
        "Action": [
          "ec2:CreateLaunchTemplateVersion",
          "ec2:ModifyLaunchTemplate"
        ],
        "Condition": {
          "StringEquals": {
            "aws:ResourceTag/AWSApplicationMigrationServiceManaged": "mgn.amazonaws.com"
          }
        },
        "Effect": "Allow",
        "Resource": "*",
        "Sid": "ec2MGNLaunchTemplate"
      },
      {
        "Action": [
          "ec2:DescribeLaunchTemplates"
        ],
        "Effect": "Allow",
        "Resource": "*",
        "Sid": "ec2LaunchTemplates"
      },
      {
        "Action": [
          "mgh:GetHomeRegion"
        ],
        "Effect": "Allow",
        "Resource": "*",
        "Sid": "getHomeRegion"
      },
      {
        "Action": [
          "ssm:SendCommand",
          "ssm:GetCommandInvocation",
          "ssm:CancelCommand"
        ],
        "Effect": "Allow",
        "Resource": [
          "arn:aws:ssm:*::document/AWS-RunRemoteScript",
          "arn:aws:ec2:*:*:instance/*",
          "arn:aws:s3:::aws-migrationhub-orchestrator-*",
          "arn:aws:s3:::migrationhub-orchestrator-*"
        ],
        "Sid": "SSMcommand"
      },
      {
        "Action": [
          "ssm:DescribeInstanceInformation",
          "ssm:GetCommandInvocation"
        ],
        "Effect": "Allow",
        "Resource": [
          "*"
        ],
        "Sid": "SSM"
      },
      {
        "Action": [
          "s3:GetObject"
        ],
        "Effect": "Allow",
        "Resource": [
          "arn:aws:s3:::migrationhub-orchestrator-*",
          "arn:aws:s3:::migrationhub-orchestrator-*/*"
        ],
        "Sid": "s3GetObject"
      },
      {
        "Action": [
          "events:PutTargets",
          "events:DescribeRule",
          "events:DeleteRule",
          "events:PutRule",
          "events:RemoveTargets"
        ],
        "Effect": "Allow",
        "Resource": "arn:aws:events:*:*:rule/MigrationHubOrchestratorManagedRule*",
        "Sid": "EventBridge"
      },
      {
        "Action": [
          "mgn:GetReplicationConfiguration",
          "mgn:GetLaunchConfiguration",
          "mgn:StartCutover",
          "mgn:FinalizeCutover",
          "mgn:StartTest",
          "mgn:UpdateReplicationConfiguration",
          "mgn:DescribeSourceServers",
          "mgn:MarkAsArchived",
          "mgn:ChangeServerLifeCycleState"
        ],
        "Effect": "Allow",
        "Resource": "*",
        "Sid": "MGN"
      },
      {
        "Action": [
          "ec2:DescribeImportImageTasks"
        ],
        "Effect": "Allow",
        "Resource": "*",
        "Sid": "ec2DescribeImportImage"
      },
      {
        "Action": [
          "s3:ListBucket"
        ],
        "Condition": {
          "StringLike": {
            "s3:prefix": "migrationhub-orchestrator-vmie-*"
          }
        },
        "Effect": "Allow",
        "Resource": "arn:aws:s3:::*",
        "Sid": "s3ListBucket"
      }
    ],
    "Version": "2012-10-17"
  },
  "effective_actions": [
    {
      "access_level": "Read",
      "action": "discovery:DescribeConfigurations",
      "condition": null,
      "credentials_exposure": false,
      "data_access": false,
      "effective_action": "discovery:DescribeConfigurations",
      "privesc": false,
      "resource_exposure": false
    },
    {
      "access_level": "List",
      "action": "discovery:ListConfigurations",
      "condition": null,
      "credentials_exposure": false,
      "data_access": false,
      "effective_action": "discovery:ListConfigurations",
      "privesc": false,
      "resource_exposure": false
    },
    {
      "access_level": "List",
      "action": "launchwizard:ListProvisionedApps",
      "condition": null,
      "credentials_exposure": false,
      "data_access": false,
      "effective_action": "launchwizard:ListProvisionedApps",
      "privesc": false,
      "resource_exposure": false
    },
    {
      "access_level": "Read",
      "action": "launchwizard:DescribeProvisionedApp",
      "condition": null,
      "credentials_exposure": false,
      "data_access": false,
      "effective_action": "launchwizard:DescribeProvisionedApp",
      "privesc": false,
      "resource_exposure": false
    },
    {
      "access_level": "List",
      "action": "launchwizard:ListDeployments",
      "condition": null,
      "credentials_exposure": false,
      "data_access": false,
      "effective_action": "launchwizard:ListDeployments",
      "privesc": false,
      "resource_exposure": false
    },
    {
      "access_level": "Read",
      "action": "launchwizard:GetDeployment",
      "condition": null,
      "credentials_exposure": false,
      "data_access": false,
      "effective_action": "launchwizard:GetDeployment",
      "privesc": false,
      "resource_exposure": false
    },
    {
      "access_level": "List",
      "action": "ec2:DescribeInstances",
      "condition": null,
      "credentials_exposure": false,
      "data_access": false,
      "effective_action": "ec2:DescribeInstances",
      "privesc": false,
      "resource_exposure": false
    },
    {
      "access_level": "Write",
      "action": "ec2:CreateLaunchTemplateVersion",
      "condition": {
        "StringEquals": {
          "aws:ResourceTag/AWSApplicationMigrationServiceManaged": "mgn.amazonaws.com"
        }
      },
      "credentials_exposure": false,
      "data_access": false,
      "effective_action": "ec2:CreateLaunchTemplateVersion",
      "privesc": false,
      "resource_exposure": false
    },
    {
      "access_level": "Write",
      "action": "ec2:ModifyLaunchTemplate",
      "condition": {
        "StringEquals": {
          "aws:ResourceTag/AWSApplicationMigrationServiceManaged": "mgn.amazonaws.com"
        }
      },
      "credentials_exposure": false,
      "data_access": false,
      "effective_action": "ec2:ModifyLaunchTemplate",
      "privesc": false,
      "resource_exposure": false
    },
    {
      "access_level": "List",
      "action": "ec2:DescribeLaunchTemplates",
      "condition": null,
      "credentials_exposure": false,
      "data_access": false,
      "effective_action": "ec2:DescribeLaunchTemplates",
      "privesc": false,
      "resource_exposure": false
    },
    {
      "access_level": "Read",
      "action": "mgh:GetHomeRegion",
      "condition": null,
      "credentials_exposure": false,
      "data_access": false,
      "effective_action": "mgh:GetHomeRegion",
      "privesc": false,
      "resource_exposure": false
    },
    {
      "access_level": "Write",
      "action": "ssm:SendCommand",
      "condition": null,
      "credentials_exposure": false,
      "data_access": false,
      "effective_action": "ssm:SendCommand",
      "privesc": false,
      "resource_exposure": false
    },
    {
      "access_level": "Read",
      "action": "ssm:GetCommandInvocation",
      "condition": null,
      "credentials_exposure": false,
      "data_access": false,
      "effective_action": "ssm:GetCommandInvocation",
      "privesc": false,
      "resource_exposure": false
    },
    {
      "access_level": "Write",
      "action": "ssm:CancelCommand",
      "condition": null,
      "credentials_exposure": false,
      "data_access": false,
      "effective_action": "ssm:CancelCommand",
      "privesc": false,
      "resource_exposure": false
    },
    {
      "access_level": "Read",
      "action": "ssm:DescribeInstanceInformation",
      "condition": null,
      "credentials_exposure": false,
      "data_access": false,
      "effective_action": "ssm:DescribeInstanceInformation",
      "privesc": false,
      "resource_exposure": false
    },
    {
      "access_level": "Read",
      "action": "ssm:GetCommandInvocation",
      "condition": null,
      "credentials_exposure": false,
      "data_access": false,
      "effective_action": "ssm:GetCommandInvocation",
      "privesc": false,
      "resource_exposure": false
    },
    {
      "access_level": "Read",
      "action": "s3:GetObject",
      "condition": null,
      "credentials_exposure": false,
      "data_access": true,
      "effective_action": "s3:GetObject",
      "privesc": false,
      "resource_exposure": false
    },
    {
      "access_level": "Write",
      "action": "events:PutTargets",
      "condition": null,
      "credentials_exposure": false,
      "data_access": false,
      "effective_action": "events:PutTargets",
      "privesc": false,
      "resource_exposure": false
    },
    {
      "access_level": "Read",
      "action": "events:DescribeRule",
      "condition": null,
      "credentials_exposure": false,
      "data_access": false,
      "effective_action": "events:DescribeRule",
      "privesc": false,
      "resource_exposure": false
    },
    {
      "access_level": "Write",
      "action": "events:DeleteRule",
      "condition": null,
      "credentials_exposure": false,
      "data_access": false,
      "effective_action": "events:DeleteRule",
      "privesc": false,
      "resource_exposure": false
    },
    {
      "access_level": "Write",
      "action": "events:PutRule",
      "condition": null,
      "credentials_exposure": false,
      "data_access": false,
      "effective_action": "events:PutRule",
      "privesc": false,
      "resource_exposure": false
    },
    {
      "access_level": "Write",
      "action": "events:RemoveTargets",
      "condition": null,
      "credentials_exposure": false,
      "data_access": false,
      "effective_action": "events:RemoveTargets",
      "privesc": false,
      "resource_exposure": false
    },
    {
      "access_level": "Read",
      "action": "mgn:GetReplicationConfiguration",
      "condition": null,
      "credentials_exposure": false,
      "data_access": false,
      "effective_action": "mgn:GetReplicationConfiguration",
      "privesc": false,
      "resource_exposure": false
    },
    {
      "access_level": "Read",
      "action": "mgn:GetLaunchConfiguration",
      "condition": null,
      "credentials_exposure": false,
      "data_access": false,
      "effective_action": "mgn:GetLaunchConfiguration",
      "privesc": false,
      "resource_exposure": false
    },
    {
      "access_level": "Write",
      "action": "mgn:StartCutover",
      "condition": null,
      "credentials_exposure": false,
      "data_access": false,
      "effective_action": "mgn:StartCutover",
      "privesc": false,
      "resource_exposure": false
    },
    {
      "access_level": "Write",
      "action": "mgn:FinalizeCutover",
      "condition": null,
      "credentials_exposure": false,
      "data_access": false,
      "effective_action": "mgn:FinalizeCutover",
      "privesc": false,
      "resource_exposure": false
    },
    {
      "access_level": "Write",
      "action": "mgn:StartTest",
      "condition": null,
      "credentials_exposure": false,
      "data_access": false,
      "effective_action": "mgn:StartTest",
      "privesc": false,
      "resource_exposure": false
    },
    {
      "access_level": "Write",
      "action": "mgn:UpdateReplicationConfiguration",
      "condition": null,
      "credentials_exposure": false,
      "data_access": false,
      "effective_action": "mgn:UpdateReplicationConfiguration",
      "privesc": false,
      "resource_exposure": false
    },
    {
      "access_level": "List",
      "action": "mgn:DescribeSourceServers",
      "condition": null,
      "credentials_exposure": false,
      "data_access": false,
      "effective_action": "mgn:DescribeSourceServers",
      "privesc": false,
      "resource_exposure": false
    },
    {
      "access_level": "Write",
      "action": "mgn:MarkAsArchived",
      "condition": null,
      "credentials_exposure": false,
      "data_access": false,
      "effective_action": "mgn:MarkAsArchived",
      "privesc": false,
      "resource_exposure": false
    },
    {
      "access_level": "Write",
      "action": "mgn:ChangeServerLifeCycleState",
      "condition": null,
      "credentials_exposure": false,
      "data_access": false,
      "effective_action": "mgn:ChangeServerLifeCycleState",
      "privesc": false,
      "resource_exposure": false
    },
    {
      "access_level": "List",
      "action": "ec2:DescribeImportImageTasks",
      "condition": null,
      "credentials_exposure": false,
      "data_access": false,
      "effective_action": "ec2:DescribeImportImageTasks",
      "privesc": false,
      "resource_exposure": false
    },
    {
      "access_level": "List",
      "action": "s3:ListBucket",
      "condition": {
        "StringLike": {
          "s3:prefix": "migrationhub-orchestrator-vmie-*"
        }
      },
      "credentials_exposure": false,
      "data_access": false,
      "effective_action": "s3:ListBucket",
      "privesc": false,
      "resource_exposure": false
    }
  ],
  "grantless": false,
  "malformed": false,
  "name": "AWSMigrationHubOrchestratorServiceRolePolicy",
  "privesc": false,
  "resource_exposure": false,
  "undocumented_actions": false,
  "unknown_actions": [],
  "updatedate": "2024-03-04T18:25:12+00:00",
  "version": "v4"
}