{
  "access_levels": [
    "List",
    "Read",
    "Tagging",
    "Write",
    "Permissions management"
  ],
  "arn": "arn:aws:iam::aws:policy/job-function/AWSManagementConsoleAdministratorAccess",
  "createdate": "2025-08-14T21:19:07Z",
  "credentials_exposure": false,
  "data_access": false,
  "deprecated": false,
  "document": {
    "Statement": [
      {
        "Action": [
          "uxc:GetAccountColor",
          "uxc:PutAccountColor",
          "uxc:DeleteAccountColor",
          "ec2:DescribeRegions",
          "notifications:GetFeatureOptInStatus",
          "notifications:AssociateChannel",
          "notifications:AssociateManagedNotificationAccountContact",
          "notifications:AssociateManagedNotificationAdditionalChannel",
          "notifications:CreateEventRule",
          "notifications:CreateNotificationConfiguration",
          "notifications:DeleteEventRule",
          "notifications:DeleteNotificationConfiguration",
          "notifications:DeregisterNotificationHub",
          "notifications:DisableNotificationsAccessForOrganization",
          "notifications:DisassociateChannel",
          "notifications:DisassociateManagedNotificationAccountContact",
          "notifications:DisassociateManagedNotificationAdditionalChannel",
          "notifications:EnableNotificationsAccessForOrganization",
          "notifications:GetEventRule",
          "notifications:GetManagedNotificationChildEvent",
          "notifications:GetManagedNotificationConfiguration",
          "notifications:GetManagedNotificationEvent",
          "notifications:GetNotificationConfiguration",
          "notifications:GetNotificationEvent",
          "notifications:GetNotificationsAccessForOrganization",
          "notifications:ListChannels",
          "notifications:ListEventRules",
          "notifications:ListManagedNotificationChannelAssociations",
          "notifications:ListManagedNotificationChildEvents",
          "notifications:ListManagedNotificationConfigurations",
          "notifications:ListManagedNotificationEvents",
          "notifications:ListNotificationConfigurations",
          "notifications:ListNotificationEvents",
          "notifications:ListNotificationHubs",
          "notifications:ListTagsForResource",
          "notifications:RegisterNotificationHub",
          "notifications:TagResource",
          "notifications:UntagResource",
          "notifications:UpdateEventRule",
          "notifications:UpdateNotificationConfiguration",
          "cloudshell:CreateEnvironment",
          "cloudshell:CreateSession",
          "cloudshell:GetEnvironmentStatus",
          "cloudshell:DeleteEnvironment",
          "cloudshell:GetFileDownloadUrls",
          "cloudshell:GetFileUploadUrls",
          "cloudshell:DescribeEnvironments",
          "cloudshell:PutCredentials",
          "cloudshell:StartEnvironment",
          "cloudshell:StopEnvironment",
          "cloudshell:ApproveCommand",
          "q:StartConversation",
          "q:SendMessage",
          "q:ListConversations",
          "q:GetConversation",
          "q:PassRequest",
          "resource-explorer-2:AssociateDefaultView",
          "resource-explorer-2:BatchGetView",
          "resource-explorer-2:CreateIndex",
          "resource-explorer-2:CreateView",
          "resource-explorer-2:DeleteIndex",
          "resource-explorer-2:DeleteView",
          "resource-explorer-2:DisassociateDefaultView",
          "resource-explorer-2:GetAccountLevelServiceConfiguration",
          "resource-explorer-2:GetDefaultView",
          "resource-explorer-2:GetIndex",
          "resource-explorer-2:GetManagedView",
          "resource-explorer-2:GetView",
          "resource-explorer-2:ListIndexes",
          "resource-explorer-2:ListIndexesForMembers",
          "resource-explorer-2:ListManagedViews",
          "resource-explorer-2:ListSupportedResourceTypes",
          "resource-explorer-2:ListTagsForResource",
          "resource-explorer-2:ListViews",
          "resource-explorer-2:Search",
          "resource-explorer-2:TagResource",
          "resource-explorer-2:UntagResource",
          "resource-explorer-2:UpdateIndexType",
          "resource-explorer-2:UpdateView"
        ],
        "Effect": "Allow",
        "Resource": "*"
      }
    ],
    "Version": "2012-10-17"
  },
  "effective_actions": [
    {
      "access_level": "Read",
      "action": "uxc:GetAccountColor",
      "condition": null,
      "credentials_exposure": false,
      "data_access": false,
      "effective_action": "uxc:GetAccountColor",
      "privesc": false,
      "resource_exposure": false
    },
    {
      "access_level": "Write",
      "action": "uxc:PutAccountColor",
      "condition": null,
      "credentials_exposure": false,
      "data_access": false,
      "effective_action": "uxc:PutAccountColor",
      "privesc": false,
      "resource_exposure": false
    },
    {
      "access_level": "Write",
      "action": "uxc:DeleteAccountColor",
      "condition": null,
      "credentials_exposure": false,
      "data_access": false,
      "effective_action": "uxc:DeleteAccountColor",
      "privesc": false,
      "resource_exposure": false
    },
    {
      "access_level": "List",
      "action": "ec2:DescribeRegions",
      "condition": null,
      "credentials_exposure": false,
      "data_access": false,
      "effective_action": "ec2:DescribeRegions",
      "privesc": false,
      "resource_exposure": false
    },
    {
      "access_level": "Read",
      "action": "notifications:GetFeatureOptInStatus",
      "condition": null,
      "credentials_exposure": false,
      "data_access": false,
      "effective_action": "notifications:GetFeatureOptInStatus",
      "privesc": false,
      "resource_exposure": false
    },
    {
      "access_level": "Write",
      "action": "notifications:AssociateChannel",
      "condition": null,
      "credentials_exposure": false,
      "data_access": false,
      "effective_action": "notifications:AssociateChannel",
      "privesc": false,
      "resource_exposure": false
    },
    {
      "access_level": "Write",
      "action": "notifications:AssociateManagedNotificationAccountContact",
      "condition": null,
      "credentials_exposure": false,
      "data_access": false,
      "effective_action": "notifications:AssociateManagedNotificationAccountContact",
      "privesc": false,
      "resource_exposure": false
    },
    {
      "access_level": "Write",
      "action": "notifications:AssociateManagedNotificationAdditionalChannel",
      "condition": null,
      "credentials_exposure": false,
      "data_access": false,
      "effective_action": "notifications:AssociateManagedNotificationAdditionalChannel",
      "privesc": false,
      "resource_exposure": false
    },
    {
      "access_level": "Write",
      "action": "notifications:CreateEventRule",
      "condition": null,
      "credentials_exposure": false,
      "data_access": false,
      "effective_action": "notifications:CreateEventRule",
      "privesc": false,
      "resource_exposure": false
    },
    {
      "access_level": "Write",
      "action": "notifications:CreateNotificationConfiguration",
      "condition": null,
      "credentials_exposure": false,
      "data_access": false,
      "effective_action": "notifications:CreateNotificationConfiguration",
      "privesc": false,
      "resource_exposure": false
    },
    {
      "access_level": "Write",
      "action": "notifications:DeleteEventRule",
      "condition": null,
      "credentials_exposure": false,
      "data_access": false,
      "effective_action": "notifications:DeleteEventRule",
      "privesc": false,
      "resource_exposure": false
    },
    {
      "access_level": "Write",
      "action": "notifications:DeleteNotificationConfiguration",
      "condition": null,
      "credentials_exposure": false,
      "data_access": false,
      "effective_action": "notifications:DeleteNotificationConfiguration",
      "privesc": false,
      "resource_exposure": false
    },
    {
      "access_level": "Write",
      "action": "notifications:DeregisterNotificationHub",
      "condition": null,
      "credentials_exposure": false,
      "data_access": false,
      "effective_action": "notifications:DeregisterNotificationHub",
      "privesc": false,
      "resource_exposure": false
    },
    {
      "access_level": "Permissions management",
      "action": "notifications:DisableNotificationsAccessForOrganization",
      "condition": null,
      "credentials_exposure": false,
      "data_access": false,
      "effective_action": "notifications:DisableNotificationsAccessForOrganization",
      "privesc": false,
      "resource_exposure": false
    },
    {
      "access_level": "Write",
      "action": "notifications:DisassociateChannel",
      "condition": null,
      "credentials_exposure": false,
      "data_access": false,
      "effective_action": "notifications:DisassociateChannel",
      "privesc": false,
      "resource_exposure": false
    },
    {
      "access_level": "Write",
      "action": "notifications:DisassociateManagedNotificationAccountContact",
      "condition": null,
      "credentials_exposure": false,
      "data_access": false,
      "effective_action": "notifications:DisassociateManagedNotificationAccountContact",
      "privesc": false,
      "resource_exposure": false
    },
    {
      "access_level": "Write",
      "action": "notifications:DisassociateManagedNotificationAdditionalChannel",
      "condition": null,
      "credentials_exposure": false,
      "data_access": false,
      "effective_action": "notifications:DisassociateManagedNotificationAdditionalChannel",
      "privesc": false,
      "resource_exposure": false
    },
    {
      "access_level": "Permissions management",
      "action": "notifications:EnableNotificationsAccessForOrganization",
      "condition": null,
      "credentials_exposure": false,
      "data_access": false,
      "effective_action": "notifications:EnableNotificationsAccessForOrganization",
      "privesc": false,
      "resource_exposure": false
    },
    {
      "access_level": "Read",
      "action": "notifications:GetEventRule",
      "condition": null,
      "credentials_exposure": false,
      "data_access": false,
      "effective_action": "notifications:GetEventRule",
      "privesc": false,
      "resource_exposure": false
    },
    {
      "access_level": "Read",
      "action": "notifications:GetManagedNotificationChildEvent",
      "condition": null,
      "credentials_exposure": false,
      "data_access": false,
      "effective_action": "notifications:GetManagedNotificationChildEvent",
      "privesc": false,
      "resource_exposure": false
    },
    {
      "access_level": "Read",
      "action": "notifications:GetManagedNotificationConfiguration",
      "condition": null,
      "credentials_exposure": false,
      "data_access": false,
      "effective_action": "notifications:GetManagedNotificationConfiguration",
      "privesc": false,
      "resource_exposure": false
    },
    {
      "access_level": "Read",
      "action": "notifications:GetManagedNotificationEvent",
      "condition": null,
      "credentials_exposure": false,
      "data_access": false,
      "effective_action": "notifications:GetManagedNotificationEvent",
      "privesc": false,
      "resource_exposure": false
    },
    {
      "access_level": "Read",
      "action": "notifications:GetNotificationConfiguration",
      "condition": null,
      "credentials_exposure": false,
      "data_access": false,
      "effective_action": "notifications:GetNotificationConfiguration",
      "privesc": false,
      "resource_exposure": false
    },
    {
      "access_level": "Read",
      "action": "notifications:GetNotificationEvent",
      "condition": null,
      "credentials_exposure": false,
      "data_access": false,
      "effective_action": "notifications:GetNotificationEvent",
      "privesc": false,
      "resource_exposure": false
    },
    {
      "access_level": "Read",
      "action": "notifications:GetNotificationsAccessForOrganization",
      "condition": null,
      "credentials_exposure": false,
      "data_access": false,
      "effective_action": "notifications:GetNotificationsAccessForOrganization",
      "privesc": false,
      "resource_exposure": false
    },
    {
      "access_level": "List",
      "action": "notifications:ListChannels",
      "condition": null,
      "credentials_exposure": false,
      "data_access": false,
      "effective_action": "notifications:ListChannels",
      "privesc": false,
      "resource_exposure": false
    },
    {
      "access_level": "List",
      "action": "notifications:ListEventRules",
      "condition": null,
      "credentials_exposure": false,
      "data_access": false,
      "effective_action": "notifications:ListEventRules",
      "privesc": false,
      "resource_exposure": false
    },
    {
      "access_level": "List",
      "action": "notifications:ListManagedNotificationChannelAssociations",
      "condition": null,
      "credentials_exposure": false,
      "data_access": false,
      "effective_action": "notifications:ListManagedNotificationChannelAssociations",
      "privesc": false,
      "resource_exposure": false
    },
    {
      "access_level": "List",
      "action": "notifications:ListManagedNotificationChildEvents",
      "condition": null,
      "credentials_exposure": false,
      "data_access": false,
      "effective_action": "notifications:ListManagedNotificationChildEvents",
      "privesc": false,
      "resource_exposure": false
    },
    {
      "access_level": "List",
      "action": "notifications:ListManagedNotificationConfigurations",
      "condition": null,
      "credentials_exposure": false,
      "data_access": false,
      "effective_action": "notifications:ListManagedNotificationConfigurations",
      "privesc": false,
      "resource_exposure": false
    },
    {
      "access_level": "List",
      "action": "notifications:ListManagedNotificationEvents",
      "condition": null,
      "credentials_exposure": false,
      "data_access": false,
      "effective_action": "notifications:ListManagedNotificationEvents",
      "privesc": false,
      "resource_exposure": false
    },
    {
      "access_level": "List",
      "action": "notifications:ListNotificationConfigurations",
      "condition": null,
      "credentials_exposure": false,
      "data_access": false,
      "effective_action": "notifications:ListNotificationConfigurations",
      "privesc": false,
      "resource_exposure": false
    },
    {
      "access_level": "List",
      "action": "notifications:ListNotificationEvents",
      "condition": null,
      "credentials_exposure": false,
      "data_access": false,
      "effective_action": "notifications:ListNotificationEvents",
      "privesc": false,
      "resource_exposure": false
    },
    {
      "access_level": "List",
      "action": "notifications:ListNotificationHubs",
      "condition": null,
      "credentials_exposure": false,
      "data_access": false,
      "effective_action": "notifications:ListNotificationHubs",
      "privesc": false,
      "resource_exposure": false
    },
    {
      "access_level": "List",
      "action": "notifications:ListTagsForResource",
      "condition": null,
      "credentials_exposure": false,
      "data_access": false,
      "effective_action": "notifications:ListTagsForResource",
      "privesc": false,
      "resource_exposure": false
    },
    {
      "access_level": "Write",
      "action": "notifications:RegisterNotificationHub",
      "condition": null,
      "credentials_exposure": false,
      "data_access": false,
      "effective_action": "notifications:RegisterNotificationHub",
      "privesc": false,
      "resource_exposure": false
    },
    {
      "access_level": "Tagging",
      "action": "notifications:TagResource",
      "condition": null,
      "credentials_exposure": false,
      "data_access": false,
      "effective_action": "notifications:TagResource",
      "privesc": false,
      "resource_exposure": false
    },
    {
      "access_level": "Tagging",
      "action": "notifications:UntagResource",
      "condition": null,
      "credentials_exposure": false,
      "data_access": false,
      "effective_action": "notifications:UntagResource",
      "privesc": false,
      "resource_exposure": false
    },
    {
      "access_level": "Write",
      "action": "notifications:UpdateEventRule",
      "condition": null,
      "credentials_exposure": false,
      "data_access": false,
      "effective_action": "notifications:UpdateEventRule",
      "privesc": false,
      "resource_exposure": false
    },
    {
      "access_level": "Write",
      "action": "notifications:UpdateNotificationConfiguration",
      "condition": null,
      "credentials_exposure": false,
      "data_access": false,
      "effective_action": "notifications:UpdateNotificationConfiguration",
      "privesc": false,
      "resource_exposure": false
    },
    {
      "access_level": "Write",
      "action": "cloudshell:CreateEnvironment",
      "condition": null,
      "credentials_exposure": false,
      "data_access": false,
      "effective_action": "cloudshell:CreateEnvironment",
      "privesc": false,
      "resource_exposure": false
    },
    {
      "access_level": "Write",
      "action": "cloudshell:CreateSession",
      "condition": null,
      "credentials_exposure": false,
      "data_access": false,
      "effective_action": "cloudshell:CreateSession",
      "privesc": false,
      "resource_exposure": false
    },
    {
      "access_level": "Read",
      "action": "cloudshell:GetEnvironmentStatus",
      "condition": null,
      "credentials_exposure": false,
      "data_access": false,
      "effective_action": "cloudshell:GetEnvironmentStatus",
      "privesc": false,
      "resource_exposure": false
    },
    {
      "access_level": "Write",
      "action": "cloudshell:DeleteEnvironment",
      "condition": null,
      "credentials_exposure": false,
      "data_access": false,
      "effective_action": "cloudshell:DeleteEnvironment",
      "privesc": false,
      "resource_exposure": false
    },
    {
      "access_level": "Write",
      "action": "cloudshell:GetFileDownloadUrls",
      "condition": null,
      "credentials_exposure": false,
      "data_access": false,
      "effective_action": "cloudshell:GetFileDownloadUrls",
      "privesc": false,
      "resource_exposure": false
    },
    {
      "access_level": "Write",
      "action": "cloudshell:GetFileUploadUrls",
      "condition": null,
      "credentials_exposure": false,
      "data_access": false,
      "effective_action": "cloudshell:GetFileUploadUrls",
      "privesc": false,
      "resource_exposure": false
    },
    {
      "access_level": "List",
      "action": "cloudshell:DescribeEnvironments",
      "condition": null,
      "credentials_exposure": false,
      "data_access": false,
      "effective_action": "cloudshell:DescribeEnvironments",
      "privesc": false,
      "resource_exposure": false
    },
    {
      "access_level": "Write",
      "action": "cloudshell:PutCredentials",
      "condition": null,
      "credentials_exposure": false,
      "data_access": false,
      "effective_action": "cloudshell:PutCredentials",
      "privesc": false,
      "resource_exposure": false
    },
    {
      "access_level": "Write",
      "action": "cloudshell:StartEnvironment",
      "condition": null,
      "credentials_exposure": false,
      "data_access": false,
      "effective_action": "cloudshell:StartEnvironment",
      "privesc": false,
      "resource_exposure": false
    },
    {
      "access_level": "Write",
      "action": "cloudshell:StopEnvironment",
      "condition": null,
      "credentials_exposure": false,
      "data_access": false,
      "effective_action": "cloudshell:StopEnvironment",
      "privesc": false,
      "resource_exposure": false
    },
    {
      "access_level": "Read",
      "action": "cloudshell:ApproveCommand",
      "condition": null,
      "credentials_exposure": false,
      "data_access": false,
      "effective_action": "cloudshell:ApproveCommand",
      "privesc": false,
      "resource_exposure": false
    },
    {
      "access_level": "Write",
      "action": "q:StartConversation",
      "condition": null,
      "credentials_exposure": false,
      "data_access": false,
      "effective_action": "q:StartConversation",
      "privesc": false,
      "resource_exposure": false
    },
    {
      "access_level": "Write",
      "action": "q:SendMessage",
      "condition": null,
      "credentials_exposure": false,
      "data_access": false,
      "effective_action": "q:SendMessage",
      "privesc": false,
      "resource_exposure": false
    },
    {
      "access_level": "Read",
      "action": "q:ListConversations",
      "condition": null,
      "credentials_exposure": false,
      "data_access": false,
      "effective_action": "q:ListConversations",
      "privesc": false,
      "resource_exposure": false
    },
    {
      "access_level": "Read",
      "action": "q:GetConversation",
      "condition": null,
      "credentials_exposure": false,
      "data_access": false,
      "effective_action": "q:GetConversation",
      "privesc": false,
      "resource_exposure": false
    },
    {
      "access_level": "Write",
      "action": "q:PassRequest",
      "condition": null,
      "credentials_exposure": false,
      "data_access": false,
      "effective_action": "q:PassRequest",
      "privesc": false,
      "resource_exposure": false
    },
    {
      "access_level": "Write",
      "action": "resource-explorer-2:AssociateDefaultView",
      "condition": null,
      "credentials_exposure": false,
      "data_access": false,
      "effective_action": "resource-explorer-2:AssociateDefaultView",
      "privesc": false,
      "resource_exposure": false
    },
    {
      "access_level": "Read",
      "action": "resource-explorer-2:BatchGetView",
      "condition": null,
      "credentials_exposure": false,
      "data_access": false,
      "effective_action": "resource-explorer-2:BatchGetView",
      "privesc": false,
      "resource_exposure": false
    },
    {
      "access_level": "Write",
      "action": "resource-explorer-2:CreateIndex",
      "condition": null,
      "credentials_exposure": false,
      "data_access": false,
      "effective_action": "resource-explorer-2:CreateIndex",
      "privesc": false,
      "resource_exposure": false
    },
    {
      "access_level": "Write",
      "action": "resource-explorer-2:CreateView",
      "condition": null,
      "credentials_exposure": false,
      "data_access": false,
      "effective_action": "resource-explorer-2:CreateView",
      "privesc": false,
      "resource_exposure": false
    },
    {
      "access_level": "Write",
      "action": "resource-explorer-2:DeleteIndex",
      "condition": null,
      "credentials_exposure": false,
      "data_access": false,
      "effective_action": "resource-explorer-2:DeleteIndex",
      "privesc": false,
      "resource_exposure": false
    },
    {
      "access_level": "Write",
      "action": "resource-explorer-2:DeleteView",
      "condition": null,
      "credentials_exposure": false,
      "data_access": false,
      "effective_action": "resource-explorer-2:DeleteView",
      "privesc": false,
      "resource_exposure": false
    },
    {
      "access_level": "Write",
      "action": "resource-explorer-2:DisassociateDefaultView",
      "condition": null,
      "credentials_exposure": false,
      "data_access": false,
      "effective_action": "resource-explorer-2:DisassociateDefaultView",
      "privesc": false,
      "resource_exposure": false
    },
    {
      "access_level": "Read",
      "action": "resource-explorer-2:GetAccountLevelServiceConfiguration",
      "condition": null,
      "credentials_exposure": false,
      "data_access": false,
      "effective_action": "resource-explorer-2:GetAccountLevelServiceConfiguration",
      "privesc": false,
      "resource_exposure": false
    },
    {
      "access_level": "Read",
      "action": "resource-explorer-2:GetDefaultView",
      "condition": null,
      "credentials_exposure": false,
      "data_access": false,
      "effective_action": "resource-explorer-2:GetDefaultView",
      "privesc": false,
      "resource_exposure": false
    },
    {
      "access_level": "Read",
      "action": "resource-explorer-2:GetIndex",
      "condition": null,
      "credentials_exposure": false,
      "data_access": false,
      "effective_action": "resource-explorer-2:GetIndex",
      "privesc": false,
      "resource_exposure": false
    },
    {
      "access_level": "Read",
      "action": "resource-explorer-2:GetManagedView",
      "condition": null,
      "credentials_exposure": false,
      "data_access": false,
      "effective_action": "resource-explorer-2:GetManagedView",
      "privesc": false,
      "resource_exposure": false
    },
    {
      "access_level": "Read",
      "action": "resource-explorer-2:GetView",
      "condition": null,
      "credentials_exposure": false,
      "data_access": false,
      "effective_action": "resource-explorer-2:GetView",
      "privesc": false,
      "resource_exposure": false
    },
    {
      "access_level": "List",
      "action": "resource-explorer-2:ListIndexes",
      "condition": null,
      "credentials_exposure": false,
      "data_access": false,
      "effective_action": "resource-explorer-2:ListIndexes",
      "privesc": false,
      "resource_exposure": false
    },
    {
      "access_level": "List",
      "action": "resource-explorer-2:ListIndexesForMembers",
      "condition": null,
      "credentials_exposure": false,
      "data_access": false,
      "effective_action": "resource-explorer-2:ListIndexesForMembers",
      "privesc": false,
      "resource_exposure": false
    },
    {
      "access_level": "List",
      "action": "resource-explorer-2:ListManagedViews",
      "condition": null,
      "credentials_exposure": false,
      "data_access": false,
      "effective_action": "resource-explorer-2:ListManagedViews",
      "privesc": false,
      "resource_exposure": false
    },
    {
      "access_level": "List",
      "action": "resource-explorer-2:ListSupportedResourceTypes",
      "condition": null,
      "credentials_exposure": false,
      "data_access": false,
      "effective_action": "resource-explorer-2:ListSupportedResourceTypes",
      "privesc": false,
      "resource_exposure": false
    },
    {
      "access_level": "Read",
      "action": "resource-explorer-2:ListTagsForResource",
      "condition": null,
      "credentials_exposure": false,
      "data_access": false,
      "effective_action": "resource-explorer-2:ListTagsForResource",
      "privesc": false,
      "resource_exposure": false
    },
    {
      "access_level": "List",
      "action": "resource-explorer-2:ListViews",
      "condition": null,
      "credentials_exposure": false,
      "data_access": false,
      "effective_action": "resource-explorer-2:ListViews",
      "privesc": false,
      "resource_exposure": false
    },
    {
      "access_level": "Read",
      "action": "resource-explorer-2:Search",
      "condition": null,
      "credentials_exposure": false,
      "data_access": false,
      "effective_action": "resource-explorer-2:Search",
      "privesc": false,
      "resource_exposure": false
    },
    {
      "access_level": "Tagging",
      "action": "resource-explorer-2:TagResource",
      "condition": null,
      "credentials_exposure": false,
      "data_access": false,
      "effective_action": "resource-explorer-2:TagResource",
      "privesc": false,
      "resource_exposure": false
    },
    {
      "access_level": "Tagging",
      "action": "resource-explorer-2:UntagResource",
      "condition": null,
      "credentials_exposure": false,
      "data_access": false,
      "effective_action": "resource-explorer-2:UntagResource",
      "privesc": false,
      "resource_exposure": false
    },
    {
      "access_level": "Write",
      "action": "resource-explorer-2:UpdateIndexType",
      "condition": null,
      "credentials_exposure": false,
      "data_access": false,
      "effective_action": "resource-explorer-2:UpdateIndexType",
      "privesc": false,
      "resource_exposure": false
    },
    {
      "access_level": "Write",
      "action": "resource-explorer-2:UpdateView",
      "condition": null,
      "credentials_exposure": false,
      "data_access": false,
      "effective_action": "resource-explorer-2:UpdateView",
      "privesc": false,
      "resource_exposure": false
    }
  ],
  "grantless": false,
  "malformed": false,
  "name": "AWSManagementConsoleAdministratorAccess",
  "privesc": false,
  "resource_exposure": false,
  "undocumented_actions": false,
  "unknown_actions": [],
  "updatedate": "2025-08-14T21:19:07+00:00",
  "version": "v1"
}