{
  "access_levels": [
    "List",
    "Read",
    "Write"
  ],
  "arn": "arn:aws:iam::aws:policy/AWSMigrationHubOrchestratorPlugin",
  "createdate": "2022-04-20T02:25:10Z",
  "credentials_exposure": false,
  "data_access": true,
  "deprecated": false,
  "document": {
    "Statement": [
      {
        "Action": [
          "s3:CreateBucket",
          "s3:PutObject",
          "s3:GetObject",
          "s3:GetBucketAcl"
        ],
        "Effect": "Allow",
        "Resource": "arn:aws:s3:::migrationhub-orchestrator-*"
      },
      {
        "Action": [
          "s3:ListAllMyBuckets"
        ],
        "Effect": "Allow",
        "Resource": "arn:aws:s3:::*"
      },
      {
        "Action": [
          "execute-api:Invoke",
          "execute-api:ManageConnections"
        ],
        "Effect": "Allow",
        "Resource": [
          "arn:aws:execute-api:*:*:*/prod/*/put-log-data",
          "arn:aws:execute-api:*:*:*/prod/*/put-metric-data"
        ]
      },
      {
        "Action": [
          "migrationhub-orchestrator:RegisterPlugin",
          "migrationhub-orchestrator:GetMessage",
          "migrationhub-orchestrator:SendMessage"
        ],
        "Effect": "Allow",
        "Resource": "arn:aws:migrationhub-orchestrator:*:*:*"
      },
      {
        "Action": [
          "secretsmanager:GetSecretValue"
        ],
        "Effect": "Allow",
        "Resource": "arn:aws:secretsmanager:*:*:secret:migrationhub-orchestrator-*"
      }
    ],
    "Version": "2012-10-17"
  },
  "effective_actions": [
    {
      "access_level": "Write",
      "action": "s3:CreateBucket",
      "condition": null,
      "credentials_exposure": false,
      "data_access": false,
      "effective_action": "s3:CreateBucket",
      "privesc": false,
      "resource_exposure": false
    },
    {
      "access_level": "Write",
      "action": "s3:PutObject",
      "condition": null,
      "credentials_exposure": false,
      "data_access": false,
      "effective_action": "s3:PutObject",
      "privesc": false,
      "resource_exposure": false
    },
    {
      "access_level": "Read",
      "action": "s3:GetObject",
      "condition": null,
      "credentials_exposure": false,
      "data_access": true,
      "effective_action": "s3:GetObject",
      "privesc": false,
      "resource_exposure": false
    },
    {
      "access_level": "Read",
      "action": "s3:GetBucketAcl",
      "condition": null,
      "credentials_exposure": false,
      "data_access": false,
      "effective_action": "s3:GetBucketAcl",
      "privesc": false,
      "resource_exposure": false
    },
    {
      "access_level": "List",
      "action": "s3:ListAllMyBuckets",
      "condition": null,
      "credentials_exposure": false,
      "data_access": false,
      "effective_action": "s3:ListAllMyBuckets",
      "privesc": false,
      "resource_exposure": false
    },
    {
      "access_level": "Write",
      "action": "execute-api:Invoke",
      "condition": null,
      "credentials_exposure": false,
      "data_access": false,
      "effective_action": "execute-api:Invoke",
      "privesc": false,
      "resource_exposure": false
    },
    {
      "access_level": "Write",
      "action": "execute-api:ManageConnections",
      "condition": null,
      "credentials_exposure": false,
      "data_access": false,
      "effective_action": "execute-api:ManageConnections",
      "privesc": false,
      "resource_exposure": false
    },
    {
      "access_level": "Write",
      "action": "migrationhub-orchestrator:RegisterPlugin",
      "condition": null,
      "credentials_exposure": false,
      "data_access": false,
      "effective_action": "migrationhub-orchestrator:RegisterPlugin",
      "privesc": false,
      "resource_exposure": false
    },
    {
      "access_level": "Read",
      "action": "migrationhub-orchestrator:GetMessage",
      "condition": null,
      "credentials_exposure": false,
      "data_access": false,
      "effective_action": "migrationhub-orchestrator:GetMessage",
      "privesc": false,
      "resource_exposure": false
    },
    {
      "access_level": "Write",
      "action": "migrationhub-orchestrator:SendMessage",
      "condition": null,
      "credentials_exposure": false,
      "data_access": false,
      "effective_action": "migrationhub-orchestrator:SendMessage",
      "privesc": false,
      "resource_exposure": false
    },
    {
      "access_level": "Read",
      "action": "secretsmanager:GetSecretValue",
      "condition": null,
      "credentials_exposure": false,
      "data_access": false,
      "effective_action": "secretsmanager:GetSecretValue",
      "privesc": false,
      "resource_exposure": false
    }
  ],
  "grantless": false,
  "malformed": false,
  "name": "AWSMigrationHubOrchestratorPlugin",
  "privesc": false,
  "resource_exposure": false,
  "undocumented_actions": false,
  "unknown_actions": [],
  "updatedate": "2022-04-20T02:25:10+00:00",
  "version": "v1"
}