{
  "access_levels": [
    "List",
    "Read",
    "Tagging",
    "Write",
    "Permissions management"
  ],
  "arn": "arn:aws:iam::aws:policy/AWSMarketplaceSellerFullAccess",
  "createdate": "2025-01-14T19:52:06Z",
  "credentials_exposure": false,
  "data_access": false,
  "deprecated": false,
  "document": {
    "Statement": [
      {
        "Action": [
          "aws-marketplace-management:uploadFiles",
          "aws-marketplace-management:viewReports",
          "aws-marketplace-management:viewSupport",
          "aws-marketplace:ListChangeSets",
          "aws-marketplace:DescribeChangeSet",
          "aws-marketplace:StartChangeSet",
          "aws-marketplace:CancelChangeSet",
          "aws-marketplace:ListEntities",
          "aws-marketplace:DescribeEntity",
          "aws-marketplace:GetSellerDashboard",
          "aws-marketplace:ListAssessments",
          "aws-marketplace:DescribeAssessment",
          "ec2:DescribeImages",
          "ec2:DescribeSnapshots",
          "ec2:ModifyImageAttribute",
          "ec2:ModifySnapshotAttribute"
        ],
        "Effect": "Allow",
        "Resource": "*",
        "Sid": "MarketplaceManagement"
      },
      {
        "Action": [
          "aws-marketplace:SearchAgreements",
          "aws-marketplace:DescribeAgreement",
          "aws-marketplace:GetAgreementTerms"
        ],
        "Condition": {
          "ForAllValues:StringEquals": {
            "aws-marketplace:AgreementType": [
              "PurchaseAgreement"
            ]
          },
          "StringEquals": {
            "aws-marketplace:PartyType": "Proposer"
          }
        },
        "Effect": "Allow",
        "Resource": "*",
        "Sid": "AgreementAccess"
      },
      {
        "Action": [
          "iam:GetRole"
        ],
        "Effect": "Allow",
        "Resource": "arn:aws:iam::*:role/*",
        "Sid": "IAMGetRole"
      },
      {
        "Action": [
          "iam:PassRole"
        ],
        "Condition": {
          "StringEquals": {
            "iam:PassedToService": "assets.marketplace.amazonaws.com"
          }
        },
        "Effect": "Allow",
        "Resource": "arn:aws:iam::*:role/*",
        "Sid": "AssetScanning"
      },
      {
        "Action": [
          "vendor-insights:GetDataSource",
          "vendor-insights:ListDataSources",
          "vendor-insights:ListSecurityProfiles",
          "vendor-insights:GetSecurityProfile",
          "vendor-insights:GetSecurityProfileSnapshot",
          "vendor-insights:ListSecurityProfileSnapshots"
        ],
        "Effect": "Allow",
        "Resource": "*",
        "Sid": "VendorInsights"
      },
      {
        "Action": [
          "aws-marketplace:TagResource",
          "aws-marketplace:UntagResource",
          "aws-marketplace:ListTagsForResource"
        ],
        "Effect": "Allow",
        "Resource": "arn:aws:aws-marketplace:*:*:AWSMarketplace/*",
        "Sid": "TagManagement"
      },
      {
        "Action": [
          "aws-marketplace-management:GetSellerVerificationDetails",
          "aws-marketplace-management:PutSellerVerificationDetails",
          "aws-marketplace-management:GetBankAccountVerificationDetails",
          "aws-marketplace-management:PutBankAccountVerificationDetails",
          "aws-marketplace-management:GetSecondaryUserVerificationDetails",
          "aws-marketplace-management:PutSecondaryUserVerificationDetails",
          "aws-marketplace-management:GetAdditionalSellerNotificationRecipients",
          "aws-marketplace-management:PutAdditionalSellerNotificationRecipients",
          "payments:GetPaymentInstrument",
          "payments:CreatePaymentInstrument",
          "tax:GetTaxInterview",
          "tax:PutTaxInterview",
          "tax:GetTaxInfoReportingDocument",
          "tax:ListSupplementalTaxRegistrations",
          "tax:PutSupplementalTaxRegistration",
          "tax:DeleteSupplementalTaxRegistration",
          "tax:GetTaxRegistration"
        ],
        "Effect": "Allow",
        "Resource": "*",
        "Sid": "SellerSettings"
      },
      {
        "Action": [
          "support:CreateCase"
        ],
        "Effect": "Allow",
        "Resource": "*",
        "Sid": "Support"
      },
      {
        "Action": [
          "aws-marketplace:GetResourcePolicy",
          "aws-marketplace:PutResourcePolicy",
          "aws-marketplace:DeleteResourcePolicy"
        ],
        "Effect": "Allow",
        "Resource": "arn:aws:aws-marketplace:*:*:AWSMarketplace/*",
        "Sid": "ResourcePolicyManagement"
      },
      {
        "Action": [
          "iam:CreateServiceLinkedRole"
        ],
        "Condition": {
          "StringEquals": {
            "iam:AWSServiceName": "resale-authorization.marketplace.amazonaws.com"
          }
        },
        "Effect": "Allow",
        "Resource": "*",
        "Sid": "CreateServiceLinkedRole"
      }
    ],
    "Version": "2012-10-17"
  },
  "effective_actions": [
    {
      "access_level": "Write",
      "action": "aws-marketplace-management:uploadFiles",
      "condition": null,
      "credentials_exposure": false,
      "data_access": false,
      "effective_action": "aws-marketplace-management:uploadFiles",
      "privesc": false,
      "resource_exposure": false
    },
    {
      "access_level": "List",
      "action": "aws-marketplace-management:viewReports",
      "condition": null,
      "credentials_exposure": false,
      "data_access": false,
      "effective_action": "aws-marketplace-management:viewReports",
      "privesc": false,
      "resource_exposure": false
    },
    {
      "access_level": "List",
      "action": "aws-marketplace-management:viewSupport",
      "condition": null,
      "credentials_exposure": false,
      "data_access": false,
      "effective_action": "aws-marketplace-management:viewSupport",
      "privesc": false,
      "resource_exposure": false
    },
    {
      "access_level": "List",
      "action": "aws-marketplace:ListChangeSets",
      "condition": null,
      "credentials_exposure": false,
      "data_access": false,
      "effective_action": "aws-marketplace:ListChangeSets",
      "privesc": false,
      "resource_exposure": false
    },
    {
      "access_level": "Read",
      "action": "aws-marketplace:DescribeChangeSet",
      "condition": null,
      "credentials_exposure": false,
      "data_access": false,
      "effective_action": "aws-marketplace:DescribeChangeSet",
      "privesc": false,
      "resource_exposure": false
    },
    {
      "access_level": "Write",
      "action": "aws-marketplace:StartChangeSet",
      "condition": null,
      "credentials_exposure": false,
      "data_access": false,
      "effective_action": "aws-marketplace:StartChangeSet",
      "privesc": false,
      "resource_exposure": false
    },
    {
      "access_level": "Write",
      "action": "aws-marketplace:CancelChangeSet",
      "condition": null,
      "credentials_exposure": false,
      "data_access": false,
      "effective_action": "aws-marketplace:CancelChangeSet",
      "privesc": false,
      "resource_exposure": false
    },
    {
      "access_level": "List",
      "action": "aws-marketplace:ListEntities",
      "condition": null,
      "credentials_exposure": false,
      "data_access": false,
      "effective_action": "aws-marketplace:ListEntities",
      "privesc": false,
      "resource_exposure": false
    },
    {
      "access_level": "Read",
      "action": "aws-marketplace:DescribeEntity",
      "condition": null,
      "credentials_exposure": false,
      "data_access": false,
      "effective_action": "aws-marketplace:DescribeEntity",
      "privesc": false,
      "resource_exposure": false
    },
    {
      "access_level": "Read",
      "action": "aws-marketplace:GetSellerDashboard",
      "condition": null,
      "credentials_exposure": false,
      "data_access": false,
      "effective_action": "aws-marketplace:GetSellerDashboard",
      "privesc": false,
      "resource_exposure": false
    },
    {
      "access_level": "List",
      "action": "aws-marketplace:ListAssessments",
      "condition": null,
      "credentials_exposure": false,
      "data_access": false,
      "effective_action": "aws-marketplace:ListAssessments",
      "privesc": false,
      "resource_exposure": false
    },
    {
      "access_level": "Read",
      "action": "aws-marketplace:DescribeAssessment",
      "condition": null,
      "credentials_exposure": false,
      "data_access": false,
      "effective_action": "aws-marketplace:DescribeAssessment",
      "privesc": false,
      "resource_exposure": false
    },
    {
      "access_level": "List",
      "action": "ec2:DescribeImages",
      "condition": null,
      "credentials_exposure": false,
      "data_access": false,
      "effective_action": "ec2:DescribeImages",
      "privesc": false,
      "resource_exposure": false
    },
    {
      "access_level": "List",
      "action": "ec2:DescribeSnapshots",
      "condition": null,
      "credentials_exposure": false,
      "data_access": false,
      "effective_action": "ec2:DescribeSnapshots",
      "privesc": false,
      "resource_exposure": false
    },
    {
      "access_level": "Write",
      "action": "ec2:ModifyImageAttribute",
      "condition": null,
      "credentials_exposure": false,
      "data_access": false,
      "effective_action": "ec2:ModifyImageAttribute",
      "privesc": false,
      "resource_exposure": false
    },
    {
      "access_level": "Permissions management",
      "action": "ec2:ModifySnapshotAttribute",
      "condition": null,
      "credentials_exposure": false,
      "data_access": false,
      "effective_action": "ec2:ModifySnapshotAttribute",
      "privesc": false,
      "resource_exposure": true
    },
    {
      "access_level": "List",
      "action": "aws-marketplace:SearchAgreements",
      "condition": {
        "ForAllValues:StringEquals": {
          "aws-marketplace:AgreementType": [
            "PurchaseAgreement"
          ]
        },
        "StringEquals": {
          "aws-marketplace:PartyType": "Proposer"
        }
      },
      "credentials_exposure": false,
      "data_access": false,
      "effective_action": "aws-marketplace:SearchAgreements",
      "privesc": false,
      "resource_exposure": false
    },
    {
      "access_level": "Read",
      "action": "aws-marketplace:DescribeAgreement",
      "condition": {
        "ForAllValues:StringEquals": {
          "aws-marketplace:AgreementType": [
            "PurchaseAgreement"
          ]
        },
        "StringEquals": {
          "aws-marketplace:PartyType": "Proposer"
        }
      },
      "credentials_exposure": false,
      "data_access": false,
      "effective_action": "aws-marketplace:DescribeAgreement",
      "privesc": false,
      "resource_exposure": false
    },
    {
      "access_level": "List",
      "action": "aws-marketplace:GetAgreementTerms",
      "condition": {
        "ForAllValues:StringEquals": {
          "aws-marketplace:AgreementType": [
            "PurchaseAgreement"
          ]
        },
        "StringEquals": {
          "aws-marketplace:PartyType": "Proposer"
        }
      },
      "credentials_exposure": false,
      "data_access": false,
      "effective_action": "aws-marketplace:GetAgreementTerms",
      "privesc": false,
      "resource_exposure": false
    },
    {
      "access_level": "Read",
      "action": "iam:GetRole",
      "condition": null,
      "credentials_exposure": false,
      "data_access": false,
      "effective_action": "iam:GetRole",
      "privesc": false,
      "resource_exposure": false
    },
    {
      "access_level": "Permissions management",
      "action": "iam:PassRole",
      "condition": {
        "StringEquals": {
          "iam:PassedToService": "assets.marketplace.amazonaws.com"
        }
      },
      "credentials_exposure": false,
      "data_access": false,
      "effective_action": "iam:PassRole",
      "privesc": true,
      "resource_exposure": true
    },
    {
      "access_level": "Read",
      "action": "vendor-insights:GetDataSource",
      "condition": null,
      "credentials_exposure": false,
      "data_access": false,
      "effective_action": "vendor-insights:GetDataSource",
      "privesc": false,
      "resource_exposure": false
    },
    {
      "access_level": "List",
      "action": "vendor-insights:ListDataSources",
      "condition": null,
      "credentials_exposure": false,
      "data_access": false,
      "effective_action": "vendor-insights:ListDataSources",
      "privesc": false,
      "resource_exposure": false
    },
    {
      "access_level": "List",
      "action": "vendor-insights:ListSecurityProfiles",
      "condition": null,
      "credentials_exposure": false,
      "data_access": false,
      "effective_action": "vendor-insights:ListSecurityProfiles",
      "privesc": false,
      "resource_exposure": false
    },
    {
      "access_level": "Read",
      "action": "vendor-insights:GetSecurityProfile",
      "condition": null,
      "credentials_exposure": false,
      "data_access": false,
      "effective_action": "vendor-insights:GetSecurityProfile",
      "privesc": false,
      "resource_exposure": false
    },
    {
      "access_level": "Read",
      "action": "vendor-insights:GetSecurityProfileSnapshot",
      "condition": null,
      "credentials_exposure": false,
      "data_access": false,
      "effective_action": "vendor-insights:GetSecurityProfileSnapshot",
      "privesc": false,
      "resource_exposure": false
    },
    {
      "access_level": "List",
      "action": "vendor-insights:ListSecurityProfileSnapshots",
      "condition": null,
      "credentials_exposure": false,
      "data_access": false,
      "effective_action": "vendor-insights:ListSecurityProfileSnapshots",
      "privesc": false,
      "resource_exposure": false
    },
    {
      "access_level": "Tagging",
      "action": "aws-marketplace:TagResource",
      "condition": null,
      "credentials_exposure": false,
      "data_access": false,
      "effective_action": "aws-marketplace:TagResource",
      "privesc": false,
      "resource_exposure": false
    },
    {
      "access_level": "Tagging",
      "action": "aws-marketplace:UntagResource",
      "condition": null,
      "credentials_exposure": false,
      "data_access": false,
      "effective_action": "aws-marketplace:UntagResource",
      "privesc": false,
      "resource_exposure": false
    },
    {
      "access_level": "Read",
      "action": "aws-marketplace:ListTagsForResource",
      "condition": null,
      "credentials_exposure": false,
      "data_access": false,
      "effective_action": "aws-marketplace:ListTagsForResource",
      "privesc": false,
      "resource_exposure": false
    },
    {
      "access_level": "Read",
      "action": "aws-marketplace-management:GetSellerVerificationDetails",
      "condition": null,
      "credentials_exposure": false,
      "data_access": false,
      "effective_action": "aws-marketplace-management:GetSellerVerificationDetails",
      "privesc": false,
      "resource_exposure": false
    },
    {
      "access_level": "Write",
      "action": "aws-marketplace-management:PutSellerVerificationDetails",
      "condition": null,
      "credentials_exposure": false,
      "data_access": false,
      "effective_action": "aws-marketplace-management:PutSellerVerificationDetails",
      "privesc": false,
      "resource_exposure": false
    },
    {
      "access_level": "Read",
      "action": "aws-marketplace-management:GetBankAccountVerificationDetails",
      "condition": null,
      "credentials_exposure": false,
      "data_access": false,
      "effective_action": "aws-marketplace-management:GetBankAccountVerificationDetails",
      "privesc": false,
      "resource_exposure": false
    },
    {
      "access_level": "Write",
      "action": "aws-marketplace-management:PutBankAccountVerificationDetails",
      "condition": null,
      "credentials_exposure": false,
      "data_access": false,
      "effective_action": "aws-marketplace-management:PutBankAccountVerificationDetails",
      "privesc": false,
      "resource_exposure": false
    },
    {
      "access_level": "Read",
      "action": "aws-marketplace-management:GetSecondaryUserVerificationDetails",
      "condition": null,
      "credentials_exposure": false,
      "data_access": false,
      "effective_action": "aws-marketplace-management:GetSecondaryUserVerificationDetails",
      "privesc": false,
      "resource_exposure": false
    },
    {
      "access_level": "Write",
      "action": "aws-marketplace-management:PutSecondaryUserVerificationDetails",
      "condition": null,
      "credentials_exposure": false,
      "data_access": false,
      "effective_action": "aws-marketplace-management:PutSecondaryUserVerificationDetails",
      "privesc": false,
      "resource_exposure": false
    },
    {
      "access_level": "Read",
      "action": "aws-marketplace-management:GetAdditionalSellerNotificationRecipients",
      "condition": null,
      "credentials_exposure": false,
      "data_access": false,
      "effective_action": "aws-marketplace-management:GetAdditionalSellerNotificationRecipients",
      "privesc": false,
      "resource_exposure": false
    },
    {
      "access_level": "Write",
      "action": "aws-marketplace-management:PutAdditionalSellerNotificationRecipients",
      "condition": null,
      "credentials_exposure": false,
      "data_access": false,
      "effective_action": "aws-marketplace-management:PutAdditionalSellerNotificationRecipients",
      "privesc": false,
      "resource_exposure": false
    },
    {
      "access_level": "List",
      "action": "payments:GetPaymentInstrument",
      "condition": null,
      "credentials_exposure": false,
      "data_access": false,
      "effective_action": "payments:GetPaymentInstrument",
      "privesc": false,
      "resource_exposure": false
    },
    {
      "access_level": "Write",
      "action": "payments:CreatePaymentInstrument",
      "condition": null,
      "credentials_exposure": false,
      "data_access": false,
      "effective_action": "payments:CreatePaymentInstrument",
      "privesc": false,
      "resource_exposure": false
    },
    {
      "access_level": "Read",
      "action": "tax:GetTaxInterview",
      "condition": null,
      "credentials_exposure": false,
      "data_access": false,
      "effective_action": "tax:GetTaxInterview",
      "privesc": false,
      "resource_exposure": false
    },
    {
      "access_level": "Write",
      "action": "tax:PutTaxInterview",
      "condition": null,
      "credentials_exposure": false,
      "data_access": false,
      "effective_action": "tax:PutTaxInterview",
      "privesc": false,
      "resource_exposure": false
    },
    {
      "access_level": "Read",
      "action": "tax:GetTaxInfoReportingDocument",
      "condition": null,
      "credentials_exposure": false,
      "data_access": false,
      "effective_action": "tax:GetTaxInfoReportingDocument",
      "privesc": false,
      "resource_exposure": false
    },
    {
      "access_level": "Read",
      "action": "tax:ListSupplementalTaxRegistrations",
      "condition": null,
      "credentials_exposure": false,
      "data_access": false,
      "effective_action": "tax:ListSupplementalTaxRegistrations",
      "privesc": false,
      "resource_exposure": false
    },
    {
      "access_level": "Write",
      "action": "tax:PutSupplementalTaxRegistration",
      "condition": null,
      "credentials_exposure": false,
      "data_access": false,
      "effective_action": "tax:PutSupplementalTaxRegistration",
      "privesc": false,
      "resource_exposure": false
    },
    {
      "access_level": "Write",
      "action": "tax:DeleteSupplementalTaxRegistration",
      "condition": null,
      "credentials_exposure": false,
      "data_access": false,
      "effective_action": "tax:DeleteSupplementalTaxRegistration",
      "privesc": false,
      "resource_exposure": false
    },
    {
      "access_level": "Read",
      "action": "tax:GetTaxRegistration",
      "condition": null,
      "credentials_exposure": false,
      "data_access": false,
      "effective_action": "tax:GetTaxRegistration",
      "privesc": false,
      "resource_exposure": false
    },
    {
      "access_level": "Write",
      "action": "support:CreateCase",
      "condition": null,
      "credentials_exposure": false,
      "data_access": false,
      "effective_action": "support:CreateCase",
      "privesc": false,
      "resource_exposure": false
    },
    {
      "access_level": "Read",
      "action": "aws-marketplace:GetResourcePolicy",
      "condition": null,
      "credentials_exposure": false,
      "data_access": false,
      "effective_action": "aws-marketplace:GetResourcePolicy",
      "privesc": false,
      "resource_exposure": false
    },
    {
      "access_level": "Permissions management",
      "action": "aws-marketplace:PutResourcePolicy",
      "condition": null,
      "credentials_exposure": false,
      "data_access": false,
      "effective_action": "aws-marketplace:PutResourcePolicy",
      "privesc": false,
      "resource_exposure": false
    },
    {
      "access_level": "Permissions management",
      "action": "aws-marketplace:DeleteResourcePolicy",
      "condition": null,
      "credentials_exposure": false,
      "data_access": false,
      "effective_action": "aws-marketplace:DeleteResourcePolicy",
      "privesc": false,
      "resource_exposure": false
    },
    {
      "access_level": "Permissions management",
      "action": "iam:CreateServiceLinkedRole",
      "condition": {
        "StringEquals": {
          "iam:AWSServiceName": "resale-authorization.marketplace.amazonaws.com"
        }
      },
      "credentials_exposure": false,
      "data_access": false,
      "effective_action": "iam:CreateServiceLinkedRole",
      "privesc": true,
      "resource_exposure": true
    }
  ],
  "grantless": false,
  "malformed": false,
  "name": "AWSMarketplaceSellerFullAccess",
  "privesc": true,
  "resource_exposure": true,
  "undocumented_actions": false,
  "unknown_actions": [],
  "updatedate": "2025-01-14T19:52:06+00:00",
  "version": "v16"
}