{
  "access_levels": [
    "Read"
  ],
  "arn": "arn:aws:iam::aws:policy/AWSMarketplaceGetEntitlements",
  "createdate": "2024-04-05T01:27:20Z",
  "credentials_exposure": false,
  "data_access": false,
  "deprecated": false,
  "document": {
    "Statement": [
      {
        "Action": [
          "aws-marketplace:GetEntitlements"
        ],
        "Effect": "Allow",
        "Resource": "*",
        "Sid": "AWSMarketplaceGetEntitlements"
      }
    ],
    "Version": "2012-10-17"
  },
  "effective_actions": [
    {
      "access_level": "Read",
      "action": "aws-marketplace:GetEntitlements",
      "condition": null,
      "credentials_exposure": false,
      "data_access": false,
      "effective_action": "aws-marketplace:GetEntitlements",
      "privesc": false,
      "resource_exposure": false
    }
  ],
  "grantless": false,
  "malformed": false,
  "name": "AWSMarketplaceGetEntitlements",
  "privesc": false,
  "resource_exposure": false,
  "undocumented_actions": false,
  "unknown_actions": [],
  "updatedate": "2024-04-05T01:27:20+00:00",
  "version": "v2"
}