{
  "access_levels": [
    "List",
    "Read",
    "Tagging",
    "Write",
    "Permissions management"
  ],
  "arn": "arn:aws:iam::aws:policy/AWSMigrationHubRefactorSpaces-EnvironmentsWithoutBridgesFullAccess",
  "createdate": "2024-04-11T18:16:48Z",
  "credentials_exposure": false,
  "data_access": false,
  "deprecated": false,
  "document": {
    "Statement": [
      {
        "Action": [
          "refactor-spaces:*"
        ],
        "Effect": "Allow",
        "Resource": "*",
        "Sid": "RefactorSpaces"
      },
      {
        "Action": [
          "ec2:DescribeSubnets",
          "ec2:DescribeVpcEndpointServiceConfigurations",
          "ec2:DescribeVpcs",
          "ec2:DescribeTags",
          "ec2:DescribeAccountAttributes",
          "ec2:DescribeInternetGateways"
        ],
        "Effect": "Allow",
        "Resource": "*",
        "Sid": "EC2Describe"
      },
      {
        "Action": [
          "ec2:CreateVpcEndpointServiceConfiguration"
        ],
        "Effect": "Allow",
        "Resource": "*",
        "Sid": "VpcEndpointServiceConfigurationCreate"
      },
      {
        "Action": [
          "ec2:DeleteTags"
        ],
        "Condition": {
          "Null": {
            "aws:ResourceTag/refactor-spaces:environment-id": "false"
          }
        },
        "Effect": "Allow",
        "Resource": "*",
        "Sid": "EC2TagsDelete"
      },
      {
        "Action": [
          "ec2:DeleteVpcEndpointServiceConfigurations"
        ],
        "Condition": {
          "Null": {
            "aws:ResourceTag/refactor-spaces:application-id": "false"
          }
        },
        "Effect": "Allow",
        "Resource": "*",
        "Sid": "VpcEndpointServiceConfigurationDelete"
      },
      {
        "Action": [
          "elasticloadbalancing:AddTags",
          "elasticloadbalancing:CreateLoadBalancer"
        ],
        "Condition": {
          "Null": {
            "aws:RequestTag/refactor-spaces:application-id": "false"
          }
        },
        "Effect": "Allow",
        "Resource": "arn:*:elasticloadbalancing:*:*:loadbalancer/net/refactor-spaces-nlb-*",
        "Sid": "ELBLoadBalancerCreate"
      },
      {
        "Action": [
          "elasticloadbalancing:DescribeLoadBalancers",
          "elasticloadbalancing:DescribeTags",
          "elasticloadbalancing:DescribeTargetHealth",
          "elasticloadbalancing:DescribeTargetGroups",
          "elasticloadbalancing:DescribeListeners"
        ],
        "Effect": "Allow",
        "Resource": "*",
        "Sid": "ELBDescribe"
      },
      {
        "Action": [
          "elasticloadbalancing:RegisterTargets",
          "elasticloadbalancing:CreateLoadBalancerListeners",
          "elasticloadbalancing:CreateListener",
          "elasticloadbalancing:DeleteListener",
          "elasticloadbalancing:DeleteTargetGroup"
        ],
        "Condition": {
          "StringLike": {
            "aws:ResourceTag/refactor-spaces:route-id": [
              "*"
            ]
          }
        },
        "Effect": "Allow",
        "Resource": "*",
        "Sid": "ELBModify"
      },
      {
        "Action": [
          "elasticloadbalancing:DeleteLoadBalancer"
        ],
        "Effect": "Allow",
        "Resource": "arn:*:elasticloadbalancing:*:*:loadbalancer/net/refactor-spaces-nlb-*",
        "Sid": "ELBLoadBalancerDelete"
      },
      {
        "Action": [
          "elasticloadbalancing:AddTags",
          "elasticloadbalancing:CreateListener"
        ],
        "Condition": {
          "Null": {
            "aws:RequestTag/refactor-spaces:route-id": "false"
          }
        },
        "Effect": "Allow",
        "Resource": [
          "arn:*:elasticloadbalancing:*:*:loadbalancer/net/refactor-spaces-nlb-*",
          "arn:*:elasticloadbalancing:*:*:listener/net/refactor-spaces-nlb-*"
        ],
        "Sid": "ELBListenerCreate"
      },
      {
        "Action": [
          "elasticloadbalancing:DeleteListener"
        ],
        "Effect": "Allow",
        "Resource": "arn:*:elasticloadbalancing:*:*:listener/net/refactor-spaces-nlb-*",
        "Sid": "ELBListenerDelete"
      },
      {
        "Action": [
          "elasticloadbalancing:DeleteTargetGroup",
          "elasticloadbalancing:RegisterTargets"
        ],
        "Effect": "Allow",
        "Resource": "arn:*:elasticloadbalancing:*:*:targetgroup/refactor-spaces-tg-*",
        "Sid": "ELBTargetGroupModify"
      },
      {
        "Action": [
          "elasticloadbalancing:AddTags",
          "elasticloadbalancing:CreateTargetGroup"
        ],
        "Condition": {
          "Null": {
            "aws:RequestTag/refactor-spaces:route-id": "false"
          }
        },
        "Effect": "Allow",
        "Resource": "arn:*:elasticloadbalancing:*:*:targetgroup/refactor-spaces-tg-*",
        "Sid": "ELBTargetGroupCreate"
      },
      {
        "Action": [
          "apigateway:GET",
          "apigateway:DELETE",
          "apigateway:PATCH",
          "apigateway:POST",
          "apigateway:PUT",
          "apigateway:UpdateRestApiPolicy"
        ],
        "Condition": {
          "Null": {
            "aws:ResourceTag/refactor-spaces:application-id": "false"
          }
        },
        "Effect": "Allow",
        "Resource": [
          "arn:aws:apigateway:*::/restapis",
          "arn:aws:apigateway:*::/restapis/*",
          "arn:aws:apigateway:*::/vpclinks",
          "arn:aws:apigateway:*::/vpclinks/*",
          "arn:aws:apigateway:*::/tags",
          "arn:aws:apigateway:*::/tags/*"
        ],
        "Sid": "APIGatewayModify"
      },
      {
        "Action": [
          "apigateway:GET"
        ],
        "Effect": "Allow",
        "Resource": [
          "arn:aws:apigateway:*::/vpclinks",
          "arn:aws:apigateway:*::/vpclinks/*"
        ],
        "Sid": "APIGatewayVpcLinksGet"
      },
      {
        "Action": [
          "organizations:DescribeOrganization"
        ],
        "Effect": "Allow",
        "Resource": "*",
        "Sid": "OrganizationDescribe"
      },
      {
        "Action": [
          "cloudformation:CreateStack"
        ],
        "Effect": "Allow",
        "Resource": "*",
        "Sid": "CloudformationStackCreate"
      },
      {
        "Action": [
          "cloudformation:TagResource"
        ],
        "Effect": "Allow",
        "Resource": "arn:aws:cloudformation:*:*:stack/*",
        "Sid": "CloudformationStackTag"
      },
      {
        "Action": [
          "iam:CreateServiceLinkedRole"
        ],
        "Condition": {
          "StringEquals": {
            "iam:AWSServiceName": "refactor-spaces.amazonaws.com"
          }
        },
        "Effect": "Allow",
        "Resource": "*",
        "Sid": "CreateRefactorSpacesSLR"
      },
      {
        "Action": [
          "iam:CreateServiceLinkedRole"
        ],
        "Condition": {
          "StringEquals": {
            "iam:AWSServiceName": "elasticloadbalancing.amazonaws.com"
          }
        },
        "Effect": "Allow",
        "Resource": "*",
        "Sid": "CreateELBSLR"
      }
    ],
    "Version": "2012-10-17"
  },
  "effective_actions": [
    {
      "access_level": "Write",
      "action": "refactor-spaces:*",
      "condition": null,
      "credentials_exposure": false,
      "data_access": false,
      "effective_action": "refactor-spaces:CreateApplication",
      "privesc": false,
      "resource_exposure": false
    },
    {
      "access_level": "Write",
      "action": "refactor-spaces:*",
      "condition": null,
      "credentials_exposure": false,
      "data_access": false,
      "effective_action": "refactor-spaces:CreateEnvironment",
      "privesc": false,
      "resource_exposure": false
    },
    {
      "access_level": "Write",
      "action": "refactor-spaces:*",
      "condition": null,
      "credentials_exposure": false,
      "data_access": false,
      "effective_action": "refactor-spaces:CreateRoute",
      "privesc": false,
      "resource_exposure": false
    },
    {
      "access_level": "Write",
      "action": "refactor-spaces:*",
      "condition": null,
      "credentials_exposure": false,
      "data_access": false,
      "effective_action": "refactor-spaces:CreateService",
      "privesc": false,
      "resource_exposure": false
    },
    {
      "access_level": "Write",
      "action": "refactor-spaces:*",
      "condition": null,
      "credentials_exposure": false,
      "data_access": false,
      "effective_action": "refactor-spaces:DeleteApplication",
      "privesc": false,
      "resource_exposure": false
    },
    {
      "access_level": "Write",
      "action": "refactor-spaces:*",
      "condition": null,
      "credentials_exposure": false,
      "data_access": false,
      "effective_action": "refactor-spaces:DeleteEnvironment",
      "privesc": false,
      "resource_exposure": false
    },
    {
      "access_level": "Write",
      "action": "refactor-spaces:*",
      "condition": null,
      "credentials_exposure": false,
      "data_access": false,
      "effective_action": "refactor-spaces:DeleteResourcePolicy",
      "privesc": false,
      "resource_exposure": false
    },
    {
      "access_level": "Write",
      "action": "refactor-spaces:*",
      "condition": null,
      "credentials_exposure": false,
      "data_access": false,
      "effective_action": "refactor-spaces:DeleteRoute",
      "privesc": false,
      "resource_exposure": false
    },
    {
      "access_level": "Write",
      "action": "refactor-spaces:*",
      "condition": null,
      "credentials_exposure": false,
      "data_access": false,
      "effective_action": "refactor-spaces:DeleteService",
      "privesc": false,
      "resource_exposure": false
    },
    {
      "access_level": "Read",
      "action": "refactor-spaces:*",
      "condition": null,
      "credentials_exposure": false,
      "data_access": false,
      "effective_action": "refactor-spaces:GetApplication",
      "privesc": false,
      "resource_exposure": false
    },
    {
      "access_level": "Read",
      "action": "refactor-spaces:*",
      "condition": null,
      "credentials_exposure": false,
      "data_access": false,
      "effective_action": "refactor-spaces:GetEnvironment",
      "privesc": false,
      "resource_exposure": false
    },
    {
      "access_level": "Read",
      "action": "refactor-spaces:*",
      "condition": null,
      "credentials_exposure": false,
      "data_access": false,
      "effective_action": "refactor-spaces:GetResourcePolicy",
      "privesc": false,
      "resource_exposure": false
    },
    {
      "access_level": "Read",
      "action": "refactor-spaces:*",
      "condition": null,
      "credentials_exposure": false,
      "data_access": false,
      "effective_action": "refactor-spaces:GetRoute",
      "privesc": false,
      "resource_exposure": false
    },
    {
      "access_level": "Read",
      "action": "refactor-spaces:*",
      "condition": null,
      "credentials_exposure": false,
      "data_access": false,
      "effective_action": "refactor-spaces:GetService",
      "privesc": false,
      "resource_exposure": false
    },
    {
      "access_level": "Read",
      "action": "refactor-spaces:*",
      "condition": null,
      "credentials_exposure": false,
      "data_access": false,
      "effective_action": "refactor-spaces:ListApplications",
      "privesc": false,
      "resource_exposure": false
    },
    {
      "access_level": "Read",
      "action": "refactor-spaces:*",
      "condition": null,
      "credentials_exposure": false,
      "data_access": false,
      "effective_action": "refactor-spaces:ListEnvironmentVpcs",
      "privesc": false,
      "resource_exposure": false
    },
    {
      "access_level": "Read",
      "action": "refactor-spaces:*",
      "condition": null,
      "credentials_exposure": false,
      "data_access": false,
      "effective_action": "refactor-spaces:ListEnvironments",
      "privesc": false,
      "resource_exposure": false
    },
    {
      "access_level": "Read",
      "action": "refactor-spaces:*",
      "condition": null,
      "credentials_exposure": false,
      "data_access": false,
      "effective_action": "refactor-spaces:ListRoutes",
      "privesc": false,
      "resource_exposure": false
    },
    {
      "access_level": "Read",
      "action": "refactor-spaces:*",
      "condition": null,
      "credentials_exposure": false,
      "data_access": false,
      "effective_action": "refactor-spaces:ListServices",
      "privesc": false,
      "resource_exposure": false
    },
    {
      "access_level": "Read",
      "action": "refactor-spaces:*",
      "condition": null,
      "credentials_exposure": false,
      "data_access": false,
      "effective_action": "refactor-spaces:ListTagsForResource",
      "privesc": false,
      "resource_exposure": false
    },
    {
      "access_level": "Write",
      "action": "refactor-spaces:*",
      "condition": null,
      "credentials_exposure": false,
      "data_access": false,
      "effective_action": "refactor-spaces:PutResourcePolicy",
      "privesc": false,
      "resource_exposure": false
    },
    {
      "access_level": "Tagging",
      "action": "refactor-spaces:*",
      "condition": null,
      "credentials_exposure": false,
      "data_access": false,
      "effective_action": "refactor-spaces:TagResource",
      "privesc": false,
      "resource_exposure": false
    },
    {
      "access_level": "Tagging",
      "action": "refactor-spaces:*",
      "condition": null,
      "credentials_exposure": false,
      "data_access": false,
      "effective_action": "refactor-spaces:UntagResource",
      "privesc": false,
      "resource_exposure": false
    },
    {
      "access_level": "Write",
      "action": "refactor-spaces:*",
      "condition": null,
      "credentials_exposure": false,
      "data_access": false,
      "effective_action": "refactor-spaces:UpdateRoute",
      "privesc": false,
      "resource_exposure": false
    },
    {
      "access_level": "List",
      "action": "ec2:DescribeSubnets",
      "condition": null,
      "credentials_exposure": false,
      "data_access": false,
      "effective_action": "ec2:DescribeSubnets",
      "privesc": false,
      "resource_exposure": false
    },
    {
      "access_level": "List",
      "action": "ec2:DescribeVpcEndpointServiceConfigurations",
      "condition": null,
      "credentials_exposure": false,
      "data_access": false,
      "effective_action": "ec2:DescribeVpcEndpointServiceConfigurations",
      "privesc": false,
      "resource_exposure": false
    },
    {
      "access_level": "List",
      "action": "ec2:DescribeVpcs",
      "condition": null,
      "credentials_exposure": false,
      "data_access": false,
      "effective_action": "ec2:DescribeVpcs",
      "privesc": false,
      "resource_exposure": false
    },
    {
      "access_level": "List",
      "action": "ec2:DescribeTags",
      "condition": null,
      "credentials_exposure": false,
      "data_access": false,
      "effective_action": "ec2:DescribeTags",
      "privesc": false,
      "resource_exposure": false
    },
    {
      "access_level": "List",
      "action": "ec2:DescribeAccountAttributes",
      "condition": null,
      "credentials_exposure": false,
      "data_access": false,
      "effective_action": "ec2:DescribeAccountAttributes",
      "privesc": false,
      "resource_exposure": false
    },
    {
      "access_level": "List",
      "action": "ec2:DescribeInternetGateways",
      "condition": null,
      "credentials_exposure": false,
      "data_access": false,
      "effective_action": "ec2:DescribeInternetGateways",
      "privesc": false,
      "resource_exposure": false
    },
    {
      "access_level": "Write",
      "action": "ec2:CreateVpcEndpointServiceConfiguration",
      "condition": null,
      "credentials_exposure": false,
      "data_access": false,
      "effective_action": "ec2:CreateVpcEndpointServiceConfiguration",
      "privesc": false,
      "resource_exposure": false
    },
    {
      "access_level": "Tagging",
      "action": "ec2:DeleteTags",
      "condition": {
        "Null": {
          "aws:ResourceTag/refactor-spaces:environment-id": "false"
        }
      },
      "credentials_exposure": false,
      "data_access": false,
      "effective_action": "ec2:DeleteTags",
      "privesc": false,
      "resource_exposure": false
    },
    {
      "access_level": "Write",
      "action": "ec2:DeleteVpcEndpointServiceConfigurations",
      "condition": {
        "Null": {
          "aws:ResourceTag/refactor-spaces:application-id": "false"
        }
      },
      "credentials_exposure": false,
      "data_access": false,
      "effective_action": "ec2:DeleteVpcEndpointServiceConfigurations",
      "privesc": false,
      "resource_exposure": false
    },
    {
      "access_level": "Tagging",
      "action": "elasticloadbalancing:AddTags",
      "condition": {
        "Null": {
          "aws:RequestTag/refactor-spaces:application-id": "false"
        }
      },
      "credentials_exposure": false,
      "data_access": false,
      "effective_action": "elasticloadbalancing:AddTags",
      "privesc": false,
      "resource_exposure": false
    },
    {
      "access_level": "Write",
      "action": "elasticloadbalancing:CreateLoadBalancer",
      "condition": {
        "Null": {
          "aws:RequestTag/refactor-spaces:application-id": "false"
        }
      },
      "credentials_exposure": false,
      "data_access": false,
      "effective_action": "elasticloadbalancing:CreateLoadBalancer",
      "privesc": false,
      "resource_exposure": false
    },
    {
      "access_level": "List",
      "action": "elasticloadbalancing:DescribeLoadBalancers",
      "condition": null,
      "credentials_exposure": false,
      "data_access": false,
      "effective_action": "elasticloadbalancing:DescribeLoadBalancers",
      "privesc": false,
      "resource_exposure": false
    },
    {
      "access_level": "Read",
      "action": "elasticloadbalancing:DescribeTags",
      "condition": null,
      "credentials_exposure": false,
      "data_access": false,
      "effective_action": "elasticloadbalancing:DescribeTags",
      "privesc": false,
      "resource_exposure": false
    },
    {
      "access_level": "Read",
      "action": "elasticloadbalancing:DescribeTargetHealth",
      "condition": null,
      "credentials_exposure": false,
      "data_access": false,
      "effective_action": "elasticloadbalancing:DescribeTargetHealth",
      "privesc": false,
      "resource_exposure": false
    },
    {
      "access_level": "Read",
      "action": "elasticloadbalancing:DescribeTargetGroups",
      "condition": null,
      "credentials_exposure": false,
      "data_access": false,
      "effective_action": "elasticloadbalancing:DescribeTargetGroups",
      "privesc": false,
      "resource_exposure": false
    },
    {
      "access_level": "Read",
      "action": "elasticloadbalancing:DescribeListeners",
      "condition": null,
      "credentials_exposure": false,
      "data_access": false,
      "effective_action": "elasticloadbalancing:DescribeListeners",
      "privesc": false,
      "resource_exposure": false
    },
    {
      "access_level": "Write",
      "action": "elasticloadbalancing:RegisterTargets",
      "condition": {
        "StringLike": {
          "aws:ResourceTag/refactor-spaces:route-id": [
            "*"
          ]
        }
      },
      "credentials_exposure": false,
      "data_access": false,
      "effective_action": "elasticloadbalancing:RegisterTargets",
      "privesc": false,
      "resource_exposure": false
    },
    {
      "access_level": "Write",
      "action": "elasticloadbalancing:CreateLoadBalancerListeners",
      "condition": {
        "StringLike": {
          "aws:ResourceTag/refactor-spaces:route-id": [
            "*"
          ]
        }
      },
      "credentials_exposure": false,
      "data_access": false,
      "effective_action": "elasticloadbalancing:CreateLoadBalancerListeners",
      "privesc": false,
      "resource_exposure": false
    },
    {
      "access_level": "Write",
      "action": "elasticloadbalancing:CreateListener",
      "condition": {
        "StringLike": {
          "aws:ResourceTag/refactor-spaces:route-id": [
            "*"
          ]
        }
      },
      "credentials_exposure": false,
      "data_access": false,
      "effective_action": "elasticloadbalancing:CreateListener",
      "privesc": false,
      "resource_exposure": false
    },
    {
      "access_level": "Write",
      "action": "elasticloadbalancing:DeleteListener",
      "condition": {
        "StringLike": {
          "aws:ResourceTag/refactor-spaces:route-id": [
            "*"
          ]
        }
      },
      "credentials_exposure": false,
      "data_access": false,
      "effective_action": "elasticloadbalancing:DeleteListener",
      "privesc": false,
      "resource_exposure": false
    },
    {
      "access_level": "Write",
      "action": "elasticloadbalancing:DeleteTargetGroup",
      "condition": {
        "StringLike": {
          "aws:ResourceTag/refactor-spaces:route-id": [
            "*"
          ]
        }
      },
      "credentials_exposure": false,
      "data_access": false,
      "effective_action": "elasticloadbalancing:DeleteTargetGroup",
      "privesc": false,
      "resource_exposure": false
    },
    {
      "access_level": "Write",
      "action": "elasticloadbalancing:DeleteLoadBalancer",
      "condition": null,
      "credentials_exposure": false,
      "data_access": false,
      "effective_action": "elasticloadbalancing:DeleteLoadBalancer",
      "privesc": false,
      "resource_exposure": false
    },
    {
      "access_level": "Tagging",
      "action": "elasticloadbalancing:AddTags",
      "condition": {
        "Null": {
          "aws:RequestTag/refactor-spaces:route-id": "false"
        }
      },
      "credentials_exposure": false,
      "data_access": false,
      "effective_action": "elasticloadbalancing:AddTags",
      "privesc": false,
      "resource_exposure": false
    },
    {
      "access_level": "Write",
      "action": "elasticloadbalancing:CreateListener",
      "condition": {
        "Null": {
          "aws:RequestTag/refactor-spaces:route-id": "false"
        }
      },
      "credentials_exposure": false,
      "data_access": false,
      "effective_action": "elasticloadbalancing:CreateListener",
      "privesc": false,
      "resource_exposure": false
    },
    {
      "access_level": "Write",
      "action": "elasticloadbalancing:DeleteListener",
      "condition": null,
      "credentials_exposure": false,
      "data_access": false,
      "effective_action": "elasticloadbalancing:DeleteListener",
      "privesc": false,
      "resource_exposure": false
    },
    {
      "access_level": "Write",
      "action": "elasticloadbalancing:DeleteTargetGroup",
      "condition": null,
      "credentials_exposure": false,
      "data_access": false,
      "effective_action": "elasticloadbalancing:DeleteTargetGroup",
      "privesc": false,
      "resource_exposure": false
    },
    {
      "access_level": "Write",
      "action": "elasticloadbalancing:RegisterTargets",
      "condition": null,
      "credentials_exposure": false,
      "data_access": false,
      "effective_action": "elasticloadbalancing:RegisterTargets",
      "privesc": false,
      "resource_exposure": false
    },
    {
      "access_level": "Tagging",
      "action": "elasticloadbalancing:AddTags",
      "condition": {
        "Null": {
          "aws:RequestTag/refactor-spaces:route-id": "false"
        }
      },
      "credentials_exposure": false,
      "data_access": false,
      "effective_action": "elasticloadbalancing:AddTags",
      "privesc": false,
      "resource_exposure": false
    },
    {
      "access_level": "Write",
      "action": "elasticloadbalancing:CreateTargetGroup",
      "condition": {
        "Null": {
          "aws:RequestTag/refactor-spaces:route-id": "false"
        }
      },
      "credentials_exposure": false,
      "data_access": false,
      "effective_action": "elasticloadbalancing:CreateTargetGroup",
      "privesc": false,
      "resource_exposure": false
    },
    {
      "access_level": "Read",
      "action": "apigateway:GET",
      "condition": {
        "Null": {
          "aws:ResourceTag/refactor-spaces:application-id": "false"
        }
      },
      "credentials_exposure": false,
      "data_access": false,
      "effective_action": "apigateway:GET",
      "privesc": false,
      "resource_exposure": false
    },
    {
      "access_level": "Write",
      "action": "apigateway:DELETE",
      "condition": {
        "Null": {
          "aws:ResourceTag/refactor-spaces:application-id": "false"
        }
      },
      "credentials_exposure": false,
      "data_access": false,
      "effective_action": "apigateway:DELETE",
      "privesc": false,
      "resource_exposure": false
    },
    {
      "access_level": "Write",
      "action": "apigateway:PATCH",
      "condition": {
        "Null": {
          "aws:ResourceTag/refactor-spaces:application-id": "false"
        }
      },
      "credentials_exposure": false,
      "data_access": false,
      "effective_action": "apigateway:PATCH",
      "privesc": false,
      "resource_exposure": false
    },
    {
      "access_level": "Write",
      "action": "apigateway:POST",
      "condition": {
        "Null": {
          "aws:ResourceTag/refactor-spaces:application-id": "false"
        }
      },
      "credentials_exposure": false,
      "data_access": false,
      "effective_action": "apigateway:POST",
      "privesc": false,
      "resource_exposure": false
    },
    {
      "access_level": "Write",
      "action": "apigateway:PUT",
      "condition": {
        "Null": {
          "aws:ResourceTag/refactor-spaces:application-id": "false"
        }
      },
      "credentials_exposure": false,
      "data_access": false,
      "effective_action": "apigateway:PUT",
      "privesc": false,
      "resource_exposure": false
    },
    {
      "access_level": "Permissions management",
      "action": "apigateway:UpdateRestApiPolicy",
      "condition": {
        "Null": {
          "aws:ResourceTag/refactor-spaces:application-id": "false"
        }
      },
      "credentials_exposure": false,
      "data_access": false,
      "effective_action": "apigateway:UpdateRestApiPolicy",
      "privesc": false,
      "resource_exposure": true
    },
    {
      "access_level": "Read",
      "action": "apigateway:GET",
      "condition": null,
      "credentials_exposure": false,
      "data_access": false,
      "effective_action": "apigateway:GET",
      "privesc": false,
      "resource_exposure": false
    },
    {
      "access_level": "Read",
      "action": "organizations:DescribeOrganization",
      "condition": null,
      "credentials_exposure": false,
      "data_access": false,
      "effective_action": "organizations:DescribeOrganization",
      "privesc": false,
      "resource_exposure": false
    },
    {
      "access_level": "Write",
      "action": "cloudformation:CreateStack",
      "condition": null,
      "credentials_exposure": false,
      "data_access": false,
      "effective_action": "cloudformation:CreateStack",
      "privesc": false,
      "resource_exposure": false
    },
    {
      "access_level": "Tagging",
      "action": "cloudformation:TagResource",
      "condition": null,
      "credentials_exposure": false,
      "data_access": false,
      "effective_action": "cloudformation:TagResource",
      "privesc": false,
      "resource_exposure": false
    },
    {
      "access_level": "Permissions management",
      "action": "iam:CreateServiceLinkedRole",
      "condition": {
        "StringEquals": {
          "iam:AWSServiceName": "refactor-spaces.amazonaws.com"
        }
      },
      "credentials_exposure": false,
      "data_access": false,
      "effective_action": "iam:CreateServiceLinkedRole",
      "privesc": true,
      "resource_exposure": true
    },
    {
      "access_level": "Permissions management",
      "action": "iam:CreateServiceLinkedRole",
      "condition": {
        "StringEquals": {
          "iam:AWSServiceName": "elasticloadbalancing.amazonaws.com"
        }
      },
      "credentials_exposure": false,
      "data_access": false,
      "effective_action": "iam:CreateServiceLinkedRole",
      "privesc": true,
      "resource_exposure": true
    }
  ],
  "grantless": false,
  "malformed": false,
  "name": "AWSMigrationHubRefactorSpaces-EnvironmentsWithoutBridgesFullAccess",
  "privesc": true,
  "resource_exposure": true,
  "undocumented_actions": false,
  "unknown_actions": [],
  "updatedate": "2024-04-11T18:16:48+00:00",
  "version": "v3"
}