{
  "access_levels": [
    "List",
    "Read",
    "Tagging",
    "Write"
  ],
  "arn": "arn:aws:iam::aws:policy/service-role/AWSMigrationHubRefactorSpaces-SSMAutomationPolicy",
  "createdate": "2023-08-10T15:08:14Z",
  "credentials_exposure": false,
  "data_access": true,
  "deprecated": false,
  "document": {
    "Statement": [
      {
        "Action": [
          "ec2:DescribeInstanceStatus",
          "ec2:DescribeInstances"
        ],
        "Effect": "Allow",
        "Resource": "*"
      },
      {
        "Action": [
          "ec2:ModifyInstanceAttribute"
        ],
        "Condition": {
          "StringEquals": {
            "aws:ResourceTag/refactor-spaces:ssm:optin": "true"
          }
        },
        "Effect": "Allow",
        "Resource": "arn:aws:ec2:*:*:instance/*"
      },
      {
        "Action": [
          "ec2:ModifyInstanceAttribute"
        ],
        "Effect": "Allow",
        "Resource": "arn:aws:ec2:*:*:security-group/*"
      },
      {
        "Action": [
          "ec2:CreateTags",
          "ec2:DeleteTags"
        ],
        "Condition": {
          "ForAllValues:StringEquals": {
            "aws:TagKeys": "refactor-spaces:ssm:environment-id"
          },
          "StringEquals": {
            "aws:ResourceTag/refactor-spaces:ssm:optin": "true"
          }
        },
        "Effect": "Allow",
        "Resource": "arn:aws:ec2:*:*:instance/*"
      },
      {
        "Action": [
          "ssm:GetParameters"
        ],
        "Effect": "Allow",
        "Resource": "arn:aws:ssm:*:*:parameter/ManagedByAWSApplicationMigrationService-*"
      }
    ],
    "Version": "2012-10-17"
  },
  "effective_actions": [
    {
      "access_level": "List",
      "action": "ec2:DescribeInstanceStatus",
      "condition": null,
      "credentials_exposure": false,
      "data_access": false,
      "effective_action": "ec2:DescribeInstanceStatus",
      "privesc": false,
      "resource_exposure": false
    },
    {
      "access_level": "List",
      "action": "ec2:DescribeInstances",
      "condition": null,
      "credentials_exposure": false,
      "data_access": false,
      "effective_action": "ec2:DescribeInstances",
      "privesc": false,
      "resource_exposure": false
    },
    {
      "access_level": "Write",
      "action": "ec2:ModifyInstanceAttribute",
      "condition": {
        "StringEquals": {
          "aws:ResourceTag/refactor-spaces:ssm:optin": "true"
        }
      },
      "credentials_exposure": false,
      "data_access": false,
      "effective_action": "ec2:ModifyInstanceAttribute",
      "privesc": false,
      "resource_exposure": false
    },
    {
      "access_level": "Write",
      "action": "ec2:ModifyInstanceAttribute",
      "condition": null,
      "credentials_exposure": false,
      "data_access": false,
      "effective_action": "ec2:ModifyInstanceAttribute",
      "privesc": false,
      "resource_exposure": false
    },
    {
      "access_level": "Tagging",
      "action": "ec2:CreateTags",
      "condition": {
        "ForAllValues:StringEquals": {
          "aws:TagKeys": "refactor-spaces:ssm:environment-id"
        },
        "StringEquals": {
          "aws:ResourceTag/refactor-spaces:ssm:optin": "true"
        }
      },
      "credentials_exposure": false,
      "data_access": false,
      "effective_action": "ec2:CreateTags",
      "privesc": false,
      "resource_exposure": false
    },
    {
      "access_level": "Tagging",
      "action": "ec2:DeleteTags",
      "condition": {
        "ForAllValues:StringEquals": {
          "aws:TagKeys": "refactor-spaces:ssm:environment-id"
        },
        "StringEquals": {
          "aws:ResourceTag/refactor-spaces:ssm:optin": "true"
        }
      },
      "credentials_exposure": false,
      "data_access": false,
      "effective_action": "ec2:DeleteTags",
      "privesc": false,
      "resource_exposure": false
    },
    {
      "access_level": "Read",
      "action": "ssm:GetParameters",
      "condition": null,
      "credentials_exposure": false,
      "data_access": true,
      "effective_action": "ssm:GetParameters",
      "privesc": false,
      "resource_exposure": false
    }
  ],
  "grantless": false,
  "malformed": false,
  "name": "AWSMigrationHubRefactorSpaces-SSMAutomationPolicy",
  "privesc": false,
  "resource_exposure": false,
  "undocumented_actions": false,
  "unknown_actions": [],
  "updatedate": "2023-08-10T15:08:14+00:00",
  "version": "v1"
}