{
  "access_levels": [
    "List",
    "Read"
  ],
  "arn": "arn:aws:iam::aws:policy/AWSMarketplaceSellerProductsReadOnly",
  "createdate": "2024-12-10T18:51:14Z",
  "credentials_exposure": false,
  "data_access": false,
  "deprecated": false,
  "document": {
    "Statement": [
      {
        "Action": [
          "aws-marketplace:ListChangeSets",
          "aws-marketplace:DescribeChangeSet",
          "aws-marketplace:ListEntities",
          "aws-marketplace:DescribeEntity",
          "aws-marketplace:ListAssessments",
          "aws-marketplace:DescribeAssessment",
          "ec2:DescribeImages",
          "ec2:DescribeSnapshots"
        ],
        "Effect": "Allow",
        "Resource": "*"
      },
      {
        "Action": [
          "aws-marketplace:ListTagsForResource"
        ],
        "Effect": "Allow",
        "Resource": "arn:aws:aws-marketplace:*:*:AWSMarketplace/*"
      },
      {
        "Action": [
          "aws-marketplace:GetResourcePolicy"
        ],
        "Effect": "Allow",
        "Resource": "arn:aws:aws-marketplace:*:*:AWSMarketplace/*"
      }
    ],
    "Version": "2012-10-17"
  },
  "effective_actions": [
    {
      "access_level": "List",
      "action": "aws-marketplace:ListChangeSets",
      "condition": null,
      "credentials_exposure": false,
      "data_access": false,
      "effective_action": "aws-marketplace:ListChangeSets",
      "privesc": false,
      "resource_exposure": false
    },
    {
      "access_level": "Read",
      "action": "aws-marketplace:DescribeChangeSet",
      "condition": null,
      "credentials_exposure": false,
      "data_access": false,
      "effective_action": "aws-marketplace:DescribeChangeSet",
      "privesc": false,
      "resource_exposure": false
    },
    {
      "access_level": "List",
      "action": "aws-marketplace:ListEntities",
      "condition": null,
      "credentials_exposure": false,
      "data_access": false,
      "effective_action": "aws-marketplace:ListEntities",
      "privesc": false,
      "resource_exposure": false
    },
    {
      "access_level": "Read",
      "action": "aws-marketplace:DescribeEntity",
      "condition": null,
      "credentials_exposure": false,
      "data_access": false,
      "effective_action": "aws-marketplace:DescribeEntity",
      "privesc": false,
      "resource_exposure": false
    },
    {
      "access_level": "List",
      "action": "aws-marketplace:ListAssessments",
      "condition": null,
      "credentials_exposure": false,
      "data_access": false,
      "effective_action": "aws-marketplace:ListAssessments",
      "privesc": false,
      "resource_exposure": false
    },
    {
      "access_level": "Read",
      "action": "aws-marketplace:DescribeAssessment",
      "condition": null,
      "credentials_exposure": false,
      "data_access": false,
      "effective_action": "aws-marketplace:DescribeAssessment",
      "privesc": false,
      "resource_exposure": false
    },
    {
      "access_level": "List",
      "action": "ec2:DescribeImages",
      "condition": null,
      "credentials_exposure": false,
      "data_access": false,
      "effective_action": "ec2:DescribeImages",
      "privesc": false,
      "resource_exposure": false
    },
    {
      "access_level": "List",
      "action": "ec2:DescribeSnapshots",
      "condition": null,
      "credentials_exposure": false,
      "data_access": false,
      "effective_action": "ec2:DescribeSnapshots",
      "privesc": false,
      "resource_exposure": false
    },
    {
      "access_level": "Read",
      "action": "aws-marketplace:ListTagsForResource",
      "condition": null,
      "credentials_exposure": false,
      "data_access": false,
      "effective_action": "aws-marketplace:ListTagsForResource",
      "privesc": false,
      "resource_exposure": false
    },
    {
      "access_level": "Read",
      "action": "aws-marketplace:GetResourcePolicy",
      "condition": null,
      "credentials_exposure": false,
      "data_access": false,
      "effective_action": "aws-marketplace:GetResourcePolicy",
      "privesc": false,
      "resource_exposure": false
    }
  ],
  "grantless": false,
  "malformed": false,
  "name": "AWSMarketplaceSellerProductsReadOnly",
  "privesc": false,
  "resource_exposure": false,
  "undocumented_actions": false,
  "unknown_actions": [],
  "updatedate": "2024-12-10T18:51:14+00:00",
  "version": "v5"
}