{
  "access_levels": [
    "Read"
  ],
  "arn": "arn:aws:iam::aws:policy/AWSMigrationHubOrchestratorInstanceRolePolicy",
  "createdate": "2022-04-20T02:43:50Z",
  "credentials_exposure": false,
  "data_access": true,
  "deprecated": false,
  "document": {
    "Statement": [
      {
        "Action": [
          "secretsmanager:GetSecretValue"
        ],
        "Effect": "Allow",
        "Resource": "arn:aws:secretsmanager:*:*:secret:migrationhub-orchestrator-*"
      },
      {
        "Action": [
          "s3:GetObject"
        ],
        "Effect": "Allow",
        "Resource": [
          "arn:aws:s3:::migrationhub-orchestrator-*",
          "arn:aws:s3:::aws-migrationhub-orchestrator-*/*"
        ]
      }
    ],
    "Version": "2012-10-17"
  },
  "effective_actions": [
    {
      "access_level": "Read",
      "action": "secretsmanager:GetSecretValue",
      "condition": null,
      "credentials_exposure": false,
      "data_access": false,
      "effective_action": "secretsmanager:GetSecretValue",
      "privesc": false,
      "resource_exposure": false
    },
    {
      "access_level": "Read",
      "action": "s3:GetObject",
      "condition": null,
      "credentials_exposure": false,
      "data_access": true,
      "effective_action": "s3:GetObject",
      "privesc": false,
      "resource_exposure": false
    }
  ],
  "grantless": false,
  "malformed": false,
  "name": "AWSMigrationHubOrchestratorInstanceRolePolicy",
  "privesc": false,
  "resource_exposure": false,
  "undocumented_actions": false,
  "unknown_actions": [],
  "updatedate": "2022-04-20T02:43:50+00:00",
  "version": "v1"
}