{
  "access_levels": [
    "List",
    "Read",
    "Write",
    "Permissions management"
  ],
  "arn": "arn:aws:iam::aws:policy/aws-service-role/AWSMediaConnectServicePolicy",
  "createdate": "2025-10-29T21:34:07Z",
  "credentials_exposure": false,
  "data_access": false,
  "deprecated": false,
  "document": {
    "Statement": [
      {
        "Action": [
          "ecs:UpdateService",
          "ecs:DeleteService",
          "ecs:CreateService",
          "ecs:DescribeServices",
          "ecs:PutAttributes",
          "ecs:DeleteAttributes",
          "ecs:RunTask",
          "ecs:ListTasks",
          "ecs:StartTask",
          "ecs:StopTask",
          "ecs:DescribeTasks",
          "ecs:DescribeContainerInstances",
          "ecs:UpdateContainerInstancesState"
        ],
        "Condition": {
          "ArnLike": {
            "ecs:cluster": "arn:aws:ecs:*:*:cluster/MediaConnectGateway"
          }
        },
        "Effect": "Allow",
        "Resource": "*"
      },
      {
        "Action": [
          "ecs:CreateCluster",
          "ecs:RegisterTaskDefinition"
        ],
        "Effect": "Allow",
        "Resource": "*"
      },
      {
        "Action": [
          "ecs:UpdateCluster",
          "ecs:UpdateClusterSettings",
          "ecs:ListAttributes",
          "ecs:DescribeClusters",
          "ecs:DeregisterContainerInstance",
          "ecs:ListContainerInstances"
        ],
        "Effect": "Allow",
        "Resource": "arn:aws:ecs:*:*:cluster/MediaConnectGateway"
      },
      {
        "Action": [
          "ec2:DeleteNetworkInterface",
          "ec2:DeleteNetworkInterfacePermission",
          "ec2:CreateNetworkInterfacePermission"
        ],
        "Condition": {
          "StringEquals": {
            "aws:ResourceTag/created-for-service": "MediaConnect"
          }
        },
        "Effect": "Allow",
        "Resource": [
          "arn:aws:ec2:*:*:network-interface/*"
        ]
      },
      {
        "Action": [
          "ec2:DescribeNetworkInterfaces",
          "ec2:DescribeSecurityGroups",
          "ec2:DescribeSubnets"
        ],
        "Effect": "Allow",
        "Resource": "*"
      }
    ],
    "Version": "2012-10-17"
  },
  "effective_actions": [
    {
      "access_level": "Write",
      "action": "ecs:UpdateService",
      "condition": {
        "ArnLike": {
          "ecs:cluster": "arn:aws:ecs:*:*:cluster/MediaConnectGateway"
        }
      },
      "credentials_exposure": false,
      "data_access": false,
      "effective_action": "ecs:UpdateService",
      "privesc": false,
      "resource_exposure": false
    },
    {
      "access_level": "Write",
      "action": "ecs:DeleteService",
      "condition": {
        "ArnLike": {
          "ecs:cluster": "arn:aws:ecs:*:*:cluster/MediaConnectGateway"
        }
      },
      "credentials_exposure": false,
      "data_access": false,
      "effective_action": "ecs:DeleteService",
      "privesc": false,
      "resource_exposure": false
    },
    {
      "access_level": "Write",
      "action": "ecs:CreateService",
      "condition": {
        "ArnLike": {
          "ecs:cluster": "arn:aws:ecs:*:*:cluster/MediaConnectGateway"
        }
      },
      "credentials_exposure": false,
      "data_access": false,
      "effective_action": "ecs:CreateService",
      "privesc": false,
      "resource_exposure": false
    },
    {
      "access_level": "Read",
      "action": "ecs:DescribeServices",
      "condition": {
        "ArnLike": {
          "ecs:cluster": "arn:aws:ecs:*:*:cluster/MediaConnectGateway"
        }
      },
      "credentials_exposure": false,
      "data_access": false,
      "effective_action": "ecs:DescribeServices",
      "privesc": false,
      "resource_exposure": false
    },
    {
      "access_level": "Write",
      "action": "ecs:PutAttributes",
      "condition": {
        "ArnLike": {
          "ecs:cluster": "arn:aws:ecs:*:*:cluster/MediaConnectGateway"
        }
      },
      "credentials_exposure": false,
      "data_access": false,
      "effective_action": "ecs:PutAttributes",
      "privesc": false,
      "resource_exposure": false
    },
    {
      "access_level": "Write",
      "action": "ecs:DeleteAttributes",
      "condition": {
        "ArnLike": {
          "ecs:cluster": "arn:aws:ecs:*:*:cluster/MediaConnectGateway"
        }
      },
      "credentials_exposure": false,
      "data_access": false,
      "effective_action": "ecs:DeleteAttributes",
      "privesc": false,
      "resource_exposure": false
    },
    {
      "access_level": "Write",
      "action": "ecs:RunTask",
      "condition": {
        "ArnLike": {
          "ecs:cluster": "arn:aws:ecs:*:*:cluster/MediaConnectGateway"
        }
      },
      "credentials_exposure": false,
      "data_access": false,
      "effective_action": "ecs:RunTask",
      "privesc": false,
      "resource_exposure": false
    },
    {
      "access_level": "List",
      "action": "ecs:ListTasks",
      "condition": {
        "ArnLike": {
          "ecs:cluster": "arn:aws:ecs:*:*:cluster/MediaConnectGateway"
        }
      },
      "credentials_exposure": false,
      "data_access": false,
      "effective_action": "ecs:ListTasks",
      "privesc": false,
      "resource_exposure": false
    },
    {
      "access_level": "Write",
      "action": "ecs:StartTask",
      "condition": {
        "ArnLike": {
          "ecs:cluster": "arn:aws:ecs:*:*:cluster/MediaConnectGateway"
        }
      },
      "credentials_exposure": false,
      "data_access": false,
      "effective_action": "ecs:StartTask",
      "privesc": false,
      "resource_exposure": false
    },
    {
      "access_level": "Write",
      "action": "ecs:StopTask",
      "condition": {
        "ArnLike": {
          "ecs:cluster": "arn:aws:ecs:*:*:cluster/MediaConnectGateway"
        }
      },
      "credentials_exposure": false,
      "data_access": false,
      "effective_action": "ecs:StopTask",
      "privesc": false,
      "resource_exposure": false
    },
    {
      "access_level": "Read",
      "action": "ecs:DescribeTasks",
      "condition": {
        "ArnLike": {
          "ecs:cluster": "arn:aws:ecs:*:*:cluster/MediaConnectGateway"
        }
      },
      "credentials_exposure": false,
      "data_access": false,
      "effective_action": "ecs:DescribeTasks",
      "privesc": false,
      "resource_exposure": false
    },
    {
      "access_level": "Read",
      "action": "ecs:DescribeContainerInstances",
      "condition": {
        "ArnLike": {
          "ecs:cluster": "arn:aws:ecs:*:*:cluster/MediaConnectGateway"
        }
      },
      "credentials_exposure": false,
      "data_access": false,
      "effective_action": "ecs:DescribeContainerInstances",
      "privesc": false,
      "resource_exposure": false
    },
    {
      "access_level": "Write",
      "action": "ecs:UpdateContainerInstancesState",
      "condition": {
        "ArnLike": {
          "ecs:cluster": "arn:aws:ecs:*:*:cluster/MediaConnectGateway"
        }
      },
      "credentials_exposure": false,
      "data_access": false,
      "effective_action": "ecs:UpdateContainerInstancesState",
      "privesc": false,
      "resource_exposure": false
    },
    {
      "access_level": "Write",
      "action": "ecs:CreateCluster",
      "condition": null,
      "credentials_exposure": false,
      "data_access": false,
      "effective_action": "ecs:CreateCluster",
      "privesc": false,
      "resource_exposure": false
    },
    {
      "access_level": "Write",
      "action": "ecs:RegisterTaskDefinition",
      "condition": null,
      "credentials_exposure": false,
      "data_access": false,
      "effective_action": "ecs:RegisterTaskDefinition",
      "privesc": false,
      "resource_exposure": false
    },
    {
      "access_level": "Write",
      "action": "ecs:UpdateCluster",
      "condition": null,
      "credentials_exposure": false,
      "data_access": false,
      "effective_action": "ecs:UpdateCluster",
      "privesc": false,
      "resource_exposure": false
    },
    {
      "access_level": "Write",
      "action": "ecs:UpdateClusterSettings",
      "condition": null,
      "credentials_exposure": false,
      "data_access": false,
      "effective_action": "ecs:UpdateClusterSettings",
      "privesc": false,
      "resource_exposure": false
    },
    {
      "access_level": "List",
      "action": "ecs:ListAttributes",
      "condition": null,
      "credentials_exposure": false,
      "data_access": false,
      "effective_action": "ecs:ListAttributes",
      "privesc": false,
      "resource_exposure": false
    },
    {
      "access_level": "Read",
      "action": "ecs:DescribeClusters",
      "condition": null,
      "credentials_exposure": false,
      "data_access": false,
      "effective_action": "ecs:DescribeClusters",
      "privesc": false,
      "resource_exposure": false
    },
    {
      "access_level": "Write",
      "action": "ecs:DeregisterContainerInstance",
      "condition": null,
      "credentials_exposure": false,
      "data_access": false,
      "effective_action": "ecs:DeregisterContainerInstance",
      "privesc": false,
      "resource_exposure": false
    },
    {
      "access_level": "List",
      "action": "ecs:ListContainerInstances",
      "condition": null,
      "credentials_exposure": false,
      "data_access": false,
      "effective_action": "ecs:ListContainerInstances",
      "privesc": false,
      "resource_exposure": false
    },
    {
      "access_level": "Write",
      "action": "ec2:DeleteNetworkInterface",
      "condition": {
        "StringEquals": {
          "aws:ResourceTag/created-for-service": "MediaConnect"
        }
      },
      "credentials_exposure": false,
      "data_access": false,
      "effective_action": "ec2:DeleteNetworkInterface",
      "privesc": false,
      "resource_exposure": false
    },
    {
      "access_level": "Permissions management",
      "action": "ec2:DeleteNetworkInterfacePermission",
      "condition": {
        "StringEquals": {
          "aws:ResourceTag/created-for-service": "MediaConnect"
        }
      },
      "credentials_exposure": false,
      "data_access": false,
      "effective_action": "ec2:DeleteNetworkInterfacePermission",
      "privesc": false,
      "resource_exposure": true
    },
    {
      "access_level": "Permissions management",
      "action": "ec2:CreateNetworkInterfacePermission",
      "condition": {
        "StringEquals": {
          "aws:ResourceTag/created-for-service": "MediaConnect"
        }
      },
      "credentials_exposure": false,
      "data_access": false,
      "effective_action": "ec2:CreateNetworkInterfacePermission",
      "privesc": false,
      "resource_exposure": true
    },
    {
      "access_level": "List",
      "action": "ec2:DescribeNetworkInterfaces",
      "condition": null,
      "credentials_exposure": false,
      "data_access": false,
      "effective_action": "ec2:DescribeNetworkInterfaces",
      "privesc": false,
      "resource_exposure": false
    },
    {
      "access_level": "List",
      "action": "ec2:DescribeSecurityGroups",
      "condition": null,
      "credentials_exposure": false,
      "data_access": false,
      "effective_action": "ec2:DescribeSecurityGroups",
      "privesc": false,
      "resource_exposure": false
    },
    {
      "access_level": "List",
      "action": "ec2:DescribeSubnets",
      "condition": null,
      "credentials_exposure": false,
      "data_access": false,
      "effective_action": "ec2:DescribeSubnets",
      "privesc": false,
      "resource_exposure": false
    }
  ],
  "grantless": false,
  "malformed": false,
  "name": "AWSMediaConnectServicePolicy",
  "privesc": false,
  "resource_exposure": true,
  "undocumented_actions": false,
  "unknown_actions": [],
  "updatedate": "2025-10-29T21:34:07+00:00",
  "version": "v2"
}