{
  "access_levels": [
    "List",
    "Read",
    "Write",
    "Permissions management"
  ],
  "arn": "arn:aws:iam::aws:policy/AWSMigrationHubStrategyConsoleFullAccess",
  "createdate": "2022-11-09T00:00:06Z",
  "credentials_exposure": false,
  "data_access": true,
  "deprecated": false,
  "document": {
    "Statement": [
      {
        "Action": [
          "migrationhub-strategy:*"
        ],
        "Effect": "Allow",
        "Resource": "*"
      },
      {
        "Action": [
          "s3:ListAllMyBuckets"
        ],
        "Effect": "Allow",
        "Resource": "arn:aws:s3:::*"
      },
      {
        "Action": [
          "s3:GetObject",
          "s3:CreateBucket",
          "s3:PutEncryptionConfiguration",
          "s3:PutBucketPublicAccessBlock",
          "s3:PutBucketPolicy",
          "s3:PutBucketVersioning",
          "s3:PutLifecycleConfiguration"
        ],
        "Effect": "Allow",
        "Resource": "arn:aws:s3:::migrationhub-strategy-*"
      },
      {
        "Action": [
          "secretsmanager:ListSecrets"
        ],
        "Effect": "Allow",
        "Resource": "*"
      },
      {
        "Action": [
          "discovery:GetDiscoverySummary",
          "discovery:DescribeTags",
          "discovery:DescribeConfigurations",
          "discovery:ListConfigurations"
        ],
        "Effect": "Allow",
        "Resource": "*"
      },
      {
        "Action": [
          "iam:CreateServiceLinkedRole"
        ],
        "Condition": {
          "StringEquals": {
            "iam:AWSServiceName": "migrationhub-strategy.amazonaws.com"
          }
        },
        "Effect": "Allow",
        "Resource": "*"
      },
      {
        "Action": [
          "iam:GetRole"
        ],
        "Effect": "Allow",
        "Resource": "arn:aws:iam::*:role/aws-service-role/migrationhub-strategy.amazonaws.com/AWSMigrationHubStrategyServiceRolePolicy*"
      }
    ],
    "Version": "2012-10-17"
  },
  "effective_actions": [
    {
      "access_level": "Read",
      "action": "migrationhub-strategy:*",
      "condition": null,
      "credentials_exposure": false,
      "data_access": false,
      "effective_action": "migrationhub-strategy:GetAntiPattern",
      "privesc": false,
      "resource_exposure": false
    },
    {
      "access_level": "Read",
      "action": "migrationhub-strategy:*",
      "condition": null,
      "credentials_exposure": false,
      "data_access": false,
      "effective_action": "migrationhub-strategy:GetApplicationComponentDetails",
      "privesc": false,
      "resource_exposure": false
    },
    {
      "access_level": "Read",
      "action": "migrationhub-strategy:*",
      "condition": null,
      "credentials_exposure": false,
      "data_access": false,
      "effective_action": "migrationhub-strategy:GetApplicationComponentStrategies",
      "privesc": false,
      "resource_exposure": false
    },
    {
      "access_level": "Read",
      "action": "migrationhub-strategy:*",
      "condition": null,
      "credentials_exposure": false,
      "data_access": false,
      "effective_action": "migrationhub-strategy:GetAssessment",
      "privesc": false,
      "resource_exposure": false
    },
    {
      "access_level": "Read",
      "action": "migrationhub-strategy:*",
      "condition": null,
      "credentials_exposure": false,
      "data_access": false,
      "effective_action": "migrationhub-strategy:GetImportFileTask",
      "privesc": false,
      "resource_exposure": false
    },
    {
      "access_level": "Read",
      "action": "migrationhub-strategy:*",
      "condition": null,
      "credentials_exposure": false,
      "data_access": false,
      "effective_action": "migrationhub-strategy:GetLatestAssessmentId",
      "privesc": false,
      "resource_exposure": false
    },
    {
      "access_level": "Read",
      "action": "migrationhub-strategy:*",
      "condition": null,
      "credentials_exposure": false,
      "data_access": false,
      "effective_action": "migrationhub-strategy:GetMessage",
      "privesc": false,
      "resource_exposure": false
    },
    {
      "access_level": "Read",
      "action": "migrationhub-strategy:*",
      "condition": null,
      "credentials_exposure": false,
      "data_access": false,
      "effective_action": "migrationhub-strategy:GetPortfolioPreferences",
      "privesc": false,
      "resource_exposure": false
    },
    {
      "access_level": "Read",
      "action": "migrationhub-strategy:*",
      "condition": null,
      "credentials_exposure": false,
      "data_access": false,
      "effective_action": "migrationhub-strategy:GetPortfolioSummary",
      "privesc": false,
      "resource_exposure": false
    },
    {
      "access_level": "Read",
      "action": "migrationhub-strategy:*",
      "condition": null,
      "credentials_exposure": false,
      "data_access": false,
      "effective_action": "migrationhub-strategy:GetRecommendationReportDetails",
      "privesc": false,
      "resource_exposure": false
    },
    {
      "access_level": "Read",
      "action": "migrationhub-strategy:*",
      "condition": null,
      "credentials_exposure": false,
      "data_access": false,
      "effective_action": "migrationhub-strategy:GetServerDetails",
      "privesc": false,
      "resource_exposure": false
    },
    {
      "access_level": "Read",
      "action": "migrationhub-strategy:*",
      "condition": null,
      "credentials_exposure": false,
      "data_access": false,
      "effective_action": "migrationhub-strategy:GetServerStrategies",
      "privesc": false,
      "resource_exposure": false
    },
    {
      "access_level": "List",
      "action": "migrationhub-strategy:*",
      "condition": null,
      "credentials_exposure": false,
      "data_access": false,
      "effective_action": "migrationhub-strategy:ListAnalyzableServers",
      "privesc": false,
      "resource_exposure": false
    },
    {
      "access_level": "List",
      "action": "migrationhub-strategy:*",
      "condition": null,
      "credentials_exposure": false,
      "data_access": false,
      "effective_action": "migrationhub-strategy:ListAntiPatterns",
      "privesc": false,
      "resource_exposure": false
    },
    {
      "access_level": "List",
      "action": "migrationhub-strategy:*",
      "condition": null,
      "credentials_exposure": false,
      "data_access": false,
      "effective_action": "migrationhub-strategy:ListApplicationComponents",
      "privesc": false,
      "resource_exposure": false
    },
    {
      "access_level": "List",
      "action": "migrationhub-strategy:*",
      "condition": null,
      "credentials_exposure": false,
      "data_access": false,
      "effective_action": "migrationhub-strategy:ListCollectors",
      "privesc": false,
      "resource_exposure": false
    },
    {
      "access_level": "List",
      "action": "migrationhub-strategy:*",
      "condition": null,
      "credentials_exposure": false,
      "data_access": false,
      "effective_action": "migrationhub-strategy:ListImportFileTask",
      "privesc": false,
      "resource_exposure": false
    },
    {
      "access_level": "List",
      "action": "migrationhub-strategy:*",
      "condition": null,
      "credentials_exposure": false,
      "data_access": false,
      "effective_action": "migrationhub-strategy:ListJarArtifacts",
      "privesc": false,
      "resource_exposure": false
    },
    {
      "access_level": "List",
      "action": "migrationhub-strategy:*",
      "condition": null,
      "credentials_exposure": false,
      "data_access": false,
      "effective_action": "migrationhub-strategy:ListServers",
      "privesc": false,
      "resource_exposure": false
    },
    {
      "access_level": "Write",
      "action": "migrationhub-strategy:*",
      "condition": null,
      "credentials_exposure": false,
      "data_access": false,
      "effective_action": "migrationhub-strategy:PutLogData",
      "privesc": false,
      "resource_exposure": false
    },
    {
      "access_level": "Write",
      "action": "migrationhub-strategy:*",
      "condition": null,
      "credentials_exposure": false,
      "data_access": false,
      "effective_action": "migrationhub-strategy:PutMetricData",
      "privesc": false,
      "resource_exposure": false
    },
    {
      "access_level": "Write",
      "action": "migrationhub-strategy:*",
      "condition": null,
      "credentials_exposure": false,
      "data_access": false,
      "effective_action": "migrationhub-strategy:PutPortfolioPreferences",
      "privesc": false,
      "resource_exposure": false
    },
    {
      "access_level": "Write",
      "action": "migrationhub-strategy:*",
      "condition": null,
      "credentials_exposure": false,
      "data_access": false,
      "effective_action": "migrationhub-strategy:RegisterCollector",
      "privesc": false,
      "resource_exposure": false
    },
    {
      "access_level": "Write",
      "action": "migrationhub-strategy:*",
      "condition": null,
      "credentials_exposure": false,
      "data_access": false,
      "effective_action": "migrationhub-strategy:SendMessage",
      "privesc": false,
      "resource_exposure": false
    },
    {
      "access_level": "Write",
      "action": "migrationhub-strategy:*",
      "condition": null,
      "credentials_exposure": false,
      "data_access": false,
      "effective_action": "migrationhub-strategy:StartAssessment",
      "privesc": false,
      "resource_exposure": false
    },
    {
      "access_level": "Write",
      "action": "migrationhub-strategy:*",
      "condition": null,
      "credentials_exposure": false,
      "data_access": false,
      "effective_action": "migrationhub-strategy:StartImportFileTask",
      "privesc": false,
      "resource_exposure": false
    },
    {
      "access_level": "Write",
      "action": "migrationhub-strategy:*",
      "condition": null,
      "credentials_exposure": false,
      "data_access": false,
      "effective_action": "migrationhub-strategy:StartRecommendationReportGeneration",
      "privesc": false,
      "resource_exposure": false
    },
    {
      "access_level": "Write",
      "action": "migrationhub-strategy:*",
      "condition": null,
      "credentials_exposure": false,
      "data_access": false,
      "effective_action": "migrationhub-strategy:StopAssessment",
      "privesc": false,
      "resource_exposure": false
    },
    {
      "access_level": "Write",
      "action": "migrationhub-strategy:*",
      "condition": null,
      "credentials_exposure": false,
      "data_access": false,
      "effective_action": "migrationhub-strategy:UpdateApplicationComponentConfig",
      "privesc": false,
      "resource_exposure": false
    },
    {
      "access_level": "Write",
      "action": "migrationhub-strategy:*",
      "condition": null,
      "credentials_exposure": false,
      "data_access": false,
      "effective_action": "migrationhub-strategy:UpdateCollectorConfiguration",
      "privesc": false,
      "resource_exposure": false
    },
    {
      "access_level": "Write",
      "action": "migrationhub-strategy:*",
      "condition": null,
      "credentials_exposure": false,
      "data_access": false,
      "effective_action": "migrationhub-strategy:UpdateServerConfig",
      "privesc": false,
      "resource_exposure": false
    },
    {
      "access_level": "List",
      "action": "s3:ListAllMyBuckets",
      "condition": null,
      "credentials_exposure": false,
      "data_access": false,
      "effective_action": "s3:ListAllMyBuckets",
      "privesc": false,
      "resource_exposure": false
    },
    {
      "access_level": "Read",
      "action": "s3:GetObject",
      "condition": null,
      "credentials_exposure": false,
      "data_access": true,
      "effective_action": "s3:GetObject",
      "privesc": false,
      "resource_exposure": false
    },
    {
      "access_level": "Write",
      "action": "s3:CreateBucket",
      "condition": null,
      "credentials_exposure": false,
      "data_access": false,
      "effective_action": "s3:CreateBucket",
      "privesc": false,
      "resource_exposure": false
    },
    {
      "access_level": "Write",
      "action": "s3:PutEncryptionConfiguration",
      "condition": null,
      "credentials_exposure": false,
      "data_access": false,
      "effective_action": "s3:PutEncryptionConfiguration",
      "privesc": false,
      "resource_exposure": false
    },
    {
      "access_level": "Permissions management",
      "action": "s3:PutBucketPublicAccessBlock",
      "condition": null,
      "credentials_exposure": false,
      "data_access": false,
      "effective_action": "s3:PutBucketPublicAccessBlock",
      "privesc": false,
      "resource_exposure": true
    },
    {
      "access_level": "Permissions management",
      "action": "s3:PutBucketPolicy",
      "condition": null,
      "credentials_exposure": false,
      "data_access": false,
      "effective_action": "s3:PutBucketPolicy",
      "privesc": false,
      "resource_exposure": true
    },
    {
      "access_level": "Write",
      "action": "s3:PutBucketVersioning",
      "condition": null,
      "credentials_exposure": false,
      "data_access": false,
      "effective_action": "s3:PutBucketVersioning",
      "privesc": false,
      "resource_exposure": false
    },
    {
      "access_level": "Write",
      "action": "s3:PutLifecycleConfiguration",
      "condition": null,
      "credentials_exposure": false,
      "data_access": false,
      "effective_action": "s3:PutLifecycleConfiguration",
      "privesc": false,
      "resource_exposure": false
    },
    {
      "access_level": "List",
      "action": "secretsmanager:ListSecrets",
      "condition": null,
      "credentials_exposure": false,
      "data_access": false,
      "effective_action": "secretsmanager:ListSecrets",
      "privesc": false,
      "resource_exposure": false
    },
    {
      "access_level": "Read",
      "action": "discovery:GetDiscoverySummary",
      "condition": null,
      "credentials_exposure": false,
      "data_access": false,
      "effective_action": "discovery:GetDiscoverySummary",
      "privesc": false,
      "resource_exposure": false
    },
    {
      "access_level": "Read",
      "action": "discovery:DescribeTags",
      "condition": null,
      "credentials_exposure": false,
      "data_access": false,
      "effective_action": "discovery:DescribeTags",
      "privesc": false,
      "resource_exposure": false
    },
    {
      "access_level": "Read",
      "action": "discovery:DescribeConfigurations",
      "condition": null,
      "credentials_exposure": false,
      "data_access": false,
      "effective_action": "discovery:DescribeConfigurations",
      "privesc": false,
      "resource_exposure": false
    },
    {
      "access_level": "List",
      "action": "discovery:ListConfigurations",
      "condition": null,
      "credentials_exposure": false,
      "data_access": false,
      "effective_action": "discovery:ListConfigurations",
      "privesc": false,
      "resource_exposure": false
    },
    {
      "access_level": "Permissions management",
      "action": "iam:CreateServiceLinkedRole",
      "condition": {
        "StringEquals": {
          "iam:AWSServiceName": "migrationhub-strategy.amazonaws.com"
        }
      },
      "credentials_exposure": false,
      "data_access": false,
      "effective_action": "iam:CreateServiceLinkedRole",
      "privesc": true,
      "resource_exposure": true
    },
    {
      "access_level": "Read",
      "action": "iam:GetRole",
      "condition": null,
      "credentials_exposure": false,
      "data_access": false,
      "effective_action": "iam:GetRole",
      "privesc": false,
      "resource_exposure": false
    }
  ],
  "grantless": false,
  "malformed": false,
  "name": "AWSMigrationHubStrategyConsoleFullAccess",
  "privesc": true,
  "resource_exposure": true,
  "undocumented_actions": false,
  "unknown_actions": [],
  "updatedate": "2022-11-09T00:00:06+00:00",
  "version": "v2"
}