{
  "access_levels": [
    "List",
    "Read",
    "Write"
  ],
  "arn": "arn:aws:iam::aws:policy/AWSMarketplaceProcurementSystemAdminFullAccess",
  "createdate": "2019-06-25T13:07:47Z",
  "credentials_exposure": false,
  "data_access": false,
  "deprecated": false,
  "document": {
    "Statement": [
      {
        "Action": [
          "aws-marketplace:PutProcurementSystemConfiguration",
          "aws-marketplace:DescribeProcurementSystemConfiguration",
          "organizations:Describe*",
          "organizations:List*"
        ],
        "Effect": "Allow",
        "Resource": [
          "*"
        ]
      }
    ],
    "Version": "2012-10-17"
  },
  "effective_actions": [
    {
      "access_level": "Write",
      "action": "aws-marketplace:PutProcurementSystemConfiguration",
      "condition": null,
      "credentials_exposure": false,
      "data_access": false,
      "effective_action": "aws-marketplace:PutProcurementSystemConfiguration",
      "privesc": false,
      "resource_exposure": false
    },
    {
      "access_level": "Read",
      "action": "aws-marketplace:DescribeProcurementSystemConfiguration",
      "condition": null,
      "credentials_exposure": false,
      "data_access": false,
      "effective_action": "aws-marketplace:DescribeProcurementSystemConfiguration",
      "privesc": false,
      "resource_exposure": false
    },
    {
      "access_level": "Read",
      "action": "organizations:Describe*",
      "condition": null,
      "credentials_exposure": false,
      "data_access": false,
      "effective_action": "organizations:DescribeAccount",
      "privesc": false,
      "resource_exposure": false
    },
    {
      "access_level": "Read",
      "action": "organizations:Describe*",
      "condition": null,
      "credentials_exposure": false,
      "data_access": false,
      "effective_action": "organizations:DescribeCreateAccountStatus",
      "privesc": false,
      "resource_exposure": false
    },
    {
      "access_level": "Read",
      "action": "organizations:Describe*",
      "condition": null,
      "credentials_exposure": false,
      "data_access": false,
      "effective_action": "organizations:DescribeEffectivePolicy",
      "privesc": false,
      "resource_exposure": false
    },
    {
      "access_level": "Read",
      "action": "organizations:Describe*",
      "condition": null,
      "credentials_exposure": false,
      "data_access": false,
      "effective_action": "organizations:DescribeHandshake",
      "privesc": false,
      "resource_exposure": false
    },
    {
      "access_level": "Read",
      "action": "organizations:Describe*",
      "condition": null,
      "credentials_exposure": false,
      "data_access": false,
      "effective_action": "organizations:DescribeOrganization",
      "privesc": false,
      "resource_exposure": false
    },
    {
      "access_level": "Read",
      "action": "organizations:Describe*",
      "condition": null,
      "credentials_exposure": false,
      "data_access": false,
      "effective_action": "organizations:DescribeOrganizationalUnit",
      "privesc": false,
      "resource_exposure": false
    },
    {
      "access_level": "Read",
      "action": "organizations:Describe*",
      "condition": null,
      "credentials_exposure": false,
      "data_access": false,
      "effective_action": "organizations:DescribePolicy",
      "privesc": false,
      "resource_exposure": false
    },
    {
      "access_level": "Read",
      "action": "organizations:Describe*",
      "condition": null,
      "credentials_exposure": false,
      "data_access": false,
      "effective_action": "organizations:DescribeResourcePolicy",
      "privesc": false,
      "resource_exposure": false
    },
    {
      "access_level": "List",
      "action": "organizations:List*",
      "condition": null,
      "credentials_exposure": false,
      "data_access": false,
      "effective_action": "organizations:ListAWSServiceAccessForOrganization",
      "privesc": false,
      "resource_exposure": false
    },
    {
      "access_level": "List",
      "action": "organizations:List*",
      "condition": null,
      "credentials_exposure": false,
      "data_access": false,
      "effective_action": "organizations:ListAccounts",
      "privesc": false,
      "resource_exposure": false
    },
    {
      "access_level": "List",
      "action": "organizations:List*",
      "condition": null,
      "credentials_exposure": false,
      "data_access": false,
      "effective_action": "organizations:ListAccountsForParent",
      "privesc": false,
      "resource_exposure": false
    },
    {
      "access_level": "List",
      "action": "organizations:List*",
      "condition": null,
      "credentials_exposure": false,
      "data_access": false,
      "effective_action": "organizations:ListAccountsWithInvalidEffectivePolicy",
      "privesc": false,
      "resource_exposure": false
    },
    {
      "access_level": "List",
      "action": "organizations:List*",
      "condition": null,
      "credentials_exposure": false,
      "data_access": false,
      "effective_action": "organizations:ListChildren",
      "privesc": false,
      "resource_exposure": false
    },
    {
      "access_level": "List",
      "action": "organizations:List*",
      "condition": null,
      "credentials_exposure": false,
      "data_access": false,
      "effective_action": "organizations:ListCreateAccountStatus",
      "privesc": false,
      "resource_exposure": false
    },
    {
      "access_level": "List",
      "action": "organizations:List*",
      "condition": null,
      "credentials_exposure": false,
      "data_access": false,
      "effective_action": "organizations:ListDelegatedAdministrators",
      "privesc": false,
      "resource_exposure": false
    },
    {
      "access_level": "List",
      "action": "organizations:List*",
      "condition": null,
      "credentials_exposure": false,
      "data_access": false,
      "effective_action": "organizations:ListDelegatedServicesForAccount",
      "privesc": false,
      "resource_exposure": false
    },
    {
      "access_level": "List",
      "action": "organizations:List*",
      "condition": null,
      "credentials_exposure": false,
      "data_access": false,
      "effective_action": "organizations:ListEffectivePolicyValidationErrors",
      "privesc": false,
      "resource_exposure": false
    },
    {
      "access_level": "List",
      "action": "organizations:List*",
      "condition": null,
      "credentials_exposure": false,
      "data_access": false,
      "effective_action": "organizations:ListHandshakesForAccount",
      "privesc": false,
      "resource_exposure": false
    },
    {
      "access_level": "List",
      "action": "organizations:List*",
      "condition": null,
      "credentials_exposure": false,
      "data_access": false,
      "effective_action": "organizations:ListHandshakesForOrganization",
      "privesc": false,
      "resource_exposure": false
    },
    {
      "access_level": "List",
      "action": "organizations:List*",
      "condition": null,
      "credentials_exposure": false,
      "data_access": false,
      "effective_action": "organizations:ListOrganizationalUnitsForParent",
      "privesc": false,
      "resource_exposure": false
    },
    {
      "access_level": "List",
      "action": "organizations:List*",
      "condition": null,
      "credentials_exposure": false,
      "data_access": false,
      "effective_action": "organizations:ListParents",
      "privesc": false,
      "resource_exposure": false
    },
    {
      "access_level": "List",
      "action": "organizations:List*",
      "condition": null,
      "credentials_exposure": false,
      "data_access": false,
      "effective_action": "organizations:ListPolicies",
      "privesc": false,
      "resource_exposure": false
    },
    {
      "access_level": "List",
      "action": "organizations:List*",
      "condition": null,
      "credentials_exposure": false,
      "data_access": false,
      "effective_action": "organizations:ListPoliciesForTarget",
      "privesc": false,
      "resource_exposure": false
    },
    {
      "access_level": "List",
      "action": "organizations:List*",
      "condition": null,
      "credentials_exposure": false,
      "data_access": false,
      "effective_action": "organizations:ListRoots",
      "privesc": false,
      "resource_exposure": false
    },
    {
      "access_level": "List",
      "action": "organizations:List*",
      "condition": null,
      "credentials_exposure": false,
      "data_access": false,
      "effective_action": "organizations:ListTagsForResource",
      "privesc": false,
      "resource_exposure": false
    },
    {
      "access_level": "List",
      "action": "organizations:List*",
      "condition": null,
      "credentials_exposure": false,
      "data_access": false,
      "effective_action": "organizations:ListTargetsForPolicy",
      "privesc": false,
      "resource_exposure": false
    }
  ],
  "grantless": false,
  "malformed": false,
  "name": "AWSMarketplaceProcurementSystemAdminFullAccess",
  "privesc": false,
  "resource_exposure": false,
  "undocumented_actions": false,
  "unknown_actions": [],
  "updatedate": "2019-06-25T13:07:47+00:00",
  "version": "v1"
}