{
  "access_levels": [
    "Write"
  ],
  "arn": "arn:aws:iam::aws:policy/AWSMarketplaceMeteringRegisterUsage",
  "createdate": "2019-11-21T01:17:54Z",
  "credentials_exposure": false,
  "data_access": false,
  "deprecated": false,
  "document": {
    "Statement": [
      {
        "Action": [
          "aws-marketplace:RegisterUsage"
        ],
        "Effect": "Allow",
        "Resource": "*"
      }
    ],
    "Version": "2012-10-17"
  },
  "effective_actions": [
    {
      "access_level": "Write",
      "action": "aws-marketplace:RegisterUsage",
      "condition": null,
      "credentials_exposure": false,
      "data_access": false,
      "effective_action": "aws-marketplace:RegisterUsage",
      "privesc": false,
      "resource_exposure": false
    }
  ],
  "grantless": false,
  "malformed": false,
  "name": "AWSMarketplaceMeteringRegisterUsage",
  "privesc": false,
  "resource_exposure": false,
  "undocumented_actions": false,
  "unknown_actions": [],
  "updatedate": "2019-11-21T01:17:54+00:00",
  "version": "v1"
}