{
  "access_levels": [
    "Read",
    "Write"
  ],
  "arn": "arn:aws:iam::aws:policy/aws-service-role/AWSMarketplacePurchaseOrdersServiceRolePolicy",
  "createdate": "2021-10-27T15:12:37Z",
  "credentials_exposure": false,
  "data_access": false,
  "deprecated": false,
  "document": {
    "Statement": [
      {
        "Action": [
          "purchase-orders:ViewPurchaseOrders",
          "purchase-orders:ModifyPurchaseOrders"
        ],
        "Effect": "Allow",
        "Resource": [
          "*"
        ],
        "Sid": "AllowPurchaseOrderActions"
      }
    ],
    "Version": "2012-10-17"
  },
  "effective_actions": [
    {
      "access_level": "Read",
      "action": "purchase-orders:ViewPurchaseOrders",
      "condition": null,
      "credentials_exposure": false,
      "data_access": false,
      "effective_action": "purchase-orders:ViewPurchaseOrders",
      "privesc": false,
      "resource_exposure": false
    },
    {
      "access_level": "Write",
      "action": "purchase-orders:ModifyPurchaseOrders",
      "condition": null,
      "credentials_exposure": false,
      "data_access": false,
      "effective_action": "purchase-orders:ModifyPurchaseOrders",
      "privesc": false,
      "resource_exposure": false
    }
  ],
  "grantless": false,
  "malformed": false,
  "name": "AWSMarketplacePurchaseOrdersServiceRolePolicy",
  "privesc": false,
  "resource_exposure": false,
  "undocumented_actions": false,
  "unknown_actions": [],
  "updatedate": "2021-10-27T15:12:37+00:00",
  "version": "v1"
}