{
  "access_levels": [
    "List",
    "Read"
  ],
  "arn": "arn:aws:iam::aws:policy/aws-service-role/AWSManagedServices_ContactsServiceRolePolicy",
  "createdate": "2023-03-23T17:07:46Z",
  "credentials_exposure": false,
  "data_access": false,
  "deprecated": false,
  "document": {
    "Statement": [
      {
        "Action": [
          "iam:ListRoleTags",
          "iam:ListUserTags",
          "tag:GetResources",
          "ec2:DescribeTags"
        ],
        "Effect": "Allow",
        "Resource": "*"
      },
      {
        "Action": [
          "s3:GetBucketTagging"
        ],
        "Condition": {
          "NumericGreaterThanEquals": {
            "s3:TlsVersion": "1.2"
          },
          "StringEquals": {
            "s3:authType": "REST-HEADER",
            "s3:signatureversion": "AWS4-HMAC-SHA256"
          }
        },
        "Effect": "Allow",
        "Resource": "*"
      }
    ],
    "Version": "2012-10-17"
  },
  "effective_actions": [
    {
      "access_level": "List",
      "action": "iam:ListRoleTags",
      "condition": null,
      "credentials_exposure": false,
      "data_access": false,
      "effective_action": "iam:ListRoleTags",
      "privesc": false,
      "resource_exposure": false
    },
    {
      "access_level": "List",
      "action": "iam:ListUserTags",
      "condition": null,
      "credentials_exposure": false,
      "data_access": false,
      "effective_action": "iam:ListUserTags",
      "privesc": false,
      "resource_exposure": false
    },
    {
      "access_level": "Read",
      "action": "tag:GetResources",
      "condition": null,
      "credentials_exposure": false,
      "data_access": false,
      "effective_action": "tag:GetResources",
      "privesc": false,
      "resource_exposure": false
    },
    {
      "access_level": "List",
      "action": "ec2:DescribeTags",
      "condition": null,
      "credentials_exposure": false,
      "data_access": false,
      "effective_action": "ec2:DescribeTags",
      "privesc": false,
      "resource_exposure": false
    },
    {
      "access_level": "Read",
      "action": "s3:GetBucketTagging",
      "condition": {
        "NumericGreaterThanEquals": {
          "s3:TlsVersion": "1.2"
        },
        "StringEquals": {
          "s3:authType": "REST-HEADER",
          "s3:signatureversion": "AWS4-HMAC-SHA256"
        }
      },
      "credentials_exposure": false,
      "data_access": false,
      "effective_action": "s3:GetBucketTagging",
      "privesc": false,
      "resource_exposure": false
    }
  ],
  "grantless": false,
  "malformed": false,
  "name": "AWSManagedServices_ContactsServiceRolePolicy",
  "privesc": false,
  "resource_exposure": false,
  "undocumented_actions": false,
  "unknown_actions": [],
  "updatedate": "2023-03-23T17:07:46+00:00",
  "version": "v1"
}