{
  "access_levels": [
    "List",
    "Read",
    "Write",
    "Permissions management"
  ],
  "arn": "arn:aws:iam::aws:policy/aws-service-role/AWSM2ServicePolicy",
  "createdate": "2022-06-07T20:26:39Z",
  "credentials_exposure": false,
  "data_access": false,
  "deprecated": false,
  "document": {
    "Statement": [
      {
        "Action": [
          "ec2:DescribeSubnets",
          "ec2:CreateNetworkInterface",
          "ec2:DeleteNetworkInterface",
          "ec2:DescribeNetworkInterfaces",
          "ec2:CreateNetworkInterfacePermission",
          "ec2:ModifyNetworkInterfaceAttribute"
        ],
        "Effect": "Allow",
        "Resource": "*"
      },
      {
        "Action": [
          "elasticfilesystem:DescribeMountTargets"
        ],
        "Effect": "Allow",
        "Resource": "*"
      },
      {
        "Action": [
          "elasticloadbalancing:RegisterTargets",
          "elasticloadbalancing:DeregisterTargets"
        ],
        "Effect": "Allow",
        "Resource": "*"
      },
      {
        "Action": [
          "fsx:DescribeFileSystems"
        ],
        "Effect": "Allow",
        "Resource": "*"
      },
      {
        "Action": [
          "cloudwatch:PutMetricData"
        ],
        "Condition": {
          "StringEquals": {
            "cloudwatch:namespace": [
              "AWS/M2"
            ]
          }
        },
        "Effect": "Allow",
        "Resource": "*"
      }
    ],
    "Version": "2012-10-17"
  },
  "effective_actions": [
    {
      "access_level": "List",
      "action": "ec2:DescribeSubnets",
      "condition": null,
      "credentials_exposure": false,
      "data_access": false,
      "effective_action": "ec2:DescribeSubnets",
      "privesc": false,
      "resource_exposure": false
    },
    {
      "access_level": "Write",
      "action": "ec2:CreateNetworkInterface",
      "condition": null,
      "credentials_exposure": false,
      "data_access": false,
      "effective_action": "ec2:CreateNetworkInterface",
      "privesc": false,
      "resource_exposure": false
    },
    {
      "access_level": "Write",
      "action": "ec2:DeleteNetworkInterface",
      "condition": null,
      "credentials_exposure": false,
      "data_access": false,
      "effective_action": "ec2:DeleteNetworkInterface",
      "privesc": false,
      "resource_exposure": false
    },
    {
      "access_level": "List",
      "action": "ec2:DescribeNetworkInterfaces",
      "condition": null,
      "credentials_exposure": false,
      "data_access": false,
      "effective_action": "ec2:DescribeNetworkInterfaces",
      "privesc": false,
      "resource_exposure": false
    },
    {
      "access_level": "Permissions management",
      "action": "ec2:CreateNetworkInterfacePermission",
      "condition": null,
      "credentials_exposure": false,
      "data_access": false,
      "effective_action": "ec2:CreateNetworkInterfacePermission",
      "privesc": false,
      "resource_exposure": true
    },
    {
      "access_level": "Write",
      "action": "ec2:ModifyNetworkInterfaceAttribute",
      "condition": null,
      "credentials_exposure": false,
      "data_access": false,
      "effective_action": "ec2:ModifyNetworkInterfaceAttribute",
      "privesc": false,
      "resource_exposure": false
    },
    {
      "access_level": "Read",
      "action": "elasticfilesystem:DescribeMountTargets",
      "condition": null,
      "credentials_exposure": false,
      "data_access": false,
      "effective_action": "elasticfilesystem:DescribeMountTargets",
      "privesc": false,
      "resource_exposure": false
    },
    {
      "access_level": "Write",
      "action": "elasticloadbalancing:RegisterTargets",
      "condition": null,
      "credentials_exposure": false,
      "data_access": false,
      "effective_action": "elasticloadbalancing:RegisterTargets",
      "privesc": false,
      "resource_exposure": false
    },
    {
      "access_level": "Write",
      "action": "elasticloadbalancing:DeregisterTargets",
      "condition": null,
      "credentials_exposure": false,
      "data_access": false,
      "effective_action": "elasticloadbalancing:DeregisterTargets",
      "privesc": false,
      "resource_exposure": false
    },
    {
      "access_level": "Read",
      "action": "fsx:DescribeFileSystems",
      "condition": null,
      "credentials_exposure": false,
      "data_access": false,
      "effective_action": "fsx:DescribeFileSystems",
      "privesc": false,
      "resource_exposure": false
    },
    {
      "access_level": "Write",
      "action": "cloudwatch:PutMetricData",
      "condition": {
        "StringEquals": {
          "cloudwatch:namespace": [
            "AWS/M2"
          ]
        }
      },
      "credentials_exposure": false,
      "data_access": false,
      "effective_action": "cloudwatch:PutMetricData",
      "privesc": false,
      "resource_exposure": false
    }
  ],
  "grantless": false,
  "malformed": false,
  "name": "AWSM2ServicePolicy",
  "privesc": false,
  "resource_exposure": true,
  "undocumented_actions": false,
  "unknown_actions": [],
  "updatedate": "2022-06-07T20:26:39+00:00",
  "version": "v1"
}