{
  "access_levels": [
    "List",
    "Read",
    "Tagging",
    "Write",
    "Permissions management"
  ],
  "arn": "arn:aws:iam::aws:policy/AWSMigrationHubOrchestratorConsoleFullAccess",
  "createdate": "2023-12-05T17:34:16Z",
  "credentials_exposure": false,
  "data_access": true,
  "deprecated": false,
  "document": {
    "Statement": [
      {
        "Action": [
          "migrationhub-orchestrator:*"
        ],
        "Effect": "Allow",
        "Resource": "*",
        "Sid": "MHO"
      },
      {
        "Action": [
          "s3:ListAllMyBuckets"
        ],
        "Effect": "Allow",
        "Resource": "arn:aws:s3:::*",
        "Sid": "ListAllMyBuckets"
      },
      {
        "Action": [
          "s3:GetObject",
          "s3:GetBucketAcl",
          "s3:GetBucketLocation",
          "s3:ListBucket",
          "s3:ListBucketVersions",
          "s3:PutObject"
        ],
        "Effect": "Allow",
        "Resource": [
          "arn:aws:s3:::migrationhub-orchestrator-*",
          "arn:aws:s3:::migrationhub-orchestrator-*/*"
        ],
        "Sid": "S3MHO"
      },
      {
        "Action": [
          "secretsmanager:ListSecrets"
        ],
        "Effect": "Allow",
        "Resource": "*",
        "Sid": "ListSecrets"
      },
      {
        "Action": [
          "discovery:DescribeConfigurations",
          "discovery:ListConfigurations",
          "discovery:GetDiscoverySummary"
        ],
        "Effect": "Allow",
        "Resource": "*",
        "Sid": "Configuration"
      },
      {
        "Action": [
          "mgh:GetHomeRegion"
        ],
        "Effect": "Allow",
        "Resource": "*",
        "Sid": "GetHomeRegion"
      },
      {
        "Action": [
          "ec2:DescribeInstances",
          "ec2:DescribeVpcs"
        ],
        "Effect": "Allow",
        "Resource": "*",
        "Sid": "EC2Describe"
      },
      {
        "Action": [
          "kms:ListKeys",
          "kms:ListAliases"
        ],
        "Effect": "Allow",
        "Resource": "*",
        "Sid": "KMS"
      },
      {
        "Action": [
          "iam:ListInstanceProfiles",
          "iam:ListRoles"
        ],
        "Effect": "Allow",
        "Resource": "*",
        "Sid": "IAMListProfileRole"
      },
      {
        "Action": [
          "ecs:ListClusters"
        ],
        "Effect": "Allow",
        "Resource": "*",
        "Sid": "ECS"
      },
      {
        "Action": [
          "account:ListRegions"
        ],
        "Effect": "Allow",
        "Resource": "*",
        "Sid": "Account"
      },
      {
        "Action": [
          "iam:CreateServiceLinkedRole"
        ],
        "Condition": {
          "StringEquals": {
            "iam:AWSServiceName": "migrationhub-orchestrator.amazonaws.com"
          }
        },
        "Effect": "Allow",
        "Resource": "*",
        "Sid": "CreateServiceRole"
      },
      {
        "Action": [
          "iam:GetRole"
        ],
        "Effect": "Allow",
        "Resource": "arn:aws:iam::*:role/aws-service-role/migrationhub-orchestrator.amazonaws.com/AWSServiceRoleForMigrationHubOrchestrator*",
        "Sid": "GetRole"
      }
    ],
    "Version": "2012-10-17"
  },
  "effective_actions": [
    {
      "access_level": "Write",
      "action": "migrationhub-orchestrator:*",
      "condition": null,
      "credentials_exposure": false,
      "data_access": false,
      "effective_action": "migrationhub-orchestrator:CreateTemplate",
      "privesc": false,
      "resource_exposure": false
    },
    {
      "access_level": "Write",
      "action": "migrationhub-orchestrator:*",
      "condition": null,
      "credentials_exposure": false,
      "data_access": false,
      "effective_action": "migrationhub-orchestrator:CreateWorkflow",
      "privesc": false,
      "resource_exposure": false
    },
    {
      "access_level": "Write",
      "action": "migrationhub-orchestrator:*",
      "condition": null,
      "credentials_exposure": false,
      "data_access": false,
      "effective_action": "migrationhub-orchestrator:CreateWorkflowStep",
      "privesc": false,
      "resource_exposure": false
    },
    {
      "access_level": "Write",
      "action": "migrationhub-orchestrator:*",
      "condition": null,
      "credentials_exposure": false,
      "data_access": false,
      "effective_action": "migrationhub-orchestrator:CreateWorkflowStepGroup",
      "privesc": false,
      "resource_exposure": false
    },
    {
      "access_level": "Write",
      "action": "migrationhub-orchestrator:*",
      "condition": null,
      "credentials_exposure": false,
      "data_access": false,
      "effective_action": "migrationhub-orchestrator:DeleteTemplate",
      "privesc": false,
      "resource_exposure": false
    },
    {
      "access_level": "Write",
      "action": "migrationhub-orchestrator:*",
      "condition": null,
      "credentials_exposure": false,
      "data_access": false,
      "effective_action": "migrationhub-orchestrator:DeleteWorkflow",
      "privesc": false,
      "resource_exposure": false
    },
    {
      "access_level": "Write",
      "action": "migrationhub-orchestrator:*",
      "condition": null,
      "credentials_exposure": false,
      "data_access": false,
      "effective_action": "migrationhub-orchestrator:DeleteWorkflowStep",
      "privesc": false,
      "resource_exposure": false
    },
    {
      "access_level": "Write",
      "action": "migrationhub-orchestrator:*",
      "condition": null,
      "credentials_exposure": false,
      "data_access": false,
      "effective_action": "migrationhub-orchestrator:DeleteWorkflowStepGroup",
      "privesc": false,
      "resource_exposure": false
    },
    {
      "access_level": "Read",
      "action": "migrationhub-orchestrator:*",
      "condition": null,
      "credentials_exposure": false,
      "data_access": false,
      "effective_action": "migrationhub-orchestrator:GetMessage",
      "privesc": false,
      "resource_exposure": false
    },
    {
      "access_level": "Read",
      "action": "migrationhub-orchestrator:*",
      "condition": null,
      "credentials_exposure": false,
      "data_access": false,
      "effective_action": "migrationhub-orchestrator:GetTemplate",
      "privesc": false,
      "resource_exposure": false
    },
    {
      "access_level": "Read",
      "action": "migrationhub-orchestrator:*",
      "condition": null,
      "credentials_exposure": false,
      "data_access": false,
      "effective_action": "migrationhub-orchestrator:GetTemplateStep",
      "privesc": false,
      "resource_exposure": false
    },
    {
      "access_level": "Read",
      "action": "migrationhub-orchestrator:*",
      "condition": null,
      "credentials_exposure": false,
      "data_access": false,
      "effective_action": "migrationhub-orchestrator:GetTemplateStepGroup",
      "privesc": false,
      "resource_exposure": false
    },
    {
      "access_level": "Read",
      "action": "migrationhub-orchestrator:*",
      "condition": null,
      "credentials_exposure": false,
      "data_access": false,
      "effective_action": "migrationhub-orchestrator:GetWorkflow",
      "privesc": false,
      "resource_exposure": false
    },
    {
      "access_level": "Read",
      "action": "migrationhub-orchestrator:*",
      "condition": null,
      "credentials_exposure": false,
      "data_access": false,
      "effective_action": "migrationhub-orchestrator:GetWorkflowStep",
      "privesc": false,
      "resource_exposure": false
    },
    {
      "access_level": "Read",
      "action": "migrationhub-orchestrator:*",
      "condition": null,
      "credentials_exposure": false,
      "data_access": false,
      "effective_action": "migrationhub-orchestrator:GetWorkflowStepGroup",
      "privesc": false,
      "resource_exposure": false
    },
    {
      "access_level": "List",
      "action": "migrationhub-orchestrator:*",
      "condition": null,
      "credentials_exposure": false,
      "data_access": false,
      "effective_action": "migrationhub-orchestrator:ListPlugins",
      "privesc": false,
      "resource_exposure": false
    },
    {
      "access_level": "Read",
      "action": "migrationhub-orchestrator:*",
      "condition": null,
      "credentials_exposure": false,
      "data_access": false,
      "effective_action": "migrationhub-orchestrator:ListTagsForResource",
      "privesc": false,
      "resource_exposure": false
    },
    {
      "access_level": "List",
      "action": "migrationhub-orchestrator:*",
      "condition": null,
      "credentials_exposure": false,
      "data_access": false,
      "effective_action": "migrationhub-orchestrator:ListTemplateStepGroups",
      "privesc": false,
      "resource_exposure": false
    },
    {
      "access_level": "List",
      "action": "migrationhub-orchestrator:*",
      "condition": null,
      "credentials_exposure": false,
      "data_access": false,
      "effective_action": "migrationhub-orchestrator:ListTemplateSteps",
      "privesc": false,
      "resource_exposure": false
    },
    {
      "access_level": "List",
      "action": "migrationhub-orchestrator:*",
      "condition": null,
      "credentials_exposure": false,
      "data_access": false,
      "effective_action": "migrationhub-orchestrator:ListTemplates",
      "privesc": false,
      "resource_exposure": false
    },
    {
      "access_level": "List",
      "action": "migrationhub-orchestrator:*",
      "condition": null,
      "credentials_exposure": false,
      "data_access": false,
      "effective_action": "migrationhub-orchestrator:ListWorkflowStepGroups",
      "privesc": false,
      "resource_exposure": false
    },
    {
      "access_level": "List",
      "action": "migrationhub-orchestrator:*",
      "condition": null,
      "credentials_exposure": false,
      "data_access": false,
      "effective_action": "migrationhub-orchestrator:ListWorkflowSteps",
      "privesc": false,
      "resource_exposure": false
    },
    {
      "access_level": "List",
      "action": "migrationhub-orchestrator:*",
      "condition": null,
      "credentials_exposure": false,
      "data_access": false,
      "effective_action": "migrationhub-orchestrator:ListWorkflows",
      "privesc": false,
      "resource_exposure": false
    },
    {
      "access_level": "Write",
      "action": "migrationhub-orchestrator:*",
      "condition": null,
      "credentials_exposure": false,
      "data_access": false,
      "effective_action": "migrationhub-orchestrator:RegisterPlugin",
      "privesc": false,
      "resource_exposure": false
    },
    {
      "access_level": "Write",
      "action": "migrationhub-orchestrator:*",
      "condition": null,
      "credentials_exposure": false,
      "data_access": false,
      "effective_action": "migrationhub-orchestrator:RetryWorkflowStep",
      "privesc": false,
      "resource_exposure": false
    },
    {
      "access_level": "Write",
      "action": "migrationhub-orchestrator:*",
      "condition": null,
      "credentials_exposure": false,
      "data_access": false,
      "effective_action": "migrationhub-orchestrator:SendMessage",
      "privesc": false,
      "resource_exposure": false
    },
    {
      "access_level": "Write",
      "action": "migrationhub-orchestrator:*",
      "condition": null,
      "credentials_exposure": false,
      "data_access": false,
      "effective_action": "migrationhub-orchestrator:StartWorkflow",
      "privesc": false,
      "resource_exposure": false
    },
    {
      "access_level": "Write",
      "action": "migrationhub-orchestrator:*",
      "condition": null,
      "credentials_exposure": false,
      "data_access": false,
      "effective_action": "migrationhub-orchestrator:StopWorkflow",
      "privesc": false,
      "resource_exposure": false
    },
    {
      "access_level": "Tagging",
      "action": "migrationhub-orchestrator:*",
      "condition": null,
      "credentials_exposure": false,
      "data_access": false,
      "effective_action": "migrationhub-orchestrator:TagResource",
      "privesc": false,
      "resource_exposure": false
    },
    {
      "access_level": "Tagging",
      "action": "migrationhub-orchestrator:*",
      "condition": null,
      "credentials_exposure": false,
      "data_access": false,
      "effective_action": "migrationhub-orchestrator:UntagResource",
      "privesc": false,
      "resource_exposure": false
    },
    {
      "access_level": "Write",
      "action": "migrationhub-orchestrator:*",
      "condition": null,
      "credentials_exposure": false,
      "data_access": false,
      "effective_action": "migrationhub-orchestrator:UpdateTemplate",
      "privesc": false,
      "resource_exposure": false
    },
    {
      "access_level": "Write",
      "action": "migrationhub-orchestrator:*",
      "condition": null,
      "credentials_exposure": false,
      "data_access": false,
      "effective_action": "migrationhub-orchestrator:UpdateWorkflow",
      "privesc": false,
      "resource_exposure": false
    },
    {
      "access_level": "Write",
      "action": "migrationhub-orchestrator:*",
      "condition": null,
      "credentials_exposure": false,
      "data_access": false,
      "effective_action": "migrationhub-orchestrator:UpdateWorkflowStep",
      "privesc": false,
      "resource_exposure": false
    },
    {
      "access_level": "Write",
      "action": "migrationhub-orchestrator:*",
      "condition": null,
      "credentials_exposure": false,
      "data_access": false,
      "effective_action": "migrationhub-orchestrator:UpdateWorkflowStepGroup",
      "privesc": false,
      "resource_exposure": false
    },
    {
      "access_level": "List",
      "action": "s3:ListAllMyBuckets",
      "condition": null,
      "credentials_exposure": false,
      "data_access": false,
      "effective_action": "s3:ListAllMyBuckets",
      "privesc": false,
      "resource_exposure": false
    },
    {
      "access_level": "Read",
      "action": "s3:GetObject",
      "condition": null,
      "credentials_exposure": false,
      "data_access": true,
      "effective_action": "s3:GetObject",
      "privesc": false,
      "resource_exposure": false
    },
    {
      "access_level": "Read",
      "action": "s3:GetBucketAcl",
      "condition": null,
      "credentials_exposure": false,
      "data_access": false,
      "effective_action": "s3:GetBucketAcl",
      "privesc": false,
      "resource_exposure": false
    },
    {
      "access_level": "Read",
      "action": "s3:GetBucketLocation",
      "condition": null,
      "credentials_exposure": false,
      "data_access": false,
      "effective_action": "s3:GetBucketLocation",
      "privesc": false,
      "resource_exposure": false
    },
    {
      "access_level": "List",
      "action": "s3:ListBucket",
      "condition": null,
      "credentials_exposure": false,
      "data_access": false,
      "effective_action": "s3:ListBucket",
      "privesc": false,
      "resource_exposure": false
    },
    {
      "access_level": "List",
      "action": "s3:ListBucketVersions",
      "condition": null,
      "credentials_exposure": false,
      "data_access": false,
      "effective_action": "s3:ListBucketVersions",
      "privesc": false,
      "resource_exposure": false
    },
    {
      "access_level": "Write",
      "action": "s3:PutObject",
      "condition": null,
      "credentials_exposure": false,
      "data_access": false,
      "effective_action": "s3:PutObject",
      "privesc": false,
      "resource_exposure": false
    },
    {
      "access_level": "List",
      "action": "secretsmanager:ListSecrets",
      "condition": null,
      "credentials_exposure": false,
      "data_access": false,
      "effective_action": "secretsmanager:ListSecrets",
      "privesc": false,
      "resource_exposure": false
    },
    {
      "access_level": "Read",
      "action": "discovery:DescribeConfigurations",
      "condition": null,
      "credentials_exposure": false,
      "data_access": false,
      "effective_action": "discovery:DescribeConfigurations",
      "privesc": false,
      "resource_exposure": false
    },
    {
      "access_level": "List",
      "action": "discovery:ListConfigurations",
      "condition": null,
      "credentials_exposure": false,
      "data_access": false,
      "effective_action": "discovery:ListConfigurations",
      "privesc": false,
      "resource_exposure": false
    },
    {
      "access_level": "Read",
      "action": "discovery:GetDiscoverySummary",
      "condition": null,
      "credentials_exposure": false,
      "data_access": false,
      "effective_action": "discovery:GetDiscoverySummary",
      "privesc": false,
      "resource_exposure": false
    },
    {
      "access_level": "Read",
      "action": "mgh:GetHomeRegion",
      "condition": null,
      "credentials_exposure": false,
      "data_access": false,
      "effective_action": "mgh:GetHomeRegion",
      "privesc": false,
      "resource_exposure": false
    },
    {
      "access_level": "List",
      "action": "ec2:DescribeInstances",
      "condition": null,
      "credentials_exposure": false,
      "data_access": false,
      "effective_action": "ec2:DescribeInstances",
      "privesc": false,
      "resource_exposure": false
    },
    {
      "access_level": "List",
      "action": "ec2:DescribeVpcs",
      "condition": null,
      "credentials_exposure": false,
      "data_access": false,
      "effective_action": "ec2:DescribeVpcs",
      "privesc": false,
      "resource_exposure": false
    },
    {
      "access_level": "List",
      "action": "kms:ListKeys",
      "condition": null,
      "credentials_exposure": false,
      "data_access": false,
      "effective_action": "kms:ListKeys",
      "privesc": false,
      "resource_exposure": false
    },
    {
      "access_level": "List",
      "action": "kms:ListAliases",
      "condition": null,
      "credentials_exposure": false,
      "data_access": false,
      "effective_action": "kms:ListAliases",
      "privesc": false,
      "resource_exposure": false
    },
    {
      "access_level": "List",
      "action": "iam:ListInstanceProfiles",
      "condition": null,
      "credentials_exposure": false,
      "data_access": false,
      "effective_action": "iam:ListInstanceProfiles",
      "privesc": false,
      "resource_exposure": false
    },
    {
      "access_level": "List",
      "action": "iam:ListRoles",
      "condition": null,
      "credentials_exposure": false,
      "data_access": false,
      "effective_action": "iam:ListRoles",
      "privesc": false,
      "resource_exposure": false
    },
    {
      "access_level": "List",
      "action": "ecs:ListClusters",
      "condition": null,
      "credentials_exposure": false,
      "data_access": false,
      "effective_action": "ecs:ListClusters",
      "privesc": false,
      "resource_exposure": false
    },
    {
      "access_level": "List",
      "action": "account:ListRegions",
      "condition": null,
      "credentials_exposure": false,
      "data_access": false,
      "effective_action": "account:ListRegions",
      "privesc": false,
      "resource_exposure": false
    },
    {
      "access_level": "Permissions management",
      "action": "iam:CreateServiceLinkedRole",
      "condition": {
        "StringEquals": {
          "iam:AWSServiceName": "migrationhub-orchestrator.amazonaws.com"
        }
      },
      "credentials_exposure": false,
      "data_access": false,
      "effective_action": "iam:CreateServiceLinkedRole",
      "privesc": true,
      "resource_exposure": true
    },
    {
      "access_level": "Read",
      "action": "iam:GetRole",
      "condition": null,
      "credentials_exposure": false,
      "data_access": false,
      "effective_action": "iam:GetRole",
      "privesc": false,
      "resource_exposure": false
    }
  ],
  "grantless": false,
  "malformed": false,
  "name": "AWSMigrationHubOrchestratorConsoleFullAccess",
  "privesc": true,
  "resource_exposure": true,
  "undocumented_actions": false,
  "unknown_actions": [],
  "updatedate": "2023-12-05T17:34:16+00:00",
  "version": "v2"
}