{
  "access_levels": [
    "List",
    "Read",
    "Tagging",
    "Write",
    "Permissions management"
  ],
  "arn": "arn:aws:iam::aws:policy/AWSNetworkFirewallFullAccess",
  "createdate": "2025-06-10T21:52:06Z",
  "credentials_exposure": false,
  "data_access": false,
  "deprecated": false,
  "document": {
    "Statement": [
      {
        "Action": [
          "network-firewall:ListAnalysisReports",
          "network-firewall:ListFirewallPolicies",
          "network-firewall:ListFirewalls",
          "network-firewall:ListFlowOperations",
          "network-firewall:ListRuleGroups",
          "network-firewall:ListTagsForResource",
          "network-firewall:ListTLSInspectionConfigurations",
          "network-firewall:DescribeFirewall",
          "network-firewall:DescribeFirewallPolicy",
          "network-firewall:DescribeFlowOperation",
          "network-firewall:DescribeLoggingConfiguration",
          "network-firewall:DescribeResourcePolicy",
          "network-firewall:DescribeRuleGroup",
          "network-firewall:DescribeRuleGroupMetadata",
          "network-firewall:DescribeTLSInspectionConfiguration",
          "network-firewall:GetAnalysisReportResults",
          "network-firewall:ListFlowOperationResults",
          "network-firewall:TagResource",
          "network-firewall:UntagResource",
          "network-firewall:AssociateFirewallPolicy",
          "network-firewall:AssociateSubnets",
          "network-firewall:CreateFirewall",
          "network-firewall:CreateFirewallPolicy",
          "network-firewall:CreateRuleGroup",
          "network-firewall:CreateTLSInspectionConfiguration",
          "network-firewall:DeleteFirewall",
          "network-firewall:DeleteFirewallPolicy",
          "network-firewall:DeleteResourcePolicy",
          "network-firewall:DeleteRuleGroup",
          "network-firewall:DeleteTLSInspectionConfiguration",
          "network-firewall:DisassociateSubnets",
          "network-firewall:PutResourcePolicy",
          "network-firewall:StartAnalysisReport",
          "network-firewall:StartFlowCapture",
          "network-firewall:StartFlowFlush",
          "network-firewall:UpdateFirewallAnalysisSettings",
          "network-firewall:UpdateFirewallDeleteProtection",
          "network-firewall:UpdateFirewallDescription",
          "network-firewall:UpdateFirewallEncryptionConfiguration",
          "network-firewall:UpdateFirewallPolicy",
          "network-firewall:UpdateFirewallPolicyChangeProtection",
          "network-firewall:UpdateLoggingConfiguration",
          "network-firewall:UpdateRuleGroup",
          "network-firewall:UpdateSubnetChangeProtection",
          "network-firewall:UpdateTLSInspectionConfiguration"
        ],
        "Effect": "Allow",
        "Resource": [
          "arn:aws:network-firewall:*:*:*"
        ],
        "Sid": "NetworkFirewall"
      },
      {
        "Action": [
          "ec2:DescribeRouteTables",
          "ec2:DescribeSubnets",
          "ec2:DescribeVpcEndpoints",
          "ec2:DescribeVpcs",
          "ec2:GetManagedPrefixListEntries"
        ],
        "Effect": "Allow",
        "Resource": "*",
        "Sid": "NetworkFirewallEC2"
      },
      {
        "Action": [
          "ec2:CreateVpcEndpoint"
        ],
        "Condition": {
          "StringEquals": {
            "aws:RequestTag/AWSNetworkFirewallManaged": "true"
          }
        },
        "Effect": "Allow",
        "Resource": "arn:aws:ec2:*:*:*",
        "Sid": "NetworkFirewallCreateVpcEndpoint"
      },
      {
        "Action": [
          "ec2:DeleteVpcEndpoints"
        ],
        "Condition": {
          "StringEquals": {
            "aws:ResourceTag/AWSNetworkFirewallManaged": "true"
          }
        },
        "Effect": "Allow",
        "Resource": "arn:aws:ec2:*:*:*",
        "Sid": "NetworkFirewallDeleteVpcEndpoints"
      },
      {
        "Action": [
          "logs:CreateLogDelivery",
          "logs:DeleteLogDelivery",
          "logs:GetLogDelivery",
          "logs:ListLogDeliveries",
          "logs:UpdateLogDelivery"
        ],
        "Effect": "Allow",
        "Resource": "*",
        "Sid": "NetworkFirewallLogging"
      },
      {
        "Action": [
          "logs:DescribeLogGroups",
          "logs:DescribeResourcePolicies",
          "logs:PutResourcePolicy"
        ],
        "Effect": "Allow",
        "Resource": "arn:aws:logs:*:*:*",
        "Sid": "NetworkFirewallLoggingCWL"
      },
      {
        "Action": [
          "s3:GetBucketPolicy",
          "s3:PutBucketPolicy"
        ],
        "Condition": {
          "StringEquals": {
            "aws:ResourceAccount": "${aws:PrincipalAccount}"
          }
        },
        "Effect": "Allow",
        "Resource": "arn:aws:s3:::*",
        "Sid": "NetworkFirewallLoggingS3"
      },
      {
        "Action": [
          "firehose:TagDeliveryStream"
        ],
        "Effect": "Allow",
        "Resource": "arn:aws:firehose:*:*:*",
        "Sid": "NetworkFirewallLoggingFirehose"
      },
      {
        "Action": [
          "iam:CreateServiceLinkedRole"
        ],
        "Condition": {
          "StringEquals": {
            "iam:AWSServiceName": "network-firewall.amazonaws.com"
          }
        },
        "Effect": "Allow",
        "Resource": [
          "arn:aws:iam::*:role/aws-service-role/network-firewall.amazonaws.com/AWSServiceRoleForNetworkFirewall"
        ],
        "Sid": "NetworkFirewallSLR"
      },
      {
        "Action": [
          "iam:CreateServiceLinkedRole"
        ],
        "Effect": "Allow",
        "Resource": [
          "arn:aws:iam::*:role/aws-service-role/delivery.logs.amazonaws.com/AWSServiceRoleForLogDelivery"
        ],
        "Sid": "NetworkFirewallLogDeliverySLR"
      }
    ],
    "Version": "2012-10-17"
  },
  "effective_actions": [
    {
      "access_level": "List",
      "action": "network-firewall:ListAnalysisReports",
      "condition": null,
      "credentials_exposure": false,
      "data_access": false,
      "effective_action": "network-firewall:ListAnalysisReports",
      "privesc": false,
      "resource_exposure": false
    },
    {
      "access_level": "List",
      "action": "network-firewall:ListFirewallPolicies",
      "condition": null,
      "credentials_exposure": false,
      "data_access": false,
      "effective_action": "network-firewall:ListFirewallPolicies",
      "privesc": false,
      "resource_exposure": false
    },
    {
      "access_level": "List",
      "action": "network-firewall:ListFirewalls",
      "condition": null,
      "credentials_exposure": false,
      "data_access": false,
      "effective_action": "network-firewall:ListFirewalls",
      "privesc": false,
      "resource_exposure": false
    },
    {
      "access_level": "List",
      "action": "network-firewall:ListFlowOperations",
      "condition": null,
      "credentials_exposure": false,
      "data_access": false,
      "effective_action": "network-firewall:ListFlowOperations",
      "privesc": false,
      "resource_exposure": false
    },
    {
      "access_level": "List",
      "action": "network-firewall:ListRuleGroups",
      "condition": null,
      "credentials_exposure": false,
      "data_access": false,
      "effective_action": "network-firewall:ListRuleGroups",
      "privesc": false,
      "resource_exposure": false
    },
    {
      "access_level": "List",
      "action": "network-firewall:ListTagsForResource",
      "condition": null,
      "credentials_exposure": false,
      "data_access": false,
      "effective_action": "network-firewall:ListTagsForResource",
      "privesc": false,
      "resource_exposure": false
    },
    {
      "access_level": "List",
      "action": "network-firewall:ListTLSInspectionConfigurations",
      "condition": null,
      "credentials_exposure": false,
      "data_access": false,
      "effective_action": "network-firewall:ListTLSInspectionConfigurations",
      "privesc": false,
      "resource_exposure": false
    },
    {
      "access_level": "Read",
      "action": "network-firewall:DescribeFirewall",
      "condition": null,
      "credentials_exposure": false,
      "data_access": false,
      "effective_action": "network-firewall:DescribeFirewall",
      "privesc": false,
      "resource_exposure": false
    },
    {
      "access_level": "Read",
      "action": "network-firewall:DescribeFirewallPolicy",
      "condition": null,
      "credentials_exposure": false,
      "data_access": false,
      "effective_action": "network-firewall:DescribeFirewallPolicy",
      "privesc": false,
      "resource_exposure": false
    },
    {
      "access_level": "Read",
      "action": "network-firewall:DescribeFlowOperation",
      "condition": null,
      "credentials_exposure": false,
      "data_access": false,
      "effective_action": "network-firewall:DescribeFlowOperation",
      "privesc": false,
      "resource_exposure": false
    },
    {
      "access_level": "Read",
      "action": "network-firewall:DescribeLoggingConfiguration",
      "condition": null,
      "credentials_exposure": false,
      "data_access": false,
      "effective_action": "network-firewall:DescribeLoggingConfiguration",
      "privesc": false,
      "resource_exposure": false
    },
    {
      "access_level": "Read",
      "action": "network-firewall:DescribeResourcePolicy",
      "condition": null,
      "credentials_exposure": false,
      "data_access": false,
      "effective_action": "network-firewall:DescribeResourcePolicy",
      "privesc": false,
      "resource_exposure": false
    },
    {
      "access_level": "Read",
      "action": "network-firewall:DescribeRuleGroup",
      "condition": null,
      "credentials_exposure": false,
      "data_access": false,
      "effective_action": "network-firewall:DescribeRuleGroup",
      "privesc": false,
      "resource_exposure": false
    },
    {
      "access_level": "Read",
      "action": "network-firewall:DescribeRuleGroupMetadata",
      "condition": null,
      "credentials_exposure": false,
      "data_access": false,
      "effective_action": "network-firewall:DescribeRuleGroupMetadata",
      "privesc": false,
      "resource_exposure": false
    },
    {
      "access_level": "Read",
      "action": "network-firewall:DescribeTLSInspectionConfiguration",
      "condition": null,
      "credentials_exposure": false,
      "data_access": false,
      "effective_action": "network-firewall:DescribeTLSInspectionConfiguration",
      "privesc": false,
      "resource_exposure": false
    },
    {
      "access_level": "Read",
      "action": "network-firewall:GetAnalysisReportResults",
      "condition": null,
      "credentials_exposure": false,
      "data_access": false,
      "effective_action": "network-firewall:GetAnalysisReportResults",
      "privesc": false,
      "resource_exposure": false
    },
    {
      "access_level": "Read",
      "action": "network-firewall:ListFlowOperationResults",
      "condition": null,
      "credentials_exposure": false,
      "data_access": false,
      "effective_action": "network-firewall:ListFlowOperationResults",
      "privesc": false,
      "resource_exposure": false
    },
    {
      "access_level": "Tagging",
      "action": "network-firewall:TagResource",
      "condition": null,
      "credentials_exposure": false,
      "data_access": false,
      "effective_action": "network-firewall:TagResource",
      "privesc": false,
      "resource_exposure": false
    },
    {
      "access_level": "Tagging",
      "action": "network-firewall:UntagResource",
      "condition": null,
      "credentials_exposure": false,
      "data_access": false,
      "effective_action": "network-firewall:UntagResource",
      "privesc": false,
      "resource_exposure": false
    },
    {
      "access_level": "Write",
      "action": "network-firewall:AssociateFirewallPolicy",
      "condition": null,
      "credentials_exposure": false,
      "data_access": false,
      "effective_action": "network-firewall:AssociateFirewallPolicy",
      "privesc": false,
      "resource_exposure": false
    },
    {
      "access_level": "Write",
      "action": "network-firewall:AssociateSubnets",
      "condition": null,
      "credentials_exposure": false,
      "data_access": false,
      "effective_action": "network-firewall:AssociateSubnets",
      "privesc": false,
      "resource_exposure": false
    },
    {
      "access_level": "Write",
      "action": "network-firewall:CreateFirewall",
      "condition": null,
      "credentials_exposure": false,
      "data_access": false,
      "effective_action": "network-firewall:CreateFirewall",
      "privesc": false,
      "resource_exposure": false
    },
    {
      "access_level": "Write",
      "action": "network-firewall:CreateFirewallPolicy",
      "condition": null,
      "credentials_exposure": false,
      "data_access": false,
      "effective_action": "network-firewall:CreateFirewallPolicy",
      "privesc": false,
      "resource_exposure": false
    },
    {
      "access_level": "Write",
      "action": "network-firewall:CreateRuleGroup",
      "condition": null,
      "credentials_exposure": false,
      "data_access": false,
      "effective_action": "network-firewall:CreateRuleGroup",
      "privesc": false,
      "resource_exposure": false
    },
    {
      "access_level": "Write",
      "action": "network-firewall:CreateTLSInspectionConfiguration",
      "condition": null,
      "credentials_exposure": false,
      "data_access": false,
      "effective_action": "network-firewall:CreateTLSInspectionConfiguration",
      "privesc": false,
      "resource_exposure": false
    },
    {
      "access_level": "Write",
      "action": "network-firewall:DeleteFirewall",
      "condition": null,
      "credentials_exposure": false,
      "data_access": false,
      "effective_action": "network-firewall:DeleteFirewall",
      "privesc": false,
      "resource_exposure": false
    },
    {
      "access_level": "Write",
      "action": "network-firewall:DeleteFirewallPolicy",
      "condition": null,
      "credentials_exposure": false,
      "data_access": false,
      "effective_action": "network-firewall:DeleteFirewallPolicy",
      "privesc": false,
      "resource_exposure": false
    },
    {
      "access_level": "Write",
      "action": "network-firewall:DeleteResourcePolicy",
      "condition": null,
      "credentials_exposure": false,
      "data_access": false,
      "effective_action": "network-firewall:DeleteResourcePolicy",
      "privesc": false,
      "resource_exposure": false
    },
    {
      "access_level": "Write",
      "action": "network-firewall:DeleteRuleGroup",
      "condition": null,
      "credentials_exposure": false,
      "data_access": false,
      "effective_action": "network-firewall:DeleteRuleGroup",
      "privesc": false,
      "resource_exposure": false
    },
    {
      "access_level": "Write",
      "action": "network-firewall:DeleteTLSInspectionConfiguration",
      "condition": null,
      "credentials_exposure": false,
      "data_access": false,
      "effective_action": "network-firewall:DeleteTLSInspectionConfiguration",
      "privesc": false,
      "resource_exposure": false
    },
    {
      "access_level": "Write",
      "action": "network-firewall:DisassociateSubnets",
      "condition": null,
      "credentials_exposure": false,
      "data_access": false,
      "effective_action": "network-firewall:DisassociateSubnets",
      "privesc": false,
      "resource_exposure": false
    },
    {
      "access_level": "Write",
      "action": "network-firewall:PutResourcePolicy",
      "condition": null,
      "credentials_exposure": false,
      "data_access": false,
      "effective_action": "network-firewall:PutResourcePolicy",
      "privesc": false,
      "resource_exposure": false
    },
    {
      "access_level": "Write",
      "action": "network-firewall:StartAnalysisReport",
      "condition": null,
      "credentials_exposure": false,
      "data_access": false,
      "effective_action": "network-firewall:StartAnalysisReport",
      "privesc": false,
      "resource_exposure": false
    },
    {
      "access_level": "Write",
      "action": "network-firewall:StartFlowCapture",
      "condition": null,
      "credentials_exposure": false,
      "data_access": false,
      "effective_action": "network-firewall:StartFlowCapture",
      "privesc": false,
      "resource_exposure": false
    },
    {
      "access_level": "Write",
      "action": "network-firewall:StartFlowFlush",
      "condition": null,
      "credentials_exposure": false,
      "data_access": false,
      "effective_action": "network-firewall:StartFlowFlush",
      "privesc": false,
      "resource_exposure": false
    },
    {
      "access_level": "Write",
      "action": "network-firewall:UpdateFirewallAnalysisSettings",
      "condition": null,
      "credentials_exposure": false,
      "data_access": false,
      "effective_action": "network-firewall:UpdateFirewallAnalysisSettings",
      "privesc": false,
      "resource_exposure": false
    },
    {
      "access_level": "Write",
      "action": "network-firewall:UpdateFirewallDeleteProtection",
      "condition": null,
      "credentials_exposure": false,
      "data_access": false,
      "effective_action": "network-firewall:UpdateFirewallDeleteProtection",
      "privesc": false,
      "resource_exposure": false
    },
    {
      "access_level": "Write",
      "action": "network-firewall:UpdateFirewallDescription",
      "condition": null,
      "credentials_exposure": false,
      "data_access": false,
      "effective_action": "network-firewall:UpdateFirewallDescription",
      "privesc": false,
      "resource_exposure": false
    },
    {
      "access_level": "Write",
      "action": "network-firewall:UpdateFirewallEncryptionConfiguration",
      "condition": null,
      "credentials_exposure": false,
      "data_access": false,
      "effective_action": "network-firewall:UpdateFirewallEncryptionConfiguration",
      "privesc": false,
      "resource_exposure": false
    },
    {
      "access_level": "Write",
      "action": "network-firewall:UpdateFirewallPolicy",
      "condition": null,
      "credentials_exposure": false,
      "data_access": false,
      "effective_action": "network-firewall:UpdateFirewallPolicy",
      "privesc": false,
      "resource_exposure": false
    },
    {
      "access_level": "Write",
      "action": "network-firewall:UpdateFirewallPolicyChangeProtection",
      "condition": null,
      "credentials_exposure": false,
      "data_access": false,
      "effective_action": "network-firewall:UpdateFirewallPolicyChangeProtection",
      "privesc": false,
      "resource_exposure": false
    },
    {
      "access_level": "Write",
      "action": "network-firewall:UpdateLoggingConfiguration",
      "condition": null,
      "credentials_exposure": false,
      "data_access": false,
      "effective_action": "network-firewall:UpdateLoggingConfiguration",
      "privesc": false,
      "resource_exposure": false
    },
    {
      "access_level": "Write",
      "action": "network-firewall:UpdateRuleGroup",
      "condition": null,
      "credentials_exposure": false,
      "data_access": false,
      "effective_action": "network-firewall:UpdateRuleGroup",
      "privesc": false,
      "resource_exposure": false
    },
    {
      "access_level": "Write",
      "action": "network-firewall:UpdateSubnetChangeProtection",
      "condition": null,
      "credentials_exposure": false,
      "data_access": false,
      "effective_action": "network-firewall:UpdateSubnetChangeProtection",
      "privesc": false,
      "resource_exposure": false
    },
    {
      "access_level": "Write",
      "action": "network-firewall:UpdateTLSInspectionConfiguration",
      "condition": null,
      "credentials_exposure": false,
      "data_access": false,
      "effective_action": "network-firewall:UpdateTLSInspectionConfiguration",
      "privesc": false,
      "resource_exposure": false
    },
    {
      "access_level": "List",
      "action": "ec2:DescribeRouteTables",
      "condition": null,
      "credentials_exposure": false,
      "data_access": false,
      "effective_action": "ec2:DescribeRouteTables",
      "privesc": false,
      "resource_exposure": false
    },
    {
      "access_level": "List",
      "action": "ec2:DescribeSubnets",
      "condition": null,
      "credentials_exposure": false,
      "data_access": false,
      "effective_action": "ec2:DescribeSubnets",
      "privesc": false,
      "resource_exposure": false
    },
    {
      "access_level": "List",
      "action": "ec2:DescribeVpcEndpoints",
      "condition": null,
      "credentials_exposure": false,
      "data_access": false,
      "effective_action": "ec2:DescribeVpcEndpoints",
      "privesc": false,
      "resource_exposure": false
    },
    {
      "access_level": "List",
      "action": "ec2:DescribeVpcs",
      "condition": null,
      "credentials_exposure": false,
      "data_access": false,
      "effective_action": "ec2:DescribeVpcs",
      "privesc": false,
      "resource_exposure": false
    },
    {
      "access_level": "Read",
      "action": "ec2:GetManagedPrefixListEntries",
      "condition": null,
      "credentials_exposure": false,
      "data_access": false,
      "effective_action": "ec2:GetManagedPrefixListEntries",
      "privesc": false,
      "resource_exposure": false
    },
    {
      "access_level": "Write",
      "action": "ec2:CreateVpcEndpoint",
      "condition": {
        "StringEquals": {
          "aws:RequestTag/AWSNetworkFirewallManaged": "true"
        }
      },
      "credentials_exposure": false,
      "data_access": false,
      "effective_action": "ec2:CreateVpcEndpoint",
      "privesc": false,
      "resource_exposure": false
    },
    {
      "access_level": "Write",
      "action": "ec2:DeleteVpcEndpoints",
      "condition": {
        "StringEquals": {
          "aws:ResourceTag/AWSNetworkFirewallManaged": "true"
        }
      },
      "credentials_exposure": false,
      "data_access": false,
      "effective_action": "ec2:DeleteVpcEndpoints",
      "privesc": false,
      "resource_exposure": false
    },
    {
      "access_level": "Write",
      "action": "logs:CreateLogDelivery",
      "condition": null,
      "credentials_exposure": false,
      "data_access": false,
      "effective_action": "logs:CreateLogDelivery",
      "privesc": false,
      "resource_exposure": false
    },
    {
      "access_level": "Write",
      "action": "logs:DeleteLogDelivery",
      "condition": null,
      "credentials_exposure": false,
      "data_access": false,
      "effective_action": "logs:DeleteLogDelivery",
      "privesc": false,
      "resource_exposure": false
    },
    {
      "access_level": "Read",
      "action": "logs:GetLogDelivery",
      "condition": null,
      "credentials_exposure": false,
      "data_access": false,
      "effective_action": "logs:GetLogDelivery",
      "privesc": false,
      "resource_exposure": false
    },
    {
      "access_level": "List",
      "action": "logs:ListLogDeliveries",
      "condition": null,
      "credentials_exposure": false,
      "data_access": false,
      "effective_action": "logs:ListLogDeliveries",
      "privesc": false,
      "resource_exposure": false
    },
    {
      "access_level": "Write",
      "action": "logs:UpdateLogDelivery",
      "condition": null,
      "credentials_exposure": false,
      "data_access": false,
      "effective_action": "logs:UpdateLogDelivery",
      "privesc": false,
      "resource_exposure": false
    },
    {
      "access_level": "List",
      "action": "logs:DescribeLogGroups",
      "condition": null,
      "credentials_exposure": false,
      "data_access": false,
      "effective_action": "logs:DescribeLogGroups",
      "privesc": false,
      "resource_exposure": false
    },
    {
      "access_level": "List",
      "action": "logs:DescribeResourcePolicies",
      "condition": null,
      "credentials_exposure": false,
      "data_access": false,
      "effective_action": "logs:DescribeResourcePolicies",
      "privesc": false,
      "resource_exposure": false
    },
    {
      "access_level": "Permissions management",
      "action": "logs:PutResourcePolicy",
      "condition": null,
      "credentials_exposure": false,
      "data_access": false,
      "effective_action": "logs:PutResourcePolicy",
      "privesc": false,
      "resource_exposure": true
    },
    {
      "access_level": "Read",
      "action": "s3:GetBucketPolicy",
      "condition": {
        "StringEquals": {
          "aws:ResourceAccount": "${aws:PrincipalAccount}"
        }
      },
      "credentials_exposure": false,
      "data_access": false,
      "effective_action": "s3:GetBucketPolicy",
      "privesc": false,
      "resource_exposure": false
    },
    {
      "access_level": "Permissions management",
      "action": "s3:PutBucketPolicy",
      "condition": {
        "StringEquals": {
          "aws:ResourceAccount": "${aws:PrincipalAccount}"
        }
      },
      "credentials_exposure": false,
      "data_access": false,
      "effective_action": "s3:PutBucketPolicy",
      "privesc": false,
      "resource_exposure": true
    },
    {
      "access_level": "Tagging",
      "action": "firehose:TagDeliveryStream",
      "condition": null,
      "credentials_exposure": false,
      "data_access": false,
      "effective_action": "firehose:TagDeliveryStream",
      "privesc": false,
      "resource_exposure": false
    },
    {
      "access_level": "Permissions management",
      "action": "iam:CreateServiceLinkedRole",
      "condition": {
        "StringEquals": {
          "iam:AWSServiceName": "network-firewall.amazonaws.com"
        }
      },
      "credentials_exposure": false,
      "data_access": false,
      "effective_action": "iam:CreateServiceLinkedRole",
      "privesc": true,
      "resource_exposure": true
    },
    {
      "access_level": "Permissions management",
      "action": "iam:CreateServiceLinkedRole",
      "condition": null,
      "credentials_exposure": false,
      "data_access": false,
      "effective_action": "iam:CreateServiceLinkedRole",
      "privesc": true,
      "resource_exposure": true
    }
  ],
  "grantless": false,
  "malformed": false,
  "name": "AWSNetworkFirewallFullAccess",
  "privesc": true,
  "resource_exposure": true,
  "undocumented_actions": false,
  "unknown_actions": [],
  "updatedate": "2025-06-10T21:52:06+00:00",
  "version": "v1"
}