{
  "access_levels": [
    "Write"
  ],
  "arn": "arn:aws:iam::aws:policy/aws-service-role/AWSNetworkManagerCloudWANServiceRolePolicy",
  "createdate": "2022-07-12T12:17:49Z",
  "credentials_exposure": false,
  "data_access": false,
  "deprecated": false,
  "document": {
    "Statement": [
      {
        "Action": [
          "ec2:CreateTransitGatewayRouteTableAnnouncement",
          "ec2:DeleteTransitGatewayRouteTableAnnouncement",
          "ec2:EnableTransitGatewayRouteTablePropagation",
          "ec2:DisableTransitGatewayRouteTablePropagation"
        ],
        "Effect": "Allow",
        "Resource": "*"
      }
    ],
    "Version": "2012-10-17"
  },
  "effective_actions": [
    {
      "access_level": "Write",
      "action": "ec2:CreateTransitGatewayRouteTableAnnouncement",
      "condition": null,
      "credentials_exposure": false,
      "data_access": false,
      "effective_action": "ec2:CreateTransitGatewayRouteTableAnnouncement",
      "privesc": false,
      "resource_exposure": false
    },
    {
      "access_level": "Write",
      "action": "ec2:DeleteTransitGatewayRouteTableAnnouncement",
      "condition": null,
      "credentials_exposure": false,
      "data_access": false,
      "effective_action": "ec2:DeleteTransitGatewayRouteTableAnnouncement",
      "privesc": false,
      "resource_exposure": false
    },
    {
      "access_level": "Write",
      "action": "ec2:EnableTransitGatewayRouteTablePropagation",
      "condition": null,
      "credentials_exposure": false,
      "data_access": false,
      "effective_action": "ec2:EnableTransitGatewayRouteTablePropagation",
      "privesc": false,
      "resource_exposure": false
    },
    {
      "access_level": "Write",
      "action": "ec2:DisableTransitGatewayRouteTablePropagation",
      "condition": null,
      "credentials_exposure": false,
      "data_access": false,
      "effective_action": "ec2:DisableTransitGatewayRouteTablePropagation",
      "privesc": false,
      "resource_exposure": false
    }
  ],
  "grantless": false,
  "malformed": false,
  "name": "AWSNetworkManagerCloudWANServiceRolePolicy",
  "privesc": false,
  "resource_exposure": false,
  "undocumented_actions": false,
  "unknown_actions": [],
  "updatedate": "2022-07-12T12:17:49+00:00",
  "version": "v1"
}