{
  "access_levels": [
    "List",
    "Read"
  ],
  "arn": "arn:aws:iam::aws:policy/AWSNetworkFirewallReadOnlyAccess",
  "createdate": "2025-06-10T21:52:05Z",
  "credentials_exposure": false,
  "data_access": false,
  "deprecated": false,
  "document": {
    "Statement": [
      {
        "Action": [
          "network-firewall:ListAnalysisReports",
          "network-firewall:ListFirewallPolicies",
          "network-firewall:ListFirewalls",
          "network-firewall:ListFlowOperations",
          "network-firewall:ListRuleGroups",
          "network-firewall:ListTagsForResource",
          "network-firewall:ListTLSInspectionConfigurations",
          "network-firewall:DescribeFirewall",
          "network-firewall:DescribeFirewallPolicy",
          "network-firewall:DescribeFlowOperation",
          "network-firewall:DescribeLoggingConfiguration",
          "network-firewall:DescribeResourcePolicy",
          "network-firewall:DescribeRuleGroup",
          "network-firewall:DescribeRuleGroupMetadata",
          "network-firewall:DescribeTLSInspectionConfiguration",
          "network-firewall:GetAnalysisReportResults",
          "network-firewall:ListFlowOperationResults"
        ],
        "Effect": "Allow",
        "Resource": "arn:aws:network-firewall:*:*:*"
      },
      {
        "Action": [
          "logs:GetLogDelivery",
          "logs:ListLogDeliveries"
        ],
        "Effect": "Allow",
        "Resource": "arn:aws:logs:*:*:*"
      }
    ],
    "Version": "2012-10-17"
  },
  "effective_actions": [
    {
      "access_level": "List",
      "action": "network-firewall:ListAnalysisReports",
      "condition": null,
      "credentials_exposure": false,
      "data_access": false,
      "effective_action": "network-firewall:ListAnalysisReports",
      "privesc": false,
      "resource_exposure": false
    },
    {
      "access_level": "List",
      "action": "network-firewall:ListFirewallPolicies",
      "condition": null,
      "credentials_exposure": false,
      "data_access": false,
      "effective_action": "network-firewall:ListFirewallPolicies",
      "privesc": false,
      "resource_exposure": false
    },
    {
      "access_level": "List",
      "action": "network-firewall:ListFirewalls",
      "condition": null,
      "credentials_exposure": false,
      "data_access": false,
      "effective_action": "network-firewall:ListFirewalls",
      "privesc": false,
      "resource_exposure": false
    },
    {
      "access_level": "List",
      "action": "network-firewall:ListFlowOperations",
      "condition": null,
      "credentials_exposure": false,
      "data_access": false,
      "effective_action": "network-firewall:ListFlowOperations",
      "privesc": false,
      "resource_exposure": false
    },
    {
      "access_level": "List",
      "action": "network-firewall:ListRuleGroups",
      "condition": null,
      "credentials_exposure": false,
      "data_access": false,
      "effective_action": "network-firewall:ListRuleGroups",
      "privesc": false,
      "resource_exposure": false
    },
    {
      "access_level": "List",
      "action": "network-firewall:ListTagsForResource",
      "condition": null,
      "credentials_exposure": false,
      "data_access": false,
      "effective_action": "network-firewall:ListTagsForResource",
      "privesc": false,
      "resource_exposure": false
    },
    {
      "access_level": "List",
      "action": "network-firewall:ListTLSInspectionConfigurations",
      "condition": null,
      "credentials_exposure": false,
      "data_access": false,
      "effective_action": "network-firewall:ListTLSInspectionConfigurations",
      "privesc": false,
      "resource_exposure": false
    },
    {
      "access_level": "Read",
      "action": "network-firewall:DescribeFirewall",
      "condition": null,
      "credentials_exposure": false,
      "data_access": false,
      "effective_action": "network-firewall:DescribeFirewall",
      "privesc": false,
      "resource_exposure": false
    },
    {
      "access_level": "Read",
      "action": "network-firewall:DescribeFirewallPolicy",
      "condition": null,
      "credentials_exposure": false,
      "data_access": false,
      "effective_action": "network-firewall:DescribeFirewallPolicy",
      "privesc": false,
      "resource_exposure": false
    },
    {
      "access_level": "Read",
      "action": "network-firewall:DescribeFlowOperation",
      "condition": null,
      "credentials_exposure": false,
      "data_access": false,
      "effective_action": "network-firewall:DescribeFlowOperation",
      "privesc": false,
      "resource_exposure": false
    },
    {
      "access_level": "Read",
      "action": "network-firewall:DescribeLoggingConfiguration",
      "condition": null,
      "credentials_exposure": false,
      "data_access": false,
      "effective_action": "network-firewall:DescribeLoggingConfiguration",
      "privesc": false,
      "resource_exposure": false
    },
    {
      "access_level": "Read",
      "action": "network-firewall:DescribeResourcePolicy",
      "condition": null,
      "credentials_exposure": false,
      "data_access": false,
      "effective_action": "network-firewall:DescribeResourcePolicy",
      "privesc": false,
      "resource_exposure": false
    },
    {
      "access_level": "Read",
      "action": "network-firewall:DescribeRuleGroup",
      "condition": null,
      "credentials_exposure": false,
      "data_access": false,
      "effective_action": "network-firewall:DescribeRuleGroup",
      "privesc": false,
      "resource_exposure": false
    },
    {
      "access_level": "Read",
      "action": "network-firewall:DescribeRuleGroupMetadata",
      "condition": null,
      "credentials_exposure": false,
      "data_access": false,
      "effective_action": "network-firewall:DescribeRuleGroupMetadata",
      "privesc": false,
      "resource_exposure": false
    },
    {
      "access_level": "Read",
      "action": "network-firewall:DescribeTLSInspectionConfiguration",
      "condition": null,
      "credentials_exposure": false,
      "data_access": false,
      "effective_action": "network-firewall:DescribeTLSInspectionConfiguration",
      "privesc": false,
      "resource_exposure": false
    },
    {
      "access_level": "Read",
      "action": "network-firewall:GetAnalysisReportResults",
      "condition": null,
      "credentials_exposure": false,
      "data_access": false,
      "effective_action": "network-firewall:GetAnalysisReportResults",
      "privesc": false,
      "resource_exposure": false
    },
    {
      "access_level": "Read",
      "action": "network-firewall:ListFlowOperationResults",
      "condition": null,
      "credentials_exposure": false,
      "data_access": false,
      "effective_action": "network-firewall:ListFlowOperationResults",
      "privesc": false,
      "resource_exposure": false
    },
    {
      "access_level": "Read",
      "action": "logs:GetLogDelivery",
      "condition": null,
      "credentials_exposure": false,
      "data_access": false,
      "effective_action": "logs:GetLogDelivery",
      "privesc": false,
      "resource_exposure": false
    },
    {
      "access_level": "List",
      "action": "logs:ListLogDeliveries",
      "condition": null,
      "credentials_exposure": false,
      "data_access": false,
      "effective_action": "logs:ListLogDeliveries",
      "privesc": false,
      "resource_exposure": false
    }
  ],
  "grantless": false,
  "malformed": false,
  "name": "AWSNetworkFirewallReadOnlyAccess",
  "privesc": false,
  "resource_exposure": false,
  "undocumented_actions": false,
  "unknown_actions": [],
  "updatedate": "2025-06-10T21:52:05+00:00",
  "version": "v1"
}