{
  "access_levels": [
    "List",
    "Read"
  ],
  "arn": "arn:aws:iam::aws:policy/AWSNetworkManagerReadOnlyAccess",
  "createdate": "2019-12-03T17:35:05Z",
  "credentials_exposure": false,
  "data_access": false,
  "deprecated": false,
  "document": {
    "Statement": [
      {
        "Action": [
          "networkmanager:Describe*",
          "networkmanager:Get*",
          "networkmanager:List*"
        ],
        "Effect": "Allow",
        "Resource": "*"
      }
    ],
    "Version": "2012-10-17"
  },
  "effective_actions": [
    {
      "access_level": "List",
      "action": "networkmanager:Describe*",
      "condition": null,
      "credentials_exposure": false,
      "data_access": false,
      "effective_action": "networkmanager:DescribeGlobalNetworks",
      "privesc": false,
      "resource_exposure": false
    },
    {
      "access_level": "Read",
      "action": "networkmanager:Get*",
      "condition": null,
      "credentials_exposure": false,
      "data_access": false,
      "effective_action": "networkmanager:GetConnectAttachment",
      "privesc": false,
      "resource_exposure": false
    },
    {
      "access_level": "Read",
      "action": "networkmanager:Get*",
      "condition": null,
      "credentials_exposure": false,
      "data_access": false,
      "effective_action": "networkmanager:GetConnectPeer",
      "privesc": false,
      "resource_exposure": false
    },
    {
      "access_level": "Read",
      "action": "networkmanager:Get*",
      "condition": null,
      "credentials_exposure": false,
      "data_access": false,
      "effective_action": "networkmanager:GetConnectPeerAssociations",
      "privesc": false,
      "resource_exposure": false
    },
    {
      "access_level": "List",
      "action": "networkmanager:Get*",
      "condition": null,
      "credentials_exposure": false,
      "data_access": false,
      "effective_action": "networkmanager:GetConnections",
      "privesc": false,
      "resource_exposure": false
    },
    {
      "access_level": "Read",
      "action": "networkmanager:Get*",
      "condition": null,
      "credentials_exposure": false,
      "data_access": false,
      "effective_action": "networkmanager:GetCoreNetwork",
      "privesc": false,
      "resource_exposure": false
    },
    {
      "access_level": "Read",
      "action": "networkmanager:Get*",
      "condition": null,
      "credentials_exposure": false,
      "data_access": false,
      "effective_action": "networkmanager:GetCoreNetworkChangeEvents",
      "privesc": false,
      "resource_exposure": false
    },
    {
      "access_level": "Read",
      "action": "networkmanager:Get*",
      "condition": null,
      "credentials_exposure": false,
      "data_access": false,
      "effective_action": "networkmanager:GetCoreNetworkChangeSet",
      "privesc": false,
      "resource_exposure": false
    },
    {
      "access_level": "Read",
      "action": "networkmanager:Get*",
      "condition": null,
      "credentials_exposure": false,
      "data_access": false,
      "effective_action": "networkmanager:GetCoreNetworkPolicy",
      "privesc": false,
      "resource_exposure": false
    },
    {
      "access_level": "List",
      "action": "networkmanager:Get*",
      "condition": null,
      "credentials_exposure": false,
      "data_access": false,
      "effective_action": "networkmanager:GetCustomerGatewayAssociations",
      "privesc": false,
      "resource_exposure": false
    },
    {
      "access_level": "List",
      "action": "networkmanager:Get*",
      "condition": null,
      "credentials_exposure": false,
      "data_access": false,
      "effective_action": "networkmanager:GetDevices",
      "privesc": false,
      "resource_exposure": false
    },
    {
      "access_level": "Read",
      "action": "networkmanager:Get*",
      "condition": null,
      "credentials_exposure": false,
      "data_access": false,
      "effective_action": "networkmanager:GetDirectConnectGatewayAttachment",
      "privesc": false,
      "resource_exposure": false
    },
    {
      "access_level": "List",
      "action": "networkmanager:Get*",
      "condition": null,
      "credentials_exposure": false,
      "data_access": false,
      "effective_action": "networkmanager:GetLinkAssociations",
      "privesc": false,
      "resource_exposure": false
    },
    {
      "access_level": "List",
      "action": "networkmanager:Get*",
      "condition": null,
      "credentials_exposure": false,
      "data_access": false,
      "effective_action": "networkmanager:GetLinks",
      "privesc": false,
      "resource_exposure": false
    },
    {
      "access_level": "Read",
      "action": "networkmanager:Get*",
      "condition": null,
      "credentials_exposure": false,
      "data_access": false,
      "effective_action": "networkmanager:GetNetworkResourceCounts",
      "privesc": false,
      "resource_exposure": false
    },
    {
      "access_level": "Read",
      "action": "networkmanager:Get*",
      "condition": null,
      "credentials_exposure": false,
      "data_access": false,
      "effective_action": "networkmanager:GetNetworkResourceRelationships",
      "privesc": false,
      "resource_exposure": false
    },
    {
      "access_level": "Read",
      "action": "networkmanager:Get*",
      "condition": null,
      "credentials_exposure": false,
      "data_access": false,
      "effective_action": "networkmanager:GetNetworkResources",
      "privesc": false,
      "resource_exposure": false
    },
    {
      "access_level": "Read",
      "action": "networkmanager:Get*",
      "condition": null,
      "credentials_exposure": false,
      "data_access": false,
      "effective_action": "networkmanager:GetNetworkRoutes",
      "privesc": false,
      "resource_exposure": false
    },
    {
      "access_level": "Read",
      "action": "networkmanager:Get*",
      "condition": null,
      "credentials_exposure": false,
      "data_access": false,
      "effective_action": "networkmanager:GetNetworkTelemetry",
      "privesc": false,
      "resource_exposure": false
    },
    {
      "access_level": "Read",
      "action": "networkmanager:Get*",
      "condition": null,
      "credentials_exposure": false,
      "data_access": false,
      "effective_action": "networkmanager:GetResourcePolicy",
      "privesc": false,
      "resource_exposure": false
    },
    {
      "access_level": "Read",
      "action": "networkmanager:Get*",
      "condition": null,
      "credentials_exposure": false,
      "data_access": false,
      "effective_action": "networkmanager:GetRouteAnalysis",
      "privesc": false,
      "resource_exposure": false
    },
    {
      "access_level": "Read",
      "action": "networkmanager:Get*",
      "condition": null,
      "credentials_exposure": false,
      "data_access": false,
      "effective_action": "networkmanager:GetSiteToSiteVpnAttachment",
      "privesc": false,
      "resource_exposure": false
    },
    {
      "access_level": "List",
      "action": "networkmanager:Get*",
      "condition": null,
      "credentials_exposure": false,
      "data_access": false,
      "effective_action": "networkmanager:GetSites",
      "privesc": false,
      "resource_exposure": false
    },
    {
      "access_level": "List",
      "action": "networkmanager:Get*",
      "condition": null,
      "credentials_exposure": false,
      "data_access": false,
      "effective_action": "networkmanager:GetTransitGatewayConnectPeerAssociations",
      "privesc": false,
      "resource_exposure": false
    },
    {
      "access_level": "Read",
      "action": "networkmanager:Get*",
      "condition": null,
      "credentials_exposure": false,
      "data_access": false,
      "effective_action": "networkmanager:GetTransitGatewayPeering",
      "privesc": false,
      "resource_exposure": false
    },
    {
      "access_level": "List",
      "action": "networkmanager:Get*",
      "condition": null,
      "credentials_exposure": false,
      "data_access": false,
      "effective_action": "networkmanager:GetTransitGatewayRegistrations",
      "privesc": false,
      "resource_exposure": false
    },
    {
      "access_level": "Read",
      "action": "networkmanager:Get*",
      "condition": null,
      "credentials_exposure": false,
      "data_access": false,
      "effective_action": "networkmanager:GetTransitGatewayRouteTableAttachment",
      "privesc": false,
      "resource_exposure": false
    },
    {
      "access_level": "Read",
      "action": "networkmanager:Get*",
      "condition": null,
      "credentials_exposure": false,
      "data_access": false,
      "effective_action": "networkmanager:GetVpcAttachment",
      "privesc": false,
      "resource_exposure": false
    },
    {
      "access_level": "List",
      "action": "networkmanager:List*",
      "condition": null,
      "credentials_exposure": false,
      "data_access": false,
      "effective_action": "networkmanager:ListAttachments",
      "privesc": false,
      "resource_exposure": false
    },
    {
      "access_level": "List",
      "action": "networkmanager:List*",
      "condition": null,
      "credentials_exposure": false,
      "data_access": false,
      "effective_action": "networkmanager:ListConnectPeers",
      "privesc": false,
      "resource_exposure": false
    },
    {
      "access_level": "List",
      "action": "networkmanager:List*",
      "condition": null,
      "credentials_exposure": false,
      "data_access": false,
      "effective_action": "networkmanager:ListCoreNetworkPolicyVersions",
      "privesc": false,
      "resource_exposure": false
    },
    {
      "access_level": "List",
      "action": "networkmanager:List*",
      "condition": null,
      "credentials_exposure": false,
      "data_access": false,
      "effective_action": "networkmanager:ListCoreNetworks",
      "privesc": false,
      "resource_exposure": false
    },
    {
      "access_level": "List",
      "action": "networkmanager:List*",
      "condition": null,
      "credentials_exposure": false,
      "data_access": false,
      "effective_action": "networkmanager:ListOrganizationServiceAccessStatus",
      "privesc": false,
      "resource_exposure": false
    },
    {
      "access_level": "List",
      "action": "networkmanager:List*",
      "condition": null,
      "credentials_exposure": false,
      "data_access": false,
      "effective_action": "networkmanager:ListPeerings",
      "privesc": false,
      "resource_exposure": false
    },
    {
      "access_level": "Read",
      "action": "networkmanager:List*",
      "condition": null,
      "credentials_exposure": false,
      "data_access": false,
      "effective_action": "networkmanager:ListTagsForResource",
      "privesc": false,
      "resource_exposure": false
    }
  ],
  "grantless": false,
  "malformed": false,
  "name": "AWSNetworkManagerReadOnlyAccess",
  "privesc": false,
  "resource_exposure": false,
  "undocumented_actions": false,
  "unknown_actions": [],
  "updatedate": "2019-12-03T17:35:05+00:00",
  "version": "v1"
}