{
  "access_levels": [
    "List",
    "Read",
    "Tagging",
    "Write",
    "Permissions management"
  ],
  "arn": "arn:aws:iam::aws:policy/AWSNetworkManagerFullAccess",
  "createdate": "2019-12-03T17:37:58Z",
  "credentials_exposure": false,
  "data_access": false,
  "deprecated": false,
  "document": {
    "Statement": [
      {
        "Action": [
          "networkmanager:*"
        ],
        "Effect": "Allow",
        "Resource": "*"
      },
      {
        "Action": [
          "iam:CreateServiceLinkedRole"
        ],
        "Condition": {
          "StringEquals": {
            "iam:AWSServiceName": [
              "networkmanager.amazonaws.com"
            ]
          }
        },
        "Effect": "Allow",
        "Resource": "*"
      }
    ],
    "Version": "2012-10-17"
  },
  "effective_actions": [
    {
      "access_level": "Write",
      "action": "networkmanager:*",
      "condition": null,
      "credentials_exposure": false,
      "data_access": false,
      "effective_action": "networkmanager:AcceptAttachment",
      "privesc": false,
      "resource_exposure": false
    },
    {
      "access_level": "Write",
      "action": "networkmanager:*",
      "condition": null,
      "credentials_exposure": false,
      "data_access": false,
      "effective_action": "networkmanager:AssociateConnectPeer",
      "privesc": false,
      "resource_exposure": false
    },
    {
      "access_level": "Write",
      "action": "networkmanager:*",
      "condition": null,
      "credentials_exposure": false,
      "data_access": false,
      "effective_action": "networkmanager:AssociateCustomerGateway",
      "privesc": false,
      "resource_exposure": false
    },
    {
      "access_level": "Write",
      "action": "networkmanager:*",
      "condition": null,
      "credentials_exposure": false,
      "data_access": false,
      "effective_action": "networkmanager:AssociateLink",
      "privesc": false,
      "resource_exposure": false
    },
    {
      "access_level": "Write",
      "action": "networkmanager:*",
      "condition": null,
      "credentials_exposure": false,
      "data_access": false,
      "effective_action": "networkmanager:AssociateTransitGatewayConnectPeer",
      "privesc": false,
      "resource_exposure": false
    },
    {
      "access_level": "Write",
      "action": "networkmanager:*",
      "condition": null,
      "credentials_exposure": false,
      "data_access": false,
      "effective_action": "networkmanager:CreateConnectAttachment",
      "privesc": false,
      "resource_exposure": false
    },
    {
      "access_level": "Write",
      "action": "networkmanager:*",
      "condition": null,
      "credentials_exposure": false,
      "data_access": false,
      "effective_action": "networkmanager:CreateConnectPeer",
      "privesc": false,
      "resource_exposure": false
    },
    {
      "access_level": "Write",
      "action": "networkmanager:*",
      "condition": null,
      "credentials_exposure": false,
      "data_access": false,
      "effective_action": "networkmanager:CreateConnection",
      "privesc": false,
      "resource_exposure": false
    },
    {
      "access_level": "Write",
      "action": "networkmanager:*",
      "condition": null,
      "credentials_exposure": false,
      "data_access": false,
      "effective_action": "networkmanager:CreateCoreNetwork",
      "privesc": false,
      "resource_exposure": false
    },
    {
      "access_level": "Write",
      "action": "networkmanager:*",
      "condition": null,
      "credentials_exposure": false,
      "data_access": false,
      "effective_action": "networkmanager:CreateDevice",
      "privesc": false,
      "resource_exposure": false
    },
    {
      "access_level": "Write",
      "action": "networkmanager:*",
      "condition": null,
      "credentials_exposure": false,
      "data_access": false,
      "effective_action": "networkmanager:CreateDirectConnectGatewayAttachment",
      "privesc": false,
      "resource_exposure": false
    },
    {
      "access_level": "Write",
      "action": "networkmanager:*",
      "condition": null,
      "credentials_exposure": false,
      "data_access": false,
      "effective_action": "networkmanager:CreateGlobalNetwork",
      "privesc": false,
      "resource_exposure": false
    },
    {
      "access_level": "Write",
      "action": "networkmanager:*",
      "condition": null,
      "credentials_exposure": false,
      "data_access": false,
      "effective_action": "networkmanager:CreateLink",
      "privesc": false,
      "resource_exposure": false
    },
    {
      "access_level": "Write",
      "action": "networkmanager:*",
      "condition": null,
      "credentials_exposure": false,
      "data_access": false,
      "effective_action": "networkmanager:CreateSite",
      "privesc": false,
      "resource_exposure": false
    },
    {
      "access_level": "Write",
      "action": "networkmanager:*",
      "condition": null,
      "credentials_exposure": false,
      "data_access": false,
      "effective_action": "networkmanager:CreateSiteToSiteVpnAttachment",
      "privesc": false,
      "resource_exposure": false
    },
    {
      "access_level": "Write",
      "action": "networkmanager:*",
      "condition": null,
      "credentials_exposure": false,
      "data_access": false,
      "effective_action": "networkmanager:CreateTransitGatewayPeering",
      "privesc": false,
      "resource_exposure": false
    },
    {
      "access_level": "Write",
      "action": "networkmanager:*",
      "condition": null,
      "credentials_exposure": false,
      "data_access": false,
      "effective_action": "networkmanager:CreateTransitGatewayRouteTableAttachment",
      "privesc": false,
      "resource_exposure": false
    },
    {
      "access_level": "Write",
      "action": "networkmanager:*",
      "condition": null,
      "credentials_exposure": false,
      "data_access": false,
      "effective_action": "networkmanager:CreateVpcAttachment",
      "privesc": false,
      "resource_exposure": false
    },
    {
      "access_level": "Write",
      "action": "networkmanager:*",
      "condition": null,
      "credentials_exposure": false,
      "data_access": false,
      "effective_action": "networkmanager:DeleteAttachment",
      "privesc": false,
      "resource_exposure": false
    },
    {
      "access_level": "Write",
      "action": "networkmanager:*",
      "condition": null,
      "credentials_exposure": false,
      "data_access": false,
      "effective_action": "networkmanager:DeleteConnectPeer",
      "privesc": false,
      "resource_exposure": false
    },
    {
      "access_level": "Write",
      "action": "networkmanager:*",
      "condition": null,
      "credentials_exposure": false,
      "data_access": false,
      "effective_action": "networkmanager:DeleteConnection",
      "privesc": false,
      "resource_exposure": false
    },
    {
      "access_level": "Write",
      "action": "networkmanager:*",
      "condition": null,
      "credentials_exposure": false,
      "data_access": false,
      "effective_action": "networkmanager:DeleteCoreNetwork",
      "privesc": false,
      "resource_exposure": false
    },
    {
      "access_level": "Write",
      "action": "networkmanager:*",
      "condition": null,
      "credentials_exposure": false,
      "data_access": false,
      "effective_action": "networkmanager:DeleteCoreNetworkPolicyVersion",
      "privesc": false,
      "resource_exposure": false
    },
    {
      "access_level": "Write",
      "action": "networkmanager:*",
      "condition": null,
      "credentials_exposure": false,
      "data_access": false,
      "effective_action": "networkmanager:DeleteDevice",
      "privesc": false,
      "resource_exposure": false
    },
    {
      "access_level": "Write",
      "action": "networkmanager:*",
      "condition": null,
      "credentials_exposure": false,
      "data_access": false,
      "effective_action": "networkmanager:DeleteGlobalNetwork",
      "privesc": false,
      "resource_exposure": false
    },
    {
      "access_level": "Write",
      "action": "networkmanager:*",
      "condition": null,
      "credentials_exposure": false,
      "data_access": false,
      "effective_action": "networkmanager:DeleteLink",
      "privesc": false,
      "resource_exposure": false
    },
    {
      "access_level": "Write",
      "action": "networkmanager:*",
      "condition": null,
      "credentials_exposure": false,
      "data_access": false,
      "effective_action": "networkmanager:DeletePeering",
      "privesc": false,
      "resource_exposure": false
    },
    {
      "access_level": "Write",
      "action": "networkmanager:*",
      "condition": null,
      "credentials_exposure": false,
      "data_access": false,
      "effective_action": "networkmanager:DeleteResourcePolicy",
      "privesc": false,
      "resource_exposure": false
    },
    {
      "access_level": "Write",
      "action": "networkmanager:*",
      "condition": null,
      "credentials_exposure": false,
      "data_access": false,
      "effective_action": "networkmanager:DeleteSite",
      "privesc": false,
      "resource_exposure": false
    },
    {
      "access_level": "Write",
      "action": "networkmanager:*",
      "condition": null,
      "credentials_exposure": false,
      "data_access": false,
      "effective_action": "networkmanager:DeregisterTransitGateway",
      "privesc": false,
      "resource_exposure": false
    },
    {
      "access_level": "List",
      "action": "networkmanager:*",
      "condition": null,
      "credentials_exposure": false,
      "data_access": false,
      "effective_action": "networkmanager:DescribeGlobalNetworks",
      "privesc": false,
      "resource_exposure": false
    },
    {
      "access_level": "Write",
      "action": "networkmanager:*",
      "condition": null,
      "credentials_exposure": false,
      "data_access": false,
      "effective_action": "networkmanager:DisassociateConnectPeer",
      "privesc": false,
      "resource_exposure": false
    },
    {
      "access_level": "Write",
      "action": "networkmanager:*",
      "condition": null,
      "credentials_exposure": false,
      "data_access": false,
      "effective_action": "networkmanager:DisassociateCustomerGateway",
      "privesc": false,
      "resource_exposure": false
    },
    {
      "access_level": "Write",
      "action": "networkmanager:*",
      "condition": null,
      "credentials_exposure": false,
      "data_access": false,
      "effective_action": "networkmanager:DisassociateLink",
      "privesc": false,
      "resource_exposure": false
    },
    {
      "access_level": "Write",
      "action": "networkmanager:*",
      "condition": null,
      "credentials_exposure": false,
      "data_access": false,
      "effective_action": "networkmanager:DisassociateTransitGatewayConnectPeer",
      "privesc": false,
      "resource_exposure": false
    },
    {
      "access_level": "Write",
      "action": "networkmanager:*",
      "condition": null,
      "credentials_exposure": false,
      "data_access": false,
      "effective_action": "networkmanager:ExecuteCoreNetworkChangeSet",
      "privesc": false,
      "resource_exposure": false
    },
    {
      "access_level": "Read",
      "action": "networkmanager:*",
      "condition": null,
      "credentials_exposure": false,
      "data_access": false,
      "effective_action": "networkmanager:GetConnectAttachment",
      "privesc": false,
      "resource_exposure": false
    },
    {
      "access_level": "Read",
      "action": "networkmanager:*",
      "condition": null,
      "credentials_exposure": false,
      "data_access": false,
      "effective_action": "networkmanager:GetConnectPeer",
      "privesc": false,
      "resource_exposure": false
    },
    {
      "access_level": "Read",
      "action": "networkmanager:*",
      "condition": null,
      "credentials_exposure": false,
      "data_access": false,
      "effective_action": "networkmanager:GetConnectPeerAssociations",
      "privesc": false,
      "resource_exposure": false
    },
    {
      "access_level": "List",
      "action": "networkmanager:*",
      "condition": null,
      "credentials_exposure": false,
      "data_access": false,
      "effective_action": "networkmanager:GetConnections",
      "privesc": false,
      "resource_exposure": false
    },
    {
      "access_level": "Read",
      "action": "networkmanager:*",
      "condition": null,
      "credentials_exposure": false,
      "data_access": false,
      "effective_action": "networkmanager:GetCoreNetwork",
      "privesc": false,
      "resource_exposure": false
    },
    {
      "access_level": "Read",
      "action": "networkmanager:*",
      "condition": null,
      "credentials_exposure": false,
      "data_access": false,
      "effective_action": "networkmanager:GetCoreNetworkChangeEvents",
      "privesc": false,
      "resource_exposure": false
    },
    {
      "access_level": "Read",
      "action": "networkmanager:*",
      "condition": null,
      "credentials_exposure": false,
      "data_access": false,
      "effective_action": "networkmanager:GetCoreNetworkChangeSet",
      "privesc": false,
      "resource_exposure": false
    },
    {
      "access_level": "Read",
      "action": "networkmanager:*",
      "condition": null,
      "credentials_exposure": false,
      "data_access": false,
      "effective_action": "networkmanager:GetCoreNetworkPolicy",
      "privesc": false,
      "resource_exposure": false
    },
    {
      "access_level": "List",
      "action": "networkmanager:*",
      "condition": null,
      "credentials_exposure": false,
      "data_access": false,
      "effective_action": "networkmanager:GetCustomerGatewayAssociations",
      "privesc": false,
      "resource_exposure": false
    },
    {
      "access_level": "List",
      "action": "networkmanager:*",
      "condition": null,
      "credentials_exposure": false,
      "data_access": false,
      "effective_action": "networkmanager:GetDevices",
      "privesc": false,
      "resource_exposure": false
    },
    {
      "access_level": "Read",
      "action": "networkmanager:*",
      "condition": null,
      "credentials_exposure": false,
      "data_access": false,
      "effective_action": "networkmanager:GetDirectConnectGatewayAttachment",
      "privesc": false,
      "resource_exposure": false
    },
    {
      "access_level": "List",
      "action": "networkmanager:*",
      "condition": null,
      "credentials_exposure": false,
      "data_access": false,
      "effective_action": "networkmanager:GetLinkAssociations",
      "privesc": false,
      "resource_exposure": false
    },
    {
      "access_level": "List",
      "action": "networkmanager:*",
      "condition": null,
      "credentials_exposure": false,
      "data_access": false,
      "effective_action": "networkmanager:GetLinks",
      "privesc": false,
      "resource_exposure": false
    },
    {
      "access_level": "Read",
      "action": "networkmanager:*",
      "condition": null,
      "credentials_exposure": false,
      "data_access": false,
      "effective_action": "networkmanager:GetNetworkResourceCounts",
      "privesc": false,
      "resource_exposure": false
    },
    {
      "access_level": "Read",
      "action": "networkmanager:*",
      "condition": null,
      "credentials_exposure": false,
      "data_access": false,
      "effective_action": "networkmanager:GetNetworkResourceRelationships",
      "privesc": false,
      "resource_exposure": false
    },
    {
      "access_level": "Read",
      "action": "networkmanager:*",
      "condition": null,
      "credentials_exposure": false,
      "data_access": false,
      "effective_action": "networkmanager:GetNetworkResources",
      "privesc": false,
      "resource_exposure": false
    },
    {
      "access_level": "Read",
      "action": "networkmanager:*",
      "condition": null,
      "credentials_exposure": false,
      "data_access": false,
      "effective_action": "networkmanager:GetNetworkRoutes",
      "privesc": false,
      "resource_exposure": false
    },
    {
      "access_level": "Read",
      "action": "networkmanager:*",
      "condition": null,
      "credentials_exposure": false,
      "data_access": false,
      "effective_action": "networkmanager:GetNetworkTelemetry",
      "privesc": false,
      "resource_exposure": false
    },
    {
      "access_level": "Read",
      "action": "networkmanager:*",
      "condition": null,
      "credentials_exposure": false,
      "data_access": false,
      "effective_action": "networkmanager:GetResourcePolicy",
      "privesc": false,
      "resource_exposure": false
    },
    {
      "access_level": "Read",
      "action": "networkmanager:*",
      "condition": null,
      "credentials_exposure": false,
      "data_access": false,
      "effective_action": "networkmanager:GetRouteAnalysis",
      "privesc": false,
      "resource_exposure": false
    },
    {
      "access_level": "Read",
      "action": "networkmanager:*",
      "condition": null,
      "credentials_exposure": false,
      "data_access": false,
      "effective_action": "networkmanager:GetSiteToSiteVpnAttachment",
      "privesc": false,
      "resource_exposure": false
    },
    {
      "access_level": "List",
      "action": "networkmanager:*",
      "condition": null,
      "credentials_exposure": false,
      "data_access": false,
      "effective_action": "networkmanager:GetSites",
      "privesc": false,
      "resource_exposure": false
    },
    {
      "access_level": "List",
      "action": "networkmanager:*",
      "condition": null,
      "credentials_exposure": false,
      "data_access": false,
      "effective_action": "networkmanager:GetTransitGatewayConnectPeerAssociations",
      "privesc": false,
      "resource_exposure": false
    },
    {
      "access_level": "Read",
      "action": "networkmanager:*",
      "condition": null,
      "credentials_exposure": false,
      "data_access": false,
      "effective_action": "networkmanager:GetTransitGatewayPeering",
      "privesc": false,
      "resource_exposure": false
    },
    {
      "access_level": "List",
      "action": "networkmanager:*",
      "condition": null,
      "credentials_exposure": false,
      "data_access": false,
      "effective_action": "networkmanager:GetTransitGatewayRegistrations",
      "privesc": false,
      "resource_exposure": false
    },
    {
      "access_level": "Read",
      "action": "networkmanager:*",
      "condition": null,
      "credentials_exposure": false,
      "data_access": false,
      "effective_action": "networkmanager:GetTransitGatewayRouteTableAttachment",
      "privesc": false,
      "resource_exposure": false
    },
    {
      "access_level": "Read",
      "action": "networkmanager:*",
      "condition": null,
      "credentials_exposure": false,
      "data_access": false,
      "effective_action": "networkmanager:GetVpcAttachment",
      "privesc": false,
      "resource_exposure": false
    },
    {
      "access_level": "List",
      "action": "networkmanager:*",
      "condition": null,
      "credentials_exposure": false,
      "data_access": false,
      "effective_action": "networkmanager:ListAttachments",
      "privesc": false,
      "resource_exposure": false
    },
    {
      "access_level": "List",
      "action": "networkmanager:*",
      "condition": null,
      "credentials_exposure": false,
      "data_access": false,
      "effective_action": "networkmanager:ListConnectPeers",
      "privesc": false,
      "resource_exposure": false
    },
    {
      "access_level": "List",
      "action": "networkmanager:*",
      "condition": null,
      "credentials_exposure": false,
      "data_access": false,
      "effective_action": "networkmanager:ListCoreNetworkPolicyVersions",
      "privesc": false,
      "resource_exposure": false
    },
    {
      "access_level": "List",
      "action": "networkmanager:*",
      "condition": null,
      "credentials_exposure": false,
      "data_access": false,
      "effective_action": "networkmanager:ListCoreNetworks",
      "privesc": false,
      "resource_exposure": false
    },
    {
      "access_level": "List",
      "action": "networkmanager:*",
      "condition": null,
      "credentials_exposure": false,
      "data_access": false,
      "effective_action": "networkmanager:ListOrganizationServiceAccessStatus",
      "privesc": false,
      "resource_exposure": false
    },
    {
      "access_level": "List",
      "action": "networkmanager:*",
      "condition": null,
      "credentials_exposure": false,
      "data_access": false,
      "effective_action": "networkmanager:ListPeerings",
      "privesc": false,
      "resource_exposure": false
    },
    {
      "access_level": "Read",
      "action": "networkmanager:*",
      "condition": null,
      "credentials_exposure": false,
      "data_access": false,
      "effective_action": "networkmanager:ListTagsForResource",
      "privesc": false,
      "resource_exposure": false
    },
    {
      "access_level": "Write",
      "action": "networkmanager:*",
      "condition": null,
      "credentials_exposure": false,
      "data_access": false,
      "effective_action": "networkmanager:PutCoreNetworkPolicy",
      "privesc": false,
      "resource_exposure": false
    },
    {
      "access_level": "Write",
      "action": "networkmanager:*",
      "condition": null,
      "credentials_exposure": false,
      "data_access": false,
      "effective_action": "networkmanager:PutResourcePolicy",
      "privesc": false,
      "resource_exposure": false
    },
    {
      "access_level": "Write",
      "action": "networkmanager:*",
      "condition": null,
      "credentials_exposure": false,
      "data_access": false,
      "effective_action": "networkmanager:RegisterTransitGateway",
      "privesc": false,
      "resource_exposure": false
    },
    {
      "access_level": "Write",
      "action": "networkmanager:*",
      "condition": null,
      "credentials_exposure": false,
      "data_access": false,
      "effective_action": "networkmanager:RejectAttachment",
      "privesc": false,
      "resource_exposure": false
    },
    {
      "access_level": "Write",
      "action": "networkmanager:*",
      "condition": null,
      "credentials_exposure": false,
      "data_access": false,
      "effective_action": "networkmanager:RestoreCoreNetworkPolicyVersion",
      "privesc": false,
      "resource_exposure": false
    },
    {
      "access_level": "Write",
      "action": "networkmanager:*",
      "condition": null,
      "credentials_exposure": false,
      "data_access": false,
      "effective_action": "networkmanager:StartOrganizationServiceAccessUpdate",
      "privesc": false,
      "resource_exposure": false
    },
    {
      "access_level": "Write",
      "action": "networkmanager:*",
      "condition": null,
      "credentials_exposure": false,
      "data_access": false,
      "effective_action": "networkmanager:StartRouteAnalysis",
      "privesc": false,
      "resource_exposure": false
    },
    {
      "access_level": "Tagging",
      "action": "networkmanager:*",
      "condition": null,
      "credentials_exposure": false,
      "data_access": false,
      "effective_action": "networkmanager:TagResource",
      "privesc": false,
      "resource_exposure": false
    },
    {
      "access_level": "Tagging",
      "action": "networkmanager:*",
      "condition": null,
      "credentials_exposure": false,
      "data_access": false,
      "effective_action": "networkmanager:UntagResource",
      "privesc": false,
      "resource_exposure": false
    },
    {
      "access_level": "Write",
      "action": "networkmanager:*",
      "condition": null,
      "credentials_exposure": false,
      "data_access": false,
      "effective_action": "networkmanager:UpdateConnection",
      "privesc": false,
      "resource_exposure": false
    },
    {
      "access_level": "Write",
      "action": "networkmanager:*",
      "condition": null,
      "credentials_exposure": false,
      "data_access": false,
      "effective_action": "networkmanager:UpdateCoreNetwork",
      "privesc": false,
      "resource_exposure": false
    },
    {
      "access_level": "Write",
      "action": "networkmanager:*",
      "condition": null,
      "credentials_exposure": false,
      "data_access": false,
      "effective_action": "networkmanager:UpdateDevice",
      "privesc": false,
      "resource_exposure": false
    },
    {
      "access_level": "Write",
      "action": "networkmanager:*",
      "condition": null,
      "credentials_exposure": false,
      "data_access": false,
      "effective_action": "networkmanager:UpdateDirectConnectGatewayAttachment",
      "privesc": false,
      "resource_exposure": false
    },
    {
      "access_level": "Write",
      "action": "networkmanager:*",
      "condition": null,
      "credentials_exposure": false,
      "data_access": false,
      "effective_action": "networkmanager:UpdateGlobalNetwork",
      "privesc": false,
      "resource_exposure": false
    },
    {
      "access_level": "Write",
      "action": "networkmanager:*",
      "condition": null,
      "credentials_exposure": false,
      "data_access": false,
      "effective_action": "networkmanager:UpdateLink",
      "privesc": false,
      "resource_exposure": false
    },
    {
      "access_level": "Write",
      "action": "networkmanager:*",
      "condition": null,
      "credentials_exposure": false,
      "data_access": false,
      "effective_action": "networkmanager:UpdateNetworkResourceMetadata",
      "privesc": false,
      "resource_exposure": false
    },
    {
      "access_level": "Write",
      "action": "networkmanager:*",
      "condition": null,
      "credentials_exposure": false,
      "data_access": false,
      "effective_action": "networkmanager:UpdateSite",
      "privesc": false,
      "resource_exposure": false
    },
    {
      "access_level": "Write",
      "action": "networkmanager:*",
      "condition": null,
      "credentials_exposure": false,
      "data_access": false,
      "effective_action": "networkmanager:UpdateVpcAttachment",
      "privesc": false,
      "resource_exposure": false
    },
    {
      "access_level": "Permissions management",
      "action": "iam:CreateServiceLinkedRole",
      "condition": {
        "StringEquals": {
          "iam:AWSServiceName": [
            "networkmanager.amazonaws.com"
          ]
        }
      },
      "credentials_exposure": false,
      "data_access": false,
      "effective_action": "iam:CreateServiceLinkedRole",
      "privesc": true,
      "resource_exposure": true
    }
  ],
  "grantless": false,
  "malformed": false,
  "name": "AWSNetworkManagerFullAccess",
  "privesc": true,
  "resource_exposure": true,
  "undocumented_actions": false,
  "unknown_actions": [],
  "updatedate": "2019-12-03T17:37:58+00:00",
  "version": "v1"
}