{
  "access_levels": [
    "List",
    "Read",
    "Tagging",
    "Write"
  ],
  "arn": "arn:aws:iam::aws:policy/aws-service-role/AWSNetworkFirewallServiceRolePolicy",
  "createdate": "2023-03-30T17:19:09Z",
  "credentials_exposure": false,
  "data_access": false,
  "deprecated": false,
  "document": {
    "Statement": [
      {
        "Action": [
          "ec2:DescribeSubnets",
          "ec2:DescribeVpcs",
          "ec2:CreateVpcEndpoint",
          "ec2:DescribeVpcEndpoints",
          "ec2:DescribeInstances",
          "ec2:DescribeNetworkInterfaces"
        ],
        "Effect": "Allow",
        "Resource": "*"
      },
      {
        "Action": [
          "acm:DescribeCertificate"
        ],
        "Effect": "Allow",
        "Resource": "*"
      },
      {
        "Action": [
          "resource-groups:ListGroupResources"
        ],
        "Effect": "Allow",
        "Resource": "*"
      },
      {
        "Action": [
          "tag:GetResources"
        ],
        "Condition": {
          "StringEquals": {
            "aws:CalledViaLast": "resource-groups.amazonaws.com"
          }
        },
        "Effect": "Allow",
        "Resource": "*"
      },
      {
        "Action": [
          "ec2:CreateTags"
        ],
        "Condition": {
          "StringEquals": {
            "aws:RequestTag/AWSNetworkFirewallManaged": "true",
            "ec2:CreateAction": "CreateVpcEndpoint"
          }
        },
        "Effect": "Allow",
        "Resource": "arn:aws:ec2:*:*:vpc-endpoint/*"
      },
      {
        "Action": [
          "ec2:DeleteVpcEndpoints"
        ],
        "Condition": {
          "StringEquals": {
            "aws:ResourceTag/AWSNetworkFirewallManaged": "true"
          }
        },
        "Effect": "Allow",
        "Resource": "*"
      }
    ],
    "Version": "2012-10-17"
  },
  "effective_actions": [
    {
      "access_level": "List",
      "action": "ec2:DescribeSubnets",
      "condition": null,
      "credentials_exposure": false,
      "data_access": false,
      "effective_action": "ec2:DescribeSubnets",
      "privesc": false,
      "resource_exposure": false
    },
    {
      "access_level": "List",
      "action": "ec2:DescribeVpcs",
      "condition": null,
      "credentials_exposure": false,
      "data_access": false,
      "effective_action": "ec2:DescribeVpcs",
      "privesc": false,
      "resource_exposure": false
    },
    {
      "access_level": "Write",
      "action": "ec2:CreateVpcEndpoint",
      "condition": null,
      "credentials_exposure": false,
      "data_access": false,
      "effective_action": "ec2:CreateVpcEndpoint",
      "privesc": false,
      "resource_exposure": false
    },
    {
      "access_level": "List",
      "action": "ec2:DescribeVpcEndpoints",
      "condition": null,
      "credentials_exposure": false,
      "data_access": false,
      "effective_action": "ec2:DescribeVpcEndpoints",
      "privesc": false,
      "resource_exposure": false
    },
    {
      "access_level": "List",
      "action": "ec2:DescribeInstances",
      "condition": null,
      "credentials_exposure": false,
      "data_access": false,
      "effective_action": "ec2:DescribeInstances",
      "privesc": false,
      "resource_exposure": false
    },
    {
      "access_level": "List",
      "action": "ec2:DescribeNetworkInterfaces",
      "condition": null,
      "credentials_exposure": false,
      "data_access": false,
      "effective_action": "ec2:DescribeNetworkInterfaces",
      "privesc": false,
      "resource_exposure": false
    },
    {
      "access_level": "Read",
      "action": "acm:DescribeCertificate",
      "condition": null,
      "credentials_exposure": false,
      "data_access": false,
      "effective_action": "acm:DescribeCertificate",
      "privesc": false,
      "resource_exposure": false
    },
    {
      "access_level": "List",
      "action": "resource-groups:ListGroupResources",
      "condition": null,
      "credentials_exposure": false,
      "data_access": false,
      "effective_action": "resource-groups:ListGroupResources",
      "privesc": false,
      "resource_exposure": false
    },
    {
      "access_level": "Read",
      "action": "tag:GetResources",
      "condition": {
        "StringEquals": {
          "aws:CalledViaLast": "resource-groups.amazonaws.com"
        }
      },
      "credentials_exposure": false,
      "data_access": false,
      "effective_action": "tag:GetResources",
      "privesc": false,
      "resource_exposure": false
    },
    {
      "access_level": "Tagging",
      "action": "ec2:CreateTags",
      "condition": {
        "StringEquals": {
          "aws:RequestTag/AWSNetworkFirewallManaged": "true",
          "ec2:CreateAction": "CreateVpcEndpoint"
        }
      },
      "credentials_exposure": false,
      "data_access": false,
      "effective_action": "ec2:CreateTags",
      "privesc": false,
      "resource_exposure": false
    },
    {
      "access_level": "Write",
      "action": "ec2:DeleteVpcEndpoints",
      "condition": {
        "StringEquals": {
          "aws:ResourceTag/AWSNetworkFirewallManaged": "true"
        }
      },
      "credentials_exposure": false,
      "data_access": false,
      "effective_action": "ec2:DeleteVpcEndpoints",
      "privesc": false,
      "resource_exposure": false
    }
  ],
  "grantless": false,
  "malformed": false,
  "name": "AWSNetworkFirewallServiceRolePolicy",
  "privesc": false,
  "resource_exposure": false,
  "undocumented_actions": false,
  "unknown_actions": [],
  "updatedate": "2023-03-30T17:19:09+00:00",
  "version": "v3"
}