{
  "access_levels": [
    "List",
    "Write"
  ],
  "arn": null,
  "createdate": "2019-06-18T15:56:17Z",
  "credentials_exposure": false,
  "data_access": false,
  "deprecated": true,
  "document": {
    "Statement": [
      {
        "Action": [
          "opsworks:AssignInstance",
          "opsworks:CreateLayer",
          "opsworks:DeregisterInstance",
          "opsworks:DescribeInstances",
          "opsworks:DescribeStackProvisioningParameters",
          "opsworks:DescribeStacks",
          "opsworks:UnassignInstance"
        ],
        "Effect": "Allow",
        "Resource": [
          "*"
        ]
      },
      {
        "Action": [
          "ec2:DescribeInstances"
        ],
        "Effect": "Allow",
        "Resource": [
          "*"
        ]
      }
    ],
    "Version": "2012-10-17"
  },
  "effective_actions": [
    {
      "access_level": "Write",
      "action": "opsworks:AssignInstance",
      "condition": null,
      "credentials_exposure": false,
      "data_access": false,
      "effective_action": "opsworks:AssignInstance",
      "privesc": false,
      "resource_exposure": false
    },
    {
      "access_level": "Write",
      "action": "opsworks:CreateLayer",
      "condition": null,
      "credentials_exposure": false,
      "data_access": false,
      "effective_action": "opsworks:CreateLayer",
      "privesc": false,
      "resource_exposure": false
    },
    {
      "access_level": "Write",
      "action": "opsworks:DeregisterInstance",
      "condition": null,
      "credentials_exposure": false,
      "data_access": false,
      "effective_action": "opsworks:DeregisterInstance",
      "privesc": false,
      "resource_exposure": false
    },
    {
      "access_level": "List",
      "action": "opsworks:DescribeInstances",
      "condition": null,
      "credentials_exposure": false,
      "data_access": false,
      "effective_action": "opsworks:DescribeInstances",
      "privesc": false,
      "resource_exposure": false
    },
    {
      "access_level": "List",
      "action": "opsworks:DescribeStackProvisioningParameters",
      "condition": null,
      "credentials_exposure": false,
      "data_access": false,
      "effective_action": "opsworks:DescribeStackProvisioningParameters",
      "privesc": false,
      "resource_exposure": false
    },
    {
      "access_level": "List",
      "action": "opsworks:DescribeStacks",
      "condition": null,
      "credentials_exposure": false,
      "data_access": false,
      "effective_action": "opsworks:DescribeStacks",
      "privesc": false,
      "resource_exposure": false
    },
    {
      "access_level": "Write",
      "action": "opsworks:UnassignInstance",
      "condition": null,
      "credentials_exposure": false,
      "data_access": false,
      "effective_action": "opsworks:UnassignInstance",
      "privesc": false,
      "resource_exposure": false
    },
    {
      "access_level": "List",
      "action": "ec2:DescribeInstances",
      "condition": null,
      "credentials_exposure": false,
      "data_access": false,
      "effective_action": "ec2:DescribeInstances",
      "privesc": false,
      "resource_exposure": false
    }
  ],
  "grantless": false,
  "malformed": false,
  "name": "AWSOpsWorksRegisterCLI_EC2",
  "privesc": false,
  "resource_exposure": false,
  "undocumented_actions": false,
  "unknown_actions": [],
  "updatedate": null,
  "version": "v1"
}