{
  "access_levels": [
    "List",
    "Write",
    "Permissions management"
  ],
  "arn": null,
  "createdate": "2015-02-06T18:40:49Z",
  "credentials_exposure": true,
  "data_access": false,
  "deprecated": true,
  "document": {
    "Statement": [
      {
        "Action": [
          "opsworks:AssignInstance",
          "opsworks:CreateStack",
          "opsworks:CreateLayer",
          "opsworks:DeregisterInstance",
          "opsworks:DescribeInstances",
          "opsworks:DescribeStackProvisioningParameters",
          "opsworks:DescribeStacks",
          "opsworks:UnassignInstance"
        ],
        "Effect": "Allow",
        "Resource": [
          "*"
        ]
      },
      {
        "Action": [
          "ec2:DescribeInstances"
        ],
        "Effect": "Allow",
        "Resource": [
          "*"
        ]
      },
      {
        "Action": [
          "iam:AddUserToGroup",
          "iam:CreateAccessKey",
          "iam:CreateGroup",
          "iam:CreateUser",
          "iam:ListInstanceProfiles",
          "iam:PassRole",
          "iam:PutUserPolicy"
        ],
        "Effect": "Allow",
        "Resource": [
          "*"
        ]
      }
    ],
    "Version": "2012-10-17"
  },
  "effective_actions": [
    {
      "access_level": "Write",
      "action": "opsworks:AssignInstance",
      "condition": null,
      "credentials_exposure": false,
      "data_access": false,
      "effective_action": "opsworks:AssignInstance",
      "privesc": false,
      "resource_exposure": false
    },
    {
      "access_level": "Write",
      "action": "opsworks:CreateStack",
      "condition": null,
      "credentials_exposure": false,
      "data_access": false,
      "effective_action": "opsworks:CreateStack",
      "privesc": false,
      "resource_exposure": false
    },
    {
      "access_level": "Write",
      "action": "opsworks:CreateLayer",
      "condition": null,
      "credentials_exposure": false,
      "data_access": false,
      "effective_action": "opsworks:CreateLayer",
      "privesc": false,
      "resource_exposure": false
    },
    {
      "access_level": "Write",
      "action": "opsworks:DeregisterInstance",
      "condition": null,
      "credentials_exposure": false,
      "data_access": false,
      "effective_action": "opsworks:DeregisterInstance",
      "privesc": false,
      "resource_exposure": false
    },
    {
      "access_level": "List",
      "action": "opsworks:DescribeInstances",
      "condition": null,
      "credentials_exposure": false,
      "data_access": false,
      "effective_action": "opsworks:DescribeInstances",
      "privesc": false,
      "resource_exposure": false
    },
    {
      "access_level": "List",
      "action": "opsworks:DescribeStackProvisioningParameters",
      "condition": null,
      "credentials_exposure": false,
      "data_access": false,
      "effective_action": "opsworks:DescribeStackProvisioningParameters",
      "privesc": false,
      "resource_exposure": false
    },
    {
      "access_level": "List",
      "action": "opsworks:DescribeStacks",
      "condition": null,
      "credentials_exposure": false,
      "data_access": false,
      "effective_action": "opsworks:DescribeStacks",
      "privesc": false,
      "resource_exposure": false
    },
    {
      "access_level": "Write",
      "action": "opsworks:UnassignInstance",
      "condition": null,
      "credentials_exposure": false,
      "data_access": false,
      "effective_action": "opsworks:UnassignInstance",
      "privesc": false,
      "resource_exposure": false
    },
    {
      "access_level": "List",
      "action": "ec2:DescribeInstances",
      "condition": null,
      "credentials_exposure": false,
      "data_access": false,
      "effective_action": "ec2:DescribeInstances",
      "privesc": false,
      "resource_exposure": false
    },
    {
      "access_level": "Permissions management",
      "action": "iam:AddUserToGroup",
      "condition": null,
      "credentials_exposure": false,
      "data_access": false,
      "effective_action": "iam:AddUserToGroup",
      "privesc": true,
      "resource_exposure": true
    },
    {
      "access_level": "Permissions management",
      "action": "iam:CreateAccessKey",
      "condition": null,
      "credentials_exposure": true,
      "data_access": false,
      "effective_action": "iam:CreateAccessKey",
      "privesc": true,
      "resource_exposure": true
    },
    {
      "access_level": "Permissions management",
      "action": "iam:CreateGroup",
      "condition": null,
      "credentials_exposure": false,
      "data_access": false,
      "effective_action": "iam:CreateGroup",
      "privesc": false,
      "resource_exposure": true
    },
    {
      "access_level": "Permissions management",
      "action": "iam:CreateUser",
      "condition": null,
      "credentials_exposure": false,
      "data_access": false,
      "effective_action": "iam:CreateUser",
      "privesc": false,
      "resource_exposure": true
    },
    {
      "access_level": "List",
      "action": "iam:ListInstanceProfiles",
      "condition": null,
      "credentials_exposure": false,
      "data_access": false,
      "effective_action": "iam:ListInstanceProfiles",
      "privesc": false,
      "resource_exposure": false
    },
    {
      "access_level": "Permissions management",
      "action": "iam:PassRole",
      "condition": null,
      "credentials_exposure": false,
      "data_access": false,
      "effective_action": "iam:PassRole",
      "privesc": true,
      "resource_exposure": true
    },
    {
      "access_level": "Permissions management",
      "action": "iam:PutUserPolicy",
      "condition": null,
      "credentials_exposure": false,
      "data_access": false,
      "effective_action": "iam:PutUserPolicy",
      "privesc": true,
      "resource_exposure": true
    }
  ],
  "grantless": false,
  "malformed": false,
  "name": "AWSOpsWorksRegisterCLI",
  "privesc": true,
  "resource_exposure": true,
  "undocumented_actions": false,
  "unknown_actions": [],
  "updatedate": null,
  "version": "v1"
}