{
  "access_levels": [
    "List",
    "Read",
    "Tagging",
    "Write",
    "Permissions management"
  ],
  "arn": "arn:aws:iam::aws:policy/AWSOrganizationsFullAccess",
  "createdate": "2025-04-22T20:37:06Z",
  "credentials_exposure": false,
  "data_access": false,
  "deprecated": false,
  "document": {
    "Statement": [
      {
        "Action": [
          "organizations:*"
        ],
        "Effect": "Allow",
        "Resource": "*",
        "Sid": "AWSOrganizationsFullAccess"
      },
      {
        "Action": [
          "account:PutAlternateContact",
          "account:DeleteAlternateContact",
          "account:GetAlternateContact",
          "account:GetContactInformation",
          "account:PutContactInformation",
          "account:ListRegions",
          "account:EnableRegion",
          "account:DisableRegion",
          "account:PutAccountName",
          "account:GetAccountInformation"
        ],
        "Effect": "Allow",
        "Resource": "*",
        "Sid": "AWSOrganizationsFullAccessAccount"
      },
      {
        "Action": [
          "iam:CreateServiceLinkedRole"
        ],
        "Condition": {
          "StringEquals": {
            "iam:AWSServiceName": "organizations.amazonaws.com"
          }
        },
        "Effect": "Allow",
        "Resource": "*",
        "Sid": "AWSOrganizationsFullAccessCreateSLR"
      }
    ],
    "Version": "2012-10-17"
  },
  "effective_actions": [
    {
      "access_level": "Write",
      "action": "organizations:*",
      "condition": null,
      "credentials_exposure": false,
      "data_access": false,
      "effective_action": "organizations:AcceptHandshake",
      "privesc": false,
      "resource_exposure": false
    },
    {
      "access_level": "Write",
      "action": "organizations:*",
      "condition": null,
      "credentials_exposure": false,
      "data_access": false,
      "effective_action": "organizations:AttachPolicy",
      "privesc": false,
      "resource_exposure": false
    },
    {
      "access_level": "Write",
      "action": "organizations:*",
      "condition": null,
      "credentials_exposure": false,
      "data_access": false,
      "effective_action": "organizations:CancelHandshake",
      "privesc": false,
      "resource_exposure": false
    },
    {
      "access_level": "Write",
      "action": "organizations:*",
      "condition": null,
      "credentials_exposure": false,
      "data_access": false,
      "effective_action": "organizations:CloseAccount",
      "privesc": false,
      "resource_exposure": false
    },
    {
      "access_level": "Write",
      "action": "organizations:*",
      "condition": null,
      "credentials_exposure": false,
      "data_access": false,
      "effective_action": "organizations:CreateAccount",
      "privesc": false,
      "resource_exposure": false
    },
    {
      "access_level": "Write",
      "action": "organizations:*",
      "condition": null,
      "credentials_exposure": false,
      "data_access": false,
      "effective_action": "organizations:CreateGovCloudAccount",
      "privesc": false,
      "resource_exposure": false
    },
    {
      "access_level": "Write",
      "action": "organizations:*",
      "condition": null,
      "credentials_exposure": false,
      "data_access": false,
      "effective_action": "organizations:CreateOrganization",
      "privesc": false,
      "resource_exposure": false
    },
    {
      "access_level": "Write",
      "action": "organizations:*",
      "condition": null,
      "credentials_exposure": false,
      "data_access": false,
      "effective_action": "organizations:CreateOrganizationalUnit",
      "privesc": false,
      "resource_exposure": false
    },
    {
      "access_level": "Write",
      "action": "organizations:*",
      "condition": null,
      "credentials_exposure": false,
      "data_access": false,
      "effective_action": "organizations:CreatePolicy",
      "privesc": false,
      "resource_exposure": false
    },
    {
      "access_level": "Write",
      "action": "organizations:*",
      "condition": null,
      "credentials_exposure": false,
      "data_access": false,
      "effective_action": "organizations:DeclineHandshake",
      "privesc": false,
      "resource_exposure": false
    },
    {
      "access_level": "Write",
      "action": "organizations:*",
      "condition": null,
      "credentials_exposure": false,
      "data_access": false,
      "effective_action": "organizations:DeleteOrganization",
      "privesc": false,
      "resource_exposure": false
    },
    {
      "access_level": "Write",
      "action": "organizations:*",
      "condition": null,
      "credentials_exposure": false,
      "data_access": false,
      "effective_action": "organizations:DeleteOrganizationalUnit",
      "privesc": false,
      "resource_exposure": false
    },
    {
      "access_level": "Write",
      "action": "organizations:*",
      "condition": null,
      "credentials_exposure": false,
      "data_access": false,
      "effective_action": "organizations:DeletePolicy",
      "privesc": false,
      "resource_exposure": false
    },
    {
      "access_level": "Write",
      "action": "organizations:*",
      "condition": null,
      "credentials_exposure": false,
      "data_access": false,
      "effective_action": "organizations:DeleteResourcePolicy",
      "privesc": false,
      "resource_exposure": false
    },
    {
      "access_level": "Write",
      "action": "organizations:*",
      "condition": null,
      "credentials_exposure": false,
      "data_access": false,
      "effective_action": "organizations:DeregisterDelegatedAdministrator",
      "privesc": false,
      "resource_exposure": false
    },
    {
      "access_level": "Read",
      "action": "organizations:*",
      "condition": null,
      "credentials_exposure": false,
      "data_access": false,
      "effective_action": "organizations:DescribeAccount",
      "privesc": false,
      "resource_exposure": false
    },
    {
      "access_level": "Read",
      "action": "organizations:*",
      "condition": null,
      "credentials_exposure": false,
      "data_access": false,
      "effective_action": "organizations:DescribeCreateAccountStatus",
      "privesc": false,
      "resource_exposure": false
    },
    {
      "access_level": "Read",
      "action": "organizations:*",
      "condition": null,
      "credentials_exposure": false,
      "data_access": false,
      "effective_action": "organizations:DescribeEffectivePolicy",
      "privesc": false,
      "resource_exposure": false
    },
    {
      "access_level": "Read",
      "action": "organizations:*",
      "condition": null,
      "credentials_exposure": false,
      "data_access": false,
      "effective_action": "organizations:DescribeHandshake",
      "privesc": false,
      "resource_exposure": false
    },
    {
      "access_level": "Read",
      "action": "organizations:*",
      "condition": null,
      "credentials_exposure": false,
      "data_access": false,
      "effective_action": "organizations:DescribeOrganization",
      "privesc": false,
      "resource_exposure": false
    },
    {
      "access_level": "Read",
      "action": "organizations:*",
      "condition": null,
      "credentials_exposure": false,
      "data_access": false,
      "effective_action": "organizations:DescribeOrganizationalUnit",
      "privesc": false,
      "resource_exposure": false
    },
    {
      "access_level": "Read",
      "action": "organizations:*",
      "condition": null,
      "credentials_exposure": false,
      "data_access": false,
      "effective_action": "organizations:DescribePolicy",
      "privesc": false,
      "resource_exposure": false
    },
    {
      "access_level": "Read",
      "action": "organizations:*",
      "condition": null,
      "credentials_exposure": false,
      "data_access": false,
      "effective_action": "organizations:DescribeResourcePolicy",
      "privesc": false,
      "resource_exposure": false
    },
    {
      "access_level": "Write",
      "action": "organizations:*",
      "condition": null,
      "credentials_exposure": false,
      "data_access": false,
      "effective_action": "organizations:DetachPolicy",
      "privesc": false,
      "resource_exposure": false
    },
    {
      "access_level": "Write",
      "action": "organizations:*",
      "condition": null,
      "credentials_exposure": false,
      "data_access": false,
      "effective_action": "organizations:DisableAWSServiceAccess",
      "privesc": false,
      "resource_exposure": false
    },
    {
      "access_level": "Write",
      "action": "organizations:*",
      "condition": null,
      "credentials_exposure": false,
      "data_access": false,
      "effective_action": "organizations:DisablePolicyType",
      "privesc": false,
      "resource_exposure": false
    },
    {
      "access_level": "Write",
      "action": "organizations:*",
      "condition": null,
      "credentials_exposure": false,
      "data_access": false,
      "effective_action": "organizations:EnableAWSServiceAccess",
      "privesc": false,
      "resource_exposure": false
    },
    {
      "access_level": "Write",
      "action": "organizations:*",
      "condition": null,
      "credentials_exposure": false,
      "data_access": false,
      "effective_action": "organizations:EnableAllFeatures",
      "privesc": false,
      "resource_exposure": false
    },
    {
      "access_level": "Write",
      "action": "organizations:*",
      "condition": null,
      "credentials_exposure": false,
      "data_access": false,
      "effective_action": "organizations:EnablePolicyType",
      "privesc": false,
      "resource_exposure": false
    },
    {
      "access_level": "Write",
      "action": "organizations:*",
      "condition": null,
      "credentials_exposure": false,
      "data_access": false,
      "effective_action": "organizations:InviteAccountToOrganization",
      "privesc": false,
      "resource_exposure": false
    },
    {
      "access_level": "Write",
      "action": "organizations:*",
      "condition": null,
      "credentials_exposure": false,
      "data_access": false,
      "effective_action": "organizations:LeaveOrganization",
      "privesc": false,
      "resource_exposure": false
    },
    {
      "access_level": "List",
      "action": "organizations:*",
      "condition": null,
      "credentials_exposure": false,
      "data_access": false,
      "effective_action": "organizations:ListAWSServiceAccessForOrganization",
      "privesc": false,
      "resource_exposure": false
    },
    {
      "access_level": "List",
      "action": "organizations:*",
      "condition": null,
      "credentials_exposure": false,
      "data_access": false,
      "effective_action": "organizations:ListAccounts",
      "privesc": false,
      "resource_exposure": false
    },
    {
      "access_level": "List",
      "action": "organizations:*",
      "condition": null,
      "credentials_exposure": false,
      "data_access": false,
      "effective_action": "organizations:ListAccountsForParent",
      "privesc": false,
      "resource_exposure": false
    },
    {
      "access_level": "List",
      "action": "organizations:*",
      "condition": null,
      "credentials_exposure": false,
      "data_access": false,
      "effective_action": "organizations:ListAccountsWithInvalidEffectivePolicy",
      "privesc": false,
      "resource_exposure": false
    },
    {
      "access_level": "List",
      "action": "organizations:*",
      "condition": null,
      "credentials_exposure": false,
      "data_access": false,
      "effective_action": "organizations:ListChildren",
      "privesc": false,
      "resource_exposure": false
    },
    {
      "access_level": "List",
      "action": "organizations:*",
      "condition": null,
      "credentials_exposure": false,
      "data_access": false,
      "effective_action": "organizations:ListCreateAccountStatus",
      "privesc": false,
      "resource_exposure": false
    },
    {
      "access_level": "List",
      "action": "organizations:*",
      "condition": null,
      "credentials_exposure": false,
      "data_access": false,
      "effective_action": "organizations:ListDelegatedAdministrators",
      "privesc": false,
      "resource_exposure": false
    },
    {
      "access_level": "List",
      "action": "organizations:*",
      "condition": null,
      "credentials_exposure": false,
      "data_access": false,
      "effective_action": "organizations:ListDelegatedServicesForAccount",
      "privesc": false,
      "resource_exposure": false
    },
    {
      "access_level": "List",
      "action": "organizations:*",
      "condition": null,
      "credentials_exposure": false,
      "data_access": false,
      "effective_action": "organizations:ListEffectivePolicyValidationErrors",
      "privesc": false,
      "resource_exposure": false
    },
    {
      "access_level": "List",
      "action": "organizations:*",
      "condition": null,
      "credentials_exposure": false,
      "data_access": false,
      "effective_action": "organizations:ListHandshakesForAccount",
      "privesc": false,
      "resource_exposure": false
    },
    {
      "access_level": "List",
      "action": "organizations:*",
      "condition": null,
      "credentials_exposure": false,
      "data_access": false,
      "effective_action": "organizations:ListHandshakesForOrganization",
      "privesc": false,
      "resource_exposure": false
    },
    {
      "access_level": "List",
      "action": "organizations:*",
      "condition": null,
      "credentials_exposure": false,
      "data_access": false,
      "effective_action": "organizations:ListOrganizationalUnitsForParent",
      "privesc": false,
      "resource_exposure": false
    },
    {
      "access_level": "List",
      "action": "organizations:*",
      "condition": null,
      "credentials_exposure": false,
      "data_access": false,
      "effective_action": "organizations:ListParents",
      "privesc": false,
      "resource_exposure": false
    },
    {
      "access_level": "List",
      "action": "organizations:*",
      "condition": null,
      "credentials_exposure": false,
      "data_access": false,
      "effective_action": "organizations:ListPolicies",
      "privesc": false,
      "resource_exposure": false
    },
    {
      "access_level": "List",
      "action": "organizations:*",
      "condition": null,
      "credentials_exposure": false,
      "data_access": false,
      "effective_action": "organizations:ListPoliciesForTarget",
      "privesc": false,
      "resource_exposure": false
    },
    {
      "access_level": "List",
      "action": "organizations:*",
      "condition": null,
      "credentials_exposure": false,
      "data_access": false,
      "effective_action": "organizations:ListRoots",
      "privesc": false,
      "resource_exposure": false
    },
    {
      "access_level": "List",
      "action": "organizations:*",
      "condition": null,
      "credentials_exposure": false,
      "data_access": false,
      "effective_action": "organizations:ListTagsForResource",
      "privesc": false,
      "resource_exposure": false
    },
    {
      "access_level": "List",
      "action": "organizations:*",
      "condition": null,
      "credentials_exposure": false,
      "data_access": false,
      "effective_action": "organizations:ListTargetsForPolicy",
      "privesc": false,
      "resource_exposure": false
    },
    {
      "access_level": "Write",
      "action": "organizations:*",
      "condition": null,
      "credentials_exposure": false,
      "data_access": false,
      "effective_action": "organizations:MoveAccount",
      "privesc": false,
      "resource_exposure": false
    },
    {
      "access_level": "Write",
      "action": "organizations:*",
      "condition": null,
      "credentials_exposure": false,
      "data_access": false,
      "effective_action": "organizations:PutResourcePolicy",
      "privesc": false,
      "resource_exposure": false
    },
    {
      "access_level": "Write",
      "action": "organizations:*",
      "condition": null,
      "credentials_exposure": false,
      "data_access": false,
      "effective_action": "organizations:RegisterDelegatedAdministrator",
      "privesc": false,
      "resource_exposure": false
    },
    {
      "access_level": "Write",
      "action": "organizations:*",
      "condition": null,
      "credentials_exposure": false,
      "data_access": false,
      "effective_action": "organizations:RemoveAccountFromOrganization",
      "privesc": false,
      "resource_exposure": false
    },
    {
      "access_level": "Tagging",
      "action": "organizations:*",
      "condition": null,
      "credentials_exposure": false,
      "data_access": false,
      "effective_action": "organizations:TagResource",
      "privesc": false,
      "resource_exposure": false
    },
    {
      "access_level": "Tagging",
      "action": "organizations:*",
      "condition": null,
      "credentials_exposure": false,
      "data_access": false,
      "effective_action": "organizations:UntagResource",
      "privesc": false,
      "resource_exposure": false
    },
    {
      "access_level": "Write",
      "action": "organizations:*",
      "condition": null,
      "credentials_exposure": false,
      "data_access": false,
      "effective_action": "organizations:UpdateOrganizationalUnit",
      "privesc": false,
      "resource_exposure": false
    },
    {
      "access_level": "Write",
      "action": "organizations:*",
      "condition": null,
      "credentials_exposure": false,
      "data_access": false,
      "effective_action": "organizations:UpdatePolicy",
      "privesc": false,
      "resource_exposure": false
    },
    {
      "access_level": "Write",
      "action": "account:PutAlternateContact",
      "condition": null,
      "credentials_exposure": false,
      "data_access": false,
      "effective_action": "account:PutAlternateContact",
      "privesc": false,
      "resource_exposure": false
    },
    {
      "access_level": "Write",
      "action": "account:DeleteAlternateContact",
      "condition": null,
      "credentials_exposure": false,
      "data_access": false,
      "effective_action": "account:DeleteAlternateContact",
      "privesc": false,
      "resource_exposure": false
    },
    {
      "access_level": "Read",
      "action": "account:GetAlternateContact",
      "condition": null,
      "credentials_exposure": false,
      "data_access": false,
      "effective_action": "account:GetAlternateContact",
      "privesc": false,
      "resource_exposure": false
    },
    {
      "access_level": "Read",
      "action": "account:GetContactInformation",
      "condition": null,
      "credentials_exposure": false,
      "data_access": false,
      "effective_action": "account:GetContactInformation",
      "privesc": false,
      "resource_exposure": false
    },
    {
      "access_level": "Write",
      "action": "account:PutContactInformation",
      "condition": null,
      "credentials_exposure": false,
      "data_access": false,
      "effective_action": "account:PutContactInformation",
      "privesc": false,
      "resource_exposure": false
    },
    {
      "access_level": "List",
      "action": "account:ListRegions",
      "condition": null,
      "credentials_exposure": false,
      "data_access": false,
      "effective_action": "account:ListRegions",
      "privesc": false,
      "resource_exposure": false
    },
    {
      "access_level": "Write",
      "action": "account:EnableRegion",
      "condition": null,
      "credentials_exposure": false,
      "data_access": false,
      "effective_action": "account:EnableRegion",
      "privesc": false,
      "resource_exposure": false
    },
    {
      "access_level": "Write",
      "action": "account:DisableRegion",
      "condition": null,
      "credentials_exposure": false,
      "data_access": false,
      "effective_action": "account:DisableRegion",
      "privesc": false,
      "resource_exposure": false
    },
    {
      "access_level": "Write",
      "action": "account:PutAccountName",
      "condition": null,
      "credentials_exposure": false,
      "data_access": false,
      "effective_action": "account:PutAccountName",
      "privesc": false,
      "resource_exposure": false
    },
    {
      "access_level": "Read",
      "action": "account:GetAccountInformation",
      "condition": null,
      "credentials_exposure": false,
      "data_access": false,
      "effective_action": "account:GetAccountInformation",
      "privesc": false,
      "resource_exposure": false
    },
    {
      "access_level": "Permissions management",
      "action": "iam:CreateServiceLinkedRole",
      "condition": {
        "StringEquals": {
          "iam:AWSServiceName": "organizations.amazonaws.com"
        }
      },
      "credentials_exposure": false,
      "data_access": false,
      "effective_action": "iam:CreateServiceLinkedRole",
      "privesc": true,
      "resource_exposure": true
    }
  ],
  "grantless": false,
  "malformed": false,
  "name": "AWSOrganizationsFullAccess",
  "privesc": true,
  "resource_exposure": true,
  "undocumented_actions": false,
  "unknown_actions": [],
  "updatedate": "2025-04-22T20:37:06+00:00",
  "version": "v7"
}