{
  "access_levels": [
    "List",
    "Read",
    "Write",
    "Permissions management"
  ],
  "arn": "arn:aws:iam::aws:policy/aws-service-role/AWSObservabilityAdminServiceRolePolicy",
  "createdate": "2024-11-27T19:36:07Z",
  "credentials_exposure": false,
  "data_access": false,
  "deprecated": false,
  "document": {
    "Statement": [
      {
        "Action": [
          "organizations:ListAccounts",
          "organizations:ListAccountsForParent",
          "organizations:ListChildren",
          "organizations:ListParents",
          "organizations:DescribeOrganization",
          "organizations:DescribeOrganizationalUnit"
        ],
        "Effect": "Allow",
        "Resource": "*"
      },
      {
        "Action": [
          "config:PutServiceLinkedConfigurationRecorder",
          "config:DeleteServiceLinkedConfigurationRecorder"
        ],
        "Effect": "Allow",
        "Resource": [
          "arn:aws:config:*:*:configuration-recorder/AWSConfigurationRecorderForObservabilityAdmin/*"
        ]
      },
      {
        "Action": [
          "config:PutConfigurationAggregator",
          "config:DeleteConfigurationAggregator",
          "config:SelectAggregateResourceConfig"
        ],
        "Effect": "Allow",
        "Resource": [
          "arn:aws:config:*:*:config-aggregator/aws-service-config-aggregator/observabilityadmin.amazonaws.com/*"
        ]
      },
      {
        "Action": [
          "iam:CreateServiceLinkedRole"
        ],
        "Condition": {
          "StringEquals": {
            "iam:AWSServiceName": [
              "config.amazonaws.com"
            ]
          }
        },
        "Effect": "Allow",
        "Resource": [
          "arn:aws:iam::*:role/aws-service-role/config.amazonaws.com/AWSServiceRoleForConfig"
        ]
      },
      {
        "Action": [
          "iam:PassRole"
        ],
        "Condition": {
          "StringEquals": {
            "iam:PassedToService": [
              "config.amazonaws.com"
            ]
          }
        },
        "Effect": "Allow",
        "Resource": [
          "arn:aws:iam::*:role/aws-service-role/config.amazonaws.com/AWSServiceRoleForConfig"
        ]
      },
      {
        "Action": [
          "organizations:EnableAWSServiceAccess"
        ],
        "Condition": {
          "StringEquals": {
            "organizations:ServicePrincipal": [
              "config.amazonaws.com"
            ]
          }
        },
        "Effect": "Allow",
        "Resource": "*"
      },
      {
        "Action": [
          "organizations:ListDelegatedAdministrators"
        ],
        "Condition": {
          "StringEquals": {
            "organizations:ServicePrincipal": [
              "observabilityadmin.amazonaws.com",
              "config.amazonaws.com"
            ]
          }
        },
        "Effect": "Allow",
        "Resource": "*"
      }
    ],
    "Version": "2012-10-17"
  },
  "effective_actions": [
    {
      "access_level": "List",
      "action": "organizations:ListAccounts",
      "condition": null,
      "credentials_exposure": false,
      "data_access": false,
      "effective_action": "organizations:ListAccounts",
      "privesc": false,
      "resource_exposure": false
    },
    {
      "access_level": "List",
      "action": "organizations:ListAccountsForParent",
      "condition": null,
      "credentials_exposure": false,
      "data_access": false,
      "effective_action": "organizations:ListAccountsForParent",
      "privesc": false,
      "resource_exposure": false
    },
    {
      "access_level": "List",
      "action": "organizations:ListChildren",
      "condition": null,
      "credentials_exposure": false,
      "data_access": false,
      "effective_action": "organizations:ListChildren",
      "privesc": false,
      "resource_exposure": false
    },
    {
      "access_level": "List",
      "action": "organizations:ListParents",
      "condition": null,
      "credentials_exposure": false,
      "data_access": false,
      "effective_action": "organizations:ListParents",
      "privesc": false,
      "resource_exposure": false
    },
    {
      "access_level": "Read",
      "action": "organizations:DescribeOrganization",
      "condition": null,
      "credentials_exposure": false,
      "data_access": false,
      "effective_action": "organizations:DescribeOrganization",
      "privesc": false,
      "resource_exposure": false
    },
    {
      "access_level": "Read",
      "action": "organizations:DescribeOrganizationalUnit",
      "condition": null,
      "credentials_exposure": false,
      "data_access": false,
      "effective_action": "organizations:DescribeOrganizationalUnit",
      "privesc": false,
      "resource_exposure": false
    },
    {
      "access_level": "Write",
      "action": "config:PutServiceLinkedConfigurationRecorder",
      "condition": null,
      "credentials_exposure": false,
      "data_access": false,
      "effective_action": "config:PutServiceLinkedConfigurationRecorder",
      "privesc": false,
      "resource_exposure": false
    },
    {
      "access_level": "Write",
      "action": "config:DeleteServiceLinkedConfigurationRecorder",
      "condition": null,
      "credentials_exposure": false,
      "data_access": false,
      "effective_action": "config:DeleteServiceLinkedConfigurationRecorder",
      "privesc": false,
      "resource_exposure": false
    },
    {
      "access_level": "Write",
      "action": "config:PutConfigurationAggregator",
      "condition": null,
      "credentials_exposure": false,
      "data_access": false,
      "effective_action": "config:PutConfigurationAggregator",
      "privesc": false,
      "resource_exposure": false
    },
    {
      "access_level": "Write",
      "action": "config:DeleteConfigurationAggregator",
      "condition": null,
      "credentials_exposure": false,
      "data_access": false,
      "effective_action": "config:DeleteConfigurationAggregator",
      "privesc": false,
      "resource_exposure": false
    },
    {
      "access_level": "Read",
      "action": "config:SelectAggregateResourceConfig",
      "condition": null,
      "credentials_exposure": false,
      "data_access": false,
      "effective_action": "config:SelectAggregateResourceConfig",
      "privesc": false,
      "resource_exposure": false
    },
    {
      "access_level": "Permissions management",
      "action": "iam:CreateServiceLinkedRole",
      "condition": {
        "StringEquals": {
          "iam:AWSServiceName": [
            "config.amazonaws.com"
          ]
        }
      },
      "credentials_exposure": false,
      "data_access": false,
      "effective_action": "iam:CreateServiceLinkedRole",
      "privesc": true,
      "resource_exposure": true
    },
    {
      "access_level": "Permissions management",
      "action": "iam:PassRole",
      "condition": {
        "StringEquals": {
          "iam:PassedToService": [
            "config.amazonaws.com"
          ]
        }
      },
      "credentials_exposure": false,
      "data_access": false,
      "effective_action": "iam:PassRole",
      "privesc": true,
      "resource_exposure": true
    },
    {
      "access_level": "Write",
      "action": "organizations:EnableAWSServiceAccess",
      "condition": {
        "StringEquals": {
          "organizations:ServicePrincipal": [
            "config.amazonaws.com"
          ]
        }
      },
      "credentials_exposure": false,
      "data_access": false,
      "effective_action": "organizations:EnableAWSServiceAccess",
      "privesc": false,
      "resource_exposure": false
    },
    {
      "access_level": "List",
      "action": "organizations:ListDelegatedAdministrators",
      "condition": {
        "StringEquals": {
          "organizations:ServicePrincipal": [
            "observabilityadmin.amazonaws.com",
            "config.amazonaws.com"
          ]
        }
      },
      "credentials_exposure": false,
      "data_access": false,
      "effective_action": "organizations:ListDelegatedAdministrators",
      "privesc": false,
      "resource_exposure": false
    }
  ],
  "grantless": false,
  "malformed": false,
  "name": "AWSObservabilityAdminServiceRolePolicy",
  "privesc": true,
  "resource_exposure": true,
  "undocumented_actions": false,
  "unknown_actions": [],
  "updatedate": "2024-11-27T19:36:07+00:00",
  "version": "v1"
}