{
  "access_levels": [
    "List",
    "Read",
    "Write"
  ],
  "arn": null,
  "createdate": "2021-04-23T17:34:03Z",
  "credentials_exposure": false,
  "data_access": true,
  "deprecated": true,
  "document": {
    "Statement": [
      {
        "Action": [
          "cloudformation:DescribeStackResource",
          "cloudformation:SignalResource"
        ],
        "Effect": "Allow",
        "Resource": [
          "*"
        ]
      },
      {
        "Action": [
          "s3:AbortMultipartUpload",
          "s3:DeleteObject",
          "s3:GetObject",
          "s3:ListAllMyBuckets",
          "s3:ListBucket",
          "s3:ListMultipartUploadParts",
          "s3:PutObject"
        ],
        "Effect": "Allow",
        "Resource": "arn:aws:s3:::aws-opsworks-cm-*"
      },
      {
        "Action": [
          "acm:GetCertificate"
        ],
        "Effect": "Allow",
        "Resource": "*"
      },
      {
        "Action": [
          "secretsmanager:GetSecretValue"
        ],
        "Effect": "Allow",
        "Resource": "arn:aws:secretsmanager:*:*:opsworks-cm!aws-opsworks-cm-secrets-*"
      }
    ],
    "Version": "2012-10-17"
  },
  "effective_actions": [
    {
      "access_level": "Read",
      "action": "cloudformation:DescribeStackResource",
      "condition": null,
      "credentials_exposure": false,
      "data_access": false,
      "effective_action": "cloudformation:DescribeStackResource",
      "privesc": false,
      "resource_exposure": false
    },
    {
      "access_level": "Write",
      "action": "cloudformation:SignalResource",
      "condition": null,
      "credentials_exposure": false,
      "data_access": false,
      "effective_action": "cloudformation:SignalResource",
      "privesc": false,
      "resource_exposure": false
    },
    {
      "access_level": "Write",
      "action": "s3:AbortMultipartUpload",
      "condition": null,
      "credentials_exposure": false,
      "data_access": false,
      "effective_action": "s3:AbortMultipartUpload",
      "privesc": false,
      "resource_exposure": false
    },
    {
      "access_level": "Write",
      "action": "s3:DeleteObject",
      "condition": null,
      "credentials_exposure": false,
      "data_access": false,
      "effective_action": "s3:DeleteObject",
      "privesc": false,
      "resource_exposure": false
    },
    {
      "access_level": "Read",
      "action": "s3:GetObject",
      "condition": null,
      "credentials_exposure": false,
      "data_access": true,
      "effective_action": "s3:GetObject",
      "privesc": false,
      "resource_exposure": false
    },
    {
      "access_level": "List",
      "action": "s3:ListAllMyBuckets",
      "condition": null,
      "credentials_exposure": false,
      "data_access": false,
      "effective_action": "s3:ListAllMyBuckets",
      "privesc": false,
      "resource_exposure": false
    },
    {
      "access_level": "List",
      "action": "s3:ListBucket",
      "condition": null,
      "credentials_exposure": false,
      "data_access": false,
      "effective_action": "s3:ListBucket",
      "privesc": false,
      "resource_exposure": false
    },
    {
      "access_level": "List",
      "action": "s3:ListMultipartUploadParts",
      "condition": null,
      "credentials_exposure": false,
      "data_access": false,
      "effective_action": "s3:ListMultipartUploadParts",
      "privesc": false,
      "resource_exposure": false
    },
    {
      "access_level": "Write",
      "action": "s3:PutObject",
      "condition": null,
      "credentials_exposure": false,
      "data_access": false,
      "effective_action": "s3:PutObject",
      "privesc": false,
      "resource_exposure": false
    },
    {
      "access_level": "Read",
      "action": "acm:GetCertificate",
      "condition": null,
      "credentials_exposure": false,
      "data_access": false,
      "effective_action": "acm:GetCertificate",
      "privesc": false,
      "resource_exposure": false
    },
    {
      "access_level": "Read",
      "action": "secretsmanager:GetSecretValue",
      "condition": null,
      "credentials_exposure": false,
      "data_access": false,
      "effective_action": "secretsmanager:GetSecretValue",
      "privesc": false,
      "resource_exposure": false
    }
  ],
  "grantless": false,
  "malformed": false,
  "name": "AWSOpsWorksCMInstanceProfileRole",
  "privesc": false,
  "resource_exposure": false,
  "undocumented_actions": false,
  "unknown_actions": [],
  "updatedate": null,
  "version": "v5"
}