{
  "access_levels": [
    "Write"
  ],
  "arn": "arn:aws:iam::aws:policy/aws-service-role/AWSObservabilityAdminLogsCentralizationServiceRolePolicy",
  "createdate": "2025-09-15T14:34:06Z",
  "credentials_exposure": false,
  "data_access": false,
  "deprecated": false,
  "document": {
    "Statement": [
      {
        "Action": [
          "logs:CreateLogGroup",
          "logs:CreateLogStream",
          "logs:PutLogEvents"
        ],
        "Effect": "Allow",
        "Resource": "*"
      },
      {
        "Action": [
          "kms:Encrypt",
          "kms:Decrypt",
          "kms:GenerateDataKey"
        ],
        "Condition": {
          "ArnLike": {
            "kms:EncryptionContext:aws:logs:arn": "arn:aws:logs:*:*:log-group:*"
          },
          "ForAnyValue:StringEquals": {
            "aws:CalledVia": [
              "logs.amazonaws.com"
            ]
          },
          "StringEquals": {
            "aws:ResourceTag/LogsManaged": "true"
          }
        },
        "Effect": "Allow",
        "Resource": "*"
      }
    ],
    "Version": "2012-10-17"
  },
  "effective_actions": [
    {
      "access_level": "Write",
      "action": "logs:CreateLogGroup",
      "condition": null,
      "credentials_exposure": false,
      "data_access": false,
      "effective_action": "logs:CreateLogGroup",
      "privesc": false,
      "resource_exposure": false
    },
    {
      "access_level": "Write",
      "action": "logs:CreateLogStream",
      "condition": null,
      "credentials_exposure": false,
      "data_access": false,
      "effective_action": "logs:CreateLogStream",
      "privesc": false,
      "resource_exposure": false
    },
    {
      "access_level": "Write",
      "action": "logs:PutLogEvents",
      "condition": null,
      "credentials_exposure": false,
      "data_access": false,
      "effective_action": "logs:PutLogEvents",
      "privesc": false,
      "resource_exposure": false
    },
    {
      "access_level": "Write",
      "action": "kms:Encrypt",
      "condition": {
        "ArnLike": {
          "kms:EncryptionContext:aws:logs:arn": "arn:aws:logs:*:*:log-group:*"
        },
        "ForAnyValue:StringEquals": {
          "aws:CalledVia": [
            "logs.amazonaws.com"
          ]
        },
        "StringEquals": {
          "aws:ResourceTag/LogsManaged": "true"
        }
      },
      "credentials_exposure": false,
      "data_access": false,
      "effective_action": "kms:Encrypt",
      "privesc": false,
      "resource_exposure": false
    },
    {
      "access_level": "Write",
      "action": "kms:Decrypt",
      "condition": {
        "ArnLike": {
          "kms:EncryptionContext:aws:logs:arn": "arn:aws:logs:*:*:log-group:*"
        },
        "ForAnyValue:StringEquals": {
          "aws:CalledVia": [
            "logs.amazonaws.com"
          ]
        },
        "StringEquals": {
          "aws:ResourceTag/LogsManaged": "true"
        }
      },
      "credentials_exposure": false,
      "data_access": false,
      "effective_action": "kms:Decrypt",
      "privesc": false,
      "resource_exposure": false
    },
    {
      "access_level": "Write",
      "action": "kms:GenerateDataKey",
      "condition": {
        "ArnLike": {
          "kms:EncryptionContext:aws:logs:arn": "arn:aws:logs:*:*:log-group:*"
        },
        "ForAnyValue:StringEquals": {
          "aws:CalledVia": [
            "logs.amazonaws.com"
          ]
        },
        "StringEquals": {
          "aws:ResourceTag/LogsManaged": "true"
        }
      },
      "credentials_exposure": false,
      "data_access": false,
      "effective_action": "kms:GenerateDataKey",
      "privesc": false,
      "resource_exposure": false
    }
  ],
  "grantless": false,
  "malformed": false,
  "name": "AWSObservabilityAdminLogsCentralizationServiceRolePolicy",
  "privesc": false,
  "resource_exposure": false,
  "undocumented_actions": false,
  "unknown_actions": [],
  "updatedate": "2025-09-15T14:34:06+00:00",
  "version": "v1"
}