{
  "access_levels": [
    "List",
    "Write"
  ],
  "arn": "arn:aws:iam::aws:policy/aws-service-role/AWSOutpostsServiceRolePolicy",
  "createdate": "2025-04-17T17:37:07Z",
  "credentials_exposure": false,
  "data_access": false,
  "deprecated": false,
  "document": {
    "Statement": [
      {
        "Action": [
          "ec2:DescribeNetworkInterfaces",
          "ec2:DescribeSecurityGroups",
          "ec2:DescribeSubnets",
          "ec2:DescribeVpcEndpoints"
        ],
        "Effect": "Allow",
        "Resource": "*",
        "Sid": "PrivateConnectivityServiceRolePolicy"
      },
      {
        "Action": [
          "ec2:CreateNetworkInterface"
        ],
        "Effect": "Allow",
        "Resource": [
          "arn:*:ec2:*:*:vpc/*",
          "arn:*:ec2:*:*:subnet/*",
          "arn:*:ec2:*:*:security-group/*"
        ],
        "Sid": "PrivateConnectivityCreateNetworkInterfacePolicy"
      },
      {
        "Action": [
          "ec2:CreateNetworkInterface"
        ],
        "Condition": {
          "ForAnyValue:StringEquals": {
            "aws:TagKeys": [
              "outposts:private-connectivity-resourceId"
            ]
          }
        },
        "Effect": "Allow",
        "Resource": [
          "arn:*:ec2:*:*:network-interface/*"
        ],
        "Sid": "PrivateConnectivityCreateNetworkInterfaceTaggingPolicy"
      },
      {
        "Action": [
          "ec2:CreateSecurityGroup"
        ],
        "Effect": "Allow",
        "Resource": [
          "arn:*:ec2:*:*:vpc/*"
        ],
        "Sid": "PrivateConnectivityCreateSecurityGroupPolicy"
      },
      {
        "Action": [
          "ec2:CreateSecurityGroup"
        ],
        "Condition": {
          "ForAnyValue:StringEquals": {
            "aws:TagKeys": [
              "outposts:private-connectivity-resourceId"
            ]
          }
        },
        "Effect": "Allow",
        "Resource": [
          "arn:*:ec2:*:*:security-group/*"
        ],
        "Sid": "PrivateConnectivityCreateSecurityGroupTaggingPolicy"
      }
    ],
    "Version": "2012-10-17"
  },
  "effective_actions": [
    {
      "access_level": "List",
      "action": "ec2:DescribeNetworkInterfaces",
      "condition": null,
      "credentials_exposure": false,
      "data_access": false,
      "effective_action": "ec2:DescribeNetworkInterfaces",
      "privesc": false,
      "resource_exposure": false
    },
    {
      "access_level": "List",
      "action": "ec2:DescribeSecurityGroups",
      "condition": null,
      "credentials_exposure": false,
      "data_access": false,
      "effective_action": "ec2:DescribeSecurityGroups",
      "privesc": false,
      "resource_exposure": false
    },
    {
      "access_level": "List",
      "action": "ec2:DescribeSubnets",
      "condition": null,
      "credentials_exposure": false,
      "data_access": false,
      "effective_action": "ec2:DescribeSubnets",
      "privesc": false,
      "resource_exposure": false
    },
    {
      "access_level": "List",
      "action": "ec2:DescribeVpcEndpoints",
      "condition": null,
      "credentials_exposure": false,
      "data_access": false,
      "effective_action": "ec2:DescribeVpcEndpoints",
      "privesc": false,
      "resource_exposure": false
    },
    {
      "access_level": "Write",
      "action": "ec2:CreateNetworkInterface",
      "condition": null,
      "credentials_exposure": false,
      "data_access": false,
      "effective_action": "ec2:CreateNetworkInterface",
      "privesc": false,
      "resource_exposure": false
    },
    {
      "access_level": "Write",
      "action": "ec2:CreateNetworkInterface",
      "condition": {
        "ForAnyValue:StringEquals": {
          "aws:TagKeys": [
            "outposts:private-connectivity-resourceId"
          ]
        }
      },
      "credentials_exposure": false,
      "data_access": false,
      "effective_action": "ec2:CreateNetworkInterface",
      "privesc": false,
      "resource_exposure": false
    },
    {
      "access_level": "Write",
      "action": "ec2:CreateSecurityGroup",
      "condition": null,
      "credentials_exposure": false,
      "data_access": false,
      "effective_action": "ec2:CreateSecurityGroup",
      "privesc": false,
      "resource_exposure": false
    },
    {
      "access_level": "Write",
      "action": "ec2:CreateSecurityGroup",
      "condition": {
        "ForAnyValue:StringEquals": {
          "aws:TagKeys": [
            "outposts:private-connectivity-resourceId"
          ]
        }
      },
      "credentials_exposure": false,
      "data_access": false,
      "effective_action": "ec2:CreateSecurityGroup",
      "privesc": false,
      "resource_exposure": false
    }
  ],
  "grantless": false,
  "malformed": false,
  "name": "AWSOutpostsServiceRolePolicy",
  "privesc": false,
  "resource_exposure": false,
  "undocumented_actions": false,
  "unknown_actions": [],
  "updatedate": "2025-04-17T17:37:07+00:00",
  "version": "v2"
}