{
  "access_levels": [
    "List",
    "Read",
    "Tagging",
    "Write",
    "Permissions management"
  ],
  "arn": null,
  "createdate": "2015-02-06T18:40:48Z",
  "credentials_exposure": false,
  "data_access": false,
  "deprecated": true,
  "document": {
    "Statement": [
      {
        "Action": [
          "opsworks:*",
          "ec2:DescribeAvailabilityZones",
          "ec2:DescribeKeyPairs",
          "ec2:DescribeSecurityGroups",
          "ec2:DescribeAccountAttributes",
          "ec2:DescribeAvailabilityZones",
          "ec2:DescribeSecurityGroups",
          "ec2:DescribeSubnets",
          "ec2:DescribeVpcs",
          "elasticloadbalancing:DescribeInstanceHealth",
          "elasticloadbalancing:DescribeLoadBalancers",
          "iam:GetRolePolicy",
          "iam:ListInstanceProfiles",
          "iam:ListRoles",
          "iam:ListUsers",
          "iam:PassRole"
        ],
        "Effect": "Allow",
        "Resource": "*"
      }
    ],
    "Version": "2012-10-17"
  },
  "effective_actions": [
    {
      "access_level": "Write",
      "action": "opsworks:*",
      "condition": null,
      "credentials_exposure": false,
      "data_access": false,
      "effective_action": "opsworks:AssignInstance",
      "privesc": false,
      "resource_exposure": false
    },
    {
      "access_level": "Write",
      "action": "opsworks:*",
      "condition": null,
      "credentials_exposure": false,
      "data_access": false,
      "effective_action": "opsworks:AssignVolume",
      "privesc": false,
      "resource_exposure": false
    },
    {
      "access_level": "Write",
      "action": "opsworks:*",
      "condition": null,
      "credentials_exposure": false,
      "data_access": false,
      "effective_action": "opsworks:AssociateElasticIp",
      "privesc": false,
      "resource_exposure": false
    },
    {
      "access_level": "Write",
      "action": "opsworks:*",
      "condition": null,
      "credentials_exposure": false,
      "data_access": false,
      "effective_action": "opsworks:AttachElasticLoadBalancer",
      "privesc": false,
      "resource_exposure": false
    },
    {
      "access_level": "Write",
      "action": "opsworks:*",
      "condition": null,
      "credentials_exposure": false,
      "data_access": false,
      "effective_action": "opsworks:CloneStack",
      "privesc": false,
      "resource_exposure": false
    },
    {
      "access_level": "Write",
      "action": "opsworks:*",
      "condition": null,
      "credentials_exposure": false,
      "data_access": false,
      "effective_action": "opsworks:CreateApp",
      "privesc": false,
      "resource_exposure": false
    },
    {
      "access_level": "Write",
      "action": "opsworks:*",
      "condition": null,
      "credentials_exposure": false,
      "data_access": false,
      "effective_action": "opsworks:CreateDeployment",
      "privesc": false,
      "resource_exposure": false
    },
    {
      "access_level": "Write",
      "action": "opsworks:*",
      "condition": null,
      "credentials_exposure": false,
      "data_access": false,
      "effective_action": "opsworks:CreateInstance",
      "privesc": false,
      "resource_exposure": false
    },
    {
      "access_level": "Write",
      "action": "opsworks:*",
      "condition": null,
      "credentials_exposure": false,
      "data_access": false,
      "effective_action": "opsworks:CreateLayer",
      "privesc": false,
      "resource_exposure": false
    },
    {
      "access_level": "Write",
      "action": "opsworks:*",
      "condition": null,
      "credentials_exposure": false,
      "data_access": false,
      "effective_action": "opsworks:CreateStack",
      "privesc": false,
      "resource_exposure": false
    },
    {
      "access_level": "Write",
      "action": "opsworks:*",
      "condition": null,
      "credentials_exposure": false,
      "data_access": false,
      "effective_action": "opsworks:CreateUserProfile",
      "privesc": false,
      "resource_exposure": false
    },
    {
      "access_level": "Write",
      "action": "opsworks:*",
      "condition": null,
      "credentials_exposure": false,
      "data_access": false,
      "effective_action": "opsworks:DeleteApp",
      "privesc": false,
      "resource_exposure": false
    },
    {
      "access_level": "Write",
      "action": "opsworks:*",
      "condition": null,
      "credentials_exposure": false,
      "data_access": false,
      "effective_action": "opsworks:DeleteInstance",
      "privesc": false,
      "resource_exposure": false
    },
    {
      "access_level": "Write",
      "action": "opsworks:*",
      "condition": null,
      "credentials_exposure": false,
      "data_access": false,
      "effective_action": "opsworks:DeleteLayer",
      "privesc": false,
      "resource_exposure": false
    },
    {
      "access_level": "Write",
      "action": "opsworks:*",
      "condition": null,
      "credentials_exposure": false,
      "data_access": false,
      "effective_action": "opsworks:DeleteStack",
      "privesc": false,
      "resource_exposure": false
    },
    {
      "access_level": "Write",
      "action": "opsworks:*",
      "condition": null,
      "credentials_exposure": false,
      "data_access": false,
      "effective_action": "opsworks:DeleteUserProfile",
      "privesc": false,
      "resource_exposure": false
    },
    {
      "access_level": "Write",
      "action": "opsworks:*",
      "condition": null,
      "credentials_exposure": false,
      "data_access": false,
      "effective_action": "opsworks:DeregisterEcsCluster",
      "privesc": false,
      "resource_exposure": false
    },
    {
      "access_level": "Write",
      "action": "opsworks:*",
      "condition": null,
      "credentials_exposure": false,
      "data_access": false,
      "effective_action": "opsworks:DeregisterElasticIp",
      "privesc": false,
      "resource_exposure": false
    },
    {
      "access_level": "Write",
      "action": "opsworks:*",
      "condition": null,
      "credentials_exposure": false,
      "data_access": false,
      "effective_action": "opsworks:DeregisterInstance",
      "privesc": false,
      "resource_exposure": false
    },
    {
      "access_level": "Write",
      "action": "opsworks:*",
      "condition": null,
      "credentials_exposure": false,
      "data_access": false,
      "effective_action": "opsworks:DeregisterRdsDbInstance",
      "privesc": false,
      "resource_exposure": false
    },
    {
      "access_level": "Write",
      "action": "opsworks:*",
      "condition": null,
      "credentials_exposure": false,
      "data_access": false,
      "effective_action": "opsworks:DeregisterVolume",
      "privesc": false,
      "resource_exposure": false
    },
    {
      "access_level": "List",
      "action": "opsworks:*",
      "condition": null,
      "credentials_exposure": false,
      "data_access": false,
      "effective_action": "opsworks:DescribeAgentVersions",
      "privesc": false,
      "resource_exposure": false
    },
    {
      "access_level": "List",
      "action": "opsworks:*",
      "condition": null,
      "credentials_exposure": false,
      "data_access": false,
      "effective_action": "opsworks:DescribeApps",
      "privesc": false,
      "resource_exposure": false
    },
    {
      "access_level": "List",
      "action": "opsworks:*",
      "condition": null,
      "credentials_exposure": false,
      "data_access": false,
      "effective_action": "opsworks:DescribeCommands",
      "privesc": false,
      "resource_exposure": false
    },
    {
      "access_level": "List",
      "action": "opsworks:*",
      "condition": null,
      "credentials_exposure": false,
      "data_access": false,
      "effective_action": "opsworks:DescribeDeployments",
      "privesc": false,
      "resource_exposure": false
    },
    {
      "access_level": "List",
      "action": "opsworks:*",
      "condition": null,
      "credentials_exposure": false,
      "data_access": false,
      "effective_action": "opsworks:DescribeEcsClusters",
      "privesc": false,
      "resource_exposure": false
    },
    {
      "access_level": "List",
      "action": "opsworks:*",
      "condition": null,
      "credentials_exposure": false,
      "data_access": false,
      "effective_action": "opsworks:DescribeElasticIps",
      "privesc": false,
      "resource_exposure": false
    },
    {
      "access_level": "List",
      "action": "opsworks:*",
      "condition": null,
      "credentials_exposure": false,
      "data_access": false,
      "effective_action": "opsworks:DescribeElasticLoadBalancers",
      "privesc": false,
      "resource_exposure": false
    },
    {
      "access_level": "List",
      "action": "opsworks:*",
      "condition": null,
      "credentials_exposure": false,
      "data_access": false,
      "effective_action": "opsworks:DescribeInstances",
      "privesc": false,
      "resource_exposure": false
    },
    {
      "access_level": "List",
      "action": "opsworks:*",
      "condition": null,
      "credentials_exposure": false,
      "data_access": false,
      "effective_action": "opsworks:DescribeLayers",
      "privesc": false,
      "resource_exposure": false
    },
    {
      "access_level": "List",
      "action": "opsworks:*",
      "condition": null,
      "credentials_exposure": false,
      "data_access": false,
      "effective_action": "opsworks:DescribeLoadBasedAutoScaling",
      "privesc": false,
      "resource_exposure": false
    },
    {
      "access_level": "List",
      "action": "opsworks:*",
      "condition": null,
      "credentials_exposure": false,
      "data_access": false,
      "effective_action": "opsworks:DescribeMyUserProfile",
      "privesc": false,
      "resource_exposure": false
    },
    {
      "access_level": "List",
      "action": "opsworks:*",
      "condition": null,
      "credentials_exposure": false,
      "data_access": false,
      "effective_action": "opsworks:DescribeOperatingSystems",
      "privesc": false,
      "resource_exposure": false
    },
    {
      "access_level": "List",
      "action": "opsworks:*",
      "condition": null,
      "credentials_exposure": false,
      "data_access": false,
      "effective_action": "opsworks:DescribePermissions",
      "privesc": false,
      "resource_exposure": false
    },
    {
      "access_level": "List",
      "action": "opsworks:*",
      "condition": null,
      "credentials_exposure": false,
      "data_access": false,
      "effective_action": "opsworks:DescribeRaidArrays",
      "privesc": false,
      "resource_exposure": false
    },
    {
      "access_level": "List",
      "action": "opsworks:*",
      "condition": null,
      "credentials_exposure": false,
      "data_access": false,
      "effective_action": "opsworks:DescribeRdsDbInstances",
      "privesc": false,
      "resource_exposure": false
    },
    {
      "access_level": "List",
      "action": "opsworks:*",
      "condition": null,
      "credentials_exposure": false,
      "data_access": false,
      "effective_action": "opsworks:DescribeServiceErrors",
      "privesc": false,
      "resource_exposure": false
    },
    {
      "access_level": "List",
      "action": "opsworks:*",
      "condition": null,
      "credentials_exposure": false,
      "data_access": false,
      "effective_action": "opsworks:DescribeStackProvisioningParameters",
      "privesc": false,
      "resource_exposure": false
    },
    {
      "access_level": "List",
      "action": "opsworks:*",
      "condition": null,
      "credentials_exposure": false,
      "data_access": false,
      "effective_action": "opsworks:DescribeStackSummary",
      "privesc": false,
      "resource_exposure": false
    },
    {
      "access_level": "List",
      "action": "opsworks:*",
      "condition": null,
      "credentials_exposure": false,
      "data_access": false,
      "effective_action": "opsworks:DescribeStacks",
      "privesc": false,
      "resource_exposure": false
    },
    {
      "access_level": "List",
      "action": "opsworks:*",
      "condition": null,
      "credentials_exposure": false,
      "data_access": false,
      "effective_action": "opsworks:DescribeTimeBasedAutoScaling",
      "privesc": false,
      "resource_exposure": false
    },
    {
      "access_level": "List",
      "action": "opsworks:*",
      "condition": null,
      "credentials_exposure": false,
      "data_access": false,
      "effective_action": "opsworks:DescribeUserProfiles",
      "privesc": false,
      "resource_exposure": false
    },
    {
      "access_level": "List",
      "action": "opsworks:*",
      "condition": null,
      "credentials_exposure": false,
      "data_access": false,
      "effective_action": "opsworks:DescribeVolumes",
      "privesc": false,
      "resource_exposure": false
    },
    {
      "access_level": "Write",
      "action": "opsworks:*",
      "condition": null,
      "credentials_exposure": false,
      "data_access": false,
      "effective_action": "opsworks:DetachElasticLoadBalancer",
      "privesc": false,
      "resource_exposure": false
    },
    {
      "access_level": "Write",
      "action": "opsworks:*",
      "condition": null,
      "credentials_exposure": false,
      "data_access": false,
      "effective_action": "opsworks:DisassociateElasticIp",
      "privesc": false,
      "resource_exposure": false
    },
    {
      "access_level": "Read",
      "action": "opsworks:*",
      "condition": null,
      "credentials_exposure": false,
      "data_access": false,
      "effective_action": "opsworks:GetHostnameSuggestion",
      "privesc": false,
      "resource_exposure": false
    },
    {
      "access_level": "Write",
      "action": "opsworks:*",
      "condition": null,
      "credentials_exposure": false,
      "data_access": false,
      "effective_action": "opsworks:GrantAccess",
      "privesc": false,
      "resource_exposure": false
    },
    {
      "access_level": "List",
      "action": "opsworks:*",
      "condition": null,
      "credentials_exposure": false,
      "data_access": false,
      "effective_action": "opsworks:ListTags",
      "privesc": false,
      "resource_exposure": false
    },
    {
      "access_level": "Write",
      "action": "opsworks:*",
      "condition": null,
      "credentials_exposure": false,
      "data_access": false,
      "effective_action": "opsworks:RebootInstance",
      "privesc": false,
      "resource_exposure": false
    },
    {
      "access_level": "Write",
      "action": "opsworks:*",
      "condition": null,
      "credentials_exposure": false,
      "data_access": false,
      "effective_action": "opsworks:RegisterEcsCluster",
      "privesc": false,
      "resource_exposure": false
    },
    {
      "access_level": "Write",
      "action": "opsworks:*",
      "condition": null,
      "credentials_exposure": false,
      "data_access": false,
      "effective_action": "opsworks:RegisterElasticIp",
      "privesc": false,
      "resource_exposure": false
    },
    {
      "access_level": "Write",
      "action": "opsworks:*",
      "condition": null,
      "credentials_exposure": false,
      "data_access": false,
      "effective_action": "opsworks:RegisterInstance",
      "privesc": false,
      "resource_exposure": false
    },
    {
      "access_level": "Write",
      "action": "opsworks:*",
      "condition": null,
      "credentials_exposure": false,
      "data_access": false,
      "effective_action": "opsworks:RegisterRdsDbInstance",
      "privesc": false,
      "resource_exposure": false
    },
    {
      "access_level": "Write",
      "action": "opsworks:*",
      "condition": null,
      "credentials_exposure": false,
      "data_access": false,
      "effective_action": "opsworks:RegisterVolume",
      "privesc": false,
      "resource_exposure": false
    },
    {
      "access_level": "Write",
      "action": "opsworks:*",
      "condition": null,
      "credentials_exposure": false,
      "data_access": false,
      "effective_action": "opsworks:SetLoadBasedAutoScaling",
      "privesc": false,
      "resource_exposure": false
    },
    {
      "access_level": "Permissions management",
      "action": "opsworks:*",
      "condition": null,
      "credentials_exposure": false,
      "data_access": false,
      "effective_action": "opsworks:SetPermission",
      "privesc": false,
      "resource_exposure": true
    },
    {
      "access_level": "Write",
      "action": "opsworks:*",
      "condition": null,
      "credentials_exposure": false,
      "data_access": false,
      "effective_action": "opsworks:SetTimeBasedAutoScaling",
      "privesc": false,
      "resource_exposure": false
    },
    {
      "access_level": "Write",
      "action": "opsworks:*",
      "condition": null,
      "credentials_exposure": false,
      "data_access": false,
      "effective_action": "opsworks:StartInstance",
      "privesc": false,
      "resource_exposure": false
    },
    {
      "access_level": "Write",
      "action": "opsworks:*",
      "condition": null,
      "credentials_exposure": false,
      "data_access": false,
      "effective_action": "opsworks:StartStack",
      "privesc": false,
      "resource_exposure": false
    },
    {
      "access_level": "Write",
      "action": "opsworks:*",
      "condition": null,
      "credentials_exposure": false,
      "data_access": false,
      "effective_action": "opsworks:StopInstance",
      "privesc": false,
      "resource_exposure": false
    },
    {
      "access_level": "Write",
      "action": "opsworks:*",
      "condition": null,
      "credentials_exposure": false,
      "data_access": false,
      "effective_action": "opsworks:StopStack",
      "privesc": false,
      "resource_exposure": false
    },
    {
      "access_level": "Tagging",
      "action": "opsworks:*",
      "condition": null,
      "credentials_exposure": false,
      "data_access": false,
      "effective_action": "opsworks:TagResource",
      "privesc": false,
      "resource_exposure": false
    },
    {
      "access_level": "Write",
      "action": "opsworks:*",
      "condition": null,
      "credentials_exposure": false,
      "data_access": false,
      "effective_action": "opsworks:UnassignInstance",
      "privesc": false,
      "resource_exposure": false
    },
    {
      "access_level": "Write",
      "action": "opsworks:*",
      "condition": null,
      "credentials_exposure": false,
      "data_access": false,
      "effective_action": "opsworks:UnassignVolume",
      "privesc": false,
      "resource_exposure": false
    },
    {
      "access_level": "Tagging",
      "action": "opsworks:*",
      "condition": null,
      "credentials_exposure": false,
      "data_access": false,
      "effective_action": "opsworks:UntagResource",
      "privesc": false,
      "resource_exposure": false
    },
    {
      "access_level": "Write",
      "action": "opsworks:*",
      "condition": null,
      "credentials_exposure": false,
      "data_access": false,
      "effective_action": "opsworks:UpdateApp",
      "privesc": false,
      "resource_exposure": false
    },
    {
      "access_level": "Write",
      "action": "opsworks:*",
      "condition": null,
      "credentials_exposure": false,
      "data_access": false,
      "effective_action": "opsworks:UpdateElasticIp",
      "privesc": false,
      "resource_exposure": false
    },
    {
      "access_level": "Write",
      "action": "opsworks:*",
      "condition": null,
      "credentials_exposure": false,
      "data_access": false,
      "effective_action": "opsworks:UpdateInstance",
      "privesc": false,
      "resource_exposure": false
    },
    {
      "access_level": "Write",
      "action": "opsworks:*",
      "condition": null,
      "credentials_exposure": false,
      "data_access": false,
      "effective_action": "opsworks:UpdateLayer",
      "privesc": false,
      "resource_exposure": false
    },
    {
      "access_level": "Write",
      "action": "opsworks:*",
      "condition": null,
      "credentials_exposure": false,
      "data_access": false,
      "effective_action": "opsworks:UpdateMyUserProfile",
      "privesc": false,
      "resource_exposure": false
    },
    {
      "access_level": "Write",
      "action": "opsworks:*",
      "condition": null,
      "credentials_exposure": false,
      "data_access": false,
      "effective_action": "opsworks:UpdateRdsDbInstance",
      "privesc": false,
      "resource_exposure": false
    },
    {
      "access_level": "Write",
      "action": "opsworks:*",
      "condition": null,
      "credentials_exposure": false,
      "data_access": false,
      "effective_action": "opsworks:UpdateStack",
      "privesc": false,
      "resource_exposure": false
    },
    {
      "access_level": "Permissions management",
      "action": "opsworks:*",
      "condition": null,
      "credentials_exposure": false,
      "data_access": false,
      "effective_action": "opsworks:UpdateUserProfile",
      "privesc": false,
      "resource_exposure": true
    },
    {
      "access_level": "Write",
      "action": "opsworks:*",
      "condition": null,
      "credentials_exposure": false,
      "data_access": false,
      "effective_action": "opsworks:UpdateVolume",
      "privesc": false,
      "resource_exposure": false
    },
    {
      "access_level": "List",
      "action": "ec2:DescribeAvailabilityZones",
      "condition": null,
      "credentials_exposure": false,
      "data_access": false,
      "effective_action": "ec2:DescribeAvailabilityZones",
      "privesc": false,
      "resource_exposure": false
    },
    {
      "access_level": "List",
      "action": "ec2:DescribeKeyPairs",
      "condition": null,
      "credentials_exposure": false,
      "data_access": false,
      "effective_action": "ec2:DescribeKeyPairs",
      "privesc": false,
      "resource_exposure": false
    },
    {
      "access_level": "List",
      "action": "ec2:DescribeSecurityGroups",
      "condition": null,
      "credentials_exposure": false,
      "data_access": false,
      "effective_action": "ec2:DescribeSecurityGroups",
      "privesc": false,
      "resource_exposure": false
    },
    {
      "access_level": "List",
      "action": "ec2:DescribeAccountAttributes",
      "condition": null,
      "credentials_exposure": false,
      "data_access": false,
      "effective_action": "ec2:DescribeAccountAttributes",
      "privesc": false,
      "resource_exposure": false
    },
    {
      "access_level": "List",
      "action": "ec2:DescribeAvailabilityZones",
      "condition": null,
      "credentials_exposure": false,
      "data_access": false,
      "effective_action": "ec2:DescribeAvailabilityZones",
      "privesc": false,
      "resource_exposure": false
    },
    {
      "access_level": "List",
      "action": "ec2:DescribeSecurityGroups",
      "condition": null,
      "credentials_exposure": false,
      "data_access": false,
      "effective_action": "ec2:DescribeSecurityGroups",
      "privesc": false,
      "resource_exposure": false
    },
    {
      "access_level": "List",
      "action": "ec2:DescribeSubnets",
      "condition": null,
      "credentials_exposure": false,
      "data_access": false,
      "effective_action": "ec2:DescribeSubnets",
      "privesc": false,
      "resource_exposure": false
    },
    {
      "access_level": "List",
      "action": "ec2:DescribeVpcs",
      "condition": null,
      "credentials_exposure": false,
      "data_access": false,
      "effective_action": "ec2:DescribeVpcs",
      "privesc": false,
      "resource_exposure": false
    },
    {
      "access_level": "Read",
      "action": "elasticloadbalancing:DescribeInstanceHealth",
      "condition": null,
      "credentials_exposure": false,
      "data_access": false,
      "effective_action": "elasticloadbalancing:DescribeInstanceHealth",
      "privesc": false,
      "resource_exposure": false
    },
    {
      "access_level": "List",
      "action": "elasticloadbalancing:DescribeLoadBalancers",
      "condition": null,
      "credentials_exposure": false,
      "data_access": false,
      "effective_action": "elasticloadbalancing:DescribeLoadBalancers",
      "privesc": false,
      "resource_exposure": false
    },
    {
      "access_level": "Read",
      "action": "iam:GetRolePolicy",
      "condition": null,
      "credentials_exposure": false,
      "data_access": false,
      "effective_action": "iam:GetRolePolicy",
      "privesc": false,
      "resource_exposure": false
    },
    {
      "access_level": "List",
      "action": "iam:ListInstanceProfiles",
      "condition": null,
      "credentials_exposure": false,
      "data_access": false,
      "effective_action": "iam:ListInstanceProfiles",
      "privesc": false,
      "resource_exposure": false
    },
    {
      "access_level": "List",
      "action": "iam:ListRoles",
      "condition": null,
      "credentials_exposure": false,
      "data_access": false,
      "effective_action": "iam:ListRoles",
      "privesc": false,
      "resource_exposure": false
    },
    {
      "access_level": "List",
      "action": "iam:ListUsers",
      "condition": null,
      "credentials_exposure": false,
      "data_access": false,
      "effective_action": "iam:ListUsers",
      "privesc": false,
      "resource_exposure": false
    },
    {
      "access_level": "Permissions management",
      "action": "iam:PassRole",
      "condition": null,
      "credentials_exposure": false,
      "data_access": false,
      "effective_action": "iam:PassRole",
      "privesc": true,
      "resource_exposure": true
    }
  ],
  "grantless": false,
  "malformed": false,
  "name": "AWSOpsWorksFullAccess",
  "privesc": true,
  "resource_exposure": true,
  "undocumented_actions": false,
  "unknown_actions": [],
  "updatedate": null,
  "version": "v1"
}