{
  "access_levels": [
    "Permissions management"
  ],
  "arn": "arn:aws:iam::aws:policy/aws-service-role/AWSOrganizationsServiceTrustPolicy",
  "createdate": "2017-11-01T06:01:18Z",
  "credentials_exposure": false,
  "data_access": false,
  "deprecated": false,
  "document": {
    "Statement": [
      {
        "Action": [
          "iam:DeleteRole"
        ],
        "Effect": "Allow",
        "Resource": [
          "arn:aws:iam::*:role/aws-service-role/organizations.amazonaws.com/*"
        ],
        "Sid": "AllowDeletionOfServiceLinkedRoleForOrganizations"
      },
      {
        "Action": [
          "iam:CreateServiceLinkedRole"
        ],
        "Effect": "Allow",
        "Resource": "*",
        "Sid": "AllowCreationOfServiceLinkedRoles"
      }
    ],
    "Version": "2012-10-17"
  },
  "effective_actions": [
    {
      "access_level": "Permissions management",
      "action": "iam:DeleteRole",
      "condition": null,
      "credentials_exposure": false,
      "data_access": false,
      "effective_action": "iam:DeleteRole",
      "privesc": false,
      "resource_exposure": true
    },
    {
      "access_level": "Permissions management",
      "action": "iam:CreateServiceLinkedRole",
      "condition": null,
      "credentials_exposure": false,
      "data_access": false,
      "effective_action": "iam:CreateServiceLinkedRole",
      "privesc": true,
      "resource_exposure": true
    }
  ],
  "grantless": false,
  "malformed": false,
  "name": "AWSOrganizationsServiceTrustPolicy",
  "privesc": true,
  "resource_exposure": true,
  "undocumented_actions": false,
  "unknown_actions": [],
  "updatedate": "2017-11-01T06:01:18+00:00",
  "version": "v2"
}