{
  "access_levels": [
    "List",
    "Write",
    "Permissions management"
  ],
  "arn": null,
  "createdate": "2019-06-18T15:33:16Z",
  "credentials_exposure": true,
  "data_access": false,
  "deprecated": true,
  "document": {
    "Statement": [
      {
        "Action": [
          "opsworks:AssignInstance",
          "opsworks:CreateLayer",
          "opsworks:DeregisterInstance",
          "opsworks:DescribeInstances",
          "opsworks:DescribeStackProvisioningParameters",
          "opsworks:DescribeStacks",
          "opsworks:UnassignInstance"
        ],
        "Effect": "Allow",
        "Resource": [
          "*"
        ]
      },
      {
        "Action": [
          "ec2:DescribeInstances"
        ],
        "Effect": "Allow",
        "Resource": [
          "*"
        ]
      },
      {
        "Action": [
          "iam:CreateGroup",
          "iam:AddUserToGroup"
        ],
        "Effect": "Allow",
        "Resource": [
          "arn:aws:iam::*:group/AWS/OpsWorks/OpsWorks-*"
        ]
      },
      {
        "Action": [
          "iam:CreateUser",
          "iam:CreateAccessKey"
        ],
        "Effect": "Allow",
        "Resource": [
          "arn:aws:iam::*:user/AWS/OpsWorks/OpsWorks-*"
        ]
      },
      {
        "Action": [
          "iam:AttachUserPolicy"
        ],
        "Condition": {
          "ArnEquals": {
            "iam:PolicyARN": "arn:aws:iam::aws:policy/AWSOpsWorksInstanceRegistration"
          }
        },
        "Effect": "Allow",
        "Resource": [
          "arn:aws:iam::*:user/AWS/OpsWorks/OpsWorks-*"
        ]
      }
    ],
    "Version": "2012-10-17"
  },
  "effective_actions": [
    {
      "access_level": "Write",
      "action": "opsworks:AssignInstance",
      "condition": null,
      "credentials_exposure": false,
      "data_access": false,
      "effective_action": "opsworks:AssignInstance",
      "privesc": false,
      "resource_exposure": false
    },
    {
      "access_level": "Write",
      "action": "opsworks:CreateLayer",
      "condition": null,
      "credentials_exposure": false,
      "data_access": false,
      "effective_action": "opsworks:CreateLayer",
      "privesc": false,
      "resource_exposure": false
    },
    {
      "access_level": "Write",
      "action": "opsworks:DeregisterInstance",
      "condition": null,
      "credentials_exposure": false,
      "data_access": false,
      "effective_action": "opsworks:DeregisterInstance",
      "privesc": false,
      "resource_exposure": false
    },
    {
      "access_level": "List",
      "action": "opsworks:DescribeInstances",
      "condition": null,
      "credentials_exposure": false,
      "data_access": false,
      "effective_action": "opsworks:DescribeInstances",
      "privesc": false,
      "resource_exposure": false
    },
    {
      "access_level": "List",
      "action": "opsworks:DescribeStackProvisioningParameters",
      "condition": null,
      "credentials_exposure": false,
      "data_access": false,
      "effective_action": "opsworks:DescribeStackProvisioningParameters",
      "privesc": false,
      "resource_exposure": false
    },
    {
      "access_level": "List",
      "action": "opsworks:DescribeStacks",
      "condition": null,
      "credentials_exposure": false,
      "data_access": false,
      "effective_action": "opsworks:DescribeStacks",
      "privesc": false,
      "resource_exposure": false
    },
    {
      "access_level": "Write",
      "action": "opsworks:UnassignInstance",
      "condition": null,
      "credentials_exposure": false,
      "data_access": false,
      "effective_action": "opsworks:UnassignInstance",
      "privesc": false,
      "resource_exposure": false
    },
    {
      "access_level": "List",
      "action": "ec2:DescribeInstances",
      "condition": null,
      "credentials_exposure": false,
      "data_access": false,
      "effective_action": "ec2:DescribeInstances",
      "privesc": false,
      "resource_exposure": false
    },
    {
      "access_level": "Permissions management",
      "action": "iam:CreateGroup",
      "condition": null,
      "credentials_exposure": false,
      "data_access": false,
      "effective_action": "iam:CreateGroup",
      "privesc": false,
      "resource_exposure": true
    },
    {
      "access_level": "Permissions management",
      "action": "iam:AddUserToGroup",
      "condition": null,
      "credentials_exposure": false,
      "data_access": false,
      "effective_action": "iam:AddUserToGroup",
      "privesc": true,
      "resource_exposure": true
    },
    {
      "access_level": "Permissions management",
      "action": "iam:CreateUser",
      "condition": null,
      "credentials_exposure": false,
      "data_access": false,
      "effective_action": "iam:CreateUser",
      "privesc": false,
      "resource_exposure": true
    },
    {
      "access_level": "Permissions management",
      "action": "iam:CreateAccessKey",
      "condition": null,
      "credentials_exposure": true,
      "data_access": false,
      "effective_action": "iam:CreateAccessKey",
      "privesc": true,
      "resource_exposure": true
    },
    {
      "access_level": "Permissions management",
      "action": "iam:AttachUserPolicy",
      "condition": {
        "ArnEquals": {
          "iam:PolicyARN": "arn:aws:iam::aws:policy/AWSOpsWorksInstanceRegistration"
        }
      },
      "credentials_exposure": false,
      "data_access": false,
      "effective_action": "iam:AttachUserPolicy",
      "privesc": true,
      "resource_exposure": true
    }
  ],
  "grantless": false,
  "malformed": false,
  "name": "AWSOpsWorksRegisterCLI_OnPremises",
  "privesc": true,
  "resource_exposure": true,
  "undocumented_actions": false,
  "unknown_actions": [],
  "updatedate": null,
  "version": "v1"
}