{
  "access_levels": [
    "List",
    "Read",
    "Write"
  ],
  "arn": "arn:aws:iam::aws:policy/AWSPartnerCentralOpportunityManagement",
  "createdate": "2024-12-04T23:06:07Z",
  "credentials_exposure": false,
  "data_access": false,
  "deprecated": false,
  "document": {
    "Statement": [
      {
        "Action": [
          "partnercentral:AcceptEngagementInvitation",
          "partnercentral:AssignOpportunity",
          "partnercentral:AssociateOpportunity",
          "partnercentral:CreateEngagement",
          "partnercentral:CreateEngagementInvitation",
          "partnercentral:CreateOpportunity",
          "partnercentral:CreateResourceSnapshot",
          "partnercentral:CreateResourceSnapshotJob",
          "partnercentral:DeleteResourceSnapshotJob",
          "partnercentral:DisassociateOpportunity",
          "partnercentral:GetAwsOpportunitySummary",
          "partnercentral:GetEngagement",
          "partnercentral:GetEngagementInvitation",
          "partnercentral:GetOpportunity",
          "partnercentral:GetResourceSnapshot",
          "partnercentral:GetResourceSnapshotJob",
          "partnercentral:ListEngagementByAcceptingInvitationTasks",
          "partnercentral:ListEngagementFromOpportunityTasks",
          "partnercentral:ListEngagementInvitations",
          "partnercentral:ListEngagementMembers",
          "partnercentral:ListEngagementResourceAssociations",
          "partnercentral:ListEngagements",
          "partnercentral:ListOpportunities",
          "partnercentral:ListResourceSnapshotJobs",
          "partnercentral:ListResourceSnapshots",
          "partnercentral:ListSolutions",
          "partnercentral:RejectEngagementInvitation",
          "partnercentral:StartEngagementByAcceptingInvitationTask",
          "partnercentral:StartEngagementFromOpportunityTask",
          "partnercentral:StartResourceSnapshotJob",
          "partnercentral:StopResourceSnapshotJob",
          "partnercentral:SubmitOpportunity",
          "partnercentral:UpdateOpportunity"
        ],
        "Effect": "Allow",
        "Resource": "*",
        "Sid": "OpportunityManagement"
      },
      {
        "Action": [
          "aws-marketplace:ListEntities"
        ],
        "Effect": "Allow",
        "Resource": "*",
        "Sid": "ListingAWSMarketplaceEntities"
      },
      {
        "Action": [
          "aws-marketplace:DescribeEntity"
        ],
        "Effect": "Allow",
        "Resource": [
          "arn:aws:aws-marketplace:*:*:AWSMarketplace/Offer/*"
        ],
        "Sid": "AWSMarketplaceOffersAccess"
      }
    ],
    "Version": "2012-10-17"
  },
  "effective_actions": [
    {
      "access_level": "Write",
      "action": "partnercentral:AcceptEngagementInvitation",
      "condition": null,
      "credentials_exposure": false,
      "data_access": false,
      "effective_action": "partnercentral:AcceptEngagementInvitation",
      "privesc": false,
      "resource_exposure": false
    },
    {
      "access_level": "Write",
      "action": "partnercentral:AssignOpportunity",
      "condition": null,
      "credentials_exposure": false,
      "data_access": false,
      "effective_action": "partnercentral:AssignOpportunity",
      "privesc": false,
      "resource_exposure": false
    },
    {
      "access_level": "Write",
      "action": "partnercentral:AssociateOpportunity",
      "condition": null,
      "credentials_exposure": false,
      "data_access": false,
      "effective_action": "partnercentral:AssociateOpportunity",
      "privesc": false,
      "resource_exposure": false
    },
    {
      "access_level": "Write",
      "action": "partnercentral:CreateEngagement",
      "condition": null,
      "credentials_exposure": false,
      "data_access": false,
      "effective_action": "partnercentral:CreateEngagement",
      "privesc": false,
      "resource_exposure": false
    },
    {
      "access_level": "Write",
      "action": "partnercentral:CreateEngagementInvitation",
      "condition": null,
      "credentials_exposure": false,
      "data_access": false,
      "effective_action": "partnercentral:CreateEngagementInvitation",
      "privesc": false,
      "resource_exposure": false
    },
    {
      "access_level": "Write",
      "action": "partnercentral:CreateOpportunity",
      "condition": null,
      "credentials_exposure": false,
      "data_access": false,
      "effective_action": "partnercentral:CreateOpportunity",
      "privesc": false,
      "resource_exposure": false
    },
    {
      "access_level": "Write",
      "action": "partnercentral:CreateResourceSnapshot",
      "condition": null,
      "credentials_exposure": false,
      "data_access": false,
      "effective_action": "partnercentral:CreateResourceSnapshot",
      "privesc": false,
      "resource_exposure": false
    },
    {
      "access_level": "Write",
      "action": "partnercentral:CreateResourceSnapshotJob",
      "condition": null,
      "credentials_exposure": false,
      "data_access": false,
      "effective_action": "partnercentral:CreateResourceSnapshotJob",
      "privesc": false,
      "resource_exposure": false
    },
    {
      "access_level": "Write",
      "action": "partnercentral:DeleteResourceSnapshotJob",
      "condition": null,
      "credentials_exposure": false,
      "data_access": false,
      "effective_action": "partnercentral:DeleteResourceSnapshotJob",
      "privesc": false,
      "resource_exposure": false
    },
    {
      "access_level": "Write",
      "action": "partnercentral:DisassociateOpportunity",
      "condition": null,
      "credentials_exposure": false,
      "data_access": false,
      "effective_action": "partnercentral:DisassociateOpportunity",
      "privesc": false,
      "resource_exposure": false
    },
    {
      "access_level": "Read",
      "action": "partnercentral:GetAwsOpportunitySummary",
      "condition": null,
      "credentials_exposure": false,
      "data_access": false,
      "effective_action": "partnercentral:GetAwsOpportunitySummary",
      "privesc": false,
      "resource_exposure": false
    },
    {
      "access_level": "Read",
      "action": "partnercentral:GetEngagement",
      "condition": null,
      "credentials_exposure": false,
      "data_access": false,
      "effective_action": "partnercentral:GetEngagement",
      "privesc": false,
      "resource_exposure": false
    },
    {
      "access_level": "Read",
      "action": "partnercentral:GetEngagementInvitation",
      "condition": null,
      "credentials_exposure": false,
      "data_access": false,
      "effective_action": "partnercentral:GetEngagementInvitation",
      "privesc": false,
      "resource_exposure": false
    },
    {
      "access_level": "Read",
      "action": "partnercentral:GetOpportunity",
      "condition": null,
      "credentials_exposure": false,
      "data_access": false,
      "effective_action": "partnercentral:GetOpportunity",
      "privesc": false,
      "resource_exposure": false
    },
    {
      "access_level": "Read",
      "action": "partnercentral:GetResourceSnapshot",
      "condition": null,
      "credentials_exposure": false,
      "data_access": false,
      "effective_action": "partnercentral:GetResourceSnapshot",
      "privesc": false,
      "resource_exposure": false
    },
    {
      "access_level": "Read",
      "action": "partnercentral:GetResourceSnapshotJob",
      "condition": null,
      "credentials_exposure": false,
      "data_access": false,
      "effective_action": "partnercentral:GetResourceSnapshotJob",
      "privesc": false,
      "resource_exposure": false
    },
    {
      "access_level": "List",
      "action": "partnercentral:ListEngagementByAcceptingInvitationTasks",
      "condition": null,
      "credentials_exposure": false,
      "data_access": false,
      "effective_action": "partnercentral:ListEngagementByAcceptingInvitationTasks",
      "privesc": false,
      "resource_exposure": false
    },
    {
      "access_level": "List",
      "action": "partnercentral:ListEngagementFromOpportunityTasks",
      "condition": null,
      "credentials_exposure": false,
      "data_access": false,
      "effective_action": "partnercentral:ListEngagementFromOpportunityTasks",
      "privesc": false,
      "resource_exposure": false
    },
    {
      "access_level": "List",
      "action": "partnercentral:ListEngagementInvitations",
      "condition": null,
      "credentials_exposure": false,
      "data_access": false,
      "effective_action": "partnercentral:ListEngagementInvitations",
      "privesc": false,
      "resource_exposure": false
    },
    {
      "access_level": "Read",
      "action": "partnercentral:ListEngagementMembers",
      "condition": null,
      "credentials_exposure": false,
      "data_access": false,
      "effective_action": "partnercentral:ListEngagementMembers",
      "privesc": false,
      "resource_exposure": false
    },
    {
      "access_level": "Read",
      "action": "partnercentral:ListEngagementResourceAssociations",
      "condition": null,
      "credentials_exposure": false,
      "data_access": false,
      "effective_action": "partnercentral:ListEngagementResourceAssociations",
      "privesc": false,
      "resource_exposure": false
    },
    {
      "access_level": "List",
      "action": "partnercentral:ListEngagements",
      "condition": null,
      "credentials_exposure": false,
      "data_access": false,
      "effective_action": "partnercentral:ListEngagements",
      "privesc": false,
      "resource_exposure": false
    },
    {
      "access_level": "List",
      "action": "partnercentral:ListOpportunities",
      "condition": null,
      "credentials_exposure": false,
      "data_access": false,
      "effective_action": "partnercentral:ListOpportunities",
      "privesc": false,
      "resource_exposure": false
    },
    {
      "access_level": "List",
      "action": "partnercentral:ListResourceSnapshotJobs",
      "condition": null,
      "credentials_exposure": false,
      "data_access": false,
      "effective_action": "partnercentral:ListResourceSnapshotJobs",
      "privesc": false,
      "resource_exposure": false
    },
    {
      "access_level": "Read",
      "action": "partnercentral:ListResourceSnapshots",
      "condition": null,
      "credentials_exposure": false,
      "data_access": false,
      "effective_action": "partnercentral:ListResourceSnapshots",
      "privesc": false,
      "resource_exposure": false
    },
    {
      "access_level": "List",
      "action": "partnercentral:ListSolutions",
      "condition": null,
      "credentials_exposure": false,
      "data_access": false,
      "effective_action": "partnercentral:ListSolutions",
      "privesc": false,
      "resource_exposure": false
    },
    {
      "access_level": "Write",
      "action": "partnercentral:RejectEngagementInvitation",
      "condition": null,
      "credentials_exposure": false,
      "data_access": false,
      "effective_action": "partnercentral:RejectEngagementInvitation",
      "privesc": false,
      "resource_exposure": false
    },
    {
      "access_level": "Write",
      "action": "partnercentral:StartEngagementByAcceptingInvitationTask",
      "condition": null,
      "credentials_exposure": false,
      "data_access": false,
      "effective_action": "partnercentral:StartEngagementByAcceptingInvitationTask",
      "privesc": false,
      "resource_exposure": false
    },
    {
      "access_level": "Write",
      "action": "partnercentral:StartEngagementFromOpportunityTask",
      "condition": null,
      "credentials_exposure": false,
      "data_access": false,
      "effective_action": "partnercentral:StartEngagementFromOpportunityTask",
      "privesc": false,
      "resource_exposure": false
    },
    {
      "access_level": "Write",
      "action": "partnercentral:StartResourceSnapshotJob",
      "condition": null,
      "credentials_exposure": false,
      "data_access": false,
      "effective_action": "partnercentral:StartResourceSnapshotJob",
      "privesc": false,
      "resource_exposure": false
    },
    {
      "access_level": "Write",
      "action": "partnercentral:StopResourceSnapshotJob",
      "condition": null,
      "credentials_exposure": false,
      "data_access": false,
      "effective_action": "partnercentral:StopResourceSnapshotJob",
      "privesc": false,
      "resource_exposure": false
    },
    {
      "access_level": "Write",
      "action": "partnercentral:SubmitOpportunity",
      "condition": null,
      "credentials_exposure": false,
      "data_access": false,
      "effective_action": "partnercentral:SubmitOpportunity",
      "privesc": false,
      "resource_exposure": false
    },
    {
      "access_level": "Write",
      "action": "partnercentral:UpdateOpportunity",
      "condition": null,
      "credentials_exposure": false,
      "data_access": false,
      "effective_action": "partnercentral:UpdateOpportunity",
      "privesc": false,
      "resource_exposure": false
    },
    {
      "access_level": "List",
      "action": "aws-marketplace:ListEntities",
      "condition": null,
      "credentials_exposure": false,
      "data_access": false,
      "effective_action": "aws-marketplace:ListEntities",
      "privesc": false,
      "resource_exposure": false
    },
    {
      "access_level": "Read",
      "action": "aws-marketplace:DescribeEntity",
      "condition": null,
      "credentials_exposure": false,
      "data_access": false,
      "effective_action": "aws-marketplace:DescribeEntity",
      "privesc": false,
      "resource_exposure": false
    }
  ],
  "grantless": false,
  "malformed": false,
  "name": "AWSPartnerCentralOpportunityManagement",
  "privesc": false,
  "resource_exposure": false,
  "undocumented_actions": false,
  "unknown_actions": [],
  "updatedate": "2024-12-04T23:06:07+00:00",
  "version": "v2"
}