{
  "access_levels": [
    "List",
    "Read",
    "Tagging",
    "Write",
    "Permissions management"
  ],
  "arn": "arn:aws:iam::aws:policy/AWSPanoramaFullAccess",
  "createdate": "2024-12-10T20:36:08Z",
  "credentials_exposure": false,
  "data_access": true,
  "deprecated": false,
  "document": {
    "Statement": [
      {
        "Action": [
          "panorama:*"
        ],
        "Effect": "Allow",
        "Resource": "*"
      },
      {
        "Action": [
          "s3:PutObject",
          "s3:PutObjectAcl",
          "s3:DeleteObject",
          "s3:GetObject",
          "s3:ListBucket"
        ],
        "Condition": {
          "ArnLike": {
            "s3:DataAccessPointArn": "arn:aws:s3:*:*:accesspoint/panorama*"
          }
        },
        "Effect": "Allow",
        "Resource": "*"
      },
      {
        "Action": [
          "secretsmanager:GetSecretValue",
          "secretsmanager:DescribeSecret",
          "secretsmanager:ListSecretVersionIds",
          "secretsmanager:PutSecretValue",
          "secretsmanager:UpdateSecret"
        ],
        "Effect": "Allow",
        "Resource": [
          "arn:aws:secretsmanager:*:*:secret:panorama*",
          "arn:aws:secretsmanager:*:*:secret:Panorama*"
        ]
      },
      {
        "Action": [
          "iam:PassRole"
        ],
        "Condition": {
          "StringEquals": {
            "iam:PassedToService": "panorama.amazonaws.com"
          }
        },
        "Effect": "Allow",
        "Resource": "*"
      },
      {
        "Action": [
          "logs:Describe*",
          "logs:Get*",
          "logs:List*",
          "logs:StartQuery",
          "logs:StopQuery",
          "logs:TestMetricFilter",
          "logs:FilterLogEvents"
        ],
        "Effect": "Allow",
        "Resource": [
          "arn:aws:logs:*:*:log-group:/aws/panorama_device*:log-stream:*",
          "arn:aws:logs:*:*:log-group:/aws/panorama/devices/*"
        ]
      },
      {
        "Action": [
          "logs:DescribeLogGroups"
        ],
        "Effect": "Allow",
        "Resource": [
          "arn:aws:logs:*:*:log-group:*"
        ]
      },
      {
        "Action": [
          "cloudwatch:ListMetrics",
          "cloudwatch:GetMetricData",
          "cloudwatch:GetMetricStatistics"
        ],
        "Effect": "Allow",
        "Resource": "*"
      },
      {
        "Action": [
          "iam:ListRoles"
        ],
        "Effect": "Allow",
        "Resource": "*"
      },
      {
        "Action": [
          "iam:CreateServiceLinkedRole"
        ],
        "Condition": {
          "StringEquals": {
            "iam:AWSServiceName": "panorama.amazonaws.com"
          }
        },
        "Effect": "Allow",
        "Resource": "*"
      }
    ],
    "Version": "2012-10-17"
  },
  "effective_actions": [
    {
      "access_level": "Write",
      "action": "panorama:*",
      "condition": null,
      "credentials_exposure": false,
      "data_access": false,
      "effective_action": "panorama:CreateApplicationInstance",
      "privesc": false,
      "resource_exposure": false
    },
    {
      "access_level": "Write",
      "action": "panorama:*",
      "condition": null,
      "credentials_exposure": false,
      "data_access": false,
      "effective_action": "panorama:CreateJobForDevices",
      "privesc": false,
      "resource_exposure": false
    },
    {
      "access_level": "Write",
      "action": "panorama:*",
      "condition": null,
      "credentials_exposure": false,
      "data_access": false,
      "effective_action": "panorama:CreateNodeFromTemplateJob",
      "privesc": false,
      "resource_exposure": false
    },
    {
      "access_level": "Write",
      "action": "panorama:*",
      "condition": null,
      "credentials_exposure": false,
      "data_access": false,
      "effective_action": "panorama:CreatePackage",
      "privesc": false,
      "resource_exposure": false
    },
    {
      "access_level": "Write",
      "action": "panorama:*",
      "condition": null,
      "credentials_exposure": false,
      "data_access": false,
      "effective_action": "panorama:CreatePackageImportJob",
      "privesc": false,
      "resource_exposure": false
    },
    {
      "access_level": "Write",
      "action": "panorama:*",
      "condition": null,
      "credentials_exposure": false,
      "data_access": false,
      "effective_action": "panorama:DeleteDevice",
      "privesc": false,
      "resource_exposure": false
    },
    {
      "access_level": "Write",
      "action": "panorama:*",
      "condition": null,
      "credentials_exposure": false,
      "data_access": false,
      "effective_action": "panorama:DeletePackage",
      "privesc": false,
      "resource_exposure": false
    },
    {
      "access_level": "Write",
      "action": "panorama:*",
      "condition": null,
      "credentials_exposure": false,
      "data_access": false,
      "effective_action": "panorama:DeregisterPackageVersion",
      "privesc": false,
      "resource_exposure": false
    },
    {
      "access_level": "Read",
      "action": "panorama:*",
      "condition": null,
      "credentials_exposure": false,
      "data_access": false,
      "effective_action": "panorama:DescribeApplicationInstance",
      "privesc": false,
      "resource_exposure": false
    },
    {
      "access_level": "Read",
      "action": "panorama:*",
      "condition": null,
      "credentials_exposure": false,
      "data_access": false,
      "effective_action": "panorama:DescribeApplicationInstanceDetails",
      "privesc": false,
      "resource_exposure": false
    },
    {
      "access_level": "Read",
      "action": "panorama:*",
      "condition": null,
      "credentials_exposure": false,
      "data_access": false,
      "effective_action": "panorama:DescribeDevice",
      "privesc": false,
      "resource_exposure": false
    },
    {
      "access_level": "Read",
      "action": "panorama:*",
      "condition": null,
      "credentials_exposure": false,
      "data_access": false,
      "effective_action": "panorama:DescribeDeviceJob",
      "privesc": false,
      "resource_exposure": false
    },
    {
      "access_level": "Read",
      "action": "panorama:*",
      "condition": null,
      "credentials_exposure": false,
      "data_access": false,
      "effective_action": "panorama:DescribeNode",
      "privesc": false,
      "resource_exposure": false
    },
    {
      "access_level": "Read",
      "action": "panorama:*",
      "condition": null,
      "credentials_exposure": false,
      "data_access": false,
      "effective_action": "panorama:DescribeNodeFromTemplateJob",
      "privesc": false,
      "resource_exposure": false
    },
    {
      "access_level": "Read",
      "action": "panorama:*",
      "condition": null,
      "credentials_exposure": false,
      "data_access": false,
      "effective_action": "panorama:DescribePackage",
      "privesc": false,
      "resource_exposure": false
    },
    {
      "access_level": "Read",
      "action": "panorama:*",
      "condition": null,
      "credentials_exposure": false,
      "data_access": false,
      "effective_action": "panorama:DescribePackageImportJob",
      "privesc": false,
      "resource_exposure": false
    },
    {
      "access_level": "Read",
      "action": "panorama:*",
      "condition": null,
      "credentials_exposure": false,
      "data_access": false,
      "effective_action": "panorama:DescribePackageVersion",
      "privesc": false,
      "resource_exposure": false
    },
    {
      "access_level": "Read",
      "action": "panorama:*",
      "condition": null,
      "credentials_exposure": false,
      "data_access": false,
      "effective_action": "panorama:DescribeSoftware",
      "privesc": false,
      "resource_exposure": false
    },
    {
      "access_level": "Read",
      "action": "panorama:*",
      "condition": null,
      "credentials_exposure": false,
      "data_access": false,
      "effective_action": "panorama:GetWebSocketURL",
      "privesc": false,
      "resource_exposure": false
    },
    {
      "access_level": "List",
      "action": "panorama:*",
      "condition": null,
      "credentials_exposure": false,
      "data_access": false,
      "effective_action": "panorama:ListApplicationInstanceDependencies",
      "privesc": false,
      "resource_exposure": false
    },
    {
      "access_level": "List",
      "action": "panorama:*",
      "condition": null,
      "credentials_exposure": false,
      "data_access": false,
      "effective_action": "panorama:ListApplicationInstanceNodeInstances",
      "privesc": false,
      "resource_exposure": false
    },
    {
      "access_level": "List",
      "action": "panorama:*",
      "condition": null,
      "credentials_exposure": false,
      "data_access": false,
      "effective_action": "panorama:ListApplicationInstances",
      "privesc": false,
      "resource_exposure": false
    },
    {
      "access_level": "List",
      "action": "panorama:*",
      "condition": null,
      "credentials_exposure": false,
      "data_access": false,
      "effective_action": "panorama:ListDevices",
      "privesc": false,
      "resource_exposure": false
    },
    {
      "access_level": "List",
      "action": "panorama:*",
      "condition": null,
      "credentials_exposure": false,
      "data_access": false,
      "effective_action": "panorama:ListDevicesJobs",
      "privesc": false,
      "resource_exposure": false
    },
    {
      "access_level": "List",
      "action": "panorama:*",
      "condition": null,
      "credentials_exposure": false,
      "data_access": false,
      "effective_action": "panorama:ListNodeFromTemplateJobs",
      "privesc": false,
      "resource_exposure": false
    },
    {
      "access_level": "List",
      "action": "panorama:*",
      "condition": null,
      "credentials_exposure": false,
      "data_access": false,
      "effective_action": "panorama:ListNodes",
      "privesc": false,
      "resource_exposure": false
    },
    {
      "access_level": "List",
      "action": "panorama:*",
      "condition": null,
      "credentials_exposure": false,
      "data_access": false,
      "effective_action": "panorama:ListPackageImportJobs",
      "privesc": false,
      "resource_exposure": false
    },
    {
      "access_level": "List",
      "action": "panorama:*",
      "condition": null,
      "credentials_exposure": false,
      "data_access": false,
      "effective_action": "panorama:ListPackages",
      "privesc": false,
      "resource_exposure": false
    },
    {
      "access_level": "Read",
      "action": "panorama:*",
      "condition": null,
      "credentials_exposure": false,
      "data_access": false,
      "effective_action": "panorama:ListTagsForResource",
      "privesc": false,
      "resource_exposure": false
    },
    {
      "access_level": "Write",
      "action": "panorama:*",
      "condition": null,
      "credentials_exposure": false,
      "data_access": false,
      "effective_action": "panorama:ProvisionDevice",
      "privesc": false,
      "resource_exposure": false
    },
    {
      "access_level": "Write",
      "action": "panorama:*",
      "condition": null,
      "credentials_exposure": false,
      "data_access": false,
      "effective_action": "panorama:RegisterPackageVersion",
      "privesc": false,
      "resource_exposure": false
    },
    {
      "access_level": "Write",
      "action": "panorama:*",
      "condition": null,
      "credentials_exposure": false,
      "data_access": false,
      "effective_action": "panorama:RemoveApplicationInstance",
      "privesc": false,
      "resource_exposure": false
    },
    {
      "access_level": "Write",
      "action": "panorama:*",
      "condition": null,
      "credentials_exposure": false,
      "data_access": false,
      "effective_action": "panorama:SignalApplicationInstanceNodeInstances",
      "privesc": false,
      "resource_exposure": false
    },
    {
      "access_level": "Tagging",
      "action": "panorama:*",
      "condition": null,
      "credentials_exposure": false,
      "data_access": false,
      "effective_action": "panorama:TagResource",
      "privesc": false,
      "resource_exposure": false
    },
    {
      "access_level": "Tagging",
      "action": "panorama:*",
      "condition": null,
      "credentials_exposure": false,
      "data_access": false,
      "effective_action": "panorama:UntagResource",
      "privesc": false,
      "resource_exposure": false
    },
    {
      "access_level": "Write",
      "action": "panorama:*",
      "condition": null,
      "credentials_exposure": false,
      "data_access": false,
      "effective_action": "panorama:UpdateDeviceMetadata",
      "privesc": false,
      "resource_exposure": false
    },
    {
      "access_level": "Write",
      "action": "s3:PutObject",
      "condition": {
        "ArnLike": {
          "s3:DataAccessPointArn": "arn:aws:s3:*:*:accesspoint/panorama*"
        }
      },
      "credentials_exposure": false,
      "data_access": false,
      "effective_action": "s3:PutObject",
      "privesc": false,
      "resource_exposure": false
    },
    {
      "access_level": "Permissions management",
      "action": "s3:PutObjectAcl",
      "condition": {
        "ArnLike": {
          "s3:DataAccessPointArn": "arn:aws:s3:*:*:accesspoint/panorama*"
        }
      },
      "credentials_exposure": false,
      "data_access": false,
      "effective_action": "s3:PutObjectAcl",
      "privesc": false,
      "resource_exposure": true
    },
    {
      "access_level": "Write",
      "action": "s3:DeleteObject",
      "condition": {
        "ArnLike": {
          "s3:DataAccessPointArn": "arn:aws:s3:*:*:accesspoint/panorama*"
        }
      },
      "credentials_exposure": false,
      "data_access": false,
      "effective_action": "s3:DeleteObject",
      "privesc": false,
      "resource_exposure": false
    },
    {
      "access_level": "Read",
      "action": "s3:GetObject",
      "condition": {
        "ArnLike": {
          "s3:DataAccessPointArn": "arn:aws:s3:*:*:accesspoint/panorama*"
        }
      },
      "credentials_exposure": false,
      "data_access": true,
      "effective_action": "s3:GetObject",
      "privesc": false,
      "resource_exposure": false
    },
    {
      "access_level": "List",
      "action": "s3:ListBucket",
      "condition": {
        "ArnLike": {
          "s3:DataAccessPointArn": "arn:aws:s3:*:*:accesspoint/panorama*"
        }
      },
      "credentials_exposure": false,
      "data_access": false,
      "effective_action": "s3:ListBucket",
      "privesc": false,
      "resource_exposure": false
    },
    {
      "access_level": "Read",
      "action": "secretsmanager:GetSecretValue",
      "condition": null,
      "credentials_exposure": false,
      "data_access": false,
      "effective_action": "secretsmanager:GetSecretValue",
      "privesc": false,
      "resource_exposure": false
    },
    {
      "access_level": "Read",
      "action": "secretsmanager:DescribeSecret",
      "condition": null,
      "credentials_exposure": false,
      "data_access": false,
      "effective_action": "secretsmanager:DescribeSecret",
      "privesc": false,
      "resource_exposure": false
    },
    {
      "access_level": "Read",
      "action": "secretsmanager:ListSecretVersionIds",
      "condition": null,
      "credentials_exposure": false,
      "data_access": false,
      "effective_action": "secretsmanager:ListSecretVersionIds",
      "privesc": false,
      "resource_exposure": false
    },
    {
      "access_level": "Write",
      "action": "secretsmanager:PutSecretValue",
      "condition": null,
      "credentials_exposure": false,
      "data_access": false,
      "effective_action": "secretsmanager:PutSecretValue",
      "privesc": false,
      "resource_exposure": false
    },
    {
      "access_level": "Write",
      "action": "secretsmanager:UpdateSecret",
      "condition": null,
      "credentials_exposure": false,
      "data_access": false,
      "effective_action": "secretsmanager:UpdateSecret",
      "privesc": false,
      "resource_exposure": false
    },
    {
      "access_level": "Permissions management",
      "action": "iam:PassRole",
      "condition": {
        "StringEquals": {
          "iam:PassedToService": "panorama.amazonaws.com"
        }
      },
      "credentials_exposure": false,
      "data_access": false,
      "effective_action": "iam:PassRole",
      "privesc": true,
      "resource_exposure": true
    },
    {
      "access_level": "List",
      "action": "logs:Describe*",
      "condition": null,
      "credentials_exposure": false,
      "data_access": false,
      "effective_action": "logs:DescribeAccountPolicies",
      "privesc": false,
      "resource_exposure": false
    },
    {
      "access_level": "List",
      "action": "logs:Describe*",
      "condition": null,
      "credentials_exposure": false,
      "data_access": false,
      "effective_action": "logs:DescribeConfigurationTemplates",
      "privesc": false,
      "resource_exposure": false
    },
    {
      "access_level": "List",
      "action": "logs:Describe*",
      "condition": null,
      "credentials_exposure": false,
      "data_access": false,
      "effective_action": "logs:DescribeDeliveries",
      "privesc": false,
      "resource_exposure": false
    },
    {
      "access_level": "List",
      "action": "logs:Describe*",
      "condition": null,
      "credentials_exposure": false,
      "data_access": false,
      "effective_action": "logs:DescribeDeliveryDestinations",
      "privesc": false,
      "resource_exposure": false
    },
    {
      "access_level": "List",
      "action": "logs:Describe*",
      "condition": null,
      "credentials_exposure": false,
      "data_access": false,
      "effective_action": "logs:DescribeDeliverySources",
      "privesc": false,
      "resource_exposure": false
    },
    {
      "access_level": "List",
      "action": "logs:Describe*",
      "condition": null,
      "credentials_exposure": false,
      "data_access": false,
      "effective_action": "logs:DescribeDestinations",
      "privesc": false,
      "resource_exposure": false
    },
    {
      "access_level": "List",
      "action": "logs:Describe*",
      "condition": null,
      "credentials_exposure": false,
      "data_access": false,
      "effective_action": "logs:DescribeExportTasks",
      "privesc": false,
      "resource_exposure": false
    },
    {
      "access_level": "List",
      "action": "logs:Describe*",
      "condition": null,
      "credentials_exposure": false,
      "data_access": false,
      "effective_action": "logs:DescribeFieldIndexes",
      "privesc": false,
      "resource_exposure": false
    },
    {
      "access_level": "List",
      "action": "logs:Describe*",
      "condition": null,
      "credentials_exposure": false,
      "data_access": false,
      "effective_action": "logs:DescribeIndexPolicies",
      "privesc": false,
      "resource_exposure": false
    },
    {
      "access_level": "List",
      "action": "logs:Describe*",
      "condition": null,
      "credentials_exposure": false,
      "data_access": false,
      "effective_action": "logs:DescribeLogGroups",
      "privesc": false,
      "resource_exposure": false
    },
    {
      "access_level": "List",
      "action": "logs:Describe*",
      "condition": null,
      "credentials_exposure": false,
      "data_access": false,
      "effective_action": "logs:DescribeLogStreams",
      "privesc": false,
      "resource_exposure": false
    },
    {
      "access_level": "List",
      "action": "logs:Describe*",
      "condition": null,
      "credentials_exposure": false,
      "data_access": false,
      "effective_action": "logs:DescribeMetricFilters",
      "privesc": false,
      "resource_exposure": false
    },
    {
      "access_level": "List",
      "action": "logs:Describe*",
      "condition": null,
      "credentials_exposure": false,
      "data_access": false,
      "effective_action": "logs:DescribeQueries",
      "privesc": false,
      "resource_exposure": false
    },
    {
      "access_level": "List",
      "action": "logs:Describe*",
      "condition": null,
      "credentials_exposure": false,
      "data_access": false,
      "effective_action": "logs:DescribeQueryDefinitions",
      "privesc": false,
      "resource_exposure": false
    },
    {
      "access_level": "List",
      "action": "logs:Describe*",
      "condition": null,
      "credentials_exposure": false,
      "data_access": false,
      "effective_action": "logs:DescribeResourcePolicies",
      "privesc": false,
      "resource_exposure": false
    },
    {
      "access_level": "List",
      "action": "logs:Describe*",
      "condition": null,
      "credentials_exposure": false,
      "data_access": false,
      "effective_action": "logs:DescribeSubscriptionFilters",
      "privesc": false,
      "resource_exposure": false
    },
    {
      "access_level": "Read",
      "action": "logs:Get*",
      "condition": null,
      "credentials_exposure": false,
      "data_access": false,
      "effective_action": "logs:GetDataProtectionPolicy",
      "privesc": false,
      "resource_exposure": false
    },
    {
      "access_level": "Read",
      "action": "logs:Get*",
      "condition": null,
      "credentials_exposure": false,
      "data_access": false,
      "effective_action": "logs:GetDelivery",
      "privesc": false,
      "resource_exposure": false
    },
    {
      "access_level": "Read",
      "action": "logs:Get*",
      "condition": null,
      "credentials_exposure": false,
      "data_access": false,
      "effective_action": "logs:GetDeliveryDestination",
      "privesc": false,
      "resource_exposure": false
    },
    {
      "access_level": "Read",
      "action": "logs:Get*",
      "condition": null,
      "credentials_exposure": false,
      "data_access": false,
      "effective_action": "logs:GetDeliveryDestinationPolicy",
      "privesc": false,
      "resource_exposure": false
    },
    {
      "access_level": "Read",
      "action": "logs:Get*",
      "condition": null,
      "credentials_exposure": false,
      "data_access": false,
      "effective_action": "logs:GetDeliverySource",
      "privesc": false,
      "resource_exposure": false
    },
    {
      "access_level": "Read",
      "action": "logs:Get*",
      "condition": null,
      "credentials_exposure": false,
      "data_access": false,
      "effective_action": "logs:GetIntegration",
      "privesc": false,
      "resource_exposure": false
    },
    {
      "access_level": "Read",
      "action": "logs:Get*",
      "condition": null,
      "credentials_exposure": false,
      "data_access": false,
      "effective_action": "logs:GetLogAnomalyDetector",
      "privesc": false,
      "resource_exposure": false
    },
    {
      "access_level": "Read",
      "action": "logs:Get*",
      "condition": null,
      "credentials_exposure": false,
      "data_access": false,
      "effective_action": "logs:GetLogDelivery",
      "privesc": false,
      "resource_exposure": false
    },
    {
      "access_level": "Read",
      "action": "logs:Get*",
      "condition": null,
      "credentials_exposure": false,
      "data_access": true,
      "effective_action": "logs:GetLogEvents",
      "privesc": false,
      "resource_exposure": false
    },
    {
      "access_level": "Read",
      "action": "logs:Get*",
      "condition": null,
      "credentials_exposure": false,
      "data_access": false,
      "effective_action": "logs:GetLogGroupFields",
      "privesc": false,
      "resource_exposure": false
    },
    {
      "access_level": "Read",
      "action": "logs:Get*",
      "condition": null,
      "credentials_exposure": false,
      "data_access": true,
      "effective_action": "logs:GetLogRecord",
      "privesc": false,
      "resource_exposure": false
    },
    {
      "access_level": "Read",
      "action": "logs:Get*",
      "condition": null,
      "credentials_exposure": false,
      "data_access": true,
      "effective_action": "logs:GetQueryResults",
      "privesc": false,
      "resource_exposure": false
    },
    {
      "access_level": "Read",
      "action": "logs:Get*",
      "condition": null,
      "credentials_exposure": false,
      "data_access": false,
      "effective_action": "logs:GetTransformer",
      "privesc": false,
      "resource_exposure": false
    },
    {
      "access_level": "List",
      "action": "logs:List*",
      "condition": null,
      "credentials_exposure": false,
      "data_access": false,
      "effective_action": "logs:ListAnomalies",
      "privesc": false,
      "resource_exposure": false
    },
    {
      "access_level": "List",
      "action": "logs:List*",
      "condition": null,
      "credentials_exposure": false,
      "data_access": false,
      "effective_action": "logs:ListEntitiesForLogGroup",
      "privesc": false,
      "resource_exposure": false
    },
    {
      "access_level": "List",
      "action": "logs:List*",
      "condition": null,
      "credentials_exposure": false,
      "data_access": false,
      "effective_action": "logs:ListIntegrations",
      "privesc": false,
      "resource_exposure": false
    },
    {
      "access_level": "List",
      "action": "logs:List*",
      "condition": null,
      "credentials_exposure": false,
      "data_access": false,
      "effective_action": "logs:ListLogAnomalyDetectors",
      "privesc": false,
      "resource_exposure": false
    },
    {
      "access_level": "List",
      "action": "logs:List*",
      "condition": null,
      "credentials_exposure": false,
      "data_access": false,
      "effective_action": "logs:ListLogDeliveries",
      "privesc": false,
      "resource_exposure": false
    },
    {
      "access_level": "List",
      "action": "logs:List*",
      "condition": null,
      "credentials_exposure": false,
      "data_access": false,
      "effective_action": "logs:ListLogGroups",
      "privesc": false,
      "resource_exposure": false
    },
    {
      "access_level": "List",
      "action": "logs:List*",
      "condition": null,
      "credentials_exposure": false,
      "data_access": false,
      "effective_action": "logs:ListLogGroupsForEntity",
      "privesc": false,
      "resource_exposure": false
    },
    {
      "access_level": "List",
      "action": "logs:List*",
      "condition": null,
      "credentials_exposure": false,
      "data_access": false,
      "effective_action": "logs:ListLogGroupsForQuery",
      "privesc": false,
      "resource_exposure": false
    },
    {
      "access_level": "List",
      "action": "logs:List*",
      "condition": null,
      "credentials_exposure": false,
      "data_access": false,
      "effective_action": "logs:ListTagsForResource",
      "privesc": false,
      "resource_exposure": false
    },
    {
      "access_level": "List",
      "action": "logs:List*",
      "condition": null,
      "credentials_exposure": false,
      "data_access": false,
      "effective_action": "logs:ListTagsLogGroup",
      "privesc": false,
      "resource_exposure": false
    },
    {
      "access_level": "Read",
      "action": "logs:StartQuery",
      "condition": null,
      "credentials_exposure": false,
      "data_access": false,
      "effective_action": "logs:StartQuery",
      "privesc": false,
      "resource_exposure": false
    },
    {
      "access_level": "Read",
      "action": "logs:StopQuery",
      "condition": null,
      "credentials_exposure": false,
      "data_access": false,
      "effective_action": "logs:StopQuery",
      "privesc": false,
      "resource_exposure": false
    },
    {
      "access_level": "Read",
      "action": "logs:TestMetricFilter",
      "condition": null,
      "credentials_exposure": false,
      "data_access": false,
      "effective_action": "logs:TestMetricFilter",
      "privesc": false,
      "resource_exposure": false
    },
    {
      "access_level": "Read",
      "action": "logs:FilterLogEvents",
      "condition": null,
      "credentials_exposure": false,
      "data_access": false,
      "effective_action": "logs:FilterLogEvents",
      "privesc": false,
      "resource_exposure": false
    },
    {
      "access_level": "List",
      "action": "logs:DescribeLogGroups",
      "condition": null,
      "credentials_exposure": false,
      "data_access": false,
      "effective_action": "logs:DescribeLogGroups",
      "privesc": false,
      "resource_exposure": false
    },
    {
      "access_level": "List",
      "action": "cloudwatch:ListMetrics",
      "condition": null,
      "credentials_exposure": false,
      "data_access": false,
      "effective_action": "cloudwatch:ListMetrics",
      "privesc": false,
      "resource_exposure": false
    },
    {
      "access_level": "Read",
      "action": "cloudwatch:GetMetricData",
      "condition": null,
      "credentials_exposure": false,
      "data_access": false,
      "effective_action": "cloudwatch:GetMetricData",
      "privesc": false,
      "resource_exposure": false
    },
    {
      "access_level": "Read",
      "action": "cloudwatch:GetMetricStatistics",
      "condition": null,
      "credentials_exposure": false,
      "data_access": false,
      "effective_action": "cloudwatch:GetMetricStatistics",
      "privesc": false,
      "resource_exposure": false
    },
    {
      "access_level": "List",
      "action": "iam:ListRoles",
      "condition": null,
      "credentials_exposure": false,
      "data_access": false,
      "effective_action": "iam:ListRoles",
      "privesc": false,
      "resource_exposure": false
    },
    {
      "access_level": "Permissions management",
      "action": "iam:CreateServiceLinkedRole",
      "condition": {
        "StringEquals": {
          "iam:AWSServiceName": "panorama.amazonaws.com"
        }
      },
      "credentials_exposure": false,
      "data_access": false,
      "effective_action": "iam:CreateServiceLinkedRole",
      "privesc": true,
      "resource_exposure": true
    }
  ],
  "grantless": false,
  "malformed": false,
  "name": "AWSPanoramaFullAccess",
  "privesc": true,
  "resource_exposure": true,
  "undocumented_actions": false,
  "unknown_actions": [],
  "updatedate": "2024-12-10T20:36:08+00:00",
  "version": "v5"
}