{
  "access_levels": [
    "List",
    "Read",
    "Tagging",
    "Write",
    "Permissions management"
  ],
  "arn": "arn:aws:iam::aws:policy/AWSPartnerCentralFullAccess",
  "createdate": "2024-12-10T18:21:17Z",
  "credentials_exposure": false,
  "data_access": false,
  "deprecated": false,
  "document": {
    "Statement": [
      {
        "Action": [
          "iam:PassRole"
        ],
        "Condition": {
          "StringEquals": {
            "iam:PassedToService": "partnercentral-account-management.amazonaws.com"
          }
        },
        "Effect": "Allow",
        "Resource": "arn:aws:iam::*:role/PartnerCentralRoleFor*",
        "Sid": "PassAWSPartnerCentralRole"
      },
      {
        "Action": [
          "iam:ListRoles",
          "Partnercentral-account-management:AssociatePartnerUser",
          "Partnercentral-account-management:DisassociatePartnerUser"
        ],
        "Effect": "Allow",
        "Resource": "*",
        "Sid": "PartnerUserRoleAssociation"
      },
      {
        "Action": [
          "partnercentral:*"
        ],
        "Condition": {
          "StringEquals": {
            "partnercentral:Catalog": [
              "AWS",
              "Sandbox"
            ]
          }
        },
        "Effect": "Allow",
        "Resource": "*",
        "Sid": "AWSPartnerCentralAccess"
      },
      {
        "Action": [
          "iam:PassRole"
        ],
        "Condition": {
          "StringEquals": {
            "iam:PassedToService": "resource-snapshot-job.partnercentral-selling.amazonaws.com"
          }
        },
        "Effect": "Allow",
        "Resource": [
          "arn:aws:iam::*:role/*"
        ],
        "Sid": "PassAWSPartnerCentralSnapshotJobRole"
      }
    ],
    "Version": "2012-10-17"
  },
  "effective_actions": [
    {
      "access_level": "Permissions management",
      "action": "iam:PassRole",
      "condition": {
        "StringEquals": {
          "iam:PassedToService": "partnercentral-account-management.amazonaws.com"
        }
      },
      "credentials_exposure": false,
      "data_access": false,
      "effective_action": "iam:PassRole",
      "privesc": true,
      "resource_exposure": true
    },
    {
      "access_level": "List",
      "action": "iam:ListRoles",
      "condition": null,
      "credentials_exposure": false,
      "data_access": false,
      "effective_action": "iam:ListRoles",
      "privesc": false,
      "resource_exposure": false
    },
    {
      "access_level": "Write",
      "action": "Partnercentral-account-management:AssociatePartnerUser",
      "condition": null,
      "credentials_exposure": false,
      "data_access": false,
      "effective_action": "partnercentral-account-management:AssociatePartnerUser",
      "privesc": false,
      "resource_exposure": false
    },
    {
      "access_level": "Write",
      "action": "Partnercentral-account-management:DisassociatePartnerUser",
      "condition": null,
      "credentials_exposure": false,
      "data_access": false,
      "effective_action": "partnercentral-account-management:DisassociatePartnerUser",
      "privesc": false,
      "resource_exposure": false
    },
    {
      "access_level": "Write",
      "action": "partnercentral:*",
      "condition": {
        "StringEquals": {
          "partnercentral:Catalog": [
            "AWS",
            "Sandbox"
          ]
        }
      },
      "credentials_exposure": false,
      "data_access": false,
      "effective_action": "partnercentral:AcceptEngagementInvitation",
      "privesc": false,
      "resource_exposure": false
    },
    {
      "access_level": "Write",
      "action": "partnercentral:*",
      "condition": {
        "StringEquals": {
          "partnercentral:Catalog": [
            "AWS",
            "Sandbox"
          ]
        }
      },
      "credentials_exposure": false,
      "data_access": false,
      "effective_action": "partnercentral:AssignOpportunity",
      "privesc": false,
      "resource_exposure": false
    },
    {
      "access_level": "Write",
      "action": "partnercentral:*",
      "condition": {
        "StringEquals": {
          "partnercentral:Catalog": [
            "AWS",
            "Sandbox"
          ]
        }
      },
      "credentials_exposure": false,
      "data_access": false,
      "effective_action": "partnercentral:AssociateOpportunity",
      "privesc": false,
      "resource_exposure": false
    },
    {
      "access_level": "Write",
      "action": "partnercentral:*",
      "condition": {
        "StringEquals": {
          "partnercentral:Catalog": [
            "AWS",
            "Sandbox"
          ]
        }
      },
      "credentials_exposure": false,
      "data_access": false,
      "effective_action": "partnercentral:CreateEngagement",
      "privesc": false,
      "resource_exposure": false
    },
    {
      "access_level": "Write",
      "action": "partnercentral:*",
      "condition": {
        "StringEquals": {
          "partnercentral:Catalog": [
            "AWS",
            "Sandbox"
          ]
        }
      },
      "credentials_exposure": false,
      "data_access": false,
      "effective_action": "partnercentral:CreateEngagementInvitation",
      "privesc": false,
      "resource_exposure": false
    },
    {
      "access_level": "Write",
      "action": "partnercentral:*",
      "condition": {
        "StringEquals": {
          "partnercentral:Catalog": [
            "AWS",
            "Sandbox"
          ]
        }
      },
      "credentials_exposure": false,
      "data_access": false,
      "effective_action": "partnercentral:CreateOpportunity",
      "privesc": false,
      "resource_exposure": false
    },
    {
      "access_level": "Write",
      "action": "partnercentral:*",
      "condition": {
        "StringEquals": {
          "partnercentral:Catalog": [
            "AWS",
            "Sandbox"
          ]
        }
      },
      "credentials_exposure": false,
      "data_access": false,
      "effective_action": "partnercentral:CreateResourceSnapshot",
      "privesc": false,
      "resource_exposure": false
    },
    {
      "access_level": "Write",
      "action": "partnercentral:*",
      "condition": {
        "StringEquals": {
          "partnercentral:Catalog": [
            "AWS",
            "Sandbox"
          ]
        }
      },
      "credentials_exposure": false,
      "data_access": false,
      "effective_action": "partnercentral:CreateResourceSnapshotJob",
      "privesc": false,
      "resource_exposure": false
    },
    {
      "access_level": "Write",
      "action": "partnercentral:*",
      "condition": {
        "StringEquals": {
          "partnercentral:Catalog": [
            "AWS",
            "Sandbox"
          ]
        }
      },
      "credentials_exposure": false,
      "data_access": false,
      "effective_action": "partnercentral:DeleteResourceSnapshotJob",
      "privesc": false,
      "resource_exposure": false
    },
    {
      "access_level": "Write",
      "action": "partnercentral:*",
      "condition": {
        "StringEquals": {
          "partnercentral:Catalog": [
            "AWS",
            "Sandbox"
          ]
        }
      },
      "credentials_exposure": false,
      "data_access": false,
      "effective_action": "partnercentral:DisassociateOpportunity",
      "privesc": false,
      "resource_exposure": false
    },
    {
      "access_level": "Read",
      "action": "partnercentral:*",
      "condition": {
        "StringEquals": {
          "partnercentral:Catalog": [
            "AWS",
            "Sandbox"
          ]
        }
      },
      "credentials_exposure": false,
      "data_access": false,
      "effective_action": "partnercentral:GetAwsOpportunitySummary",
      "privesc": false,
      "resource_exposure": false
    },
    {
      "access_level": "Read",
      "action": "partnercentral:*",
      "condition": {
        "StringEquals": {
          "partnercentral:Catalog": [
            "AWS",
            "Sandbox"
          ]
        }
      },
      "credentials_exposure": false,
      "data_access": false,
      "effective_action": "partnercentral:GetEngagement",
      "privesc": false,
      "resource_exposure": false
    },
    {
      "access_level": "Read",
      "action": "partnercentral:*",
      "condition": {
        "StringEquals": {
          "partnercentral:Catalog": [
            "AWS",
            "Sandbox"
          ]
        }
      },
      "credentials_exposure": false,
      "data_access": false,
      "effective_action": "partnercentral:GetEngagementInvitation",
      "privesc": false,
      "resource_exposure": false
    },
    {
      "access_level": "Read",
      "action": "partnercentral:*",
      "condition": {
        "StringEquals": {
          "partnercentral:Catalog": [
            "AWS",
            "Sandbox"
          ]
        }
      },
      "credentials_exposure": false,
      "data_access": false,
      "effective_action": "partnercentral:GetOpportunity",
      "privesc": false,
      "resource_exposure": false
    },
    {
      "access_level": "Read",
      "action": "partnercentral:*",
      "condition": {
        "StringEquals": {
          "partnercentral:Catalog": [
            "AWS",
            "Sandbox"
          ]
        }
      },
      "credentials_exposure": false,
      "data_access": false,
      "effective_action": "partnercentral:GetResourceSnapshot",
      "privesc": false,
      "resource_exposure": false
    },
    {
      "access_level": "Read",
      "action": "partnercentral:*",
      "condition": {
        "StringEquals": {
          "partnercentral:Catalog": [
            "AWS",
            "Sandbox"
          ]
        }
      },
      "credentials_exposure": false,
      "data_access": false,
      "effective_action": "partnercentral:GetResourceSnapshotJob",
      "privesc": false,
      "resource_exposure": false
    },
    {
      "access_level": "Read",
      "action": "partnercentral:*",
      "condition": {
        "StringEquals": {
          "partnercentral:Catalog": [
            "AWS",
            "Sandbox"
          ]
        }
      },
      "credentials_exposure": false,
      "data_access": false,
      "effective_action": "partnercentral:GetSellingSystemSettings",
      "privesc": false,
      "resource_exposure": false
    },
    {
      "access_level": "List",
      "action": "partnercentral:*",
      "condition": {
        "StringEquals": {
          "partnercentral:Catalog": [
            "AWS",
            "Sandbox"
          ]
        }
      },
      "credentials_exposure": false,
      "data_access": false,
      "effective_action": "partnercentral:ListEngagementByAcceptingInvitationTasks",
      "privesc": false,
      "resource_exposure": false
    },
    {
      "access_level": "List",
      "action": "partnercentral:*",
      "condition": {
        "StringEquals": {
          "partnercentral:Catalog": [
            "AWS",
            "Sandbox"
          ]
        }
      },
      "credentials_exposure": false,
      "data_access": false,
      "effective_action": "partnercentral:ListEngagementFromOpportunityTasks",
      "privesc": false,
      "resource_exposure": false
    },
    {
      "access_level": "List",
      "action": "partnercentral:*",
      "condition": {
        "StringEquals": {
          "partnercentral:Catalog": [
            "AWS",
            "Sandbox"
          ]
        }
      },
      "credentials_exposure": false,
      "data_access": false,
      "effective_action": "partnercentral:ListEngagementInvitations",
      "privesc": false,
      "resource_exposure": false
    },
    {
      "access_level": "Read",
      "action": "partnercentral:*",
      "condition": {
        "StringEquals": {
          "partnercentral:Catalog": [
            "AWS",
            "Sandbox"
          ]
        }
      },
      "credentials_exposure": false,
      "data_access": false,
      "effective_action": "partnercentral:ListEngagementMembers",
      "privesc": false,
      "resource_exposure": false
    },
    {
      "access_level": "Read",
      "action": "partnercentral:*",
      "condition": {
        "StringEquals": {
          "partnercentral:Catalog": [
            "AWS",
            "Sandbox"
          ]
        }
      },
      "credentials_exposure": false,
      "data_access": false,
      "effective_action": "partnercentral:ListEngagementResourceAssociations",
      "privesc": false,
      "resource_exposure": false
    },
    {
      "access_level": "List",
      "action": "partnercentral:*",
      "condition": {
        "StringEquals": {
          "partnercentral:Catalog": [
            "AWS",
            "Sandbox"
          ]
        }
      },
      "credentials_exposure": false,
      "data_access": false,
      "effective_action": "partnercentral:ListEngagements",
      "privesc": false,
      "resource_exposure": false
    },
    {
      "access_level": "List",
      "action": "partnercentral:*",
      "condition": {
        "StringEquals": {
          "partnercentral:Catalog": [
            "AWS",
            "Sandbox"
          ]
        }
      },
      "credentials_exposure": false,
      "data_access": false,
      "effective_action": "partnercentral:ListOpportunities",
      "privesc": false,
      "resource_exposure": false
    },
    {
      "access_level": "List",
      "action": "partnercentral:*",
      "condition": {
        "StringEquals": {
          "partnercentral:Catalog": [
            "AWS",
            "Sandbox"
          ]
        }
      },
      "credentials_exposure": false,
      "data_access": false,
      "effective_action": "partnercentral:ListResourceSnapshotJobs",
      "privesc": false,
      "resource_exposure": false
    },
    {
      "access_level": "Read",
      "action": "partnercentral:*",
      "condition": {
        "StringEquals": {
          "partnercentral:Catalog": [
            "AWS",
            "Sandbox"
          ]
        }
      },
      "credentials_exposure": false,
      "data_access": false,
      "effective_action": "partnercentral:ListResourceSnapshots",
      "privesc": false,
      "resource_exposure": false
    },
    {
      "access_level": "List",
      "action": "partnercentral:*",
      "condition": {
        "StringEquals": {
          "partnercentral:Catalog": [
            "AWS",
            "Sandbox"
          ]
        }
      },
      "credentials_exposure": false,
      "data_access": false,
      "effective_action": "partnercentral:ListSolutions",
      "privesc": false,
      "resource_exposure": false
    },
    {
      "access_level": "Read",
      "action": "partnercentral:*",
      "condition": {
        "StringEquals": {
          "partnercentral:Catalog": [
            "AWS",
            "Sandbox"
          ]
        }
      },
      "credentials_exposure": false,
      "data_access": false,
      "effective_action": "partnercentral:ListTagsForResource",
      "privesc": false,
      "resource_exposure": false
    },
    {
      "access_level": "Write",
      "action": "partnercentral:*",
      "condition": {
        "StringEquals": {
          "partnercentral:Catalog": [
            "AWS",
            "Sandbox"
          ]
        }
      },
      "credentials_exposure": false,
      "data_access": false,
      "effective_action": "partnercentral:PutSellingSystemSettings",
      "privesc": false,
      "resource_exposure": false
    },
    {
      "access_level": "Write",
      "action": "partnercentral:*",
      "condition": {
        "StringEquals": {
          "partnercentral:Catalog": [
            "AWS",
            "Sandbox"
          ]
        }
      },
      "credentials_exposure": false,
      "data_access": false,
      "effective_action": "partnercentral:RejectEngagementInvitation",
      "privesc": false,
      "resource_exposure": false
    },
    {
      "access_level": "Write",
      "action": "partnercentral:*",
      "condition": {
        "StringEquals": {
          "partnercentral:Catalog": [
            "AWS",
            "Sandbox"
          ]
        }
      },
      "credentials_exposure": false,
      "data_access": false,
      "effective_action": "partnercentral:StartEngagementByAcceptingInvitationTask",
      "privesc": false,
      "resource_exposure": false
    },
    {
      "access_level": "Write",
      "action": "partnercentral:*",
      "condition": {
        "StringEquals": {
          "partnercentral:Catalog": [
            "AWS",
            "Sandbox"
          ]
        }
      },
      "credentials_exposure": false,
      "data_access": false,
      "effective_action": "partnercentral:StartEngagementFromOpportunityTask",
      "privesc": false,
      "resource_exposure": false
    },
    {
      "access_level": "Write",
      "action": "partnercentral:*",
      "condition": {
        "StringEquals": {
          "partnercentral:Catalog": [
            "AWS",
            "Sandbox"
          ]
        }
      },
      "credentials_exposure": false,
      "data_access": false,
      "effective_action": "partnercentral:StartResourceSnapshotJob",
      "privesc": false,
      "resource_exposure": false
    },
    {
      "access_level": "Write",
      "action": "partnercentral:*",
      "condition": {
        "StringEquals": {
          "partnercentral:Catalog": [
            "AWS",
            "Sandbox"
          ]
        }
      },
      "credentials_exposure": false,
      "data_access": false,
      "effective_action": "partnercentral:StopResourceSnapshotJob",
      "privesc": false,
      "resource_exposure": false
    },
    {
      "access_level": "Write",
      "action": "partnercentral:*",
      "condition": {
        "StringEquals": {
          "partnercentral:Catalog": [
            "AWS",
            "Sandbox"
          ]
        }
      },
      "credentials_exposure": false,
      "data_access": false,
      "effective_action": "partnercentral:SubmitOpportunity",
      "privesc": false,
      "resource_exposure": false
    },
    {
      "access_level": "Tagging",
      "action": "partnercentral:*",
      "condition": {
        "StringEquals": {
          "partnercentral:Catalog": [
            "AWS",
            "Sandbox"
          ]
        }
      },
      "credentials_exposure": false,
      "data_access": false,
      "effective_action": "partnercentral:TagResource",
      "privesc": false,
      "resource_exposure": false
    },
    {
      "access_level": "Tagging",
      "action": "partnercentral:*",
      "condition": {
        "StringEquals": {
          "partnercentral:Catalog": [
            "AWS",
            "Sandbox"
          ]
        }
      },
      "credentials_exposure": false,
      "data_access": false,
      "effective_action": "partnercentral:UntagResource",
      "privesc": false,
      "resource_exposure": false
    },
    {
      "access_level": "Write",
      "action": "partnercentral:*",
      "condition": {
        "StringEquals": {
          "partnercentral:Catalog": [
            "AWS",
            "Sandbox"
          ]
        }
      },
      "credentials_exposure": false,
      "data_access": false,
      "effective_action": "partnercentral:UpdateOpportunity",
      "privesc": false,
      "resource_exposure": false
    },
    {
      "access_level": "Permissions management",
      "action": "iam:PassRole",
      "condition": {
        "StringEquals": {
          "iam:PassedToService": "resource-snapshot-job.partnercentral-selling.amazonaws.com"
        }
      },
      "credentials_exposure": false,
      "data_access": false,
      "effective_action": "iam:PassRole",
      "privesc": true,
      "resource_exposure": true
    }
  ],
  "grantless": false,
  "malformed": false,
  "name": "AWSPartnerCentralFullAccess",
  "privesc": true,
  "resource_exposure": true,
  "undocumented_actions": false,
  "unknown_actions": [],
  "updatedate": "2024-12-10T18:21:17+00:00",
  "version": "v2"
}