{
  "access_levels": [
    "List",
    "Read",
    "Write",
    "Permissions management"
  ],
  "arn": "arn:aws:iam::aws:policy/aws-service-role/AWSPanoramaServiceLinkedRolePolicy",
  "createdate": "2021-10-20T12:12:50Z",
  "credentials_exposure": false,
  "data_access": false,
  "deprecated": false,
  "document": {
    "Statement": [
      {
        "Action": [
          "iot:CreateThing",
          "iot:DeleteThing",
          "iot:DeleteThingShadow",
          "iot:DescribeThing",
          "iot:GetThingShadow",
          "iot:UpdateThing",
          "iot:UpdateThingShadow"
        ],
        "Effect": "Allow",
        "Resource": [
          "arn:aws:iot:*:*:thing/panorama*"
        ],
        "Sid": "PanoramaIoTThingAccess"
      },
      {
        "Action": [
          "iot:AttachThingPrincipal",
          "iot:DetachThingPrincipal",
          "iot:UpdateCertificate",
          "iot:DeleteCertificate",
          "iot:AttachPrincipalPolicy",
          "iot:DetachPrincipalPolicy"
        ],
        "Effect": "Allow",
        "Resource": [
          "arn:aws:iot:*:*:thing/panorama*",
          "arn:aws:iot:*:*:cert/*"
        ],
        "Sid": "PanoramaIoTCertificateAccess"
      },
      {
        "Action": [
          "iot:CreateKeysAndCertificate"
        ],
        "Effect": "Allow",
        "Resource": [
          "*"
        ],
        "Sid": "PanoramaIoTCreateCertificateAccess"
      },
      {
        "Action": [
          "iot:CreatePolicy",
          "iot:CreatePolicyVersion",
          "iot:AttachPolicy"
        ],
        "Effect": "Allow",
        "Resource": [
          "arn:aws:iot:*:*:policy/panorama*"
        ],
        "Sid": "PanoramaIoTCreatePolicyAndVersionAccess"
      },
      {
        "Action": [
          "iot:DescribeJobExecution",
          "iot:CreateJob",
          "iot:DeleteJob"
        ],
        "Effect": "Allow",
        "Resource": [
          "arn:aws:iot:*:*:job/panorama*",
          "arn:aws:iot:*:*:thing/panorama*"
        ],
        "Sid": "PanoramaIoTJobAccess"
      },
      {
        "Action": [
          "iot:DescribeEndpoint"
        ],
        "Effect": "Allow",
        "Resource": [
          "*"
        ],
        "Sid": "PanoramaIoTEndpointAccess"
      },
      {
        "Action": [
          "panorama:Describe*",
          "panorama:List*"
        ],
        "Effect": "Allow",
        "Resource": [
          "*"
        ],
        "Sid": "PanoramaReadOnlyAccess"
      },
      {
        "Action": [
          "secretsmanager:GetSecretValue",
          "secretsmanager:DescribeSecret",
          "secretsmanager:CreateSecret",
          "secretsmanager:ListSecretVersionIds",
          "secretsmanager:DeleteSecret"
        ],
        "Effect": "Allow",
        "Resource": [
          "arn:aws:secretsmanager:*:*:secret:panorama*",
          "arn:aws:secretsmanager:*:*:secret:Panorama*"
        ],
        "Sid": "SecretsManagerPermissions"
      }
    ],
    "Version": "2012-10-17"
  },
  "effective_actions": [
    {
      "access_level": "Write",
      "action": "iot:CreateThing",
      "condition": null,
      "credentials_exposure": false,
      "data_access": false,
      "effective_action": "iot:CreateThing",
      "privesc": false,
      "resource_exposure": false
    },
    {
      "access_level": "Write",
      "action": "iot:DeleteThing",
      "condition": null,
      "credentials_exposure": false,
      "data_access": false,
      "effective_action": "iot:DeleteThing",
      "privesc": false,
      "resource_exposure": false
    },
    {
      "access_level": "Write",
      "action": "iot:DeleteThingShadow",
      "condition": null,
      "credentials_exposure": false,
      "data_access": false,
      "effective_action": "iot:DeleteThingShadow",
      "privesc": false,
      "resource_exposure": false
    },
    {
      "access_level": "Read",
      "action": "iot:DescribeThing",
      "condition": null,
      "credentials_exposure": false,
      "data_access": false,
      "effective_action": "iot:DescribeThing",
      "privesc": false,
      "resource_exposure": false
    },
    {
      "access_level": "Read",
      "action": "iot:GetThingShadow",
      "condition": null,
      "credentials_exposure": false,
      "data_access": false,
      "effective_action": "iot:GetThingShadow",
      "privesc": false,
      "resource_exposure": false
    },
    {
      "access_level": "Write",
      "action": "iot:UpdateThing",
      "condition": null,
      "credentials_exposure": false,
      "data_access": false,
      "effective_action": "iot:UpdateThing",
      "privesc": false,
      "resource_exposure": false
    },
    {
      "access_level": "Write",
      "action": "iot:UpdateThingShadow",
      "condition": null,
      "credentials_exposure": false,
      "data_access": false,
      "effective_action": "iot:UpdateThingShadow",
      "privesc": false,
      "resource_exposure": false
    },
    {
      "access_level": "Write",
      "action": "iot:AttachThingPrincipal",
      "condition": null,
      "credentials_exposure": false,
      "data_access": false,
      "effective_action": "iot:AttachThingPrincipal",
      "privesc": false,
      "resource_exposure": false
    },
    {
      "access_level": "Write",
      "action": "iot:DetachThingPrincipal",
      "condition": null,
      "credentials_exposure": false,
      "data_access": false,
      "effective_action": "iot:DetachThingPrincipal",
      "privesc": false,
      "resource_exposure": false
    },
    {
      "access_level": "Write",
      "action": "iot:UpdateCertificate",
      "condition": null,
      "credentials_exposure": false,
      "data_access": false,
      "effective_action": "iot:UpdateCertificate",
      "privesc": false,
      "resource_exposure": false
    },
    {
      "access_level": "Write",
      "action": "iot:DeleteCertificate",
      "condition": null,
      "credentials_exposure": false,
      "data_access": false,
      "effective_action": "iot:DeleteCertificate",
      "privesc": false,
      "resource_exposure": false
    },
    {
      "access_level": "Permissions management",
      "action": "iot:AttachPrincipalPolicy",
      "condition": null,
      "credentials_exposure": false,
      "data_access": false,
      "effective_action": "iot:AttachPrincipalPolicy",
      "privesc": false,
      "resource_exposure": true
    },
    {
      "access_level": "Permissions management",
      "action": "iot:DetachPrincipalPolicy",
      "condition": null,
      "credentials_exposure": false,
      "data_access": false,
      "effective_action": "iot:DetachPrincipalPolicy",
      "privesc": false,
      "resource_exposure": true
    },
    {
      "access_level": "Write",
      "action": "iot:CreateKeysAndCertificate",
      "condition": null,
      "credentials_exposure": false,
      "data_access": false,
      "effective_action": "iot:CreateKeysAndCertificate",
      "privesc": false,
      "resource_exposure": false
    },
    {
      "access_level": "Permissions management",
      "action": "iot:CreatePolicy",
      "condition": null,
      "credentials_exposure": false,
      "data_access": false,
      "effective_action": "iot:CreatePolicy",
      "privesc": false,
      "resource_exposure": false
    },
    {
      "access_level": "Permissions management",
      "action": "iot:CreatePolicyVersion",
      "condition": null,
      "credentials_exposure": false,
      "data_access": false,
      "effective_action": "iot:CreatePolicyVersion",
      "privesc": false,
      "resource_exposure": false
    },
    {
      "access_level": "Permissions management",
      "action": "iot:AttachPolicy",
      "condition": null,
      "credentials_exposure": false,
      "data_access": false,
      "effective_action": "iot:AttachPolicy",
      "privesc": false,
      "resource_exposure": true
    },
    {
      "access_level": "Read",
      "action": "iot:DescribeJobExecution",
      "condition": null,
      "credentials_exposure": false,
      "data_access": false,
      "effective_action": "iot:DescribeJobExecution",
      "privesc": false,
      "resource_exposure": false
    },
    {
      "access_level": "Write",
      "action": "iot:CreateJob",
      "condition": null,
      "credentials_exposure": false,
      "data_access": false,
      "effective_action": "iot:CreateJob",
      "privesc": false,
      "resource_exposure": false
    },
    {
      "access_level": "Write",
      "action": "iot:DeleteJob",
      "condition": null,
      "credentials_exposure": false,
      "data_access": false,
      "effective_action": "iot:DeleteJob",
      "privesc": false,
      "resource_exposure": false
    },
    {
      "access_level": "Read",
      "action": "iot:DescribeEndpoint",
      "condition": null,
      "credentials_exposure": false,
      "data_access": false,
      "effective_action": "iot:DescribeEndpoint",
      "privesc": false,
      "resource_exposure": false
    },
    {
      "access_level": "Read",
      "action": "panorama:Describe*",
      "condition": null,
      "credentials_exposure": false,
      "data_access": false,
      "effective_action": "panorama:DescribeApplicationInstance",
      "privesc": false,
      "resource_exposure": false
    },
    {
      "access_level": "Read",
      "action": "panorama:Describe*",
      "condition": null,
      "credentials_exposure": false,
      "data_access": false,
      "effective_action": "panorama:DescribeApplicationInstanceDetails",
      "privesc": false,
      "resource_exposure": false
    },
    {
      "access_level": "Read",
      "action": "panorama:Describe*",
      "condition": null,
      "credentials_exposure": false,
      "data_access": false,
      "effective_action": "panorama:DescribeDevice",
      "privesc": false,
      "resource_exposure": false
    },
    {
      "access_level": "Read",
      "action": "panorama:Describe*",
      "condition": null,
      "credentials_exposure": false,
      "data_access": false,
      "effective_action": "panorama:DescribeDeviceJob",
      "privesc": false,
      "resource_exposure": false
    },
    {
      "access_level": "Read",
      "action": "panorama:Describe*",
      "condition": null,
      "credentials_exposure": false,
      "data_access": false,
      "effective_action": "panorama:DescribeNode",
      "privesc": false,
      "resource_exposure": false
    },
    {
      "access_level": "Read",
      "action": "panorama:Describe*",
      "condition": null,
      "credentials_exposure": false,
      "data_access": false,
      "effective_action": "panorama:DescribeNodeFromTemplateJob",
      "privesc": false,
      "resource_exposure": false
    },
    {
      "access_level": "Read",
      "action": "panorama:Describe*",
      "condition": null,
      "credentials_exposure": false,
      "data_access": false,
      "effective_action": "panorama:DescribePackage",
      "privesc": false,
      "resource_exposure": false
    },
    {
      "access_level": "Read",
      "action": "panorama:Describe*",
      "condition": null,
      "credentials_exposure": false,
      "data_access": false,
      "effective_action": "panorama:DescribePackageImportJob",
      "privesc": false,
      "resource_exposure": false
    },
    {
      "access_level": "Read",
      "action": "panorama:Describe*",
      "condition": null,
      "credentials_exposure": false,
      "data_access": false,
      "effective_action": "panorama:DescribePackageVersion",
      "privesc": false,
      "resource_exposure": false
    },
    {
      "access_level": "Read",
      "action": "panorama:Describe*",
      "condition": null,
      "credentials_exposure": false,
      "data_access": false,
      "effective_action": "panorama:DescribeSoftware",
      "privesc": false,
      "resource_exposure": false
    },
    {
      "access_level": "List",
      "action": "panorama:List*",
      "condition": null,
      "credentials_exposure": false,
      "data_access": false,
      "effective_action": "panorama:ListApplicationInstanceDependencies",
      "privesc": false,
      "resource_exposure": false
    },
    {
      "access_level": "List",
      "action": "panorama:List*",
      "condition": null,
      "credentials_exposure": false,
      "data_access": false,
      "effective_action": "panorama:ListApplicationInstanceNodeInstances",
      "privesc": false,
      "resource_exposure": false
    },
    {
      "access_level": "List",
      "action": "panorama:List*",
      "condition": null,
      "credentials_exposure": false,
      "data_access": false,
      "effective_action": "panorama:ListApplicationInstances",
      "privesc": false,
      "resource_exposure": false
    },
    {
      "access_level": "List",
      "action": "panorama:List*",
      "condition": null,
      "credentials_exposure": false,
      "data_access": false,
      "effective_action": "panorama:ListDevices",
      "privesc": false,
      "resource_exposure": false
    },
    {
      "access_level": "List",
      "action": "panorama:List*",
      "condition": null,
      "credentials_exposure": false,
      "data_access": false,
      "effective_action": "panorama:ListDevicesJobs",
      "privesc": false,
      "resource_exposure": false
    },
    {
      "access_level": "List",
      "action": "panorama:List*",
      "condition": null,
      "credentials_exposure": false,
      "data_access": false,
      "effective_action": "panorama:ListNodeFromTemplateJobs",
      "privesc": false,
      "resource_exposure": false
    },
    {
      "access_level": "List",
      "action": "panorama:List*",
      "condition": null,
      "credentials_exposure": false,
      "data_access": false,
      "effective_action": "panorama:ListNodes",
      "privesc": false,
      "resource_exposure": false
    },
    {
      "access_level": "List",
      "action": "panorama:List*",
      "condition": null,
      "credentials_exposure": false,
      "data_access": false,
      "effective_action": "panorama:ListPackageImportJobs",
      "privesc": false,
      "resource_exposure": false
    },
    {
      "access_level": "List",
      "action": "panorama:List*",
      "condition": null,
      "credentials_exposure": false,
      "data_access": false,
      "effective_action": "panorama:ListPackages",
      "privesc": false,
      "resource_exposure": false
    },
    {
      "access_level": "Read",
      "action": "panorama:List*",
      "condition": null,
      "credentials_exposure": false,
      "data_access": false,
      "effective_action": "panorama:ListTagsForResource",
      "privesc": false,
      "resource_exposure": false
    },
    {
      "access_level": "Read",
      "action": "secretsmanager:GetSecretValue",
      "condition": null,
      "credentials_exposure": false,
      "data_access": false,
      "effective_action": "secretsmanager:GetSecretValue",
      "privesc": false,
      "resource_exposure": false
    },
    {
      "access_level": "Read",
      "action": "secretsmanager:DescribeSecret",
      "condition": null,
      "credentials_exposure": false,
      "data_access": false,
      "effective_action": "secretsmanager:DescribeSecret",
      "privesc": false,
      "resource_exposure": false
    },
    {
      "access_level": "Write",
      "action": "secretsmanager:CreateSecret",
      "condition": null,
      "credentials_exposure": false,
      "data_access": false,
      "effective_action": "secretsmanager:CreateSecret",
      "privesc": false,
      "resource_exposure": false
    },
    {
      "access_level": "Read",
      "action": "secretsmanager:ListSecretVersionIds",
      "condition": null,
      "credentials_exposure": false,
      "data_access": false,
      "effective_action": "secretsmanager:ListSecretVersionIds",
      "privesc": false,
      "resource_exposure": false
    },
    {
      "access_level": "Write",
      "action": "secretsmanager:DeleteSecret",
      "condition": null,
      "credentials_exposure": false,
      "data_access": false,
      "effective_action": "secretsmanager:DeleteSecret",
      "privesc": false,
      "resource_exposure": false
    }
  ],
  "grantless": false,
  "malformed": false,
  "name": "AWSPanoramaServiceLinkedRolePolicy",
  "privesc": false,
  "resource_exposure": true,
  "undocumented_actions": false,
  "unknown_actions": [],
  "updatedate": "2021-10-20T12:12:50+00:00",
  "version": "v1"
}