{
    "autoscaling:CreateAutoScalingGroup": "Write",
    "acm-pca:CreateCertificateAuthority": "Write",
    "appmesh:TagResource": "Tagging",
    "appmesh:UntagResource": "Tagging",
    "apigateway:UpdateRestApiPolicy": "Permissions management",
    "appsync:CreateGraphqlApi": "Write",
    "athena:CreateWorkGroup": "Write",
    "backup:DeleteBackupVaultAccessPolicy": "Permissions management",
    "backup:PutBackupVaultAccessPolicy": "Permissions management",
    "cloud9:UntagResource": "Tagging",
    "cloud9:TagResource": "Tagging",
    "cloudfront:CreateDistributionWithTags": "Write",
    "cloudfront:CreateStreamingDistributionWithTags": "Write",
    "codecommit:UntagResource": "Tagging",
    "codecommit:TagResource": "Tagging",
    "chime:DeleteVoiceConnectorTerminationCredentials": "Permissions management",
    "chime:PutVoiceConnectorTerminationCredentials": "Permissions management",
    "codebuild:DeleteResourcePolicy": "Permissions management",
    "codebuild:PutResourcePolicy": "Permissions management",
    "codebuild:DeleteSourceCredentials": "Permissions management",
    "codebuild:ImportSourceCredentials": "Permissions management",
    "codepipeline:CreateCustomActionType": "Write",
    "codepipeline:CreatePipeline": "Write",
    "codepipeline:PutWebhook": "Write",
    "cognito-identity:SetIdentityPoolRoles": "Permissions management",
    "cognito-identity:CreateIdentityPool": "Permissions management",
    "cognito-identity:DeleteIdentities": "Permissions management",
    "cognito-identity:DeleteIdentityPool": "Permissions management",
    "cognito-identity:GetId": "Permissions management",
    "cognito-identity:MergeDeveloperIdentities": "Permissions management",
    "cognito-identity:UnlinkDeveloperIdentity": "Permissions management",
    "cognito-identity:UnlinkIdentity": "Permissions management",
    "cognito-identity:UpdateIdentityPool": "Permissions management",
    "datasync:UntagResource": "Tagging",
    "datasync:TagResource": "Tagging",
    "devicefarm:CreateProject": "Write",
    "ds:ConnectDirectory": "Write",
    "ds:CreateDirectory": "Permissions management",
    "ds:CreateConditionalForwarder": "Permissions management",
    "ds:CreateIdentityPoolDirectory": "Permissions management",
    "ds:CreateMicrosoftAD": "Permissions management",
    "ds:CreateTrust": "Permissions management",
    "ds:ShareDirectory": "Permissions management",
    "ec2:ResetSnapshotAttribute": "Permissions management",
    "ec2:CreateNetworkInterfacePermission": "Permissions management",
    "ec2:DeleteNetworkInterfacePermission": "Permissions management",
    "ec2:ModifyVpcEndpointServicePermissions": "Permissions management",
    "ecr:DeleteRepositoryPolicy": "Permissions management",
    "ecr:PutRegistryPolicy": "Permissions management",
    "ecr:DeleteRegistryPolicy": "Permissions management",
    "es:CreateElasticsearchDomain": "Permissions management",
    "es:UpdateElasticsearchDomainConfig": "Permissions management",
    "elasticfilesystem:CreateFileSystem": "Write",
    "elasticfilesystem:PutFileSystemPolicy": "Permissions management",
    "elasticfilesystem:DeleteFileSystemPolicy": "Permissions management",
    "elasticmapreduce:CreateEditor": "Write",
    "elasticmapreduce:RunJobFlow": "Write",
    "events:PutRule": "Write",
    "health:DescribeHealthServiceStatusForOrganization": "Read",
    "fsx:CreateBackup": "Write",
    "fsx:CreateFileSystem": "Write",
    "fsx:CreateFileSystemFromBackup": "Write",
    "firehose:UntagDeliveryStream": "Tagging",
    "firehose:TagDeliveryStream": "Tagging",
    "glue:PutResourcePolicy": "Permissions management",
    "glue:DeleteResourcePolicy": "Permissions management",
    "guardduty:UntagResource": "Tagging",
    "guardduty:TagResource": "Tagging",
    "iam:AddClientIDToOpenIDConnectProvider": "Permissions management",
    "iam:AddRoleToInstanceProfile": "Permissions management",
    "iam:AddUserToGroup": "Permissions management",
    "iam:ChangePassword": "Permissions management",
    "iam:CreateAccessKey": "Permissions management",
    "iam:CreateAccountAlias": "Permissions management",
    "iam:CreateGroup": "Permissions management",
    "iam:CreateInstanceProfile": "Permissions management",
    "iam:CreateLoginProfile": "Permissions management",
    "iam:CreateOpenIDConnectProvider": "Permissions management",
    "iam:CreateRole": "Permissions management",
    "iam:CreateSAMLProvider": "Permissions management",
    "iam:CreateServiceLinkedRole": "Permissions management",
    "iam:CreateServiceSpecificCredential": "Permissions management",
    "iam:CreateUser": "Permissions management",
    "iam:CreateVirtualMFADevice": "Permissions management",
    "iam:DeactivateMFADevice": "Permissions management",
    "iam:DeleteAccessKey": "Permissions management",
    "iam:DeleteAccountAlias": "Permissions management",
    "iam:DeleteGroup": "Permissions management",
    "iam:DeleteInstanceProfile": "Permissions management",
    "iam:DeleteLoginProfile": "Permissions management",
    "iam:DeleteOpenIDConnectProvider": "Permissions management",
    "iam:DeleteRole": "Permissions management",
    "iam:DeleteSAMLProvider": "Permissions management",
    "iam:DeleteSSHPublicKey": "Permissions management",
    "iam:DeleteServerCertificate": "Permissions management",
    "iam:DeleteServiceLinkedRole": "Permissions management",
    "iam:DeleteServiceSpecificCredential": "Permissions management",
    "iam:DeleteSigningCertificate": "Permissions management",
    "iam:DeleteUser": "Permissions management",
    "iam:DeleteVirtualMFADevice": "Permissions management",
    "iam:EnableMFADevice": "Permissions management",
    "iam:PassRole": "Permissions management",
    "iam:RemoveClientIDFromOpenIDConnectProvider": "Permissions management",
    "iam:RemoveRoleFromInstanceProfile": "Permissions management",
    "iam:RemoveUserFromGroup": "Permissions management",
    "iam:ResetServiceSpecificCredential": "Permissions management",
    "iam:ResyncMFADevice": "Permissions management",
    "iam:SetSecurityTokenServicePreferences": "Permissions management",
    "iam:UpdateAccessKey": "Permissions management",
    "iam:UpdateAccountPasswordPolicy": "Permissions management",
    "iam:UpdateGroup": "Permissions management",
    "iam:UpdateLoginProfile": "Permissions management",
    "iam:UpdateOpenIDConnectProviderThumbprint": "Permissions management",
    "iam:UpdateRole": "Permissions management",
    "iam:UpdateRoleDescription": "Permissions management",
    "iam:UpdateSAMLProvider": "Permissions management",
    "iam:UpdateSSHPublicKey": "Permissions management",
    "iam:UpdateServerCertificate": "Permissions management",
    "iam:UpdateServiceSpecificCredential": "Permissions management",
    "iam:UpdateSigningCertificate": "Permissions management",
    "iam:UpdateUser": "Permissions management",
    "iam:UploadSSHPublicKey": "Permissions management",
    "iam:UploadServerCertificate": "Permissions management",
    "iam:UploadSigningCertificate": "Permissions management",
    "imagebuilder:GetImagePolicy": "Read",
    "imagebuilder:GetImageRecipePolicy": "Read",
    "imagebuilder:GetComponentPolicy": "Read",
    "iot:CreateBillingGroup": "Write",
    "iot:CreateDynamicThingGroup": "Write",
    "iot:CreateScheduledAudit": "Write",
    "iot:CreateSecurityProfile": "Write",
    "iot:CreateThingGroup": "Write",
    "iot:CreateThingType": "Write",
    "iot:DeleteThingGroup": "Write",
    "iot:DeleteThingType": "Write",
    "iotthingsgraph:CreateSystemInstance": "Write",
    "iot1click:UntagResource": "Tagging",
    "iot1click:TagResource": "Tagging",
    "iotsitewise:DescribeAccessPolicy": "Read",
    "iotsitewise:ListAccessPolicies": "List",
    "kms:CreateKey": "Write",
    "lambda:UntagResource": "Tagging",
    "lambda:TagResource": "Tagging",
    "license-manager:CreateLicenseConfiguration": "Write",
    "lightsail:CreateCloudFormationStack": "Write",
    "lightsail:UntagResource": "Tagging",
    "lightsail:TagResource": "Tagging",
    "logs:TagLogGroup": "Tagging",
    "logs:UntagLogGroup": "Tagging",
    "logs:PutResourcePolicy": "Permissions management",
    "logs:DeleteResourcePolicy": "Permissions management",
    "medialive:CreateChannel": "Write",
    "medialive:CreateInput": "Write",
    "medialive:CreateInputSecurityGroup": "Write",
    "medialive:PurchaseOffering": "Write",
    "mediapackage:RotateIngestEndpointCredentials": "Permissions management",
    "mediapackage:UntagResource": "Tagging",
    "mediapackage:TagResource": "Tagging",
    "mobiletargeting:PutEventStream": "Write",
    "mobiletargeting:PutEvents": "Write",
    "mq:CreateTags": "Write",
    "mq:DeleteTags": "Write",
    "opsworks:UntagResource": "Tagging",
    "opsworks:TagResource": "Tagging",
    "quicksight:CreateAdmin": "Permissions management",
    "quicksight:CreateGroupMembership": "Permissions management",
    "quicksight:CreateGroup": "Permissions management",
    "quicksight:CreateIAMPolicyAssignment": "Permissions management",
    "quicksight:CreateUser": "Permissions management",
    "quicksight:DeleteIAMPolicyAssignment": "Permissions management",
    "quicksight:DeleteGroupMembership": "Permissions management",
    "quicksight:DeleteGroup": "Permissions management",
    "quicksight:DeleteUser": "Permissions management",
    "quicksight:DeleteUserByPrincipalId": "Permissions management",
    "quicksight:RegisterUser": "Permissions management",
    "quicksight:UpdateUser": "Permissions management",
    "quicksight:UpdateGroup": "Permissions management",
    "quicksight:UpdateIAMPolicyAssignment": "Permissions management",
    "quicksight:UpdateDashboardPermissions": "Permissions management",
    "quicksight:UpdateTemplatePermissions": "Permissions management",
    "quicksight:UpdateDashboardPermissions": "Permissions management",
    "quicksight:UpdateTemplatePermissions": "Permissions management",
    "ram:AcceptResourceShareInvitation": "Permissions management",
    "ram:AssociateResourceShare": "Permissions management",
    "ram:CreateResourceShare": "Permissions management",
    "ram:DeleteResourceShare": "Permissions management",
    "ram:DisassociateResourceShare": "Permissions management",
    "ram:EnableSharingWithAwsOrganization": "Permissions management",
    "ram:RejectResourceShareInvitation": "Permissions management",
    "ram:UpdateResourceShare": "Permissions management",
    "ram:TagResource": "Tagging",
    "ram:UntagResource": "Tagging",
    "rds:CreateDBCluster": "Write",
    "rds:CreateDBClusterParameterGroup": "Write",
    "rds:CreateDBClusterSnapshot": "Write",
    "rds:CreateDBInstance": "Write",
    "rds:CreateDBInstanceReadReplica": "Write",
    "rds:CreateDBParameterGroup": "Write",
    "rds:CreateDBSecurityGroup": "Write",
    "rds:CreateDBSnapshot": "Write",
    "rds:CreateDBSubnetGroup": "Write",
    "rds:CreateEventSubscription": "Write",
    "rds:CreateOptionGroup": "Write",
    "rds:ModifyDBSnapshotAttribute": "Permissions management",
    "rds:ModifyDBClusterSnapshotAttribute": "Permissions management",
    "redshift:RotateEncryptionKey": "Write",
    "redshift:AuthorizeClusterSecurityGroupIngress": "Write",
    "redshift:RevokeClusterSecurityGroupIngress": "Write",
    "resource-groups:CreateGroup": "Write",
    "route53resolver:PutResolverRulePolicy": "Write",
    "s3:ListMultipartUploadParts": "List",
    "secretsmanager:CreateSecret": "Write",
    "securityhub:UntagResource": "Tagging",
    "securityhub:TagResource": "Tagging",
    "ses:PutIdentityPolicy": "Permissions management",
    "ses:DeleteIdentityPolicy": "Permissions management",
    "sns:SetTopicAttributes": "Permissions management",
    "sns:CreateTopic": "Permissions management",
    "sqs:CreateQueue": "Permissions management",
    "sqs:SetQueueAttributes": "Permissions management",
    "sqs:AddPermission": "Permissions management",
    "ssm:PutParameter": "Write",
    "ssm:PutConfigurePackageResult": "Write",
    "ssm:CreateDocument": "Write",
    "ssm:CreateMaintenanceWindow": "Write",
    "ssm:CreatePatchBaseline": "Write",
    "ssm:ModifyDocumentPermission": "Permissions management",
    "ssm:ListTagsForResource": "List",
    "sso:AddMemberToGroup": "Permissions management",
    "sso:AssociateDirectory": "Permissions management",
    "sso:AssociateProfile": "Permissions management",
    "sso:CreateAlias": "Permissions management",
    "sso:CreateApplicationInstance": "Permissions management",
    "sso:CreateApplicationInstanceCertificate": "Permissions management",
    "sso:CreateGroup": "Permissions management",
    "sso:CreatePermissionSet": "Permissions management",
    "sso:CreateProfile": "Permissions management",
    "sso:CreateTrust": "Permissions management",
    "sso:CreateUser": "Permissions management",
    "sso:DeleteApplicationInstance": "Permissions management",
    "sso:DeleteApplicationInstanceCertificate": "Permissions management",
    "sso:DeleteGroup": "Permissions management",
    "sso:DeletePermissionSet": "Permissions management",
    "sso:DeletePermissionsPolicy": "Permissions management",
    "sso:DeleteProfile": "Permissions management",
    "sso:DeleteUser": "Permissions management",
    "sso:DisableUser": "Permissions management",
    "sso:DisassociateDirectory": "Permissions management",
    "sso:DisassociateProfile": "Permissions management",
    "sso:EnableUser": "Permissions management",
    "sso:ImportApplicationInstanceServiceProviderMetadata": "Permissions management",
    "sso:PutPermissionsPolicy": "Permissions management",
    "sso:RemoveMemberFromGroup": "Permissions management",
    "sso:SetTemporaryPassword": "Permissions management",
    "sso:StartSSO": "Permissions management",
    "sso:UpdateApplicationInstanceActiveCertificate": "Permissions management",
    "sso:UpdateApplicationInstanceDisplayData": "Permissions management",
    "sso:UpdateApplicationInstanceResponseConfiguration": "Permissions management",
    "sso:UpdateApplicationInstanceResponseSchemaConfiguration": "Permissions management",
    "sso:UpdateApplicationInstanceSecurityConfiguration": "Permissions management",
    "sso:UpdateApplicationInstanceServiceProviderConfiguration": "Permissions management",
    "sso:UpdateApplicationInstanceStatus": "Permissions management",
    "sso:UpdateDirectoryAssociation": "Permissions management",
    "sso:UpdateGroup": "Permissions management",
    "sso:UpdatePermissionSet": "Permissions management",
    "sso:UpdateProfile": "Permissions management",
    "sso:UpdateSSOConfiguration": "Permissions management",
    "sso:UpdateTrust": "Permissions management",
    "sso:UpdateUser": "Permissions management",
    "sso-directory:AddMemberToGroup": "Permissions management",
    "sso-directory:CreateAlias": "Permissions management",
    "sso-directory:CreateGroup": "Permissions management",
    "sso-directory:CreateUser": "Permissions management",
    "sso-directory:DeleteGroup": "Permissions management",
    "sso-directory:DeleteUser": "Permissions management",
    "sso-directory:DisableUser": "Permissions management",
    "sso-directory:EnableUser": "Permissions management",
    "sso-directory:RemoveMemberFromGroup": "Permissions management",
    "sso-directory:UpdateGroup": "Permissions management",
    "sso-directory:UpdatePassword": "Permissions management",
    "sso-directory:UpdateUser": "Permissions management",
    "sso-directory:VerifyEmail": "Permissions management",
    "states:CreateStateMachine": "Write",
    "states:CreateActivity": "Write",
    "storagegateway:UpdateChapCredentials": "Permissions management",
    "storagegateway:DeleteChapCredentials": "Permissions management",
    "storagegateway:SetLocalConsolePassword": "Permissions management",
    "storagegateway:SetSmbGuestPassword": "Permissions management",
    "waf:CreateWebACL": "Write",
    "waf:DeleteWebACL": "Write",
    "waf:UpdateWebACL": "Write",
    "waf-regional:CreateWebACL": "Write",
    "waf-regional:DeleteWebACL": "Write",
    "waf-regional:UpdateWebACL": "Write",
    "xray:GetEncryptionConfig": "Read",
    "worklink:UpdateDevicePolicyConfiguration": "Permissions management",
    "worklink:PutMailboxPermissions": "Permissions management",
    "worklink:DeleteMailboxPermissions": "Permissions management",
    "workmail:ResetPassword": "Permissions management",
    "workmail:ResetUserPassword": "Permissions management",
    "workspaces:CreateTags": "Write",
    "workspaces:DeleteTags": "Write"
}